PaperLabel,DOI,V_OC,J_SC,PCE,DonorNo,DonorName,DonorSMILES,HOMO_D,LUMO_D,Lambda+,AcceptorNo,AcceptorName,AcceptorSMILES,HOMO_A,LUMO_A,LUMO+1_A,Lambda-,Model1_PCE,Model2_PCE,Model3_PCE
11.0,10.1039/c5cc08484a,0.86,8.82,5.26,1,PTB7-Th,CCOC(=O)c1sc2c(-c3cc4c(-c5ccc(CC)s5)c5sc(-c6sc(-c7cc8c(-c9ccc(CC)s9)c9sc(-c%10sc(-c%11cc%12c(-c%13ccc(CC)s%13)c%13sc(CC)cc%13c(-c%13ccc(CC)s%13)c%12s%11)c%11sc(C(=O)OCC)c(F)c%10%11)cc9c(-c9ccc(CC)s9)c8s7)c7sc(C(=O)OCC)c(F)c67)cc5c(-c5ccc(CC)s5)c4s3)sc(CC)c2c1F,-4.746482,-2.580728,0.093498,23,11_SBF-PDI4,CCn1c(=O)c2ccc3c4ccc5c(=O)n(CC)c(=O)c6cc(-c7ccc8c(c7)-c7ccc(-c9cc%10c(=O)n(CC)c(=O)c%11ccc%12c%13ccc%14c(=O)n(CC)c(=O)c%15ccc(c9c%12c%11%10)c%13c%14%15)cc7C87c8cc(-c9cc%10c(=O)n(CC)c(=O)c%11ccc%12c%13ccc%14c(=O)n(CC)c(=O)c%15ccc(c9c%12c%11%10)c%13c%14%15)ccc8-c8ccc(-c9cc%10c(=O)n(CC)c(=O)c%11ccc%12c%13ccc%14c(=O)n(CC)c(=O)c%15ccc(c9c%12c%11%10)c%13c%14%15)cc87)c(c7ccc(c1=O)c2c37)c4c56,-5.80065095,-3.46917948,-3.45121997,0.045303,5.204331,4.704345,5.003976
30.0,10.1039/c6ta02045c,0.86,8.25,3.37,1,PTB7-Th,CCOC(=O)c1sc2c(-c3cc4c(-c5ccc(CC)s5)c5sc(-c6sc(-c7cc8c(-c9ccc(CC)s9)c9sc(-c%10sc(-c%11cc%12c(-c%13ccc(CC)s%13)c%13sc(CC)cc%13c(-c%13ccc(CC)s%13)c%12s%11)c%11sc(C(=O)OCC)c(F)c%10%11)cc9c(-c9ccc(CC)s9)c8s7)c7sc(C(=O)OCC)c(F)c67)cc5c(-c5ccc(CC)s5)c4s3)sc(CC)c2c1F,-4.746482,-2.580728,0.093498,46,30_tetra-PDI,CCn1c(=O)c2ccc3c4ccc5c(=O)n(CC)c(=O)c6cc(-c7ccc([Si](c8ccc(-c9cc%10c(=O)n(CC)c(=O)c%11ccc%12c%13ccc%14c(=O)n(CC)c(=O)c%15ccc(c9c%12c%11%10)c%13c%14%15)cc8)(c8ccc(-c9cc%10c(=O)n(CC)c(=O)c%11ccc%12c%13ccc%14c(=O)n(CC)c(=O)c%15ccc(c9c%12c%11%10)c%13c%14%15)cc8)c8ccc(-c9cc%10c(=O)n(CC)c(=O)c%11ccc%12c%13ccc%14c(=O)n(CC)c(=O)c%15ccc(c9c%12c%11%10)c%13c%14%15)cc8)cc7)c(c7ccc(c1=O)c2c37)c4c56,-5.9233743,-3.46917948,-3.46591411,0.040442,5.193091,4.451989,4.730417
4.0,10.1021/jacs.6b03562,0.79,17.9,8.11,1,PTB7-Th,CCOC(=O)c1sc2c(-c3cc4c(-c5ccc(CC)s5)c5sc(-c6sc(-c7cc8c(-c9ccc(CC)s9)c9sc(-c%10sc(-c%11cc%12c(-c%13ccc(CC)s%13)c%13sc(CC)cc%13c(-c%13ccc(CC)s%13)c%12s%11)c%11sc(C(=O)OCC)c(F)c%10%11)cc9c(-c9ccc(CC)s9)c8s7)c7sc(C(=O)OCC)c(F)c67)cc5c(-c5ccc(CC)s5)c4s3)sc(CC)c2c1F,-4.746482,-2.580728,0.093498,9,04_TPB,CC(C)n1c(=O)c2ccc3c4ccc5c(=O)n(C(C)C)c(=O)c6c(-c7ccc(-c8c9cc(-c%10cc%11c(=O)n(C(C)C)c(=O)c%12ccc%13c%14ccc%15c(=O)n(C(C)C)c(=O)c%16ccc(c%10c%13c%12%11)c%14c%15%16)sc9c(-c9ccc(-c%10cc%11c%12ccc%13c(=O)n(C(C)C)c(=O)c%14ccc(c%15ccc%16c(=O)n(C(C)C)c(=O)c%10c%16c%15%11)c%12c%14%13)s9)c9cc(-c%10cc%11c%12ccc%13c(=O)n(C(C)C)c(=O)c%14ccc(c%15ccc%16c(=O)n(C(C)C)c(=O)c%10c%16c%15%11)c%12c%14%13)sc89)s7)cc(c7ccc(c1=O)c2c37)c4c56,-5.47248165,-3.50401005,-3.49421395,0.043141,4.962786,5.003674,5.028773
8.0,10.1021/acs.chemmater.5b04570,0.81,12.74,4.76,1,PTB7-Th,CCOC(=O)c1sc2c(-c3cc4c(-c5ccc(CC)s5)c5sc(-c6sc(-c7cc8c(-c9ccc(CC)s9)c9sc(-c%10sc(-c%11cc%12c(-c%13ccc(CC)s%13)c%13sc(CC)cc%13c(-c%13ccc(CC)s%13)c%12s%11)c%11sc(C(=O)OCC)c(F)c%10%11)cc9c(-c9ccc(CC)s9)c8s7)c7sc(C(=O)OCC)c(F)c67)cc5c(-c5ccc(CC)s5)c4s3)sc(CC)c2c1F,-4.746482,-2.580728,0.093498,14,08_alphaPBDT,CCc1ccc(-c2c3cc(-c4cc5c6ccc7c(=O)n(C(C)C)c(=O)c8ccc(c9ccc%10c(=O)n(C(C)C)c(=O)c4c%10c95)c6c87)sc3c(-c3ccc(CC)s3)c3cc(-c4cc5c6ccc7c(=O)n(C(C)C)c(=O)c8ccc(c9ccc%10c(=O)n(C(C)C)c(=O)c4c%10c95)c6c87)sc23)s1,-5.21723886,-3.42945086,-3.40387216,0.070786,5.213072,5.264922,5.300101
8.0,10.1021/acs.chemmater.5b04570,0.77,10.15,3.49,1,PTB7-Th,CCOC(=O)c1sc2c(-c3cc4c(-c5ccc(CC)s5)c5sc(-c6sc(-c7cc8c(-c9ccc(CC)s9)c9sc(-c%10sc(-c%11cc%12c(-c%13ccc(CC)s%13)c%13sc(CC)cc%13c(-c%13ccc(CC)s%13)c%12s%11)c%11sc(C(=O)OCC)c(F)c%10%11)cc9c(-c9ccc(CC)s9)c8s7)c7sc(C(=O)OCC)c(F)c67)cc5c(-c5ccc(CC)s5)c4s3)sc(CC)c2c1F,-4.746482,-2.580728,0.093498,15,08_alphaPPID,CCn1c(=O)c2ccc3c4ccc5c(=O)n(CC)c(=O)c6c(-c7cc8c9c(=O)n(C(C)C)c(=O)c9c9cc(-c%10cc%11c%12ccc%13c(=O)n(CC)c(=O)c%14ccc(c%15ccc%16c(=O)n(CC)c(=O)c%10c%16c%15%11)c%12c%14%13)cc%10c%11c(=O)n(C(C)C)c(=O)c%11c(c7)c8c9%10)cc(c7ccc(c1=O)c2c37)c4c56,-6.00854593,-3.48278517,-3.46917948,0.073345,4.636148,4.156031,4.337127
8.0,10.1021/acs.chemmater.5b04570,0.81,9.8,3.49,1,PTB7-Th,CCOC(=O)c1sc2c(-c3cc4c(-c5ccc(CC)s5)c5sc(-c6sc(-c7cc8c(-c9ccc(CC)s9)c9sc(-c%10sc(-c%11cc%12c(-c%13ccc(CC)s%13)c%13sc(CC)cc%13c(-c%13ccc(CC)s%13)c%12s%11)c%11sc(C(=O)OCC)c(F)c%10%11)cc9c(-c9ccc(CC)s9)c8s7)c7sc(C(=O)OCC)c(F)c67)cc5c(-c5ccc(CC)s5)c4s3)sc(CC)c2c1F,-4.746482,-2.580728,0.093498,16,08_betaPBDT,CCc1ccc(-c2c3cc(-c4cc5c(=O)n(C(C)C)c(=O)c6ccc7c8ccc9c(=O)n(C(C)C)c(=O)c%10ccc(c4c7c65)c8c9%10)sc3c(-c3ccc(CC)s3)c3cc(-c4cc5c(=O)n(C(C)C)c(=O)c6ccc7c8ccc9c(=O)n(C(C)C)c(=O)c%10ccc(c4c7c65)c8c9%10)sc23)s1,-5.46812783,-3.43189988,-3.38999435,0.082072,5.87576,5.88982,5.889949
34.0,10.1039/c6ta04358e,0.85,16.33,7.63,1,PTB7-Th,CCOC(=O)c1sc2c(-c3cc4c(-c5ccc(CC)s5)c5sc(-c6sc(-c7cc8c(-c9ccc(CC)s9)c9sc(-c%10sc(-c%11cc%12c(-c%13ccc(CC)s%13)c%13sc(CC)cc%13c(-c%13ccc(CC)s%13)c%12s%11)c%11sc(C(=O)OCC)c(F)c%10%11)cc9c(-c9ccc(CC)s9)c8s7)c7sc(C(=O)OCC)c(F)c67)cc5c(-c5ccc(CC)s5)c4s3)sc(CC)c2c1F,-4.746482,-2.580728,0.093498,50,34_DICTF,CCC1(CC)c2cc(-c3ccc(C=C4C(=O)c5ccccc5C4=C(C#N)C#N)s3)ccc2-c2ccc(-c3ccc(C=C4C(=O)c5ccccc5C4=C(C#N)C#N)s3)cc21,-5.76554826,-3.32468703,-3.16359563,0.081074,4.382355,4.742119,4.483975
8.0,10.1021/acs.chemmater.5b04570,0.78,9.14,3.2,1,PTB7-Th,CCOC(=O)c1sc2c(-c3cc4c(-c5ccc(CC)s5)c5sc(-c6sc(-c7cc8c(-c9ccc(CC)s9)c9sc(-c%10sc(-c%11cc%12c(-c%13ccc(CC)s%13)c%13sc(CC)cc%13c(-c%13ccc(CC)s%13)c%12s%11)c%11sc(C(=O)OCC)c(F)c%10%11)cc9c(-c9ccc(CC)s9)c8s7)c7sc(C(=O)OCC)c(F)c67)cc5c(-c5ccc(CC)s5)c4s3)sc(CC)c2c1F,-4.746482,-2.580728,0.093498,17,08_betaPPID,CCn1c(=O)c2ccc3c4ccc5c(=O)n(CC)c(=O)c6cc(-c7cc8c9c(=O)n(C(C)C)c(=O)c9c9cc(-c%10cc%11c(=O)n(CC)c(=O)c%12ccc%13c%14ccc%15c(=O)n(CC)c(=O)c%16ccc(c%10c%13c%12%11)c%14c%15%16)cc%10c%11c(=O)n(C(C)C)c(=O)c%11c(c7)c8c9%10)c(c7ccc(c1=O)c2c37)c4c56,-5.92609544,-3.47407753,-3.44332866,0.075588,4.800807,4.42551,4.525355
3.0,10.1021/acs.accounts.5b00199,0.97,13.55,6.08,1,PTB7-Th,CCOC(=O)c1sc2c(-c3cc4c(-c5ccc(CC)s5)c5sc(-c6sc(-c7cc8c(-c9ccc(CC)s9)c9sc(-c%10sc(-c%11cc%12c(-c%13ccc(CC)s%13)c%13sc(CC)cc%13c(-c%13ccc(CC)s%13)c%12s%11)c%11sc(C(=O)OCC)c(F)c%10%11)cc9c(-c9ccc(CC)s9)c8s7)c7sc(C(=O)OCC)c(F)c67)cc5c(-c5ccc(CC)s5)c4s3)sc(CC)c2c1F,-4.746482,-2.580728,0.093498,4,03_3.2b,CCc1ccc(C2(c3ccc(CC)cc3)c3cc4c(cc3-c3sc(-c5cc(CC)c(C=C6C(=O)c7ccccc7C6=C(C#N)C#N)s5)cc32)C(c2ccc(CC)cc2)(c2ccc(CC)cc2)c2cc(-c3sc(C=C5C(=O)c6ccccc6C5=C(C#N)C#N)cc3CC)sc2-4)cc1,-5.20907544,-3.23869905,-3.04767513,0.071026,5.396625,4.948617,5.249843
30.0,10.1039/c6ta02045c,0.8,15.2,8.1,1,PTB7-Th,CCOC(=O)c1sc2c(-c3cc4c(-c5ccc(CC)s5)c5sc(-c6sc(-c7cc8c(-c9ccc(CC)s9)c9sc(-c%10sc(-c%11cc%12c(-c%13ccc(CC)s%13)c%13sc(CC)cc%13c(-c%13ccc(CC)s%13)c%12s%11)c%11sc(C(=O)OCC)c(F)c%10%11)cc9c(-c9ccc(CC)s9)c8s7)c7sc(C(=O)OCC)c(F)c67)cc5c(-c5ccc(CC)s5)c4s3)sc(CC)c2c1F,-4.746482,-2.580728,0.093498,45,30_hPDI4,CC(C)N1C(=O)C2=CC3c4c(c5cc6c(=O)n(C(C)C)c(=O)c7cc8c9c%10c(cc%11c(=O)n(C(C)C)c(=O)c%12cc4c(c5c9c76)c%10c%11%12)C4c5cc6c(=O)n(C(C)C)c(=O)c7cc9c%10c%11c(cc%12c(=O)n(C(C)C)c(=O)c%13cc(c(c5c%10c76)c%11c%12%13)C84)C4c5cc6c(=O)n(C(C)C)c(=O)c7ccc8c%10ccc%11c(=O)n(C(C)C)c(=O)c%12cc(c(c5c8c76)c%10c%11%12)C94)C4C=C5C(=O)N(C(C)C)C(=O)c6ccc7c(c65)c4c3c3c2c(ccc37)C1=O,-6.01507667,-3.67217641,-3.48986013,0.049885,5.589898,5.386185,5.799097
30.0,10.1039/c6ta02045c,0.81,14.5,7.7,1,PTB7-Th,CCOC(=O)c1sc2c(-c3cc4c(-c5ccc(CC)s5)c5sc(-c6sc(-c7cc8c(-c9ccc(CC)s9)c9sc(-c%10sc(-c%11cc%12c(-c%13ccc(CC)s%13)c%13sc(CC)cc%13c(-c%13ccc(CC)s%13)c%12s%11)c%11sc(C(=O)OCC)c(F)c%10%11)cc9c(-c9ccc(CC)s9)c8s7)c7sc(C(=O)OCC)c(F)c67)cc5c(-c5ccc(CC)s5)c4s3)sc(CC)c2c1F,-4.746482,-2.580728,0.093498,44,30_hPDI3,CC(C)n1c(=O)c2ccc3c4ccc5c(=O)n(C(C)C)c(=O)c6cc7c8c9cc%10c(=O)n(C(C)C)c(=O)c%11cc%12c%13c%14cc%15c(=O)n(C(C)C)c(=O)c%16ccc%17c%18ccc%19c(=O)n(C(C)C)c(=O)c%20cc(c%13c%13cc%21c(=O)n(C(C)C)c(=O)c%22cc(c8c8cc(c1=O)c2c3c8c7c4c56)c1c9c(c%10%11)c%12c%13c1c%22%21)c(c%18c%19%20)c%14c%17c%16%15,-5.99847772,-3.63353625,-3.37475597,0.061671,5.775342,5.484603,5.753665
30.0,10.1039/c6ta02045c,0.94,12.48,6.48,1,PTB7-Th,CCOC(=O)c1sc2c(-c3cc4c(-c5ccc(CC)s5)c5sc(-c6sc(-c7cc8c(-c9ccc(CC)s9)c9sc(-c%10sc(-c%11cc%12c(-c%13ccc(CC)s%13)c%13sc(CC)cc%13c(-c%13ccc(CC)s%13)c%12s%11)c%11sc(C(=O)OCC)c(F)c%10%11)cc9c(-c9ccc(CC)s9)c8s7)c7sc(C(=O)OCC)c(F)c67)cc5c(-c5ccc(CC)s5)c4s3)sc(CC)c2c1F,-4.746482,-2.580728,0.093498,43,30_FPDI-T,CC(C)n1c(=O)c2ccc3c4ccc5c(=O)n(C(C)C)c(=O)c6cc7c8c(sc9c%10cc%11c(=O)n(C(C)C)c(=O)c%12ccc%13c%14ccc%15c(=O)n(C(C)C)c(=O)c%16cc(c98)c(c%14c%15%16)c%10c%13c%12%11)c8cc(c1=O)c2c3c8c7c4c56,-6.07167635,-3.40550484,-3.29121702,0.078526,4.644763,5.199087,4.83127
6.0,10.1039/c5ra26777c,0.8,10.63,4.34,1,PTB7-Th,CCOC(=O)c1sc2c(-c3cc4c(-c5ccc(CC)s5)c5sc(-c6sc(-c7cc8c(-c9ccc(CC)s9)c9sc(-c%10sc(-c%11cc%12c(-c%13ccc(CC)s%13)c%13sc(CC)cc%13c(-c%13ccc(CC)s%13)c%12s%11)c%11sc(C(=O)OCC)c(F)c%10%11)cc9c(-c9ccc(CC)s9)c8s7)c7sc(C(=O)OCC)c(F)c67)cc5c(-c5ccc(CC)s5)c4s3)sc(CC)c2c1F,-4.746482,-2.580728,0.093498,11,06_2c,CC(C)n1c(=O)c2ccc3c4ccc5c(=O)n(C6CCCCC6n6c(=O)c7ccc8c9ccc%10c(=O)n(C(C)C)c(=O)c%11ccc(c%12ccc(c6=O)c7c8%12)c9c%10%11)c(=O)c6ccc(c7ccc(c1=O)c2c37)c4c56,-5.94459918,-3.41938265,-3.4144846,0.076581,5.354376,5.553442,5.532902
37.0,10.1039/c5sc04956c,0.93,7.68,3.89,1,PTB7-Th,CCOC(=O)c1sc2c(-c3cc4c(-c5ccc(CC)s5)c5sc(-c6sc(-c7cc8c(-c9ccc(CC)s9)c9sc(-c%10sc(-c%11cc%12c(-c%13ccc(CC)s%13)c%13sc(CC)cc%13c(-c%13ccc(CC)s%13)c%12s%11)c%11sc(C(=O)OCC)c(F)c%10%11)cc9c(-c9ccc(CC)s9)c8s7)c7sc(C(=O)OCC)c(F)c67)cc5c(-c5ccc(CC)s5)c4s3)sc(CC)c2c1F,-4.746482,-2.580728,0.093498,52,37_Ph2a,CC(C)n1c(=O)c2ccc3c4ccc5c(=O)n(C(C)C)c(=O)c6cc7c8c(ccc9c%10cc%11c(=O)n(C(C)C)c(=O)c%12ccc%13c%14ccc%15c(=O)n(C(C)C)c(=O)c%16cc(c98)c(c%14c%15%16)c%10c%13c%12%11)c8cc(c1=O)c2c3c8c7c4c56,-5.98106243,-3.37448386,-3.29421027,0.079053,5.157981,5.659835,5.339809
3.0,10.1021/acs.accounts.5b00199,0.91,11.7,5.44,1,PTB7-Th,CCOC(=O)c1sc2c(-c3cc4c(-c5ccc(CC)s5)c5sc(-c6sc(-c7cc8c(-c9ccc(CC)s9)c9sc(-c%10sc(-c%11cc%12c(-c%13ccc(CC)s%13)c%13sc(CC)cc%13c(-c%13ccc(CC)s%13)c%12s%11)c%11sc(C(=O)OCC)c(F)c%10%11)cc9c(-c9ccc(CC)s9)c8s7)c7sc(C(=O)OCC)c(F)c67)cc5c(-c5ccc(CC)s5)c4s3)sc(CC)c2c1F,-4.746482,-2.580728,0.093498,33,03_1.6,CC(C)n1c(=O)c2ccc3c4ccc5c(=O)n(C(C)C)c(=O)c6cc(-c7ccc(C(=C(c8ccc(-c9cc%10c(=O)n(C(C)C)c(=O)c%11ccc%12c%13ccc%14c(=O)n(C(C)C)c(=O)c%15ccc(c9c%12c%11%10)c%13c%14%15)cc8)c8ccc(-c9cc%10c(=O)n(C(C)C)c(=O)c%11ccc%12c%13ccc%14c(=O)n(C(C)C)c(=O)c%15ccc(c9c%12c%11%10)c%13c%14%15)cc8)c8ccc(-c9cc%10c(=O)n(C(C)C)c(=O)c%11ccc%12c%13ccc%14c(=O)n(C(C)C)c(=O)c%15ccc(c9c%12c%11%10)c%13c%14%15)cc8)cc7)c(c7ccc(c1=O)c2c37)c4c56,-5.70649956,-3.42428069,-3.40849809,0.045958,5.823383,5.679588,5.793385
3.0,10.1021/acs.accounts.5b00199,0.796,13.5,5.94,1,PTB7-Th,CCOC(=O)c1sc2c(-c3cc4c(-c5ccc(CC)s5)c5sc(-c6sc(-c7cc8c(-c9ccc(CC)s9)c9sc(-c%10sc(-c%11cc%12c(-c%13ccc(CC)s%13)c%13sc(CC)cc%13c(-c%13ccc(CC)s%13)c%12s%11)c%11sc(C(=O)OCC)c(F)c%10%11)cc9c(-c9ccc(CC)s9)c8s7)c7sc(C(=O)OCC)c(F)c67)cc5c(-c5ccc(CC)s5)c4s3)sc(CC)c2c1F,-4.746482,-2.580728,0.093498,32,03_1.4,CC(C)n1c(=O)c2ccc3c4ccc5c(=O)n(C(C)C)c(=O)c6cc7c8c9cc%10c(=O)n(C(C)C)c(=O)c%11ccc%12c%13ccc%14c(=O)n(C(C)C)c(=O)c%15cc(c8c8cc(c1=O)c2c3c8c7c4c56)c(c%13c%14%15)c9c%12c%11%10,-5.96908942,-3.56496356,-3.16386774,0.082953,5.483429,5.429086,5.49979
3.0,10.1021/acs.accounts.5b00199,0.8,11.98,5.73,1,PTB7-Th,CCOC(=O)c1sc2c(-c3cc4c(-c5ccc(CC)s5)c5sc(-c6sc(-c7cc8c(-c9ccc(CC)s9)c9sc(-c%10sc(-c%11cc%12c(-c%13ccc(CC)s%13)c%13sc(CC)cc%13c(-c%13ccc(CC)s%13)c%12s%11)c%11sc(C(=O)OCC)c(F)c%10%11)cc9c(-c9ccc(CC)s9)c8s7)c7sc(C(=O)OCC)c(F)c67)cc5c(-c5ccc(CC)s5)c4s3)sc(CC)c2c1F,-4.746482,-2.580728,0.093498,30,03_1.2,CC(C)n1c(=O)c2ccc3c4ccc5c(=O)n(C(C)C)c(=O)c6cc(-c7cc8c(=O)n(C(C)C)c(=O)c9ccc%10c%11ccc%12c(=O)n(C(C)C)c(=O)c%13ccc(c7c%10c98)c%11c%12%13)c(c7ccc(c1=O)c2c37)c4c56,-5.94514341,-3.59870567,-3.43189988,0.092942,5.045504,5.255949,5.156682
30.0,10.1039/c6ta02045c,0.92,11.19,5.59,1,PTB7-Th,CCOC(=O)c1sc2c(-c3cc4c(-c5ccc(CC)s5)c5sc(-c6sc(-c7cc8c(-c9ccc(CC)s9)c9sc(-c%10sc(-c%11cc%12c(-c%13ccc(CC)s%13)c%13sc(CC)cc%13c(-c%13ccc(CC)s%13)c%12s%11)c%11sc(C(=O)OCC)c(F)c%10%11)cc9c(-c9ccc(CC)s9)c8s7)c7sc(C(=O)OCC)c(F)c67)cc5c(-c5ccc(CC)s5)c4s3)sc(CC)c2c1F,-4.746482,-2.580728,0.093498,58,30_FPDI-Se,CC(C)n1c(=O)c2ccc3c4ccc5c(=O)n(C(C)C)c(=O)c6cc7c8c([se]c9c%10cc%11c(=O)n(C(C)C)c(=O)c%12ccc%13c%14ccc%15c(=O)n(C(C)C)c(=O)c%16cc(c98)c(c%14c%15%16)c%10c%13c%12%11)c8cc(c1=O)c2c3c8c7c4c56,-6.03684577,-3.38890589,-3.28631897,0.07966,4.776153,5.250927,4.964484
30.0,10.1039/c6ta02045c,0.92,8.71,3.2,1,PTB7-Th,CCOC(=O)c1sc2c(-c3cc4c(-c5ccc(CC)s5)c5sc(-c6sc(-c7cc8c(-c9ccc(CC)s9)c9sc(-c%10sc(-c%11cc%12c(-c%13ccc(CC)s%13)c%13sc(CC)cc%13c(-c%13ccc(CC)s%13)c%12s%11)c%11sc(C(=O)OCC)c(F)c%10%11)cc9c(-c9ccc(CC)s9)c8s7)c7sc(C(=O)OCC)c(F)c67)cc5c(-c5ccc(CC)s5)c4s3)sc(CC)c2c1F,-4.746482,-2.580728,0.093498,59,30_FPDI-F,CC(C)n1c(=O)c2ccc3c4ccc5c(=O)n(C(C)C)c(=O)c6cc7c8c(oc9c%10cc%11c(=O)n(C(C)C)c(=O)c%12ccc%13c%14ccc%15c(=O)n(C(C)C)c(=O)c%16cc(c98)c(c%14c%15%16)c%10c%13c%12%11)c8cc(c1=O)c2c3c8c7c4c56,-6.10623481,-3.43135565,-3.2533932,0.075161,5.235128,5.353127,5.271703
18.0,10.1021/acs.chemmater.6b00131,0.88,10.6,5.0,1,PTB7-Th,CCOC(=O)c1sc2c(-c3cc4c(-c5ccc(CC)s5)c5sc(-c6sc(-c7cc8c(-c9ccc(CC)s9)c9sc(-c%10sc(-c%11cc%12c(-c%13ccc(CC)s%13)c%13sc(CC)cc%13c(-c%13ccc(CC)s%13)c%12s%11)c%11sc(C(=O)OCC)c(F)c%10%11)cc9c(-c9ccc(CC)s9)c8s7)c7sc(C(=O)OCC)c(F)c67)cc5c(-c5ccc(CC)s5)c4s3)sc(CC)c2c1F,-4.746482,-2.580728,0.093498,61,18_CBM,CC(C)n1c2cc(-c3ccc(C=C(C#N)C#N)c4nsnc34)ccc2c2ccc(-c3ccc(C=C(C#N)C#N)c4nsnc34)cc21,-6.10841172,-3.64768617,-3.4833294,0.08842,5.078368,4.941311,5.073927
18.0,10.1021/acs.chemmater.6b00131,0.66,11.9,4.8,1,PTB7-Th,CCOC(=O)c1sc2c(-c3cc4c(-c5ccc(CC)s5)c5sc(-c6sc(-c7cc8c(-c9ccc(CC)s9)c9sc(-c%10sc(-c%11cc%12c(-c%13ccc(CC)s%13)c%13sc(CC)cc%13c(-c%13ccc(CC)s%13)c%12s%11)c%11sc(C(=O)OCC)c(F)c%10%11)cc9c(-c9ccc(CC)s9)c8s7)c7sc(C(=O)OCC)c(F)c67)cc5c(-c5ccc(CC)s5)c4s3)sc(CC)c2c1F,-4.746482,-2.580728,0.093498,68,18_CDTBM,CCC1(CC)c2cc(-c3ccc(C=C(C#N)C#N)c4nsnc34)sc2-c2sc(-c3ccc(C=C(C#N)C#N)c4nsnc34)cc21,-5.78133087,-3.89667034,-3.46727468,0.097741,5.070645,5.210962,5.334107
18.0,10.1021/acs.chemmater.6b00131,0.88,11.2,5.0,1,PTB7-Th,CCOC(=O)c1sc2c(-c3cc4c(-c5ccc(CC)s5)c5sc(-c6sc(-c7cc8c(-c9ccc(CC)s9)c9sc(-c%10sc(-c%11cc%12c(-c%13ccc(CC)s%13)c%13sc(CC)cc%13c(-c%13ccc(CC)s%13)c%12s%11)c%11sc(C(=O)OCC)c(F)c%10%11)cc9c(-c9ccc(CC)s9)c8s7)c7sc(C(=O)OCC)c(F)c67)cc5c(-c5ccc(CC)s5)c4s3)sc(CC)c2c1F,-4.746482,-2.580728,0.093498,70,18_FBM,CCC1(CC)c2cc(-c3ccc(C=C(C#N)C#N)c4nsnc34)ccc2-c2ccc(-c3ccc(C=C(C#N)C#N)c4nsnc34)cc21,-6.16419506,-3.65965918,-3.49747932,0.089254,4.71368,4.87555,4.736668
20.0,10.1039/c6ta00612d,0.83,9.53,3.05,1,PTB7-Th,CCOC(=O)c1sc2c(-c3cc4c(-c5ccc(CC)s5)c5sc(-c6sc(-c7cc8c(-c9ccc(CC)s9)c9sc(-c%10sc(-c%11cc%12c(-c%13ccc(CC)s%13)c%13sc(CC)cc%13c(-c%13ccc(CC)s%13)c%12s%11)c%11sc(C(=O)OCC)c(F)c%10%11)cc9c(-c9ccc(CC)s9)c8s7)c7sc(C(=O)OCC)c(F)c67)cc5c(-c5ccc(CC)s5)c4s3)sc(CC)c2c1F,-4.746482,-2.580728,0.093498,71,20_IDT-IC,CCc1ccc(C2(c3ccc(CC)cc3)c3cc4c(cc3-c3sc(C=C5C(=O)c6ccccc6C5=C(C#N)C#N)cc32)C(c2ccc(CC)cc2)(c2ccc(CC)cc2)c2cc(C=C3C(=O)c5ccccc5C3=C(C#N)C#N)sc2-4)cc1,-5.63330093,-3.40006256,-3.00604171,0.093674,6.73425,6.559637,6.883084
20.0,10.1039/c6ta00612d,0.94,14.49,6.25,1,PTB7-Th,CCOC(=O)c1sc2c(-c3cc4c(-c5ccc(CC)s5)c5sc(-c6sc(-c7cc8c(-c9ccc(CC)s9)c9sc(-c%10sc(-c%11cc%12c(-c%13ccc(CC)s%13)c%13sc(CC)cc%13c(-c%13ccc(CC)s%13)c%12s%11)c%11sc(C(=O)OCC)c(F)c%10%11)cc9c(-c9ccc(CC)s9)c8s7)c7sc(C(=O)OCC)c(F)c67)cc5c(-c5ccc(CC)s5)c4s3)sc(CC)c2c1F,-4.746482,-2.580728,0.093498,72,20_IDTIDT-IC,CCc1ccc(C2(c3ccc(CC)cc3)c3cc4c(cc3-c3sc(C=C5C(=O)c6ccccc6C5=C(C#N)C#N)cc32)C(c2ccc(CC)cc2)(c2ccc(CC)cc2)c2c-4sc3c4c(sc23)-c2cc3c(cc2C4(c2ccc(CC)cc2)c2ccc(CC)cc2)-c2sc(C=C4C(=O)c5ccccc5C4=C(C#N)C#N)cc2C3(c2ccc(CC)cc2)c2ccc(CC)cc2)cc1,-5.12744128,-3.13012562,-2.99189179,0.051001,5.161632,5.199841,5.339196
14.0,10.1002/aenm.201500032,0.87,9.74,3.8,1,PTB7-Th,CCOC(=O)c1sc2c(-c3cc4c(-c5ccc(CC)s5)c5sc(-c6sc(-c7cc8c(-c9ccc(CC)s9)c9sc(-c%10sc(-c%11cc%12c(-c%13ccc(CC)s%13)c%13sc(CC)cc%13c(-c%13ccc(CC)s%13)c%12s%11)c%11sc(C(=O)OCC)c(F)c%10%11)cc9c(-c9ccc(CC)s9)c8s7)c7sc(C(=O)OCC)c(F)c67)cc5c(-c5ccc(CC)s5)c4s3)sc(CC)c2c1F,-4.746482,-2.580728,0.093498,42,14_TP-PDI,CC(C)n1c(=O)c2cc(-c3ccccc3)c3c4c(-c5ccccc5)cc5c(=O)n(C(C)C)c(=O)c6cc(-c7ccccc7)c(c7c(-c8ccccc8)cc(c1=O)c2c37)c4c56,-5.53071401,-3.25039994,-1.89010281,0.126621,2.977627,3.912676,3.626223
31.0,10.1039/c6ta04232e,0.83,13.12,5.65,1,PTB7-Th,CCOC(=O)c1sc2c(-c3cc4c(-c5ccc(CC)s5)c5sc(-c6sc(-c7cc8c(-c9ccc(CC)s9)c9sc(-c%10sc(-c%11cc%12c(-c%13ccc(CC)s%13)c%13sc(CC)cc%13c(-c%13ccc(CC)s%13)c%12s%11)c%11sc(C(=O)OCC)c(F)c%10%11)cc9c(-c9ccc(CC)s9)c8s7)c7sc(C(=O)OCC)c(F)c67)cc5c(-c5ccc(CC)s5)c4s3)sc(CC)c2c1F,-4.746482,-2.580728,0.093498,47,31_BPDI3,CC(C)n1c(=O)c2ccc3c4ccc5c(=O)n(C(C)C)c(=O)c6cc(-c7cc(-c8cc9c(=O)n(C(C)C)c(=O)c%10ccc%11c%12ccc%13c(=O)n(C(C)C)c(=O)c%14ccc(c8c%11c%109)c%12c%13%14)cc(-c8cc9c(=O)n(C(C)C)c(=O)c%10ccc%11c%12ccc%13c(=O)n(C(C)C)c(=O)c%14ccc(c8c%11c%109)c%12c%13%14)c7)c(c7ccc(c1=O)c2c37)c4c56,-5.97942975,-3.52333014,-3.52224168,0.059547,5.349589,5.258093,5.337075
16.0,10.1039/c5ra17715d,0.76,8.8,3.9,2,P3HT,CCc1ccsc1-c1cc(CC)c(-c2sccc2CC)s1,-5.527721,-1.026958,0.488904,62,16_M10,C(#Cc1c(-c2ccccc2)c2n(c1-c1ccccc1)[Zn]1(n3c(c(-c4ccccc4)c(C#Cc4ccccc4)c3-c3ccccc3)[N]2)n2c(c(-c3ccccc3)c(C#Cc3ccccc3)c2-c2ccccc2)[N]c2c(-c3ccccc3)c(C#Cc3ccccc3)c(-c3ccccc3)n21)c1ccccc1,-4.92444435,-2.83569844,-2.77583339,0.087281,4.048802,3.416111,3.845589
13.0,10.1039/c5ta09171c,0.89,5.91,3.0,2,P3HT,CCc1ccsc1-c1cc(CC)c(-c2sccc2CC)s1,-5.527721,-1.026958,0.488904,41,13_DPP-PHt2,CCN1C(=O)c2ccc(C#Cc3ccc(C4=C5C(=O)N(CC)C(c6ccc(C#Cc7ccc8c(c7)C(=O)N(CC)C8=O)s6)=C5C(=O)N4CC)s3)cc2C1=O,-5.18839479,-3.07379806,-2.52167905,0.103935,4.675211,4.14298,4.536834
16.0,10.1039/c5ra17715d,0.94,6.5,3.7,2,P3HT,CCc1ccsc1-c1cc(CC)c(-c2sccc2CC)s1,-5.527721,-1.026958,0.488904,63,16_M18,CCN1C(=O)c2ccc(C=Cc3ccc(C=Cc4ccc5c(c4)C(=O)N(CC)C5=O)c4nsnc34)cc2C1=O,-5.73942533,-3.13175831,-2.26453146,0.134829,2.036676,3.167234,2.459042
32.0,10.1039/c5ee03481g,1.14,8.29,5.1,2,P3HT,CCc1ccsc1-c1cc(CC)c(-c2sccc2CC)s1,-5.527721,-1.026958,0.488904,48,32_SFDPPB4,CCN1C(=O)C2=C(c3ccc(-c4ccc5c(c4)-c4cc(-c6ccc(C7=C8C(=O)N(CC)C(c9ccc(-c%10ccccc%10)s9)=C8C(=O)N7CC)s6)ccc4C54c5ccc(-c6ccc(C7=C8C(=O)N(CC)C(c9ccc(-c%10ccccc%10)s9)=C8C(=O)N7CC)s6)cc5-c5cc(-c6ccc(C7=C8C(=O)N(CC)C(c9ccc(-c%10ccccc%10)s9)=C8C(=O)N7CC)s6)ccc54)s3)N(CC)C(=O)C2=C1c1ccc(-c2ccccc2)s1,-4.78947588,-2.60739492,-2.59569402,0.028962,3.193538,3.297589,3.199648
3.0,10.1021/acs.accounts.5b00199,0.73,14.1,6.38,2,P3HT,CCc1ccsc1-c1cc(CC)c(-c2sccc2CC)s1,-5.527721,-1.026958,0.488904,8,03_3.7a,CCN1C(=O)C(=Cc2ccc(-c3cc4c(s3)-c3cc5c(cc3C4(CC)CC)-c3sc(-c4ccc(C=C6SC(=S)N(CC)C6=O)c6nsnc46)cc3C5(CC)CC)c3nsnc23)SC1=S,-5.23302146,-3.31189767,-3.11189399,0.086571,4.661593,4.885421,4.885178
40.0,10.1039/c5ee02477c,0.84,8.91,5.04,2,P3HT,CCc1ccsc1-c1cc(CC)c(-c2sccc2CC)s1,-5.527721,-1.026958,0.488904,56,40_IDT-2BR,CCc1ccc(C2(c3ccc(CC)cc3)c3cc4c(cc3-c3sc(-c5ccc(C=C6SC(=S)NC6=O)c6nsnc56)cc32)C(c2ccc(CC)cc2)(c2ccc(CC)cc2)c2cc(-c3ccc(C=C5SC(=S)N(CC)C5=O)c5nsnc35)sc2-4)cc1,-5.20145625,-3.32468703,-3.11733627,0.052915,5.209871,5.289735,5.382464
35.0,10.1039/c6cc03730e,1.18,5.17,3.86,2,P3HT,CCc1ccsc1-c1cc(CC)c(-c2sccc2CC)s1,-5.527721,-1.026958,0.488904,51,35_4D,CCN1C(=O)C2=C(c3ccc(-c4ccc(C(=C(c5ccc(-c6ccc(C7=C8C(=O)N(CC)C(c9cccs9)=C8C(=O)N7CC)s6)cc5)c5ccc(-c6ccc(C7=C8C(=O)N(CC)C(c9cccs9)=C8C(=O)N7CC)s6)cc5)c5ccc(-c6ccc(C7=C8C(=O)N(CC)C(c9cccs9)=C8C(=O)N7CC)s6)cc5)cc4)s3)N(CC)C(=O)C2=C1c1cccs1,-4.81260556,-2.65800809,-2.58480947,0.07161,3.669043,3.586124,3.653245
3.0,10.1021/acs.accounts.5b00199,1.22,4.29,3.05,2,P3HT,CCc1ccsc1-c1cc(CC)c(-c2sccc2CC)s1,-5.527721,-1.026958,0.488904,38,03_2.5,CCC1c2ccccc2-c2cc3c4cccc5c4c(c3cc21)c1cccc2c3cc4c(cc3c5c21)C(CC)c1ccccc1-4,-5.00607851,-2.52222328,-0.88736327,0.103336,0.358695,1.565442,0.878543
3.0,10.1021/acs.accounts.5b00199,0.82,7.95,4.11,2,P3HT,CCc1ccsc1-c1cc(CC)c(-c2sccc2CC)s1,-5.527721,-1.026958,0.488904,39,03_3.1,CCN1C(=O)C(=Cc2ccc(-c3ccc4c(c3)C(CC)(CC)c3cc(-c5ccc(C=C6SC(=S)N(CC)C6=O)c6nsnc56)ccc3-4)c3nsnc23)SC1=S,-5.67030842,-3.22672604,-3.08114513,0.107873,4.168617,4.537057,4.310143
23.0,10.1021/acs.chemmater.5b04339,1.1,6.96,3.63,2,P3HT,CCc1ccsc1-c1cc(CC)c(-c2sccc2CC)s1,-5.527721,-1.026958,0.488904,75,23_M10,CCN1C(=O)C2=C(c3ccc(-c4ccc5c(c4)-c4cc(-c6ccc(C7=C8C(=O)N(CC)C(c9cccs9)=C8C(=O)N7CC)s6)ccc4-c4ccc(-c6ccc(C7=C8C(=O)N(CC)C(c9cccs9)=C8C(=O)N7CC)s6)cc4-c4cc(-c6ccc(C7=C8C(=O)N(CC)C(c9cccs9)=C8C(=O)N7CC)s6)ccc4-5)s3)N(CC)C(=O)C2=C1c1cccs1,-4.8920628,-2.64413029,-2.63923224,0.037048,4.231916,3.944511,4.097491
3.0,10.1021/acs.accounts.5b00199,1.03,5.7,3.08,2,P3HT,CCc1ccsc1-c1cc(CC)c(-c2sccc2CC)s1,-5.527721,-1.026958,0.488904,20,03_3.3,CCN1C(=O)C(=Cc2ccc(-c3ccc4c(c3)C(CC)(CC)c3cc(-c5ccc(C=C6SC(=S)N(CC)C6=O)s5)ccc3-4)s2)SC1=S,-5.57153109,-2.86127714,-2.66970899,0.128644,3.165502,3.701946,3.240712
3.0,10.1021/acs.accounts.5b00199,1.18,5.35,3.17,2,P3HT,CCc1ccsc1-c1cc(CC)c(-c2sccc2CC)s1,-5.527721,-1.026958,0.488904,6,03_3.5,CCN1C(=O)C2=C(c3ccc(-c4ccc5c(c4)C(CC)(CC)c4cc(-c6ccc(C7=C8C(=O)N(CC)C(c9ccc(-c%10ccccc%10)s9)=C8C(=O)N7CC)s6)ccc4-5)s3)N(CC)C(=O)C2=C1c1ccc(-c2ccccc2)s1,-4.76008759,-2.58916329,-2.46181401,0.068483,3.958547,4.311283,4.307788
33.0,10.1038/ncomms11585,0.76,12.1,6.0,2,P3HT,CCc1ccsc1-c1cc(CC)c(-c2sccc2CC)s1,-5.527721,-1.026958,0.488904,49,33_EH-IDTBR,C=c1c(=Cc2ccc(-c3cc4c(s3)-c3cc5c(cc3C4(CC)CC)-c3sc(-c4ccc(C=c6sc(=S)n(CC)c6=C)c6nsnc46)cc3C5(CC)CC)c3nsnc23)sc(=S)n1CC,-4.86947735,-2.95352373,-2.77175168,0.069661,4.520809,4.807759,4.778901
9.0,10.1021/jacs.5b11149,0.95,11.55,7.39,3,PDBT-T1,CCc1ccc(-c2c3sc4cc(-c5cc(-c6sc(-c7ccc(-c8cc9sc%10c(-c%11ccc(CC)s%11)c%11c(sc%12cc(-c%13cc(-c%14sc(-c%15ccc(-c%16cc%17sc%18c(-c%19ccc(CC)s%19)c%19c(sc%20cc(-c%21cc(-c%22scc%23c%22C(=O)c%22c(CC)sc(CC)c%22C%23=O)cs%21)sc%20%19)c(-c%19ccc(CC)s%19)c%18c%17s%16)s%15)c%15c%14C(=O)c%14c(CC)sc(CC)c%14C%15=O)cs%13)sc%12%11)c(-c%11ccc(CC)s%11)c%10c9s8)s7)c7c6C(=O)c6c(CC)sc(CC)c6C7=O)cs5)sc4c3c(-c3ccc(CC)s3)c3sc4cc(-c5cccs5)sc4c23)s1,-4.968527,-2.442494,0.04873,18,09_SdIPBI-Se,CC(C)n1c(=O)c2ccc3c4c(-c5cc6c(=O)n(C(C)C)c(=O)c7cc8[se]c9cc%10c(=O)n(C(C)C)c(=O)c%11ccc%12c5c(c67)c8c9c%12c%11%10)cc5c(=O)n(C(C)C)c(=O)c6cc7[se]c8cc(c1=O)c2c3c8c7c4c56,-6.13099717,-3.52360225,-3.42890663,0.098559,7.41129,7.683371,7.576641
17.0,10.1021/jacs.6b02004,0.88,16.17,9.3,3,PDBT-T1,CCc1ccc(-c2c3sc4cc(-c5cc(-c6sc(-c7ccc(-c8cc9sc%10c(-c%11ccc(CC)s%11)c%11c(sc%12cc(-c%13cc(-c%14sc(-c%15ccc(-c%16cc%17sc%18c(-c%19ccc(CC)s%19)c%19c(sc%20cc(-c%21cc(-c%22scc%23c%22C(=O)c%22c(CC)sc(CC)c%22C%23=O)cs%21)sc%20%19)c(-c%19ccc(CC)s%19)c%18c%17s%16)s%15)c%15c%14C(=O)c%14c(CC)sc(CC)c%14C%15=O)cs%13)sc%12%11)c(-c%11ccc(CC)s%11)c%10c9s8)s7)c7c6C(=O)c6c(CC)sc(CC)c6C7=O)cs5)sc4c3c(-c3ccc(CC)s3)c3sc4cc(-c5cccs5)sc4c23)s1,-4.968527,-2.442494,0.04873,67,17_ITIC-Th,CCc1ccc(C2(c3ccc(CC)s3)c3cc4c(cc3-c3sc5cc(C=C6C(=O)c7ccccc7C6=C(C#N)C#N)sc5c32)C(c2ccc(CC)s2)(c2ccc(CC)s2)c2c-4sc3cc(C=C4C(=O)c5ccccc5C4=C(C#N)C#N)sc23)s1,-5.47683547,-3.34536768,-3.06971635,0.078739,9.110605,8.979436,9.370147
3.0,10.1021/acs.accounts.5b00199,0.9,11.98,6.9,3,PDBT-T1,CCc1ccc(-c2c3sc4cc(-c5cc(-c6sc(-c7ccc(-c8cc9sc%10c(-c%11ccc(CC)s%11)c%11c(sc%12cc(-c%13cc(-c%14sc(-c%15ccc(-c%16cc%17sc%18c(-c%19ccc(CC)s%19)c%19c(sc%20cc(-c%21cc(-c%22scc%23c%22C(=O)c%22c(CC)sc(CC)c%22C%23=O)cs%21)sc%20%19)c(-c%19ccc(CC)s%19)c%18c%17s%16)s%15)c%15c%14C(=O)c%14c(CC)sc(CC)c%14C%15=O)cs%13)sc%12%11)c(-c%11ccc(CC)s%11)c%10c9s8)s7)c7c6C(=O)c6c(CC)sc(CC)c6C7=O)cs5)sc4c3c(-c3ccc(CC)s3)c3sc4cc(-c5cccs5)sc4c23)s1,-4.968527,-2.442494,0.04873,31,03_1.3,CC(C)n1c(=O)c2ccc3c4c(-c5cc6c(=O)n(C(C)C)c(=O)c7cc8sc9cc%10c(=O)n(C(C)C)c(=O)c%11ccc%12c5c(c67)c8c9c%12c%11%10)cc5c(=O)n(C(C)C)c(=O)c6cc7sc8cc(c1=O)c2c3c8c7c4c56,-6.18759685,-3.55026941,-3.45856704,0.099157,7.016999,7.394692,7.24583
38.0,10.1021/jacs.6b04368,1.001,12.53,8.98,3,PDBT-T1,CCc1ccc(-c2c3sc4cc(-c5cc(-c6sc(-c7ccc(-c8cc9sc%10c(-c%11ccc(CC)s%11)c%11c(sc%12cc(-c%13cc(-c%14sc(-c%15ccc(-c%16cc%17sc%18c(-c%19ccc(CC)s%19)c%19c(sc%20cc(-c%21cc(-c%22scc%23c%22C(=O)c%22c(CC)sc(CC)c%22C%23=O)cs%21)sc%20%19)c(-c%19ccc(CC)s%19)c%18c%17s%16)s%15)c%15c%14C(=O)c%14c(CC)sc(CC)c%14C%15=O)cs%13)sc%12%11)c(-c%11ccc(CC)s%11)c%10c9s8)s7)c7c6C(=O)c6c(CC)sc(CC)c6C7=O)cs5)sc4c3c(-c3ccc(CC)s3)c3sc4cc(-c5cccs5)sc4c23)s1,-4.968527,-2.442494,0.04873,54,38_6a,CC(C)n1c(=O)c2cc3c4c5c(cc6c(=O)n(C(C)C)c(=O)c7cc8[se]c9cc(c1=O)c2c4c9c8c5c67)C1C3C2c3cc4c(=O)n(C(C)C)c(=O)c5cc6[se]c7cc8c(=O)n(C(C)C)c(=O)c9cc(c%10c3c(c45)c6c7c%10c98)C2C2c3cc4c(=O)n(C(C)C)c(=O)c5cc6[se]c7cc8c(=O)n(C(C)C)c(=O)c9cc(c%10c3c(c45)c6c7c%10c98)C12,-6.05426106,-3.43570948,-3.43489313,0.067617,7.338437,7.09844,7.335717
38.0,10.1021/jacs.6b04368,0.968,12.01,8.15,3,PDBT-T1,CCc1ccc(-c2c3sc4cc(-c5cc(-c6sc(-c7ccc(-c8cc9sc%10c(-c%11ccc(CC)s%11)c%11c(sc%12cc(-c%13cc(-c%14sc(-c%15ccc(-c%16cc%17sc%18c(-c%19ccc(CC)s%19)c%19c(sc%20cc(-c%21cc(-c%22scc%23c%22C(=O)c%22c(CC)sc(CC)c%22C%23=O)cs%21)sc%20%19)c(-c%19ccc(CC)s%19)c%18c%17s%16)s%15)c%15c%14C(=O)c%14c(CC)sc(CC)c%14C%15=O)cs%13)sc%12%11)c(-c%11ccc(CC)s%11)c%10c9s8)s7)c7c6C(=O)c6c(CC)sc(CC)c6C7=O)cs5)sc4c3c(-c3ccc(CC)s3)c3sc4cc(-c5cccs5)sc4c23)s1,-4.968527,-2.442494,0.04873,53,38_4a,CC(C)n1c(=O)c2ccc3c4ccc5c(=O)n(C(C)C)c(=O)c6cc7c(c4c56)c4c(cc(c1=O)c2c34)c1c2c3cc4c(=O)n(C(C)C)c(=O)c5ccc6c8ccc9c(=O)n(C(C)C)c(=O)c%10cc(c(c8c9%10)c3c6c54)c2c2c3cc4c(=O)n(C(C)C)c(=O)c5ccc6c8ccc9c(=O)n(C(C)C)c(=O)c%10cc(c(c8c9%10)c3c6c54)c2c71,-6.01834203,-3.43434891,-3.43353257,0.076672,7.880501,7.293978,7.506374
22.0,10.1021/jacs.6b00853,0.89,15.05,8.52,3,PDBT-T1,CCc1ccc(-c2c3sc4cc(-c5cc(-c6sc(-c7ccc(-c8cc9sc%10c(-c%11ccc(CC)s%11)c%11c(sc%12cc(-c%13cc(-c%14sc(-c%15ccc(-c%16cc%17sc%18c(-c%19ccc(CC)s%19)c%19c(sc%20cc(-c%21cc(-c%22scc%23c%22C(=O)c%22c(CC)sc(CC)c%22C%23=O)cs%21)sc%20%19)c(-c%19ccc(CC)s%19)c%18c%17s%16)s%15)c%15c%14C(=O)c%14c(CC)sc(CC)c%14C%15=O)cs%13)sc%12%11)c(-c%11ccc(CC)s%11)c%10c9s8)s7)c7c6C(=O)c6c(CC)sc(CC)c6C7=O)cs5)sc4c3c(-c3ccc(CC)s3)c3sc4cc(-c5cccs5)sc4c23)s1,-4.968527,-2.442494,0.04873,74,22_IC-C6IDT-IC,CCC1(CC)c2cc3c(cc2-c2sc(C=C4C(=O)c5ccccc5C4=C(C#N)C#N)cc21)C(CC)(CC)c1cc(C=C2C(=O)c4ccccc4C2=C(C#N)C#N)sc1-3,-5.73452729,-3.49775143,-3.08277781,0.104669,8.850721,8.39262,8.796695
16.0,10.1039/c5ra17715d,0.79,10.6,3.93,4,PBDTTT-C-T,CCc1ccc(-c2c3cc(-c4sc(-c5cc6c(-c7ccc(CC)s7)c7sc(-c8sc(-c9cc%10c(-c%11ccc(CC)s%11)c%11sc(-c%12sc(CC)c%13cc(C(C)=O)sc%12%13)cc%11c(-c%11ccc(CC)s%11)c%10s9)c9cc(C(C)=O)sc89)cc7c(-c7ccc(CC)s7)c6s5)c5cc(C(C)=O)sc45)sc3c(-c3ccc(CC)s3)c3cc(CC)sc23)s1,-4.730155,-2.607939,0.092494,65,16_PDI6d,CCn1c(=O)c2ccc3c4c(-c5ccc(-c6cc7c(=O)n(CC)c(=O)c8ccc9c%10c(OC)cc%11c(=O)n(CC)c(=O)c%12ccc(c6c9c87)c%10c%12%11)[se]5)cc5c(=O)n(CC)c(=O)c6ccc(c7c(OC)cc(c1=O)c2c37)c4c65,-5.58023873,-3.35189841,-3.30563906,0.096803,3.704785,3.542309,3.541636
3.0,10.1021/acs.accounts.5b00199,0.9,8.33,3.72,4,PBDTTT-C-T,CCc1ccc(-c2c3cc(-c4sc(-c5cc6c(-c7ccc(CC)s7)c7sc(-c8sc(-c9cc%10c(-c%11ccc(CC)s%11)c%11sc(-c%12sc(CC)c%13cc(C(C)=O)sc%12%13)cc%11c(-c%11ccc(CC)s%11)c%10s9)c9cc(C(C)=O)sc89)cc7c(-c7ccc(CC)s7)c6s5)c5cc(C(C)=O)sc45)sc3c(-c3ccc(CC)s3)c3cc(CC)sc23)s1,-4.730155,-2.607939,0.092494,21,03_3.2a,CCc1ccc(C2(c3ccc(CC)cc3)c3cc4c(cc3-c3sc(-c5ccc(C=C6C(=O)c7ccccc7C6=C(C#N)C#N)s5)cc32)C(c2ccc(CC)cc2)(c2ccc(CC)cc2)c2cc(-c3ccc(C=C5C(=O)c6ccccc6C5=C(C#N)C#N)s3)sc2-4)cc1,-5.29043748,-3.29829198,-3.11243822,0.06674,4.803297,5.073127,5.148599
1.0,10.1039/c4mh00042k,0.86,8.86,4.22,4,PBDTTT-C-T,CCc1ccc(-c2c3cc(-c4sc(-c5cc6c(-c7ccc(CC)s7)c7sc(-c8sc(-c9cc%10c(-c%11ccc(CC)s%11)c%11sc(-c%12sc(CC)c%13cc(C(C)=O)sc%12%13)cc%11c(-c%11ccc(CC)s%11)c%10s9)c9cc(C(C)=O)sc89)cc7c(-c7ccc(CC)s7)c6s5)c5cc(C(C)=O)sc45)sc3c(-c3ccc(CC)s3)c3cc(CC)sc23)s1,-4.730155,-2.607939,0.092494,24,01_c5,CCn1c(=O)c2ccc3c4c(-c5ccc(-c6cc7c(=O)n(CC)c(=O)c8ccc9c%10c(OC)cc%11c(=O)n(CC)c(=O)c%12ccc(c6c9c87)c%10c%12%11)s5)cc5c(=O)n(CC)c(=O)c6ccc(c7c(OC)cc(c1=O)c2c37)c4c65,-5.55819751,-3.36632044,-3.30509483,0.098419,3.711084,3.79553,3.602265
1.0,10.1039/c4mh00042k,0.87,11.27,3.22,4,PBDTTT-C-T,CCc1ccc(-c2c3cc(-c4sc(-c5cc6c(-c7ccc(CC)s7)c7sc(-c8sc(-c9cc%10c(-c%11ccc(CC)s%11)c%11sc(-c%12sc(CC)c%13cc(C(C)=O)sc%12%13)cc%11c(-c%11ccc(CC)s%11)c%10s9)c9cc(C(C)=O)sc89)cc7c(-c7ccc(CC)s7)c6s5)c5cc(C(C)=O)sc45)sc3c(-c3ccc(CC)s3)c3cc(CC)sc23)s1,-4.730155,-2.607939,0.092494,22,01_c11,CCn1c(=O)c2ccc3c4c(-c5ccc(N(c6ccc(-c7cc8c(=O)n(CC)c(=O)c9ccc%10c%11c(OC)cc%12c(=O)n(CC)c(=O)c%13ccc(c7c%10c98)c%11c%13%12)cc6)c6ccc(-c7cc8c(=O)n(CC)c(=O)c9ccc%10c%11c(OC)cc%12c(=O)n(CC)c(=O)c%13ccc(c7c%10c98)c%11c%13%12)cc6)cc5)cc5c(=O)n(CC)c(=O)c6ccc(c7c(OC)cc(c1=O)c2c37)c4c65,-5.24744349,-3.26264507,-3.24087596,0.05299,3.749754,3.776989,3.609685
28.0,10.1039/c5ta05901a,0.845,9.67,4.7,4,PBDTTT-C-T,CCc1ccc(-c2c3cc(-c4sc(-c5cc6c(-c7ccc(CC)s7)c7sc(-c8sc(-c9cc%10c(-c%11ccc(CC)s%11)c%11sc(-c%12sc(CC)c%13cc(C(C)=O)sc%12%13)cc%11c(-c%11ccc(CC)s%11)c%10s9)c9cc(C(C)=O)sc89)cc7c(-c7ccc(CC)s7)c6s5)c5cc(C(C)=O)sc45)sc3c(-c3ccc(CC)s3)c3cc(CC)sc23)s1,-4.730155,-2.607939,0.092494,60,28_IDTT-2BM,CCc1ccc(C2(c3ccc(CC)cc3)c3cc4c(cc3-c3sc5cc(-c6ccc(C=C(C#N)C#N)c7nsnc67)sc5c32)C(c2ccc(CC)cc2)(c2ccc(CC)cc2)c2c-4sc3cc(-c4ccc(C=C(C#N)C#N)c5nsnc45)sc23)cc1,-5.40336473,-3.61013445,-3.45448533,0.058129,4.38397,4.182239,4.753784
39.0,10.1002/adma.201503801,0.921,13.82,7.85,5,PSEHTT,CCc1cc(CC)c(-c2nc3sc(-c4sc(-c5cc6c(s5)-c5sc(-c7cc(CC)c(-c8nc9sc(-c%10sc(-c%11cc%12c(s%11)-c%11sc(-c%13cc(CC)c(-c%14nc%15sc(-c%16sc(-c%17cc%18c(s%17)-c%17sc(CC)cc%17[Si]%18(CC)CC)cc%16CC)nc%15s%14)s%13)cc%11[Si]%12(CC)CC)cc%10CC)nc9s8)s7)cc5[Si]6(CC)CC)cc4CC)nc3s2)s1,-4.651786,-2.555693,0.071365,55,39_DBFI-EDOT,CCn1c(=O)c2ccc3c4nc5c(-c6ccccc6)c6nc7c8ccc9c(=O)n(CC)c(=O)c%10ccc(c7nc6c(-c6sc(-c7c%11nc%12c%13ccc%14c(=O)n(CC)c(=O)c%15ccc(c%12nc%11c(-c%11ccccc%11)c%11nc%12c%16ccc%17c(=O)n(CC)c(=O)c%18ccc(c%12nc7%11)c%16c%17%18)c%13c%15%14)c7c6OCCO7)c5nc4c4ccc(c1=O)c2c34)c8c9%10,-5.46839994,-3.30999288,-3.26672678,0.065117,4.770303,4.736691,4.768653
3.0,10.1021/acs.accounts.5b00199,0.86,10.14,4.91,5,PSEHTT,CCc1cc(CC)c(-c2nc3sc(-c4sc(-c5cc6c(s5)-c5sc(-c7cc(CC)c(-c8nc9sc(-c%10sc(-c%11cc%12c(s%11)-c%11sc(-c%13cc(CC)c(-c%14nc%15sc(-c%16sc(-c%17cc%18c(s%17)-c%17sc(CC)cc%17[Si]%18(CC)CC)cc%16CC)nc%15s%14)s%13)cc%11[Si]%12(CC)CC)cc%10CC)nc9s8)s7)cc5[Si]6(CC)CC)cc4CC)nc3s2)s1,-4.651786,-2.555693,0.071365,27,03_1.11a,CCn1c(=O)c2ccc3c4nc5c(-c6ccccc6)c6nc7c8ccc9c(=O)n(CC)c(=O)c%10ccc(c7nc6c(-c6ccc(-c7c%11nc%12c%13ccc%14c(=O)n(CC)c(=O)c%15ccc(c%12nc%11c(-c%11ccccc%11)c%11nc%12c%16ccc%17c(=O)n(CC)c(=O)c%18ccc(c%12nc7%11)c%16c%17%18)c%13c%15%14)s6)c5nc4c4ccc(c1=O)c2c34)c8c9%10,-5.46622303,-3.32305434,-3.32087743,0.04983,5.534194,5.601566,5.638204
3.1,10.1002/adma.201500577,0.93,8.09,3.8,5,PSEHTT,CCc1cc(CC)c(-c2nc3sc(-c4sc(-c5cc6c(s5)-c5sc(-c7cc(CC)c(-c8nc9sc(-c%10sc(-c%11cc%12c(s%11)-c%11sc(-c%13cc(CC)c(-c%14nc%15sc(-c%16sc(-c%17cc%18c(s%17)-c%17sc(CC)cc%17[Si]%18(CC)CC)cc%16CC)nc%15s%14)s%13)cc%11[Si]%12(CC)CC)cc%10CC)nc9s8)s7)cc5[Si]6(CC)CC)cc4CC)nc3s2)s1,-4.651786,-2.555693,0.071365,26,03.10_DBFI-MTT,CCn1c(=O)c2ccc3c4nc5c(-c6ccccc6)c6nc7c8ccc9c(=O)n(CC)c(=O)c%10ccc(c7nc6c(-c6sc7c(C)c(-c%11c%12nc%13c%14ccc%15c(=O)n(CC)c(=O)c%16ccc(c%13nc%12c(-c%12ccccc%12)c%12nc%13c%17ccc%18c(=O)n(CC)c(=O)c%19ccc(c%13nc%11%12)c%17c%18%19)c%14c%16%15)sc7c6C)c5nc4c4ccc(c1=O)c2c34)c8c9%10,-5.47656336,-3.31489093,-3.29121702,0.055631,6.052643,6.005305,6.144542
3.0,10.1021/acs.accounts.5b00199,0.92,12.56,6.18,5,PSEHTT,CCc1cc(CC)c(-c2nc3sc(-c4sc(-c5cc6c(s5)-c5sc(-c7cc(CC)c(-c8nc9sc(-c%10sc(-c%11cc%12c(s%11)-c%11sc(-c%13cc(CC)c(-c%14nc%15sc(-c%16sc(-c%17cc%18c(s%17)-c%17sc(CC)cc%17[Si]%18(CC)CC)cc%16CC)nc%15s%14)s%13)cc%11[Si]%12(CC)CC)cc%10CC)nc9s8)s7)cc5[Si]6(CC)CC)cc4CC)nc3s2)s1,-4.651786,-2.555693,0.071365,28,03_1.11b,CCn1c(=O)c2ccc3c4nc5c(-c6ccccc6)c6nc7c8ccc9c(=O)n(CC)c(=O)c%10ccc(c7nc6c(-c6sc(-c7c%11nc%12c%13ccc%14c(=O)n(CC)c(=O)c%15ccc(c%12nc%11c(-c%11ccccc%11)c%11nc%12c%16ccc%17c(=O)n(CC)c(=O)c%18ccc(c%12nc7%11)c%16c%17%18)c%13c%15%14)c(C)c6C)c5nc4c4ccc(c1=O)c2c34)c8c9%10,-5.64745085,-3.30536694,-3.30128523,0.049938,4.874921,5.020152,4.88158
1.0,10.1039/c4mh00042k,0.45,1.65,3.0,6,p-DTS(FBTTh2)2,CCc1ccc(-c2ccc(-c3cc(F)c(-c4cc5c(s4)-c4sc(-c6c(F)cc(-c7ccc(-c8ccc(CC)s8)s7)c7nsnc67)cc4[Si]5(CC)CC)c4nsnc34)s2)s1,-4.667569,-2.795698,0.13247,76,01_c1,CC(C)n1c(=O)c2ccc3c4ccc5c(=O)n(C(C)C)c(=O)c6ccc(c7ccc(c1=O)c2c37)c4c56,-5.9508578,-3.42074321,-1.83568004,0.139838,2.524499,3.560051,3.260351
21.0,10.1016/j.orgel.2015.12.017,1.04,5.94,3.27,6,p-DTS(FBTTh2)2,CCc1ccc(-c2ccc(-c3cc(F)c(-c4cc5c(s4)-c4sc(-c6c(F)cc(-c7ccc(-c8ccc(CC)s8)s7)c7nsnc67)cc4[Si]5(CC)CC)c4nsnc34)s2)s1,-4.667569,-2.795698,0.13247,73,21_NIDCSN,CCOc1c(C=C(C#N)c2ccc(-c3ccc4c5c(cccc35)C(=O)N(CC)C4=O)s2)ccc2c(OCC)c(C=C(C#N)c3ccc(-c4ccc5c6c(cccc46)C(=O)N(CC)C5=O)s3)ccc12,-5.70105728,-3.0392396,-2.68848484,0.143492,4.874098,4.878945,4.917836
3.0,10.1021/acs.accounts.5b00199,0.85,9.62,5.3,6,p-DTS(FBTTh2)2,CCc1ccc(-c2ccc(-c3cc(F)c(-c4cc5c(s4)-c4sc(-c6c(F)cc(-c7ccc(-c8ccc(CC)s8)s7)c7nsnc67)cc4[Si]5(CC)CC)c4nsnc34)s2)s1,-4.667569,-2.795698,0.13247,7,03_3.6,CCN1C(=O)c2cccc3c(-c4ccc(C(C#N)=Cc5cc(OC)c(C=C(C#N)c6ccc(-c7ccc8c9c(cccc79)C(=O)N(CC)C8=O)s6)cc5OC)s4)ccc(c23)C1=O,-5.56064653,-3.14590823,-2.64276972,0.157973,3.598323,3.632344,3.927393
3.0,10.1021/acs.accounts.5b00199,0.96,9.2,4.3,7,PffBT4T-2DT,CCc1csc(-c2c(F)c(F)c(-c3cc(CC)c(-c4ccc(-c5ccc(-c6sc(-c7c(F)c(F)c(-c8cc(CC)c(-c9ccc(-c%10ccc(-c%11sc(-c%12c(F)c(F)c(-c%13cc(CC)c(-c%14ccc(-c%15cccs%15)s%14)s%13)c%13nsnc%12%13)cc%11CC)s%10)s9)s8)c8nsnc78)cc6CC)s5)s4)s3)c3nsnc23)c1,-4.785666,-2.892026,0.088264,34,03_1.7a,CC(C)n1c(=O)c2ccc3c4ccc5c(=O)n(C(C)C)c(=O)c6cc(-c7ccc(C(c8ccc(-c9cc%10c(=O)n(C(C)C)c(=O)c%11ccc%12c%13ccc%14c(=O)n(C(C)C)c(=O)c%15ccc(c9c%12c%11%10)c%13c%14%15)cc8)(c8ccc(-c9cc%10c(=O)n(C(C)C)c(=O)c%11ccc%12c%13ccc%14c(=O)n(C(C)C)c(=O)c%15ccc(c9c%12c%11%10)c%13c%14%15)cc8)c8ccc(-c9cc%10c(=O)n(C(C)C)c(=O)c%11ccc%12c%13ccc%14c(=O)n(C(C)C)c(=O)c%15ccc(c9c%12c%11%10)c%13c%14%15)cc8)cc7)c(c7ccc(c1=O)c2c37)c4c56,-5.84500551,-3.42101533,-3.40523273,0.043553,4.687629,4.618516,4.698384
3.0,10.1021/acs.accounts.5b00199,0.94,8.5,4.2,7,PffBT4T-2DT,CCc1csc(-c2c(F)c(F)c(-c3cc(CC)c(-c4ccc(-c5ccc(-c6sc(-c7c(F)c(F)c(-c8cc(CC)c(-c9ccc(-c%10ccc(-c%11sc(-c%12c(F)c(F)c(-c%13cc(CC)c(-c%14ccc(-c%15cccs%15)s%14)s%13)c%13nsnc%12%13)cc%11CC)s%10)s9)s8)c8nsnc78)cc6CC)s5)s4)s3)c3nsnc23)c1,-4.785666,-2.892026,0.088264,35,03_1.7b,CC(C)n1c(=O)c2ccc3c4ccc5c(=O)n(C(C)C)c(=O)c6cc(-c7ccc([Si](c8ccc(-c9cc%10c(=O)n(C(C)C)c(=O)c%11ccc%12c%13ccc%14c(=O)n(C(C)C)c(=O)c%15ccc(c9c%12c%11%10)c%13c%14%15)cc8)(c8ccc(-c9cc%10c(=O)n(C(C)C)c(=O)c%11ccc%12c%13ccc%14c(=O)n(C(C)C)c(=O)c%15ccc(c9c%12c%11%10)c%13c%14%15)cc8)c8ccc(-c9cc%10c(=O)n(C(C)C)c(=O)c%11ccc%12c%13ccc%14c(=O)n(C(C)C)c(=O)c%15ccc(c9c%12c%11%10)c%13c%14%15)cc8)cc7)c(c7ccc(c1=O)c2c37)c4c56,-5.80010672,-3.45013151,-3.42645761,0.045345,4.909797,4.732758,4.868271
3.0,10.1021/acs.accounts.5b00199,0.98,10.7,6.0,7,PffBT4T-2DT,CCc1csc(-c2c(F)c(F)c(-c3cc(CC)c(-c4ccc(-c5ccc(-c6sc(-c7c(F)c(F)c(-c8cc(CC)c(-c9ccc(-c%10ccc(-c%11sc(-c%12c(F)c(F)c(-c%13cc(CC)c(-c%14ccc(-c%15cccs%15)s%14)s%13)c%13nsnc%12%13)cc%11CC)s%10)s9)s8)c8nsnc78)cc6CC)s5)s4)s3)c3nsnc23)c1,-4.785666,-2.892026,0.088264,36,03_1.8,CC(C)n1c(=O)c2ccc3c4ccc5c(=O)n(C(C)C)c(=O)c6cc(-c7ccc8c(c7)C7(c9ccccc9-c9ccccc97)c7cc(-c9cc%10c(=O)n(C(C)C)c(=O)c%11ccc%12c%13ccc%14c(=O)n(C(C)C)c(=O)c%15ccc(c9c%12c%11%10)c%13c%14%15)ccc7-8)c(c7ccc(c1=O)c2c37)c4c56,-5.70867647,-3.37693288,-3.34618402,0.078946,4.730906,4.873136,4.97618
3.0,10.1021/acs.accounts.5b00199,0.81,14.21,10.68,8,PBDB-T,CCc1ccc(-c2c3cc(-c4cc(-c5sc(-c6ccc(-c7cc8c(-c9ccc(CC)s9)c9sc(-c%10cc(-c%11sc(-c%12ccc(-c%13cc%14c(-c%15ccc(CC)s%15)c%15sc(-c%16cc(-c%17sc(-c%18cccs%18)c%18c%17C(=O)c%17c(CC)sc(CC)c%17C%18=O)cs%16)cc%15c(-c%15ccc(CC)s%15)c%14s%13)s%12)c%12c%11C(=O)c%11c(CC)sc(CC)c%11C%12=O)cs%10)cc9c(-c9ccc(CC)s9)c8s7)s6)c6c5C(=O)c5c(CC)sc(CC)c5C6=O)cs4)sc3c(-c3ccc(CC)s3)c3ccsc23)s1,-4.947846,-2.36086,0.053338,5,03_3.4,CCc1ccc(C2(c3ccc(CC)cc3)c3cc4c(cc3-c3sc5cc(C=C6C(=O)c7ccccc7C6=C(C#N)C#N)sc5c32)C(c2ccc(CC)cc2)(c2ccc(CC)cc2)c2c-4sc3cc(C=C4C(=O)c5ccccc5C4=C(C#N)C#N)sc23)cc1,-5.46486246,-3.34482345,-3.06753944,0.07811,9.468588,9.715372,9.312361
41.0,10.1002/adma.201602776,0.94,16.75,11.48,8,PBDB-T,CCc1ccc(-c2c3cc(-c4cc(-c5sc(-c6ccc(-c7cc8c(-c9ccc(CC)s9)c9sc(-c%10cc(-c%11sc(-c%12ccc(-c%13cc%14c(-c%15ccc(CC)s%15)c%15sc(-c%16cc(-c%17sc(-c%18cccs%18)c%18c%17C(=O)c%17c(CC)sc(CC)c%17C%18=O)cs%16)cc%15c(-c%15ccc(CC)s%15)c%14s%13)s%12)c%12c%11C(=O)c%11c(CC)sc(CC)c%11C%12=O)cs%10)cc9c(-c9ccc(CC)s9)c8s7)s6)c6c5C(=O)c5c(CC)sc(CC)c5C6=O)cs4)sc3c(-c3ccc(CC)s3)c3ccsc23)s1,-4.947846,-2.36086,0.053338,57,41_IT-M,CCc1ccc(C2(c3ccc(CC)cc3)c3cc4c(cc3-c3sc5cc(C=C6C(=O)c7cc(C)ccc7C6=C(C#N)C#N)sc5c32)C(c2ccc(CC)cc2)(c2ccc(CC)cc2)c2c-4sc3cc(C=C4C(=O)c5ccc(C)cc5C4=C(C#N)C#N)sc23)cc1,-5.44282124,-3.30781597,-3.03080407,0.084132,8.741737,9.000246,8.669851
7.0,10.1021/acs.jpcc.5b12307,0.86,10.28,4.95,9,P(PTQD-BDT),CCOc1c2cc(-c3cc4c5cc(-c6cc7c(OCC)c8sc(-c9cc%10c%11cc(-c%12cc%13c(OCC)c%14sc(-c%15cc%16c%17ccsc%17c%17nc%18c(nc%17c%16s%15)C(=O)N(CC)C%18=O)cc%14c(OCC)c%13s%12)sc%11c%11nc%12c(nc%11c%10s9)C(=O)N(CC)C%12=O)cc8c(OCC)c7s6)sc5c5nc6c(nc5c4s3)C(=O)N(CC)C6=O)sc2c(OCC)c2ccsc12,-5.439556,-2.918965,0.057552,13,07_DPP6,CCN1C(=O)C2=C(c3ccc(C(=C(C#N)C#N)C(=C(C#N)C#N)c4ccc(N(c5ccccc5)c5ccccc5)cc4)s3)N(CC)C(=O)C2=C1c1ccc(C(=C(C#N)C#N)C(=C(C#N)C#N)c2ccc(N(c3ccccc3)c3ccccc3)cc2)s1,-5.70976493,-3.88007139,-3.27978824,0.170431,2.217316,3.575572,3.317089
7.0,10.1021/acs.jpcc.5b12307,0.92,3.88,3.9,9,P(PTQD-BDT),CCOc1c2cc(-c3cc4c5cc(-c6cc7c(OCC)c8sc(-c9cc%10c%11cc(-c%12cc%13c(OCC)c%14sc(-c%15cc%16c%17ccsc%17c%17nc%18c(nc%17c%16s%15)C(=O)N(CC)C%18=O)cc%14c(OCC)c%13s%12)sc%11c%11nc%12c(nc%11c%10s9)C(=O)N(CC)C%12=O)cc8c(OCC)c7s6)sc5c5nc6c(nc5c4s3)C(=O)N(CC)C6=O)sc2c(OCC)c2ccsc12,-5.439556,-2.918965,0.057552,12,07_DPP5,CCN1C(=O)C2=C(c3ccc(C(=C(C#N)C#N)C(=C(C#N)C#N)c4ccc(N(c5ccccc5)c5ccccc5)cc4)s3)N(CC)C(=O)C2=C1c1cccs1,-5.43928376,-3.44468923,-2.7761055,0.297003,1.318145,2.980318,2.24556
1.0,10.1021/ja509703k,0.91,14.45,9.6,10,DR3TSBDT,CCSc1c2cc(-c3cc(CC)c(-c4ccc(-c5sc(C=C6SC(=S)N(CC)C6=O)cc5CC)s4)s3)sc2c(SCC)c2cc(-c3cc(CC)c(-c4ccc(-c5sc(C=C6SC(=S)N(CC)C6=O)cc5CC)s4)s3)sc12,-5.0629503,-2.8133851,0.117668,1,PC70BM,COC(=O)CCCC1(c2ccccc2)C23c4c5c6c7c8c9c(c%10c%11c2c2c4c4c%12c5c5c6c6c8c8c%13c9c9c%10c%10c%11c%11c2c2c4c4c%14c%12c%12c5c5c6c8c6c8c%13c9c9c%10c%10c%11c%11c2c4c2c4c%14c%12c%12c5c6c5c6c8c9c8c%10c%11c2c(c86)c4c%125)C713,-5.597654,-3.06209716,-2.994613,0.094445,5.903029,6.140397,5.805514
24.0,10.1039/c5cc07973j,1.15,7.42,3.64,10,DR3TSBDT,CCSc1c2cc(-c3cc(CC)c(-c4ccc(-c5sc(C=C6SC(=S)N(CC)C6=O)cc5CC)s4)s3)sc2c(SCC)c2cc(-c3cc(CC)c(-c4ccc(-c5sc(C=C6SC(=S)N(CC)C6=O)cc5CC)s4)s3)sc12,-5.037916,-2.746173,0.109769,69,24_DTBTF,CCN1C(=O)C(=Cc2ccc(-c3ccc4c(c3)C(CC)(CC)c3cc(-c5ccc(C=C6C(=O)N(CC)C(=S)N(CC)C6=O)s5)ccc3-4)s2)C(=O)N(CC)C1=S,-5.77262322,-3.07570285,-2.84222917,0.144954,6.859125,6.305776,7.41508
53.0,10.1021/cm4034484,0.79,5.3,1.9,11,DPP2T-5,CCc1ccc(-c2ccc(C3=C4C(=O)N(CC)C(c5ccc(-c6ccc(CC)s6)s5)=C4C(=O)N3CC)s2)s1,-4.63110562,-2.56276824,0.144727,1,PC70BM,COC(=O)CCCC1(c2ccccc2)C23c4c5c6c7c8c9c(c%10c%11c2c2c4c4c%12c5c5c6c6c8c8c%13c9c9c%10c%10c%11c%11c2c2c4c4c%14c%12c%12c5c5c6c8c6c8c%13c9c9c%10c%10c%11c%11c2c4c2c4c%14c%12c%12c5c6c5c6c8c9c8c%10c%11c2c(c86)c4c%125)C713,-5.597654,-3.06209716,-2.994613,0.094445,2.195146,1.576393,2.558924
54.0,10.1039/c2cp42050c,0.78,5.59,1.88,11,DPPT,CCc1ccc(-c2ccc(C3=C4C(=O)N(CC)C(c5ccc(-c6ccc(CC)s6)s5)=C4C(=O)N3CC)s2)s1,-4.66947367,-2.48113409,0.144727,2,PCBM,COC(=O)CCCC1(c2ccccc2)C23c4c5c6c7c8c9c(c%10c%11c2c2c%12c4c4c%13c5c5c7c7c8c8c%14c9c%10c9c%10c%11c2c2c%11c%12c4c4c%12c%13c5c5c7c7c8c8c%14c9c9c%10c2c2c%11c4c4c%12c5c7c5c8c9c2c45)C613,-5.654798,-3.09012489,-3.030532,0.075499,1.835847,1.444944,2.231217
37.0,10.1039/c1ee01544c,0.48,1.91,0.3,12,EH-DPP-TFP,CCN1C(=O)C2=C(c3ccc(-c4ccc(C(F)(F)F)cc4)s3)N(CC)C(=O)C2=C1c1ccc(-c2ccc(C(F)(F)F)cc2)s1,-5.11356348,-2.83025616,0.155684,3,C60,c12c3c4c5c1c1c6c7c2c2c8c3c3c9c4c4c%10c5c5c1c1c6c6c%11c7c2c2c7c8c3c3c8c9c4c4c9c%10c5c5c1c1c6c6c%11c2c2c7c3c3c8c4c4c9c5c1c1c6c2c3c41,-5.986233,-3.2259097,-3.224821,0.063387,1.37233,2.049174,1.41396
35.0,10.1016/j.dyepig.2015.04.012,0.94,10.44,5.69,13,2T,CCc1ccc(-c2ccc(-c3cc(F)c(-c4cc5c(C#C[Si](C(C)C)(C(C)C)C(C)C)c6sc(-c7c(F)cc(-c8ccc(-c9ccc(CC)s9)s8)c8nsnc78)cc6c(C#C[Si](C(C)C)(C(C)C)C(C)C)c5s4)c4nsnc34)s2)s1,-4.89179069,-2.88195779,0.095563,1,PC70BM,COC(=O)CCCC1(c2ccccc2)C23c4c5c6c7c8c9c(c%10c%11c2c2c4c4c%12c5c5c6c6c8c8c%13c9c9c%10c%10c%11c%11c2c2c4c4c%14c%12c%12c5c5c6c8c6c8c%13c9c9c%10c%10c%11c%11c2c4c2c4c%14c%12c%12c5c6c5c6c8c9c8c%10c%11c2c(c86)c4c%125)C713,-5.597654,-3.06209716,-2.994613,0.094445,3.714217,3.727111,3.789282
36.0,10.3390/molecules201219798,0.9,3.15,1.23,14,AS1,N#CC(=Cc1ccc(N(c2ccccc2)c2ccccc2)cc1)c1ccc(C(C#N)=Cc2ccc(N(c3ccccc3)c3ccccc3)cc2)cc1,-5.02022843,-2.17174064,0.092879,2,PCBM,COC(=O)CCCC1(c2ccccc2)C23c4c5c6c7c8c9c(c%10c%11c2c2c%12c4c4c%13c5c5c7c7c8c8c%14c9c%10c9c%10c%11c2c2c%11c%12c4c4c%12c%13c5c5c7c7c8c8c%14c9c9c%10c2c2c%11c4c4c%12c5c7c5c8c9c2c45)C613,-5.654798,-3.09012489,-3.030532,0.075499,3.037818,3.007872,3.276441
36.0,10.3390/molecules201219798,0.88,8.01,4.1,15,AS2,N#CC(=Cc1ccc(-c2ccc(N(c3ccccc3)c3ccccc3)cc2)s1)c1ccc(C(C#N)=Cc2ccc(-c3ccc(N(c4ccccc4)c4ccccc4)cc3)s2)cc1,-4.9214511,-2.45011311,0.102461,2,PCBM,COC(=O)CCCC1(c2ccccc2)C23c4c5c6c7c8c9c(c%10c%11c2c2c%12c4c4c%13c5c5c7c7c8c8c%14c9c%10c9c%10c%11c2c2c%11c%12c4c4c%12c%13c5c5c7c7c8c8c%14c9c9c%10c2c2c%11c4c4c%12c5c7c5c8c9c2c45)C613,-5.654798,-3.09012489,-3.030532,0.075499,2.423262,2.516624,2.585278
37.0,10.1039/c1ee01544c,0.86,3.3,1.4,16,EH-DPP-TFPV,CCN1C(=O)C2=C(c3ccc(C=Cc4ccc(C(F)(F)F)cc4)s3)N(CC)C(=O)C2=C1c1ccc(C=Cc2ccc(C(F)(F)F)cc2)s1,-4.96308452,-2.87515494,0.141386,2,PCBM,COC(=O)CCCC1(c2ccccc2)C23c4c5c6c7c8c9c(c%10c%11c2c2c%12c4c4c%13c5c5c7c7c8c8c%14c9c%10c9c%10c%11c2c2c%11c%12c4c4c%12c%13c5c5c7c7c8c8c%14c9c9c%10c2c2c%11c4c4c%12c5c7c5c8c9c2c45)C613,-5.654798,-3.09012489,-3.030532,0.075499,1.352858,1.07506,1.552087
35.0,10.1016/j.dyepig.2015.04.012,0.74,10.22,4.08,17,1T,CCc1ccc(-c2ccc(-c3cc(F)c(-c4cc5c(CC)c6sc(-c7c(F)cc(-c8ccc(-c9ccc(CC)s9)s8)c8nsnc78)cc6c(CC)c5s4)c4nsnc34)s2)s1,-4.81206133,-2.7976025,0.100913,1,PC70BM,COC(=O)CCCC1(c2ccccc2)C23c4c5c6c7c8c9c(c%10c%11c2c2c4c4c%12c5c5c6c6c8c8c%13c9c9c%10c%10c%11c%11c2c2c4c4c%14c%12c%12c5c5c6c8c6c8c%13c9c9c%10c%10c%11c%11c2c4c2c4c%14c%12c%12c5c6c5c6c8c9c8c%10c%11c2c(c86)c4c%125)C713,-5.597654,-3.06209716,-2.994613,0.094445,3.917144,3.719404,3.730183
127.0,10.1039/C5TA00294J,0.63,11.29,4.13,18,DTS-2TPTI,CCN1C(=O)C2=C3c4sccc4C=CN3C(=O)C2=C1c1ccc(-c2cc3c(s2)-c2sc(-c4ccc(C5=C6C(=O)N7C=Cc8ccsc8C7=C6C(=O)N5CC)s4)cc2[Si]3(CC)CC)s1,-4.60062887,-2.74834989,0.092814,1,PC70BM,COC(=O)CCCC1(c2ccccc2)C23c4c5c6c7c8c9c(c%10c%11c2c2c4c4c%12c5c5c6c6c8c8c%13c9c9c%10c%10c%11c%11c2c2c4c4c%14c%12c%12c5c5c6c8c6c8c%13c9c9c%10c%10c%11c%11c2c4c2c4c%14c%12c%12c5c6c5c6c8c9c8c%10c%11c2c(c86)c4c%125)C713,-5.597654,-3.06209716,-2.994613,0.094445,3.52404,3.182964,3.875219
38.0,10.1021/ja058178e,0.6,2.43,0.41,19,1a,C(=Cc1ccc(-c2ccc(N(c3ccc(-c4ccc(C=Cc5cccs5)s4)cc3)c3ccc(-c4ccc(C=Cc5cccs5)s4)cc3)cc2)s1)c1cccs1,-4.67763709,-1.86942215,0.073869,2,PCBM,COC(=O)CCCC1(c2ccccc2)C23c4c5c6c7c8c9c(c%10c%11c2c2c%12c4c4c%13c5c5c7c7c8c8c%14c9c%10c9c%10c%11c2c2c%11c%12c4c4c%12c%13c5c5c7c7c8c8c%14c9c9c%10c2c2c%11c4c4c%12c5c7c5c8c9c2c45)C613,-5.654798,-3.09012489,-3.030532,0.075499,0.755679,1.459053,0.33599
38.0,10.1021/ja058178e,0.66,4.1,0.81,20,2a,O=C1C(=Cc2ccc(-c3ccc(N(c4ccc(-c5ccc(C=Cc6cccs6)s5)cc4)c4ccc(-c5ccc(C=Cc6cccs6)s5)cc4)cc3)s2)C(=O)c2ccccc21,-4.83328622,-2.54589719,0.093324,2,PCBM,COC(=O)CCCC1(c2ccccc2)C23c4c5c6c7c8c9c(c%10c%11c2c2c%12c4c4c%13c5c5c7c7c8c8c%14c9c%10c9c%10c%11c2c2c%11c%12c4c4c%12c%13c5c5c7c7c8c8c%14c9c9c%10c2c2c%11c4c4c%12c5c7c5c8c9c2c45)C613,-5.654798,-3.09012489,-3.030532,0.075499,1.216562,1.124398,0.991422
34.0,10.1039/b813341g,0.9,5.3,1.54,21,MD376,CCN1C(=CC=C2C(=O)c3ccccc3C2=C(C#N)C#N)C(C)(C)c2ccccc21,-5.44499815,-2.65011679,0.062448,2,PCBM,COC(=O)CCCC1(c2ccccc2)C23c4c5c6c7c8c9c(c%10c%11c2c2c%12c4c4c%13c5c5c7c7c8c8c%14c9c%10c9c%10c%11c2c2c%11c%12c4c4c%12c%13c5c5c7c7c8c8c%14c9c9c%10c2c2c%11c4c4c%12c5c7c5c8c9c2c45)C613,-5.654798,-3.09012489,-3.030532,0.075499,0.911955,0.907312,0.919815
38.0,10.1021/ja058178e,0.72,1.97,0.49,22,3,N#CC(C#N)=Cc1ccc(-c2ccc(N(c3ccc(-c4ccc(C=Cc5cccs5)s4)cc3)c3ccc(-c4ccc(C=Cc5cccs5)s4)cc3)cc2)s1,-4.97478541,-2.8152899,0.107909,3,C60,c12c3c4c5c1c1c6c7c2c2c8c3c3c9c4c4c%10c5c5c1c1c6c6c%11c7c2c2c7c8c3c3c8c9c4c4c9c%10c5c5c1c1c6c6c%11c2c2c7c3c3c8c4c4c9c5c1c1c6c2c3c41,-5.986233,-3.2259097,-3.224821,0.063387,1.604874,1.344427,1.600263
38.0,10.1021/ja058178e,0.89,3.65,1.17,23,4,N#CC(C#N)=Cc1ccc(-c2ccc(N(c3ccc(-c4ccc(C=Cc5cccs5)s4)cc3)c3ccc(-c4ccc(C=C(C#N)C#N)s4)cc3)cc2)s1,-5.24635504,-3.05801545,0.14197,3,C60,c12c3c4c5c1c1c6c7c2c2c8c3c3c9c4c4c%10c5c5c1c1c6c6c%11c7c2c2c7c8c3c3c8c9c4c4c9c%10c5c5c1c1c6c6c%11c2c2c7c3c3c8c4c4c9c5c1c1c6c2c3c41,-5.986233,-3.2259097,-3.224821,0.063387,0.944095,0.905637,0.987349
38.0,10.1021/ja058178e,0.96,3.65,1.02,24,5,N#CC(C#N)=Cc1ccc(-c2ccc(N(c3ccc(-c4ccc(C=C(C#N)C#N)s4)cc3)c3ccc(-c4ccc(C=C(C#N)C#N)s4)cc3)cc2)s1,-5.78051453,-3.20386848,0.052116,3,C60,c12c3c4c5c1c1c6c7c2c2c8c3c3c9c4c4c%10c5c5c1c1c6c6c%11c7c2c2c7c8c3c3c8c9c4c4c9c%10c5c5c1c1c6c6c%11c2c2c7c3c3c8c4c4c9c5c1c1c6c2c3c41,-5.986233,-3.2259097,-3.224821,0.063387,0.719377,0.886556,0.618903
34.0,10.1039/b813341g,0.76,6.3,1.74,25,MD304,CC(C)(C)c1nc(=C(C#N)C#N)sc1=CC=C1N(Cc2ccccc2)c2ccccc2C1(C)C,-5.24526658,-2.76331615,0.114708,2,PCBM,COC(=O)CCCC1(c2ccccc2)C23c4c5c6c7c8c9c(c%10c%11c2c2c%12c4c4c%13c5c5c7c7c8c8c%14c9c%10c9c%10c%11c2c2c%11c%12c4c4c%12c%13c5c5c7c7c8c8c%14c9c9c%10c2c2c%11c4c4c%12c5c7c5c8c9c2c45)C613,-5.654798,-3.09012489,-3.030532,0.075499,2.262839,2.289609,2.379488
33.0,10.1002/ange.200903125,0.54,3.0,0.64,26,5e,CCN1C(=CC2C(=O)C(C=C3N(CC)c4ccccc4C3(C)C)C2=C(C#N)C#N)Sc2ccccc21,-4.62185375,-2.60059207,0.084917,2,PCBM,COC(=O)CCCC1(c2ccccc2)C23c4c5c6c7c8c9c(c%10c%11c2c2c%12c4c4c%13c5c5c7c7c8c8c%14c9c%10c9c%10c%11c2c2c%11c%12c4c4c%12c%13c5c5c7c7c8c8c%14c9c9c%10c2c2c%11c4c4c%12c5c7c5c8c9c2c45)C613,-5.654798,-3.09012489,-3.030532,0.075499,1.034033,1.025175,1.007917
34.0,10.1039/b813341g,0.77,4.0,0.87,27,IDOP301,CCN1C(=O)C(=CC=C2N(CC)c3ccccc3C2(C)C)C(C)=C(C#N)C1=O,-5.43873953,-2.5029032,0.085503,2,PCBM,COC(=O)CCCC1(c2ccccc2)C23c4c5c6c7c8c9c(c%10c%11c2c2c%12c4c4c%13c5c5c7c7c8c8c%14c9c%10c9c%10c%11c2c2c%11c%12c4c4c%12c%13c5c5c7c7c8c8c%14c9c9c%10c2c2c%11c4c4c%12c5c7c5c8c9c2c45)C613,-5.654798,-3.09012489,-3.030532,0.075499,1.354344,1.435794,1.352636
34.0,10.1039/b813341g,0.73,4.0,0.91,28,ATOP4,CCN1C(=O)C(=Cc2ccc(N(CC)CC)s2)C(C)=C(C#N)C1=O,-5.35492846,-2.4814062,0.104763,2,PCBM,COC(=O)CCCC1(c2ccccc2)C23c4c5c6c7c8c9c(c%10c%11c2c2c%12c4c4c%13c5c5c7c7c8c8c%14c9c%10c9c%10c%11c2c2c%11c%12c4c4c%12c%13c5c5c7c7c8c8c%14c9c9c%10c2c2c%11c4c4c%12c5c7c5c8c9c2c45)C613,-5.654798,-3.09012489,-3.030532,0.075499,1.469233,1.686481,1.487501
34.0,10.1039/b813341g,0.49,3.1,0.43,29,MD334,CCN(CC)c1ccc(C=c2c(C)c(C#N)c3nnc(CCOC)n3c2=O)s1,-5.31737675,-2.59623825,0.152802,2,PCBM,COC(=O)CCCC1(c2ccccc2)C23c4c5c6c7c8c9c(c%10c%11c2c2c%12c4c4c%13c5c5c7c7c8c8c%14c9c%10c9c%10c%11c2c2c%11c%12c4c4c%12c%13c5c5c7c7c8c8c%14c9c9c%10c2c2c%11c4c4c%12c5c7c5c8c9c2c45)C613,-5.654798,-3.09012489,-3.030532,0.075499,1.498654,1.60992,1.429908
34.0,10.1039/b813341g,0.63,2.9,0.49,30,MD352,CCN(CC)c1ccc(C=C2C(=O)c3ccccc3C2=O)s1,-5.12689706,-1.99840412,0.134625,2,PCBM,COC(=O)CCCC1(c2ccccc2)C23c4c5c6c7c8c9c(c%10c%11c2c2c%12c4c4c%13c5c5c7c7c8c8c%14c9c%10c9c%10c%11c2c2c%11c%12c4c4c%12c%13c5c5c7c7c8c8c%14c9c9c%10c2c2c%11c4c4c%12c5c7c5c8c9c2c45)C613,-5.654798,-3.09012489,-3.030532,0.075499,0.240929,0.161063,0.182011
34.0,10.1039/b813341g,0.57,2.8,0.44,31,MD344,CCN(CC)c1ccc(C=C2C(=O)ON=C2c2ccccc2)s1,-5.20744276,-2.1140525,0.126019,2,PCBM,COC(=O)CCCC1(c2ccccc2)C23c4c5c6c7c8c9c(c%10c%11c2c2c%12c4c4c%13c5c5c7c7c8c8c%14c9c%10c9c%10c%11c2c2c%11c%12c4c4c%12c%13c5c5c7c7c8c8c%14c9c9c%10c2c2c%11c4c4c%12c5c7c5c8c9c2c45)C613,-5.654798,-3.09012489,-3.030532,0.075499,1.104069,1.148418,0.906241
39.0,10.1039/C6CP00243A,0.92,11.28,6.02,32,BTD4,N#CC(C#N)=C(C(c1ccc(N(c2ccccc2)c2ccccc2)cc1)=c1ccc(=C(C#N)C#N)cc1)c1ccc(C#Cc2cccnc2)c2nsnc12,-5.53343515,-3.83190724,0.160658,1,PC70BM,COC(=O)CCCC1(c2ccccc2)C23c4c5c6c7c8c9c(c%10c%11c2c2c4c4c%12c5c5c6c6c8c8c%13c9c9c%10c%10c%11c%11c2c2c4c4c%14c%12c%12c5c5c6c8c6c8c%13c9c9c%10c%10c%11c%11c2c4c2c4c%14c%12c%12c5c6c5c6c8c9c8c%10c%11c2c(c86)c4c%125)C713,-5.597654,-3.06209716,-2.994613,0.094445,4.77166,4.81668,4.969393
33.0,10.1002/ange.200903125,0.31,12.6,1.79,33,5d,CCN1c2ccccc2SC1C=C1C(=O)C(=CC2Sc3ccccc3N2CC)C1=C(C#N)C#N,-4.50756593,-2.53365206,0.085692,2,PCBM,COC(=O)CCCC1(c2ccccc2)C23c4c5c6c7c8c9c(c%10c%11c2c2c%12c4c4c%13c5c5c7c7c8c8c%14c9c%10c9c%10c%11c2c2c%11c%12c4c4c%12c%13c5c5c7c7c8c8c%14c9c9c%10c2c2c%11c4c4c%12c5c7c5c8c9c2c45)C613,-5.654798,-3.09012489,-3.030532,0.075499,1.104776,0.936235,1.224227
33.0,10.1002/ange.200903125,0.42,2.79,0.49,34,5c,CCN1C(=CC2C(=O)C(C=C3Oc4ccccc4N3CC)C2=C(C#N)C#N)Oc2ccccc21,-4.39953673,-2.2770487,0.099034,2,PCBM,COC(=O)CCCC1(c2ccccc2)C23c4c5c6c7c8c9c(c%10c%11c2c2c%12c4c4c%13c5c5c7c7c8c8c%14c9c%10c9c%10c%11c2c2c%11c%12c4c4c%12c%13c5c5c7c7c8c8c%14c9c9c%10c2c2c%11c4c4c%12c5c7c5c8c9c2c45)C613,-5.654798,-3.09012489,-3.030532,0.075499,1.646227,1.801394,1.809949
33.0,10.1002/ange.200903125,0.66,3.49,0.84,35,5b,CCN1C(=CC2C(=O)C(C=C3N(CC)c4ccccc4C3(C)C)C2=C(C#N)C#N)C(C)(C)c2ccccc21,-4.73641368,-2.67052533,0.084165,2,PCBM,COC(=O)CCCC1(c2ccccc2)C23c4c5c6c7c8c9c(c%10c%11c2c2c%12c4c4c%13c5c5c7c7c8c8c%14c9c%10c9c%10c%11c2c2c%11c%12c4c4c%12c%13c5c5c7c7c8c8c%14c9c9c%10c2c2c%11c4c4c%12c5c7c5c8c9c2c45)C613,-5.654798,-3.09012489,-3.030532,0.075499,1.095398,0.900065,1.206586
33.0,10.1002/ange.200903125,0.63,3.28,0.74,36,5a,CC(C)N1C(=CC2C(=O)C(C=C3N(C(C)C)c4ccccc4C3(C)C)C2=C(C#N)C#N)C(C)(C)c2ccccc21,-4.69505238,-2.61310931,0.085956,2,PCBM,COC(=O)CCCC1(c2ccccc2)C23c4c5c6c7c8c9c(c%10c%11c2c2c%12c4c4c%13c5c5c7c7c8c8c%14c9c%10c9c%10c%11c2c2c%11c%12c4c4c%12c%13c5c5c7c7c8c8c%14c9c9c%10c2c2c%11c4c4c%12c5c7c5c8c9c2c45)C613,-5.654798,-3.09012489,-3.030532,0.075499,0.574199,0.607072,0.43124
33.0,10.1002/ange.200903125,0.22,1.02,0.07,37,7b,CCN1c2ccccc2SC1C=c1c(=O)c(=CC2Sc3ccccc3N2CC)c1=O,-4.19898883,-2.07894982,0.117502,2,PCBM,COC(=O)CCCC1(c2ccccc2)C23c4c5c6c7c8c9c(c%10c%11c2c2c%12c4c4c%13c5c5c7c7c8c8c%14c9c%10c9c%10c%11c2c2c%11c%12c4c4c%12c%13c5c5c7c7c8c8c%14c9c9c%10c2c2c%11c4c4c%12c5c7c5c8c9c2c45)C613,-5.654798,-3.09012489,-3.030532,0.075499,0.827335,0.762585,0.633337
33.0,10.1002/ange.200903125,0.44,1.08,0.15,38,7a,CC(C)N1C(=CC2C(=O)C(C=C3N(C(C)C)c4ccccc4C3(C)C)C2=O)C(C)(C)c2ccccc21,-4.43273462,-2.19269341,0.117118,2,PCBM,COC(=O)CCCC1(c2ccccc2)C23c4c5c6c7c8c9c(c%10c%11c2c2c%12c4c4c%13c5c5c7c7c8c8c%14c9c%10c9c%10c%11c2c2c%11c%12c4c4c%12c%13c5c5c7c7c8c8c%14c9c9c%10c2c2c%11c4c4c%12c5c7c5c8c9c2c45)C613,-5.654798,-3.09012489,-3.030532,0.075499,0.437595,0.517535,0.320993
31.0,10.1002/adfm.200901827,0.87,2.03,1.06,39,5,CCC1(CC)c2ccccc2-c2cc(-c3cc4c5cccc6c7cccc8c9cccc%10c%11cccc%12c%13cc(-c%14ccc%15c(c%14)C(CC)(CC)c%14ccccc%14-%15)cc%14c(c3)c4c3c(c65)c(c87)c(c9%10)c(c%11%12)c3c%13%14)ccc21,-5.15111519,-1.70125579,0.053257,2,PCBM,COC(=O)CCCC1(c2ccccc2)C23c4c5c6c7c8c9c(c%10c%11c2c2c%12c4c4c%13c5c5c7c7c8c8c%14c9c%10c9c%10c%11c2c2c%11c%12c4c4c%12c%13c5c5c7c7c8c8c%14c9c9c%10c2c2c%11c4c4c%12c5c7c5c8c9c2c45)C613,-5.654798,-3.09012489,-3.030532,0.075499,0.298014,0.490113,0.217457
39.0,10.1039/C6CP00243A,0.94,9.84,5.36,40,BTD3,N#CC(C#N)=C(C(=C(C#N)C#N)c1ccc(C#Cc2cccnc2)c2nsnc12)c1ccc(N(c2ccccc2)c2ccccc2)cc1,-5.72881289,-3.5382964,0.149654,1,PC70BM,COC(=O)CCCC1(c2ccccc2)C23c4c5c6c7c8c9c(c%10c%11c2c2c4c4c%12c5c5c6c6c8c8c%13c9c9c%10c%10c%11c%11c2c2c4c4c%14c%12c%12c5c5c6c8c6c8c%13c9c9c%10c%10c%11c%11c2c4c2c4c%14c%12c%12c5c6c5c6c8c9c8c%10c%11c2c(c86)c4c%125)C713,-5.597654,-3.06209716,-2.994613,0.094445,4.242748,4.258792,4.291386
45.0,10.1016/j.synthmet.2012.04.016,0.51,2.05,0.31,41,SD-1,CCc1ccc(N(c2ccc(C=Cc3ccc(C=Cc4ccc(N(c5ccc(CC)cc5)c5ccc(CC)cc5)cc4)c4nc(-c5ccc(N(C)C)cc5)c(-c5ccc(N(C)C)cc5)nc34)cc2)c2ccc(CC)cc2)cc1,-4.34538608,-1.82343491,0.151264,1,PC70BM,COC(=O)CCCC1(c2ccccc2)C23c4c5c6c7c8c9c(c%10c%11c2c2c4c4c%12c5c5c6c6c8c8c%13c9c9c%10c%10c%11c%11c2c2c4c4c%14c%12c%12c5c5c6c8c6c8c%13c9c9c%10c%10c%11c%11c2c4c2c4c%14c%12c%12c5c6c5c6c8c9c8c%10c%11c2c(c86)c4c%125)C713,-5.597654,-3.06209716,-2.994613,0.094445,0.151976,0.339518,0.031541
40.0,10.1016/j.orgel.2017.01.041,0.89,6.88,3.73,42,V-BDT,CCc1ccc(-c2c3cc(-c4cc(CC)c(-c5ccc(-c6sc(C=Cc7nc(C#N)c(C#N)n7CC)cc6CC)s5)s4)sc3c(-c3ccc(CC)s3)c3cc(-c4cc(CC)c(-c5ccc(-c6sc(C=Cc7nc(C#N)c(C#N)n7CC)cc6CC)s5)s4)sc23)s1,-5.0019968,-2.61800736,0.137378,1,PC70BM,COC(=O)CCCC1(c2ccccc2)C23c4c5c6c7c8c9c(c%10c%11c2c2c4c4c%12c5c5c6c6c8c8c%13c9c9c%10c%10c%11c%11c2c2c4c4c%14c%12c%12c5c5c6c8c6c8c%13c9c9c%10c%10c%11c%11c2c4c2c4c%14c%12c%12c5c6c5c6c8c9c8c%10c%11c2c(c86)c4c%125)C713,-5.597654,-3.06209716,-2.994613,0.094445,4.998543,4.846985,5.234608
48.0,10.1039/C5TA09023G,0.84,10.18,4.91,43,SM2,CCc1cc(-c2ccc(N(c3ccccc3)c3ccccc3)cc2)sc1-c1nc2sc(-c3sc(-c4cc(F)c(-c5cc(CC)c(-c6nc7sc(-c8sc(-c9ccc(N(c%10ccccc%10)c%10ccccc%10)cc9)cc8CC)nc7s6)s5)c5nc(-c6ccccc6)c(-c6ccccc6)nc45)cc3CC)nc2s1,-4.72580124,-2.56793841,0.088272,1,PC70BM,COC(=O)CCCC1(c2ccccc2)C23c4c5c6c7c8c9c(c%10c%11c2c2c4c4c%12c5c5c6c6c8c8c%13c9c9c%10c%10c%11c%11c2c2c4c4c%14c%12c%12c5c5c6c8c6c8c%13c9c9c%10c%10c%11c%11c2c4c2c4c%14c%12c%12c5c6c5c6c8c9c8c%10c%11c2c(c86)c4c%125)C713,-5.597654,-3.06209716,-2.994613,0.094445,2.868561,2.703129,3.136338
54.0,10.1039/c2cp42050c,0.79,4.51,1.25,44,DPPTT,CCc1cc2sc(-c3ccc(C4=C5C(=O)N(CC)C(c6ccc(-c7cc8sc(CC)cc8s7)s6)=C5C(=O)N4CC)s3)cc2s1,-4.67301115,-2.55487694,0.15898,2,PCBM,COC(=O)CCCC1(c2ccccc2)C23c4c5c6c7c8c9c(c%10c%11c2c2c%12c4c4c%13c5c5c7c7c8c8c%14c9c%10c9c%10c%11c2c2c%11c%12c4c4c%12c%13c5c5c7c7c8c8c%14c9c9c%10c2c2c%11c4c4c%12c5c7c5c8c9c2c45)C613,-5.654798,-3.09012489,-3.030532,0.075499,3.118877,3.219649,2.956663
54.0,10.1039/c2cp42050c,0.86,5.81,2.3,45,DPPSE,CCc1ccc(-c2ccc(C3=C4C(=O)N(CC)C(c5ccc(-c6ccc(CC)[se]6)s5)=C4C(=O)N3CC)s2)[se]1,-4.66484774,-2.49800515,0.159697,2,PCBM,COC(=O)CCCC1(c2ccccc2)C23c4c5c6c7c8c9c(c%10c%11c2c2c%12c4c4c%13c5c5c7c7c8c8c%14c9c%10c9c%10c%11c2c2c%11c%12c4c4c%12c%13c5c5c7c7c8c8c%14c9c9c%10c2c2c%11c4c4c%12c5c7c5c8c9c2c45)C613,-5.654798,-3.09012489,-3.030532,0.075499,1.527829,1.638817,1.567316
53.0,10.1021/cm4034484,0.84,7.47,3.3,46,DPP2T-4,CCc1csc(-c2ccc(C3=C4C(=O)N(CC)C(c5ccc(-c6cc(CC)cs6)s5)=C4C(=O)N3CC)s2)c1,-4.70947441,-2.61746313,0.148444,1,PC70BM,COC(=O)CCCC1(c2ccccc2)C23c4c5c6c7c8c9c(c%10c%11c2c2c4c4c%12c5c5c6c6c8c8c%13c9c9c%10c%10c%11c%11c2c2c4c4c%14c%12c%12c5c5c6c8c6c8c%13c9c9c%10c%10c%11c%11c2c4c2c4c%14c%12c%12c5c6c5c6c8c9c8c%10c%11c2c(c86)c4c%125)C713,-5.597654,-3.06209716,-2.994613,0.094445,2.245628,1.947564,2.483922
53.0,10.1021/cm4034484,0.85,5.89,2.48,47,DPP2T-3,CCc1csc(-c2ccc(C3=C4C(=O)N(CC)C(c5ccc(-c6sccc6CC)s5)=C4C(=O)N3CC)s2)c1,-4.69015433,-2.5834489,0.16037,1,PC70BM,COC(=O)CCCC1(c2ccccc2)C23c4c5c6c7c8c9c(c%10c%11c2c2c4c4c%12c5c5c6c6c8c8c%13c9c9c%10c%10c%11c%11c2c2c4c4c%14c%12c%12c5c5c6c8c6c8c%13c9c9c%10c%10c%11c%11c2c4c2c4c%14c%12c%12c5c6c5c6c8c9c8c%10c%11c2c(c86)c4c%125)C713,-5.597654,-3.06209716,-2.994613,0.094445,3.845504,3.903113,3.8301
52.0,10.1021/jp8031572,0.67,8.42,2.33,48,"a,a-DH6TDPP",CCc1ccc(-c2ccc(-c3ccc(C4=C5C(=O)N(C(=O)OC(C)(C)C)C(c6ccc(-c7ccc(-c8ccc(CC)s8)s7)s6)=C5C(=O)N4C(=O)OCC(C)(C)C)s3)s2)s1,-4.79709507,-2.83052827,0.187105,2,PCBM,COC(=O)CCCC1(c2ccccc2)C23c4c5c6c7c8c9c(c%10c%11c2c2c%12c4c4c%13c5c5c7c7c8c8c%14c9c%10c9c%10c%11c2c2c%11c%12c4c4c%12c%13c5c5c7c7c8c8c%14c9c9c%10c2c2c%11c4c4c%12c5c7c5c8c9c2c45)C613,-5.654798,-3.09012489,-3.030532,0.075499,2.436324,3.017253,2.066806
51.0,10.1088/0957-4484/25/1/014006,0.85,8.0,3.76,49,Ph4Th4(DPP)3,CC(C)CN1C(=O)C2=C(c3ccc(-c4ccc(C5=C6C(=O)N(CC(C)C)C(c7ccc(-c8ccccc8)s7)=C6C(=O)N5CC(C)C)s4)cc3)N(CC(C)C)C(=O)C2=C1c1ccc(-c2ccc(C3=C4C(=O)N(CC(C)C)C(c5ccc(-c6ccccc6)s5)=C4C(=O)N3CC(C)C)s2)cc1,-4.86267451,-2.85882811,0.081753,1,PC70BM,COC(=O)CCCC1(c2ccccc2)C23c4c5c6c7c8c9c(c%10c%11c2c2c4c4c%12c5c5c6c6c8c8c%13c9c9c%10c%10c%11c%11c2c2c4c4c%14c%12c%12c5c5c6c8c6c8c%13c9c9c%10c%10c%11c%11c2c4c2c4c%14c%12c%12c5c6c5c6c8c9c8c%10c%11c2c(c86)c4c%125)C713,-5.597654,-3.06209716,-2.994613,0.094445,5.276557,5.295198,5.705686
50.0,10.1021/am500522x,0.94,5.83,1.86,50,SM4,O=C1NC(c2ccc(-c3cc(-c4ccc(C5=C6C(=O)NC(c7ccc(-c8ccccc8)s7)=C6C(=O)N5)s4)c4ccc5c(-c6ccc(C7=C8C(=O)NC(c9ccc(-c%10ccccc%10)s9)=C8C(=O)N7)s6)cc(-c6ccc(C7=C8C(=O)NC(c9ccc(-c%10ccccc%10)s9)=C8C(=O)N7)s6)c6ccc3c4c65)s2)=C2C(=O)NC(c3ccc(-c4ccccc4)s3)=C12,-4.90430793,-2.97719764,0.056218,1,PC70BM,COC(=O)CCCC1(c2ccccc2)C23c4c5c6c7c8c9c(c%10c%11c2c2c4c4c%12c5c5c6c6c8c8c%13c9c9c%10c%10c%11c%11c2c2c4c4c%14c%12c%12c5c5c6c8c6c8c%13c9c9c%10c%10c%11c%11c2c4c2c4c%14c%12c%12c5c6c5c6c8c9c8c%10c%11c2c(c86)c4c%125)C713,-5.597654,-3.06209716,-2.994613,0.094445,2.224281,2.007246,2.371546
50.0,10.1021/am500522x,0.92,7.23,2.47,51,SM3,CC(C)CN1C(=O)C2=C(c3ccc(-c4ccc5ccc6cccc7ccc4c5c67)s3)N(CC(C)C)C(=O)C2=C1c1ccc(-c2cc(-c3ccc(C4=C5C(=O)NC(c6ccc(-c7ccc8ccc9cccc%10ccc7c8c9%10)s6)=C5C(=O)N4)s3)cc(-c3ccc(C4=C5C(=O)NC(c6ccc(-c7ccc8ccc9cccc%10ccc7c8c9%10)s6)=C5C(=O)N4)s3)c2)s1,-4.95274419,-2.77420071,0.051051,1,PC70BM,COC(=O)CCCC1(c2ccccc2)C23c4c5c6c7c8c9c(c%10c%11c2c2c4c4c%12c5c5c6c6c8c8c%13c9c9c%10c%10c%11c%11c2c2c4c4c%14c%12c%12c5c5c6c8c6c8c%13c9c9c%10c%10c%11c%11c2c4c2c4c%14c%12c%12c5c6c5c6c8c9c8c%10c%11c2c(c86)c4c%125)C713,-5.597654,-3.06209716,-2.994613,0.094445,2.052014,2.065131,1.816535
50.0,10.1021/am500522x,0.91,8.37,3.71,52,SM2,CC(C)CN1C(=O)C2=C(c3ccc(-c4ccc(C5=C6C(=O)NC(c7ccc(-c8ccc9ccc%10cccc%11ccc8c9c%10%11)s7)=C6C(=O)N5)s4)cc3)N(CC(C)C)C(=O)C2=C1c1ccc(-c2ccc(C3=C4C(=O)NC(c5ccc(-c6ccc7ccc8cccc9ccc6c7c89)s5)=C4C(=O)N3)s2)cc1,-4.91437614,-2.93638056,0.066856,1,PC70BM,COC(=O)CCCC1(c2ccccc2)C23c4c5c6c7c8c9c(c%10c%11c2c2c4c4c%12c5c5c6c6c8c8c%13c9c9c%10c%10c%11c%11c2c2c4c4c%14c%12c%12c5c5c6c8c6c8c%13c9c9c%10c%10c%11c%11c2c4c2c4c%14c%12c%12c5c6c5c6c8c9c8c%10c%11c2c(c86)c4c%125)C713,-5.597654,-3.06209716,-2.994613,0.094445,2.890301,2.905107,2.780929
50.0,10.1021/am500522x,0.86,9.0,3.0,53,SM1,CC(C)CN1C(=O)C2=C(c3ccc(-c4ccc5ccc6cccc7ccc4c5c67)s3)N(CC(C)C)C(=O)C2=C1c1ccc(-c2ccc(-c3ccc(C4=C5C(=O)NC(c6ccc(-c7ccc8ccc9cccc%10ccc7c8c9%10)s6)=C5C(=O)N4)s3)cc2)s1,-4.85015727,-2.83814746,0.099642,1,PC70BM,COC(=O)CCCC1(c2ccccc2)C23c4c5c6c7c8c9c(c%10c%11c2c2c4c4c%12c5c5c6c6c8c8c%13c9c9c%10c%10c%11c%11c2c2c4c4c%14c%12c%12c5c5c6c8c6c8c%13c9c9c%10c%10c%11c%11c2c4c2c4c%14c%12c%12c5c6c5c6c8c9c8c%10c%11c2c(c86)c4c%125)C713,-5.597654,-3.06209716,-2.994613,0.094445,2.36051,2.476311,2.078446
49.0,10.1016/j.orgel.2012.08.023,0.76,6.05,1.54,54,1a,CCC1(CC)c2ccsc2-c2sc(-c3ccc(-c4cc5c(s4)-c4sccc4C5(CC)CC)c4nsnc34)cc21,-4.65831701,-2.56793841,0.139819,2,PCBM,COC(=O)CCCC1(c2ccccc2)C23c4c5c6c7c8c9c(c%10c%11c2c2c%12c4c4c%13c5c5c7c7c8c8c%14c9c%10c9c%10c%11c2c2c%11c%12c4c4c%12c%13c5c5c7c7c8c8c%14c9c9c%10c2c2c%11c4c4c%12c5c7c5c8c9c2c45)C613,-5.654798,-3.09012489,-3.030532,0.075499,1.172798,1.078347,1.133728
48.0,10.1039/C5TA09023G,0.86,7.04,2.11,55,SM3,CCc1cc(-c2ccc(N(c3ccccc3)c3ccccc3)cc2)sc1-c1nc2sc(-c3sc(-c4ccc5c(c4)N(CC(C)C)CC5=C4CN(CC(C)C)c5cc(-c6cc(CC)c(-c7nc8sc(-c9sc(-c%10ccc(N(c%11ccccc%11)c%11ccccc%11)cc%10)cc9CC)nc8s7)s6)ccc54)cc3CC)nc2s1,-4.42157796,-2.17827137,0.096552,1,PC70BM,COC(=O)CCCC1(c2ccccc2)C23c4c5c6c7c8c9c(c%10c%11c2c2c4c4c%12c5c5c6c6c8c8c%13c9c9c%10c%10c%11c%11c2c2c4c4c%14c%12c%12c5c5c6c8c6c8c%13c9c9c%10c%10c%11c%11c2c4c2c4c%14c%12c%12c5c6c5c6c8c9c8c%10c%11c2c(c86)c4c%125)C713,-5.597654,-3.06209716,-2.994613,0.094445,1.90157,2.003384,1.989776
48.0,10.1039/C5TA09023G,0.76,6.14,2.5,56,SM1,CCc1cc(-c2ccc(N(c3ccccc3)c3ccccc3)cc2)sc1-c1nc2sc(-c3sc(-c4sc(-c5nc(CC)c(-c6cc(CC)c(-c7nc8sc(-c9sc(-c%10ccc(N(c%11ccccc%11)c%11ccccc%11)cc%10)cc9CC)nc8s7)s6)s5)nc4CC)cc3CC)nc2s1,-4.79056434,-2.49528401,0.082894,1,PC70BM,COC(=O)CCCC1(c2ccccc2)C23c4c5c6c7c8c9c(c%10c%11c2c2c4c4c%12c5c5c6c6c8c8c%13c9c9c%10c%10c%11c%11c2c2c4c4c%14c%12c%12c5c5c6c8c6c8c%13c9c9c%10c%10c%11c%11c2c4c2c4c%14c%12c%12c5c6c5c6c8c9c8c%10c%11c2c(c86)c4c%125)C713,-5.597654,-3.06209716,-2.994613,0.094445,2.901981,2.748123,2.779677
41.0,10.1063/1.3086897,0.75,9.2,3.0,57,SMDPPEH ,CCc1ccc(-c2ccc(-c3ccc(C4=C5C(=O)N(CC)C(c6ccc(-c7ccc(-c8ccc(CC)s8)s7)s6)=C5C(=O)N4CC)s3)s2)s1,-4.59681928,-2.66753208,0.136988,2,PCBM,COC(=O)CCCC1(c2ccccc2)C23c4c5c6c7c8c9c(c%10c%11c2c2c%12c4c4c%13c5c5c7c7c8c8c%14c9c%10c9c%10c%11c2c2c%11c%12c4c4c%12c%13c5c5c7c7c8c8c%14c9c9c%10c2c2c%11c4c4c%12c5c7c5c8c9c2c45)C613,-5.654798,-3.09012489,-3.030532,0.075499,1.891315,2.226979,2.566526
47.0,10.1134/S0012501616070046,0.76,2.69,0.59,58,DTS(FCT2)2,CCC1=CC=CC(c2nc3c(-c4ccc(-c5ccc(CC)s5)s4)ccc(-c4cc5c(s4)-c4sc(-c6ccc(-c7ccc(-c8ccc(CC)s8)s7)c7nc(C8C=CC=C(CC)C=C8)c(-c8cccc(CC)c8)nc67)cc4[Si]5(CC)CC)c3nc2-c2cccc(CC)c2)C=C1,-4.54783878,-2.4400449,0.132302,1,PC70BM,COC(=O)CCCC1(c2ccccc2)C23c4c5c6c7c8c9c(c%10c%11c2c2c4c4c%12c5c5c6c6c8c8c%13c9c9c%10c%10c%11c%11c2c2c4c4c%14c%12c%12c5c5c6c8c6c8c%13c9c9c%10c%10c%11c%11c2c4c2c4c%14c%12c%12c5c6c5c6c8c9c8c%10c%11c2c(c86)c4c%125)C713,-5.597654,-3.06209716,-2.994613,0.094445,2.671322,2.615362,2.698058
46.0,10.1021/acsami.5b09460,0.85,7.05,2.19,59,TQ9-DR,CCc1cccc(-c2nc3c(-c4ccc(C=C5SC(=S)N(CC)C5=O)s4)ccc(-c4ccc(-c5ccc(-c6ccc(-c7ccc(-c8ccc(-c9ccc(-c%10ccc(C=C%11SC(=S)N(CC)C%11=O)s%10)c%10nc(-c%11cccc(CC)c%11)c(-c%11cccc(CC)c%11)nc9%10)s8)c8nc(-c9cccc(CC)c9)c(-c9cccc(CC)c9)nc78)s6)c6nc(-c7cccc(CC)c7)c(-c7cccc(CC)c7)nc56)s4)c3nc2-c2cccc(CC)c2)c1,-4.91274346,-2.87080112,0.110856,1,PC70BM,COC(=O)CCCC1(c2ccccc2)C23c4c5c6c7c8c9c(c%10c%11c2c2c4c4c%12c5c5c6c6c8c8c%13c9c9c%10c%10c%11c%11c2c2c4c4c%14c%12c%12c5c5c6c8c6c8c%13c9c9c%10c%10c%11c%11c2c4c2c4c%14c%12c%12c5c6c5c6c8c9c8c%10c%11c2c(c86)c4c%125)C713,-5.597654,-3.06209716,-2.994613,0.094445,2.961188,2.8379,2.860302
46.0,10.1021/acsami.5b09460,0.92,7.05,3.05,60,TQ7-DR,CCc1cccc(-c2nc3c(-c4ccc(C=C5SC(=S)N(CC)C5=O)s4)ccc(-c4ccc(-c5ccc(-c6ccc(-c7ccc(-c8ccc(C=C9SC(=S)N(CC)C9=O)s8)c8nc(-c9cccc(CC)c9)c(-c9cccc(CC)c9)nc78)s6)c6nc(-c7cccc(CC)c7)c(-c7cccc(CC)c7)nc56)s4)c3nc2-c2cccc(CC)c2)c1,-5.02022844,-2.92712869,0.109727,1,PC70BM,COC(=O)CCCC1(c2ccccc2)C23c4c5c6c7c8c9c(c%10c%11c2c2c4c4c%12c5c5c6c6c8c8c%13c9c9c%10c%10c%11c%11c2c2c4c4c%14c%12c%12c5c5c6c8c6c8c%13c9c9c%10c%10c%11c%11c2c4c2c4c%14c%12c%12c5c6c5c6c8c9c8c%10c%11c2c(c86)c4c%125)C713,-5.597654,-3.06209716,-2.994613,0.094445,2.688546,2.570682,2.665702
46.0,10.1021/acsami.5b09460,0.9,6.85,3.14,61,TQ5-DR,CCc1cccc(-c2nc3c(-c4ccc(C=C5SC(=S)N(CC)C5=O)s4)ccc(-c4ccc(-c5ccc(-c6ccc(C=C7SC(=S)N(CC)C7=O)s6)c6nc(-c7cccc(CC)c7)c(-c7cccc(CC)c7)nc56)s4)c3nc2-c2cccc(CC)c2)c1,-5.22240902,-2.96985056,0.119457,1,PC70BM,COC(=O)CCCC1(c2ccccc2)C23c4c5c6c7c8c9c(c%10c%11c2c2c4c4c%12c5c5c6c6c8c8c%13c9c9c%10c%10c%11c%11c2c2c4c4c%14c%12c%12c5c5c6c8c6c8c%13c9c9c%10c%10c%11c%11c2c4c2c4c%14c%12c%12c5c6c5c6c8c9c8c%10c%11c2c(c86)c4c%125)C713,-5.597654,-3.06209716,-2.994613,0.094445,2.536431,2.548446,2.51076
46.0,10.1021/acsami.5b09460,0.81,6.28,1.86,62,TQ9,CCc1cccc(-c2nc3c(-c4cccs4)ccc(-c4ccc(-c5ccc(-c6ccc(-c7ccc(-c8ccc(-c9ccc(-c%10cccs%10)c%10nc(-c%11cccc(CC)c%11)c(-c%11cccc(CC)c%11)nc9%10)s8)c8nc(-c9cccc(CC)c9)c(-c9cccc(CC)c9)nc78)s6)c6nc(-c7cccc(CC)c7)c(-c7cccc(CC)c7)nc56)s4)c3nc2-c2cccc(CC)c2)c1,-4.6779092,-2.86617519,0.133668,1,PC70BM,COC(=O)CCCC1(c2ccccc2)C23c4c5c6c7c8c9c(c%10c%11c2c2c4c4c%12c5c5c6c6c8c8c%13c9c9c%10c%10c%11c%11c2c2c4c4c%14c%12c%12c5c5c6c8c6c8c%13c9c9c%10c%10c%11c%11c2c4c2c4c%14c%12c%12c5c6c5c6c8c9c8c%10c%11c2c(c86)c4c%125)C713,-5.597654,-3.06209716,-2.994613,0.094445,1.201901,1.044723,1.352442
46.0,10.1021/acsami.5b09460,0.83,4.89,1.18,63,TQ7,CCc1cccc(-c2nc3c(-c4cccs4)ccc(-c4ccc(-c5ccc(-c6ccc(-c7ccc(-c8cccs8)c8nc(-c9cccc(CC)c9)c(-c9cccc(CC)c9)nc78)s6)c6nc(-c7cccc(CC)c7)c(-c7cccc(CC)c7)nc56)s4)c3nc2-c2cccc(CC)c2)c1,-4.75600588,-2.38807115,0.141124,1,PC70BM,COC(=O)CCCC1(c2ccccc2)C23c4c5c6c7c8c9c(c%10c%11c2c2c4c4c%12c5c5c6c6c8c8c%13c9c9c%10c%10c%11c%11c2c2c4c4c%14c%12c%12c5c5c6c8c6c8c%13c9c9c%10c%10c%11c%11c2c4c2c4c%14c%12c%12c5c6c5c6c8c9c8c%10c%11c2c(c86)c4c%125)C713,-5.597654,-3.06209716,-2.994613,0.094445,1.032622,1.29528,0.955065
46.0,10.1021/acsami.5b09460,0.83,0.79,0.17,64,TQ5,CCc1cccc(-c2nc3c(-c4cccs4)ccc(-c4ccc(-c5ccc(-c6cccs6)c6nc(-c7cccc(CC)c7)c(-c7cccc(CC)c7)nc56)s4)c3nc2-c2cccc(CC)c2)c1,-4.92634915,-2.29745724,0.160196,1,PC70BM,COC(=O)CCCC1(c2ccccc2)C23c4c5c6c7c8c9c(c%10c%11c2c2c4c4c%12c5c5c6c6c8c8c%13c9c9c%10c%10c%11c%11c2c2c4c4c%14c%12c%12c5c5c6c8c6c8c%13c9c9c%10c%10c%11c%11c2c4c2c4c%14c%12c%12c5c6c5c6c8c9c8c%10c%11c2c(c86)c4c%125)C713,-5.597654,-3.06209716,-2.994613,0.094445,1.520642,1.733137,1.313922
45.0,10.1016/j.synthmet.2012.04.016,0.6,2.48,0.45,65,SD-2,CCc1ccc(N(c2ccc(C=Cc3ccc(C=Cc4ccc(N(c5ccc(CC)cc5)c5ccc(CC)cc5)cc4)c4nc(-c5ccc(C=Cc6ccc(N(c7ccccc7)c7ccccc7)cc6)cc5)c(-c5ccc(C=Cc6ccc(N(c7ccccc7)c7ccccc7)cc6)cc5)nc34)cc2)c2ccc(CC)cc2)cc1,-4.44389129,-2.08031039,0.111236,1,PC70BM,COC(=O)CCCC1(c2ccccc2)C23c4c5c6c7c8c9c(c%10c%11c2c2c4c4c%12c5c5c6c6c8c8c%13c9c9c%10c%10c%11c%11c2c2c4c4c%14c%12c%12c5c5c6c8c6c8c%13c9c9c%10c%10c%11c%11c2c4c2c4c%14c%12c%12c5c6c5c6c8c9c8c%10c%11c2c(c86)c4c%125)C713,-5.597654,-3.06209716,-2.994613,0.094445,1.184398,1.039572,1.371364
29.0,10.1039/c0nj00045k,0.7,3.03,0.77,66,H4FT6F,CCc1c(-c2ccc(-c3ccc4c(c3)C(=O)c3ccccc3-4)s2)sc(-c2ccc(-c3ccc(-c4sc(-c5ccc(-c6ccc7c(c6)C(=O)c6ccccc6-7)s5)c(CC)c4CC)s3)s2)c1CC,-5.04689559,-2.35242424,0.275294,2,PCBM,COC(=O)CCCC1(c2ccccc2)C23c4c5c6c7c8c9c(c%10c%11c2c2c%12c4c4c%13c5c5c7c7c8c8c%14c9c%10c9c%10c%11c2c2c%11c%12c4c4c%12c%13c5c5c7c7c8c8c%14c9c9c%10c2c2c%11c4c4c%12c5c7c5c8c9c2c45)C613,-5.654798,-3.09012489,-3.030532,0.075499,1.820596,2.109705,1.952587
44.0,10.1021/am5027538,0.74,1.63,0.36,67,TH-Q,Cc1cc2nc3c(-c4ccc(-c5cccs5)s4)ccc(-c4ccc(-c5cccs5)s4)c3nc2cc1C,-4.74103962,-2.70671647,0.122961,2,PCBM,COC(=O)CCCC1(c2ccccc2)C23c4c5c6c7c8c9c(c%10c%11c2c2c%12c4c4c%13c5c5c7c7c8c8c%14c9c%10c9c%10c%11c2c2c%11c%12c4c4c%12c%13c5c5c7c7c8c8c%14c9c9c%10c2c2c%11c4c4c%12c5c7c5c8c9c2c45)C613,-5.654798,-3.09012489,-3.030532,0.075499,0.485142,0.134841,0.721058
44.0,10.1021/am5027538,0.64,1.54,0.38,68,TH-P,CCc1cc2nc3c(-c4ccc(-c5cccs5)s4)ccc(-c4ccc(-c5cccs5)s4)c3nc2cc1CC,-4.77777499,-2.66753208,0.141129,2,PCBM,COC(=O)CCCC1(c2ccccc2)C23c4c5c6c7c8c9c(c%10c%11c2c2c%12c4c4c%13c5c5c7c7c8c8c%14c9c%10c9c%10c%11c2c2c%11c%12c4c4c%12c%13c5c5c7c7c8c8c%14c9c9c%10c2c2c%11c4c4c%12c5c7c5c8c9c2c45)C613,-5.654798,-3.09012489,-3.030532,0.075499,0.404525,0.040429,0.496706
43.0,10.1021/jp406472t,0.55,5.34,1.97,69,Squarine,CCN(CC)c1cc(O)c(C2C(=O)C(c3c(O)cc(N(CC)CC)cc3O)C2=O)c(O)c1,-4.8487967,-0.86260091,0.231951,3,C60,c12c3c4c5c1c1c6c7c2c2c8c3c3c9c4c4c%10c5c5c1c1c6c6c%11c7c2c2c7c8c3c3c8c9c4c4c9c%10c5c5c1c1c6c6c%11c2c2c7c3c3c8c4c4c9c5c1c1c6c2c3c41,-5.986233,-3.2259097,-3.224821,0.063387,0.538897,1.187305,0.547484
31.0,10.1002/adfm.200901827,0.58,0.18,0.03,70,4,CCC1(CC)c2ccccc2-c2cc(-c3cc4c5cc(-c6ccc7c(c6)C(CC)(CC)c6ccccc6-7)cc6c7cc(-c8ccc9c(c8)-c8ccccc8C9(CC)CC)cc8c9cc(-c%10ccc%11c(c%10)C(CC)(CC)c%10ccccc%10-%11)cc%10c%11cc(-c%12ccc%13c(c%12)C(CC)(CC)c%12ccccc%12-%13)cc%12c%13cc(-c%14ccc%15c(c%14)C(CC)(CC)c%14ccccc%14-%15)cc%14c(c3)c4c3c(c56)c(c78)c(c9%10)c(c%12%11)c3c%14%13)ccc21,-5.06213396,-1.75976027,0.050051,2,PCBM,COC(=O)CCCC1(c2ccccc2)C23c4c5c6c7c8c9c(c%10c%11c2c2c%12c4c4c%13c5c5c7c7c8c8c%14c9c%10c9c%10c%11c2c2c%11c%12c4c4c%12c%13c5c5c7c7c8c8c%14c9c9c%10c2c2c%11c4c4c%12c5c7c5c8c9c2c45)C613,-5.654798,-3.09012489,-3.030532,0.075499,0.950048,0.830392,0.855444
26.0,10.1016/j.solmat.2013.03.020,0.89,10.36,3.05,71,TPA-Th2-MMN,N#CC(C#N)=Cc1ccc(-c2ccc(-c3ccc(N(c4ccccc4)c4ccccc4)cc3)s2)s1,-5.21125235,-2.94046227,0.086386,1,PC70BM,COC(=O)CCCC1(c2ccccc2)C23c4c5c6c7c8c9c(c%10c%11c2c2c4c4c%12c5c5c6c6c8c8c%13c9c9c%10c%10c%11c%11c2c2c4c4c%14c%12c%12c5c5c6c8c6c8c%13c9c9c%10c%10c%11c%11c2c4c2c4c%14c%12c%12c5c6c5c6c8c9c8c%10c%11c2c(c86)c4c%125)C713,-5.597654,-3.06209716,-2.994613,0.094445,2.870881,2.610302,2.513894
28.0,10.1021/ol500809e,0.95,5.8,2.6,72,2,CCN1C(=O)c2cc(-c3ccc(-c4cc5c(s4)c4sc(-c6ccc(-c7cc8c(s7)C(=O)N(CC)C8=O)s6)cc4n5C(C)C)s3)sc2C1=O,-5.04199754,-2.73256729,0.118296,1,PC70BM,COC(=O)CCCC1(c2ccccc2)C23c4c5c6c7c8c9c(c%10c%11c2c2c4c4c%12c5c5c6c6c8c8c%13c9c9c%10c%10c%11c%11c2c2c4c4c%14c%12c%12c5c5c6c8c6c8c%13c9c9c%10c%10c%11c%11c2c4c2c4c%14c%12c%12c5c6c5c6c8c9c8c%10c%11c2c(c86)c4c%125)C713,-5.597654,-3.06209716,-2.994613,0.094445,1.896582,1.555576,2.036485
28.0,10.1021/ol500809e,1.1,3.2,1.2,73,1,CCN1C(=O)c2cc(-c3cc4c(s3)c3sc(-c5cc6c(s5)C(=O)N(CC)C6=O)cc3n4C(C)C)sc2C1=O,-5.36608513,-2.76494883,0.133929,1,PC70BM,COC(=O)CCCC1(c2ccccc2)C23c4c5c6c7c8c9c(c%10c%11c2c2c4c4c%12c5c5c6c6c8c8c%13c9c9c%10c%10c%11c%11c2c2c4c4c%14c%12c%12c5c5c6c8c6c8c%13c9c9c%10c%10c%11c%11c2c4c2c4c%14c%12c%12c5c6c5c6c8c9c8c%10c%11c2c(c86)c4c%125)C713,-5.597654,-3.06209716,-2.994613,0.094445,2.765115,3.058168,2.822296
18.0,10.1039/C4TA05807K,0.94,10.42,6.07,74,BDT(CDTRH)2,CCc1c2cc(-c3cc4c(s3)-c3sc(C=C5SC(=S)N(CC)C5=O)cc3C4(CC)CC)sc2c(CC)c2cc(-c3cc4c(s3)-c3sc(C=C5SC(=S)N(CC)C5=O)cc3C4(CC)CC)sc12,-5.07818868,-2.87542706,0.120421,1,PC70BM,COC(=O)CCCC1(c2ccccc2)C23c4c5c6c7c8c9c(c%10c%11c2c2c4c4c%12c5c5c6c6c8c8c%13c9c9c%10c%10c%11c%11c2c2c4c4c%14c%12c%12c5c5c6c8c6c8c%13c9c9c%10c%10c%11c%11c2c4c2c4c%14c%12c%12c5c6c5c6c8c9c8c%10c%11c2c(c86)c4c%125)C713,-5.597654,-3.06209716,-2.994613,0.094445,4.987001,4.844041,5.088859
17.0,10.1016/j.orgel.2015.01.032,0.84,10.82,5.27,75,BT4,N#CC(C#N)=C(C(c1ccc(N(c2ccccc2)c2ccccc2)cc1)=c1ccc(=C(C#N)C#N)cc1)c1ccc(-c2nc3ccccc3s2)cc1,-5.52499962,-3.75381057,0.160069,1,PC70BM,COC(=O)CCCC1(c2ccccc2)C23c4c5c6c7c8c9c(c%10c%11c2c2c4c4c%12c5c5c6c6c8c8c%13c9c9c%10c%10c%11c%11c2c2c4c4c%14c%12c%12c5c5c6c8c6c8c%13c9c9c%10c%10c%11c%11c2c4c2c4c%14c%12c%12c5c6c5c6c8c9c8c%10c%11c2c(c86)c4c%125)C713,-5.597654,-3.06209716,-2.994613,0.094445,3.822915,3.87441,4.08287
17.0,10.1016/j.orgel.2015.01.032,0.92,8.2,3.77,76,BT3,N#CC(C#N)=C(C(=C(C#N)C#N)c1ccc(N(c2ccccc2)c2ccccc2)cc1)c1ccc(-c2nc3ccccc3s2)cc1,-5.73507151,-3.31271402,0.128044,1,PC70BM,COC(=O)CCCC1(c2ccccc2)C23c4c5c6c7c8c9c(c%10c%11c2c2c4c4c%12c5c5c6c6c8c8c%13c9c9c%10c%10c%11c%11c2c2c4c4c%14c%12c%12c5c5c6c8c6c8c%13c9c9c%10c%10c%11c%11c2c4c2c4c%14c%12c%12c5c6c5c6c8c9c8c%10c%11c2c(c86)c4c%125)C713,-5.597654,-3.06209716,-2.994613,0.094445,4.206313,4.273773,4.270273
16.0,10.1016/j.orgel.2015.11.035,0.71,14.93,5.81,77,PorSeDPP,CCc1ccc(C2=C3C=CC4C(C#Cc5ccc(C6=C7C(=O)N(CC)C(c8ccc[se]8)=C7C(=O)N6CC)[se]5)=Cc5ccc6n5[Zn]5(N34)n3c2ccc3C(C#Cc2ccc(C3=C4C(=O)N(CC)C(c7ccc[se]7)=C4C(=O)N3CC)[se]2)=c2ccc(n25)=C6c2ccc(CC)cc2)cc1,-4.58484627,-2.81937161,0.07151,2,PCBM,COC(=O)CCCC1(c2ccccc2)C23c4c5c6c7c8c9c(c%10c%11c2c2c%12c4c4c%13c5c5c7c7c8c8c%14c9c%10c9c%10c%11c2c2c%11c%12c4c4c%12c%13c5c5c7c7c8c8c%14c9c9c%10c2c2c%11c4c4c%12c5c7c5c8c9c2c45)C613,-5.654798,-3.09012489,-3.030532,0.075499,3.312333,3.204562,3.364797
16.0,10.1016/j.orgel.2015.11.035,0.81,10.52,4.26,78,PorODPP,CCc1ccc(C2=C3C=CC4C(C#Cc5ccc(C6=C7C(=O)N(CC)C(c8ccco8)=C7C(=O)N6CC)o5)=Cc5ccc6n5[Zn]5(N34)n3c2ccc3C(C#Cc2ccc(C3=C4C(=O)N(CC)C(c7ccco7)=C4C(=O)N3CC)o2)=c2ccc(n25)=C6c2ccc(CC)cc2)cc1,-4.57042423,-2.77147957,0.069154,2,PCBM,COC(=O)CCCC1(c2ccccc2)C23c4c5c6c7c8c9c(c%10c%11c2c2c%12c4c4c%13c5c5c7c7c8c8c%14c9c%10c9c%10c%11c2c2c%11c%12c4c4c%12c%13c5c5c7c7c8c8c%14c9c9c%10c2c2c%11c4c4c%12c5c7c5c8c9c2c45)C613,-5.654798,-3.09012489,-3.030532,0.075499,4.319925,4.245577,4.523236
15.0,10.1021/am501316y,0.9,11.55,5.09,79,R-IDT3T,CCc1ccc(C2(c3ccc(CC)cc3)c3cc4c(cc3-c3sc(-c5ccc(-c6ccc(-c7ccc(C=C8SC(=S)N(CC)C8=O)s7)s6)s5)cc32)C(c2ccc(CC)cc2)(c2ccc(CC)cc2)c2cc(-c3ccc(-c5ccc(-c6ccc(C=C7SC(=S)N(CC)C7=O)s6)s5)s3)sc2-4)cc1,-4.86403508,-2.84467819,0.08612,1,PC70BM,COC(=O)CCCC1(c2ccccc2)C23c4c5c6c7c8c9c(c%10c%11c2c2c4c4c%12c5c5c6c6c8c8c%13c9c9c%10c%10c%11c%11c2c2c4c4c%14c%12c%12c5c5c6c8c6c8c%13c9c9c%10c%10c%11c%11c2c4c2c4c%14c%12c%12c5c6c5c6c8c9c8c%10c%11c2c(c86)c4c%125)C713,-5.597654,-3.06209716,-2.994613,0.094445,4.109872,4.213538,4.189338
15.0,10.1021/am501316y,0.91,10.52,4.75,80,C-IDT3T,CCOC(=O)C(C#N)=Cc1ccc(-c2ccc(-c3ccc(-c4cc5c(s4)-c4cc6c(cc4C5(c4ccc(CC)cc4)c4ccc(CC)cc4)-c4sc(-c5ccc(-c7ccc(-c8ccc(C=C(C#N)C(=O)OCC)s8)s7)s5)cc4C6(c4ccc(CC)cc4)c4ccc(CC)cc4)s3)s2)s1,-4.878185,-2.82209274,0.089793,1,PC70BM,COC(=O)CCCC1(c2ccccc2)C23c4c5c6c7c8c9c(c%10c%11c2c2c4c4c%12c5c5c6c6c8c8c%13c9c9c%10c%10c%11c%11c2c2c4c4c%14c%12c%12c5c5c6c8c6c8c%13c9c9c%10c%10c%11c%11c2c4c2c4c%14c%12c%12c5c6c5c6c8c9c8c%10c%11c2c(c86)c4c%125)C713,-5.597654,-3.06209716,-2.994613,0.094445,2.896808,2.819523,3.054474
15.0,10.1021/am501316y,0.93,10.11,4.18,81,R-IDT2T,CCc1ccc(C2(c3ccc(CC)cc3)c3cc4c(cc3-c3sc(-c5ccc(-c6ccc(C=C7SC(=S)N(CC)C7=O)s6)s5)cc32)C(c2ccc(CC)cc2)(c2ccc(CC)cc2)c2cc(-c3ccc(-c5ccc(C=C6SC(=S)N(CC)C6=O)s5)s3)sc2-4)cc1,-4.95383265,-2.87461072,0.085809,1,PC70BM,COC(=O)CCCC1(c2ccccc2)C23c4c5c6c7c8c9c(c%10c%11c2c2c4c4c%12c5c5c6c6c8c8c%13c9c9c%10c%10c%11c%11c2c2c4c4c%14c%12c%12c5c5c6c8c6c8c%13c9c9c%10c%10c%11c%11c2c4c2c4c%14c%12c%12c5c6c5c6c8c9c8c%10c%11c2c(c86)c4c%125)C713,-5.597654,-3.06209716,-2.994613,0.094445,4.482799,4.594988,4.339925
15.0,10.1021/am501316y,0.88,7.98,2.32,82,C-IDT2T,CCOC(=O)C(C#N)=Cc1ccc(-c2ccc(-c3cc4c(s3)-c3cc5c(cc3C4(c3ccc(CC)cc3)c3ccc(CC)cc3)-c3sc(-c4ccc(-c6ccc(C=C(C#N)C(=O)OCC)s6)s4)cc3C5(c3ccc(CC)cc3)c3ccc(CC)cc3)s2)s1,-4.99328916,-2.84032437,0.092286,1,PC70BM,COC(=O)CCCC1(c2ccccc2)C23c4c5c6c7c8c9c(c%10c%11c2c2c4c4c%12c5c5c6c6c8c8c%13c9c9c%10c%10c%11c%11c2c2c4c4c%14c%12c%12c5c5c6c8c6c8c%13c9c9c%10c%10c%11c%11c2c4c2c4c%14c%12c%12c5c6c5c6c8c9c8c%10c%11c2c(c86)c4c%125)C713,-5.597654,-3.06209716,-2.994613,0.094445,3.967172,3.995264,3.658124
12.0,10.1021/am4021928,0.91,3.69,2.13,83,TBDTCN,CCc1ccc(-c2c3cc(-c4sc(-c5sc(-c6sc(C=C(C#N)C#N)cc6CC)cc5CC)cc4CC)sc3c(-c3ccc(CC)s3)c3sc(-c4sc(-c5sc(-c6sc(C=C(C#N)C#N)cc6CC)cc5CC)cc4CC)cc23)s1,-5.32009789,-3.03325309,0.102572,2,PCBM,COC(=O)CCCC1(c2ccccc2)C23c4c5c6c7c8c9c(c%10c%11c2c2c%12c4c4c%13c5c5c7c7c8c8c%14c9c%10c9c%10c%11c2c2c%11c%12c4c4c%12c%13c5c5c7c7c8c8c%14c9c9c%10c2c2c%11c4c4c%12c5c7c5c8c9c2c45)C613,-5.654798,-3.09012489,-3.030532,0.075499,4.547951,4.74212,4.668994
12.0,10.1021/am4021928,0.9,9.08,5.42,84,TBDTCNR,CCOC(=O)C(C#N)=Cc1cc(CC)c(-c2cc(CC)c(-c3cc(CC)c(-c4cc5c(-c6ccc(CC)s6)c6cc(-c7sc(-c8sc(-c9sc(C=C(C#N)C(=O)OCC)cc9CC)cc8CC)cc7CC)sc6c(-c6ccc(CC)s6)c5s4)s3)s2)s1,-5.17016316,-2.72712501,0.109793,2,PCBM,COC(=O)CCCC1(c2ccccc2)C23c4c5c6c7c8c9c(c%10c%11c2c2c%12c4c4c%13c5c5c7c7c8c8c%14c9c%10c9c%10c%11c2c2c%11c%12c4c4c%12c%13c5c5c7c7c8c8c%14c9c9c%10c2c2c%11c4c4c%12c5c7c5c8c9c2c45)C613,-5.654798,-3.09012489,-3.030532,0.075499,3.867529,3.945966,3.741915
11.0,10.1016/j.dyepig.2014.08.027,0.89,7.36,3.94,85,TIBDT,CCc1ccc(-c2ccc(C=C3C(=O)N(CC)c4cc(-c5cc6c(-c7ccc(CC)s7)c7sc(-c8ccc9c(c8)N(CC)C(=O)C9=Cc8ccc(-c9ccc(CC)s9)s8)cc7c(-c7ccc(CC)s7)c6s5)ccc43)s2)s1,-4.81505458,-2.38453367,0.108219,1,PC70BM,COC(=O)CCCC1(c2ccccc2)C23c4c5c6c7c8c9c(c%10c%11c2c2c4c4c%12c5c5c6c6c8c8c%13c9c9c%10c%10c%11c%11c2c2c4c4c%14c%12c%12c5c5c6c8c6c8c%13c9c9c%10c%10c%11c%11c2c4c2c4c%14c%12c%12c5c6c5c6c8c9c8c%10c%11c2c(c86)c4c%125)C713,-5.597654,-3.06209716,-2.994613,0.094445,3.595363,3.352859,3.367707
10.0,10.1002/aenm.201300626,0.88,6.3,4.16,86,BDT-3T-CA,CCOC(=O)C(C#N)=Cc1ccc(-c2ccc(-c3ccc(-c4cc5c(-c6ccc(CC)s6)c6sc(-c7ccc(-c8ccc(-c9ccc(C=C(C#N)C(=O)OCC)s9)s8)s7)cc6c(-c6ccc(CC)s6)c5s4)s3)s2)s1,-5.10512795,-2.91733259,0.093017,2,PCBM,COC(=O)CCCC1(c2ccccc2)C23c4c5c6c7c8c9c(c%10c%11c2c2c%12c4c4c%13c5c5c7c7c8c8c%14c9c%10c9c%10c%11c2c2c%11c%12c4c4c%12c%13c5c5c7c7c8c8c%14c9c9c%10c2c2c%11c4c4c%12c5c7c5c8c9c2c45)C613,-5.654798,-3.09012489,-3.030532,0.075499,3.375437,3.580811,2.851236
9.0,10.1016/j.orgel.2013.03.006,0.78,7.1,3.07,87,DCAEH5TBT,CCOC(=O)C(C#N)=Cc1cc(CC)c(-c2cc(CC)c(-c3ccc(-c4sc(-c5sc(-c6ccc(-c7cc(CC)c(-c8cc(CC)c(-c9ccc(-c%10sc(-c%11sc(C=C(C#N)C(=O)OCC)cc%11CC)cc%10CC)s9)s8)s7)c7nsnc67)cc5CC)cc4CC)s3)s2)s1,-4.76444141,-2.89447503,0.132371,2,PCBM,COC(=O)CCCC1(c2ccccc2)C23c4c5c6c7c8c9c(c%10c%11c2c2c%12c4c4c%13c5c5c7c7c8c8c%14c9c%10c9c%10c%11c2c2c%11c%12c4c4c%12c%13c5c5c7c7c8c8c%14c9c9c%10c2c2c%11c4c4c%12c5c7c5c8c9c2c45)C613,-5.654798,-3.09012489,-3.030532,0.075499,3.020799,2.944199,3.116594
8.0,10.1002/adma.201102790,0.93,9.77,5.44,88,DCAO3T(BDT)3T,CCOC(=O)C(C#N)=Cc1cc(CC)c(-c2cc(CC)c(-c3cc(CC)c(-c4cc5cc6sc(-c7sc(-c8sc(-c9sc(C=C(C#N)C(=O)OCC)cc9CC)cc8CC)cc7CC)cc6cc5s4)s3)s2)s1,-5.09805299,-2.75977867,0.173868,2,PCBM,COC(=O)CCCC1(c2ccccc2)C23c4c5c6c7c8c9c(c%10c%11c2c2c%12c4c4c%13c5c5c7c7c8c8c%14c9c%10c9c%10c%11c2c2c%11c%12c4c4c%12c%13c5c5c7c7c8c8c%14c9c9c%10c2c2c%11c4c4c%12c5c7c5c8c9c2c45)C613,-5.654798,-3.09012489,-3.030532,0.075499,3.627465,3.850179,3.587065
6.0,10.1039/c3cp55385j,0.902,9.36,4.47,89,dbp,c1ccc(-c2ccc(-c3ccccc3)c3cc4c(cc23)c2ccc3c5ccc6c7c(-c8ccccc8)c8ccccc8c(-c8ccccc8)c7c7ccc(c8ccc4c2c38)c5c67)cc1,-4.76063181,-2.42181327,0.052133,3,C60,c12c3c4c5c1c1c6c7c2c2c8c3c3c9c4c4c%10c5c5c1c1c6c6c%11c7c2c2c7c8c3c3c8c9c4c4c9c%10c5c5c1c1c6c6c%11c2c2c7c3c3c8c4c4c9c5c1c1c6c2c3c41,-5.986233,-3.2259097,-3.224821,0.063387,1.453651,1.625028,1.698107
5.0,10.1039/c3nj01457f,0.66,5.11,1.58,90,DTTz-DTBTT,CCc1ccc(-c2sc(-c3ccc(-c4cc(CC)c(-c5cc(CC)c(-c6nc7sc(-c8sc(-c9sc(-c%10ccc(-c%11cc(CC)c(-c%12ccc(CC)s%12)s%11)c%11nsnc%10%11)cc9CC)cc8CC)nc7s6)s5)s4)c4nsnc34)cc2CC)s1,-4.6975014,-2.7584181,0.098152,2,PCBM,COC(=O)CCCC1(c2ccccc2)C23c4c5c6c7c8c9c(c%10c%11c2c2c%12c4c4c%13c5c5c7c7c8c8c%14c9c%10c9c%10c%11c2c2c%11c%12c4c4c%12c%13c5c5c7c7c8c8c%14c9c9c%10c2c2c%11c4c4c%12c5c7c5c8c9c2c45)C613,-5.654798,-3.09012489,-3.030532,0.075499,2.681037,2.570911,2.204411
4.0,10.1021/ja403318y,0.93,13.17,8.12,91,DR3TBDT,CCc1cc(C=C2SC(=S)N(CC)C2=O)sc1-c1ccc(-c2sc(-c3cc4c(CC)c5sc(-c6cc(CC)c(-c7ccc(-c8sc(C=C9SC(=S)N(CC)C9=O)cc8CC)s7)s6)cc5c(CC)c4s3)cc2CC)s1,-4.99682664,-2.78073144,0.126428,1,PC70BM,COC(=O)CCCC1(c2ccccc2)C23c4c5c6c7c8c9c(c%10c%11c2c2c4c4c%12c5c5c6c6c8c8c%13c9c9c%10c%10c%11c%11c2c2c4c4c%14c%12c%12c5c5c6c8c6c8c%13c9c9c%10c%10c%11c%11c2c4c2c4c%14c%12c%12c5c6c5c6c8c9c8c%10c%11c2c(c86)c4c%125)C713,-5.597654,-3.06209716,-2.994613,0.094445,5.981806,6.119747,5.602591
3.0,10.1021/ja306865z,0.95,8.0,4.56,92,DCAO3TBDT,CCOC(=O)C(C#N)=Cc1cc(CC)c(-c2ccc(-c3sc(-c4cc5c(CC)c6sc(-c7cc(CC)c(-c8ccc(-c9sc(C=C(C#N)C(=O)OCC)cc9CC)s8)s7)cc6c(CC)c5s4)cc3CC)s2)s1,-4.98566997,-2.76712575,0.103639,2,PCBM,COC(=O)CCCC1(c2ccccc2)C23c4c5c6c7c8c9c(c%10c%11c2c2c%12c4c4c%13c5c5c7c7c8c8c%14c9c%10c9c%10c%11c2c2c%11c%12c4c4c%12c%13c5c5c7c7c8c8c%14c9c9c%10c2c2c%11c4c4c%12c5c7c5c8c9c2c45)C613,-5.654798,-3.09012489,-3.030532,0.075499,5.891647,5.782848,5.833628
2.0,10.1016/j.orgel.2013.11.034,0.93,5.99,3.61,93,D(CATBTzT)BDT,CCOC(=O)C(C#N)=Cc1sc(-c2ccc(-c3cc(CC)c(-c4cc5c(-c6ccc(CC)s6)c6sc(-c7sc(-c8ccc(-c9cc(CC)c(C=C(C#N)C(=O)OCC)s9)c9nn(CC)nc89)cc7CC)cc6c(-c6ccc(CC)s6)c5s4)s3)c3nn(CC)nc23)cc1CC,-4.89995411,-2.74834989,0.123524,2,PCBM,COC(=O)CCCC1(c2ccccc2)C23c4c5c6c7c8c9c(c%10c%11c2c2c%12c4c4c%13c5c5c7c7c8c8c%14c9c%10c9c%10c%11c2c2c%11c%12c4c4c%12c%13c5c5c7c7c8c8c%14c9c9c%10c2c2c%11c4c4c%12c5c7c5c8c9c2c45)C613,-5.654798,-3.09012489,-3.030532,0.075499,3.778533,3.57507,3.685116
5.0,10.1039/c2cs15313k,0.95,6.3,3.17,94,T,CCOc1cc(-c2ccc(C=C(C#N)c3ccc([N+](=O)[O-])cc3)s2)c(OCC)cc1-c1ccc(C=C(C#N)c2ccc([N+](=O)[O-])cc2)s1,-5.704323,-3.173392,0.156117,10,05_f7,CC(C)(C)c1ccc(Oc2cc3c(=O)n(-c4cc5cccc6ccc7cccc4c7c65)c(=O)c4ccc5c6c(Oc7ccc(C(C)(C)C)cc7)cc7c(=O)n(-c8cc9cccc%10ccc%11cccc8c%11c%109)c(=O)c8ccc(c2c5c43)c6c87)cc1,-5.34105066,-3.10155367,-1.69853465,0.240615,0.716702,1.397849,1.455787
10.0,10.1002/adma.201504010,0.9,12.02,5.82,95,PV4T2FBT,CCc1csc(-c2c(F)c(F)c(-c3cc(CC)c(-c4ccc(C=Cc5ccc(-c6sc(-c7c(F)c(F)c(-c8cc(CC)c(-c9ccc(C=Cc%10ccc(-c%11sc(-c%12c(F)c(F)c(-c%13cc(CC)c(-c%14ccc(C=Cc%15cccs%15)s%14)s%13)c%13nsnc%12%13)cc%11CC)s%10)s9)s8)c8nsnc78)cc6CC)s5)s4)s3)c3nsnc23)c1,-4.669746,-2.881686,0.076313,19,10_SF-PDI4,CC(C)n1c(=O)c2ccc3c4ccc5c(=O)n(C(C)C)c(=O)c6cc(-c7ccc8c(c7)-c7ccc(-c9cc%10c(=O)n(C(C)C)c(=O)c%11ccc%12c%13ccc%14c(=O)n(C(C)C)c(=O)c%15ccc(c9c%12c%11%10)c%13c%14%15)cc7C87c8cc(-c9cc%10c(=O)n(C(C)C)c(=O)c%11ccc%12c%13ccc%14c(=O)n(C(C)C)c(=O)c%15ccc(c9c%12c%11%10)c%13c%14%15)ccc8-c8ccc(-c9cc%10c(=O)n(C(C)C)c(=O)c%11ccc%12c%13ccc%14c(=O)n(C(C)C)c(=O)c%15ccc(c9c%12c%11%10)c%13c%14%15)cc87)c(c7ccc(c1=O)c2c37)c4c56,-5.77752127,-3.42400858,-3.42019899,0.045532,4.32349,4.561554,4.808153
2.0,10.1021/acs.chemmater.5b02480,0.81,11.83,4.79,96,PTB7,CCOC(=O)c1sc2c(-c3cc4c(OCC)c5sc(-c6sc(-c7cc8c(OCC)c9sc(-c%10sc(-c%11cc%12c(OCC)c%13sc(CC)cc%13c(OCC)c%12s%11)c%11sc(C(=O)OCC)c(F)c%10%11)cc9c(OCC)c8s7)c7sc(C(=O)OCC)c(F)c67)cc5c(OCC)c4s3)sc(CC)c2c1F,-4.838184,-2.619096,0.125765,25,02_DTDfBTTDPP2,CCN1C(=O)C2=C(c3ccc(-c4ccc(-c5c(F)c(F)c(-c6ccc(-c7ccc(C8=C9C(=O)N(CC)C(c%10cccs%10)=C9C(=O)N8CC)s7)s6)c6nsnc56)s4)s3)N(CC)C(=O)C2=C1c1cccs1,-4.8349189,-3.03434155,-2.59297288,0.088718,3.216854,3.500417,3.576762
3.0,10.1021/acs.accounts.5b00199,1.03,6.56,3.6,97,PBTI3T,CCc1cc2c(=O)n(CC)c(=O)c3cc(-c4sc(-c5ccc(-c6cc(CC)c(-c7cc8c(=O)n(CC)c(=O)c9cc(-c%10sc(-c%11ccc(-c%12cc(CC)c(-c%13cc%14c(=O)n(CC)c(=O)c%15cc(-c%16sc(-c%17ccc(-c%18cc(CC)c(CC)s%18)s%17)cc%16CC)sc%15c%14s%13)s%12)s%11)cc%10CC)sc9c8s7)s6)s5)cc4CC)sc3c2s1,-4.99982,-2.685492,0.090894,37,03_1.9,CCn1c(=O)c2c(-c3ccccc3)cc3c4cc(-c5ccccc5)c5c(=O)n(CC)c(=O)c6c(-c7ccccc7)cc(c7cc(-c8ccccc8)c(c1=O)c2c37)c4c56,-5.84527762,-3.29339393,-1.83486369,0.131155,1.919758,2.485555,2.141772
3.0,10.1021/acs.accounts.5b00199,0.8,12.85,5.45,98,PBDT-TS1,CCOC(=O)c1sc2c(-c3cc4c(-c5ccc(SCC)s5)c5sc(-c6sc(-c7cc8c(-c9ccc(SCC)s9)c9sc(-c%10sc(-c%11cc%12c(-c%13ccc(SCC)s%13)c%13sc(CC)cc%13c(-c%13ccc(SCC)s%13)c%12s%11)c%11sc(C(=O)OCC)c(F)c%10%11)cc9c(-c9ccc(SCC)s9)c8s7)c7sc(C(=O)OCC)c(F)c67)cc5c(-c5ccc(SCC)s5)c4s3)sc(CC)c2c1F,-4.965806,-2.794881,0.09732,29,03_1.1b,CC(C)n1c(=O)c2ccc3c4ccc5c(=O)n(-n6c(=O)c7ccc8c9ccc%10c(=O)n(C(C)C)c(=O)c%11ccc(c%12ccc(c6=O)c7c8%12)c9c%10%11)c(=O)c6ccc(c7ccc(c1=O)c2c37)c4c56,-5.93670788,-3.39870199,-3.3516263,0.072728,4.686317,4.893861,5.022821
12.0,10.1039/c5cc08023a,1.07,6.29,3.65,99,P2,CCOc1c(F)c(-c2ccc(-c3ccc4c(c3)c3cc(-c5ccc(-c6c(OCC)c(F)c(-c7ccc(-c8ccc9c(c8)c8cc(-c%10ccc(-c%11c(OCC)c(F)c(-c%12ccc(-c%13ccc%14c(c%13)c%13ccccc%13n%14CC)s%12)c%12nsnc%11%12)s%10)ccc8n9CC)s7)c7nsnc67)s5)ccc3n4CC)s2)c2nsnc2c1-c1cccs1,-4.709747,-2.504536,0.063924,40,12_NI-AA-NI,CCN1C(=O)c2cccc3c(C#CC#Cc4ccc5c6c(cccc46)C(=O)N(CC)C5=O)ccc(c23)C1=O,-6.12310586,-3.14781302,-2.59569402,0.134558,2.383173,2.890119,2.85549
16.0,10.1039/c5ra17715d,0.88,6.2,3.6,100,DBP,c1ccc(-c2c3ccccc3c(-c3ccccc3)c3c4ccc5c6ccc7c8c(-c9ccccc9)c9ccccc9c(-c9ccccc9)c8c8ccc(c9ccc(c23)c4c95)c6c87)cc1,-4.719271,-2.365214,0.052422,64,16_M32,CCOC(=O)C(C#N)=C1C2=C(C3=CC(c4ccc(CC)s4)C=CC31)C1C(=C3C(=C(C#N)C(=O)OCC)C4C=CC(c5ccc(CC)s5)C=C4C23)C2=CC(c3ccc(CC)s3)C=CC2C1=C(C#N)C(=O)OCC,-5.67602281,-3.06264139,-2.98209569,0.243704,1.03314,1.741468,1.844042
19.0,10.1039/C5RA17660C,0.78,2.42,0.85,101,CA-5T-BT-5T-CA-b,CCOC(=O)C(C#N)=Cc1ccc(-c2cc(-c3sc(-c4sc(-c5ccc(-c6cc(CC)c(-c7cc(CC)c(-c8cc(-c9ccc(C=C(C#N)C(=O)OCC)s9)c(-c9ccc(C=C(C#N)C(=O)OCC)s9)s8)s7)s6)c6nsnc56)cc4CC)cc3CC)sc2-c2ccc(C=C(C#N)C(=O)OCC)s2)s1,-5.19329284,-3.06944423,0.140482,1,PC70BM,COC(=O)CCCC1(c2ccccc2)C23c4c5c6c7c8c9c(c%10c%11c2c2c4c4c%12c5c5c6c6c8c8c%13c9c9c%10c%10c%11c%11c2c2c4c4c%14c%12c%12c5c5c6c8c6c8c%13c9c9c%10c%10c%11c%11c2c4c2c4c%14c%12c%12c5c6c5c6c8c9c8c%10c%11c2c(c86)c4c%125)C713,-5.597654,-3.06209716,-2.994613,0.094445,1.812775,1.713918,1.79154
19.0,10.1039/C5RA17660C,0.83,3.29,1.39,102,CA-5T-IID-5T-CA-b,CCOC(=O)C(C#N)=Cc1ccc(-c2cc(-c3sc(-c4sc(-c5ccc6c(c5)N(CC)C(=O)C6=C5C(=O)N(CC)c6cc(-c7cc(CC)c(-c8cc(CC)c(-c9cc(-c%10ccc(C=C(C#N)C(=O)OCC)s%10)c(-c%10ccc(C=C(C#N)C(=O)OCC)s%10)s9)s8)s7)ccc65)cc4CC)cc3CC)sc2-c2ccc(C=C(C#N)C(=O)OCC)s2)s1,-5.16417665,-3.07134903,0.095577,1,PC70BM,COC(=O)CCCC1(c2ccccc2)C23c4c5c6c7c8c9c(c%10c%11c2c2c4c4c%12c5c5c6c6c8c8c%13c9c9c%10c%10c%11c%11c2c2c4c4c%14c%12c%12c5c5c6c8c6c8c%13c9c9c%10c%10c%11c%11c2c4c2c4c%14c%12c%12c5c6c5c6c8c9c8c%10c%11c2c(c86)c4c%125)C713,-5.597654,-3.06209716,-2.994613,0.094445,1.546231,1.447193,1.453164
19.0,10.1039/C5RA17660C,0.98,1.6,0.78,103,CA-4T-IID-4T-CA-b,CCOC(=O)C(C#N)=Cc1ccc(-c2cc(-c3sc(-c4ccc5c(c4)N(CC)C(=O)C5=C4C(=O)N(CC)c5cc(-c6cc(CC)c(-c7cc(-c8ccc(C=C(C#N)C(=O)OCC)s8)c(-c8ccc(C=C(C#N)C(=O)OCC)s8)s7)s6)ccc54)cc3CC)sc2-c2ccc(C=C(C#N)C(=O)OCC)s2)s1,-5.43329725,-3.14808514,0.133656,1,PC70BM,COC(=O)CCCC1(c2ccccc2)C23c4c5c6c7c8c9c(c%10c%11c2c2c4c4c%12c5c5c6c6c8c8c%13c9c9c%10c%10c%11c%11c2c2c4c4c%14c%12c%12c5c5c6c8c6c8c%13c9c9c%10c%10c%11c%11c2c4c2c4c%14c%12c%12c5c6c5c6c8c9c8c%10c%11c2c(c86)c4c%125)C713,-5.597654,-3.06209716,-2.994613,0.094445,1.23961,1.521889,1.200568
23.0,10.1021/ja910420t,0.65,0.76,0.17,104,A-P6d,CCc1ccc(C=Cc2c3ccccc3c(C=Cc3ccc(CC)c(CC)c3)c3ccccc23)cc1CC,-4.86893313,-1.74969206,0.18711,2,PCBM,COC(=O)CCCC1(c2ccccc2)C23c4c5c6c7c8c9c(c%10c%11c2c2c%12c4c4c%13c5c5c7c7c8c8c%14c9c%10c9c%10c%11c2c2c%11c%12c4c4c%12c%13c5c5c7c7c8c8c%14c9c9c%10c2c2c%11c4c4c%12c5c7c5c8c9c2c45)C613,-5.654798,-3.09012489,-3.030532,0.075499,0.545137,0.568069,0.428538
27.0,10.1016/j.orgel.2014.03.011,0.78,9.24,3.42,105,TPA(DPP–P)2,CCc1ccc(N(c2ccc(-c3ccc(C4=C5C(=O)N(CC)C(c6ccc(-c7ccc8c(ccc9ccccc98)c7)s6)=C5C(=O)N4CC)s3)cc2)c2ccc(-c3ccc(C4=C5C(=O)N(CC)C(c6ccc(-c7ccc8c(ccc9ccccc98)c7)s6)=C5C(=O)N4CC)s3)cc2)cc1,-4.63192196,-2.59270077,0.077245,1,PC70BM,COC(=O)CCCC1(c2ccccc2)C23c4c5c6c7c8c9c(c%10c%11c2c2c4c4c%12c5c5c6c6c8c8c%13c9c9c%10c%10c%11c%11c2c2c4c4c%14c%12c%12c5c5c6c8c6c8c%13c9c9c%10c%10c%11c%11c2c4c2c4c%14c%12c%12c5c6c5c6c8c9c8c%10c%11c2c(c86)c4c%125)C713,-5.597654,-3.06209716,-2.994613,0.094445,2.896991,2.94115,2.607108
27.0,10.1016/j.orgel.2014.03.011,0.73,5.59,1.5,106,TPA–DPP–P,CCc1ccc(N(c2ccc(CC)cc2)c2ccc(-c3ccc(C4=C5C(=O)NC(c6ccc(-c7ccc8c(ccc9ccccc98)c7)s6)=C5C(=O)N4)s3)cc2)cc1,-4.68688896,-2.56004711,0.138665,1,PC70BM,COC(=O)CCCC1(c2ccccc2)C23c4c5c6c7c8c9c(c%10c%11c2c2c4c4c%12c5c5c6c6c8c8c%13c9c9c%10c%10c%11c%11c2c2c4c4c%14c%12c%12c5c5c6c8c6c8c%13c9c9c%10c%10c%11c%11c2c4c2c4c%14c%12c%12c5c6c5c6c8c9c8c%10c%11c2c(c86)c4c%125)C713,-5.597654,-3.06209716,-2.994613,0.094445,2.522815,2.259766,2.900516
27.0,10.1016/j.orgel.2014.03.011,0.69,1.86,0.39,107,TPA–DPP,CCc1ccc(N(c2ccc(CC)cc2)c2ccc(-c3ccc(C4=C5C(=O)N(CC)C(c6cccs6)=C5C(=O)N4CC)s3)cc2)cc1,-4.64199018,-2.41419408,0.143277,1,PC70BM,COC(=O)CCCC1(c2ccccc2)C23c4c5c6c7c8c9c(c%10c%11c2c2c4c4c%12c5c5c6c6c8c8c%13c9c9c%10c%10c%11c%11c2c2c4c4c%14c%12c%12c5c5c6c8c6c8c%13c9c9c%10c%10c%11c%11c2c4c2c4c%14c%12c%12c5c6c5c6c8c9c8c%10c%11c2c(c86)c4c%125)C713,-5.597654,-3.06209716,-2.994613,0.094445,2.509713,1.826703,2.800552
126.0,10.1016/j.dyepig.2016.04.002,0.57,1.61,0.43,108,TrI-DTDPP,CCN1C(=O)C2=C(c3ccc(-c4ccc(C5=C6C(=O)N(CC)C(c7ccc(-c8ccc(C9=C%10C(=O)N(CC)C(c%11cccs%11)=C%10C(=O)N9CC)s8)s7)=C6C(=O)N5CC)s4)s3)N(CC)C(=O)C2=C1c1cccs1,-4.76498564,-2.96930634,0.094649,1,PC70BM,COC(=O)CCCC1(c2ccccc2)C23c4c5c6c7c8c9c(c%10c%11c2c2c4c4c%12c5c5c6c6c8c8c%13c9c9c%10c%10c%11c%11c2c2c4c4c%14c%12c%12c5c5c6c8c6c8c%13c9c9c%10c%10c%11c%11c2c4c2c4c%14c%12c%12c5c6c5c6c8c9c8c%10c%11c2c(c86)c4c%125)C713,-5.597654,-3.06209716,-2.994613,0.094445,2.346981,1.089977,0.877927
26.0,10.1016/j.solmat.2013.03.020,0.89,10.8,4.04,109,DMM-TPA-Th2-MMN,CC1(C)c2cccc3c2N2c4c(cc(-c5ccc(-c6ccc(C=C(C#N)C#N)s6)s5)cc4C(C)(C)c4cccc1c42)C3,-5.05288209,-2.94481609,0.05197,1,PC70BM,COC(=O)CCCC1(c2ccccc2)C23c4c5c6c7c8c9c(c%10c%11c2c2c4c4c%12c5c5c6c6c8c8c%13c9c9c%10c%10c%11c%11c2c2c4c4c%14c%12c%12c5c5c6c8c6c8c%13c9c9c%10c%10c%11c%11c2c4c2c4c%14c%12c%12c5c6c5c6c8c9c8c%10c%11c2c(c86)c4c%125)C713,-5.597654,-3.06209716,-2.994613,0.094445,1.646049,1.448325,1.78803
25.0,10.1016/j.dyepig.2013.09.022,0.92,4.18,3.15,110,DPP(TFNa)2,CCN1C(=O)C2=C(c3ccc(-c4ccc5cc(F)ccc5c4)s3)N(CC)C(=O)C2=C1c1ccc(-c2ccc3cc(F)ccc3c2)s1,-4.83872849,-2.67596761,0.144119,2,PCBM,COC(=O)CCCC1(c2ccccc2)C23c4c5c6c7c8c9c(c%10c%11c2c2c%12c4c4c%13c5c5c7c7c8c8c%14c9c%10c9c%10c%11c2c2c%11c%12c4c4c%12c%13c5c5c7c7c8c8c%14c9c9c%10c2c2c%11c4c4c%12c5c7c5c8c9c2c45)C613,-5.654798,-3.09012489,-3.030532,0.075499,4.572851,4.996462,4.696252
25.0,10.1016/j.dyepig.2013.09.022,0.84,4.06,2.61,111,DPP(TNa)2,CCN1C(=O)C2=C(c3ccc(-c4ccc5ccccc5c4)s3)N(CC)C(=O)C2=C1c1ccc(-c2ccc3ccccc3c2)s1,-4.77151637,-2.60576223,0.139267,2,PCBM,COC(=O)CCCC1(c2ccccc2)C23c4c5c6c7c8c9c(c%10c%11c2c2c%12c4c4c%13c5c5c7c7c8c8c%14c9c%10c9c%10c%11c2c2c%11c%12c4c4c%12c%13c5c5c7c7c8c8c%14c9c9c%10c2c2c%11c4c4c%12c5c7c5c8c9c2c45)C613,-5.654798,-3.09012489,-3.030532,0.075499,3.3398,3.736087,3.451372
24.0,10.1016/j.orgel.2014.03.013,1.08,14.0,4.84,112,BDCTBT,CCc1c(CC)c(-c2ccc(-c3ccc(C(C#N)=Cc4ccc(N(c5ccccc5)c5ccccc5)cc4)cc3)s2)c2nsnc2c1-c1ccc(-c2ccc(C=C(C#N)c3ccc(N(c4ccccc4)c4ccccc4)cc3)cc2)s1,-5.02512648,-2.39895571,0.057903,2,PCBM,COC(=O)CCCC1(c2ccccc2)C23c4c5c6c7c8c9c(c%10c%11c2c2c%12c4c4c%13c5c5c7c7c8c8c%14c9c%10c9c%10c%11c2c2c%11c%12c4c4c%12c%13c5c5c7c7c8c8c%14c9c9c%10c2c2c%11c4c4c%12c5c7c5c8c9c2c45)C613,-5.654798,-3.09012489,-3.030532,0.075499,3.05754,3.133825,3.180436
24.0,10.1016/j.orgel.2014.03.013,1.03,6.56,2.03,113,BDATBT,CCc1c(CC)c(-c2ccc(-c3ccc(C#Cc4ccc(N(c5ccccc5)c5ccccc5)cc4)cc3)s2)c2nsnc2c1-c1ccc(-c2ccc(C#Cc3ccc(N(c4ccccc4)c4ccccc4)cc3)cc2)s1,-4.87546386,-2.30589277,0.057952,2,PCBM,COC(=O)CCCC1(c2ccccc2)C23c4c5c6c7c8c9c(c%10c%11c2c2c%12c4c4c%13c5c5c7c7c8c8c%14c9c%10c9c%10c%11c2c2c%11c%12c4c4c%12c%13c5c5c7c7c8c8c%14c9c9c%10c2c2c%11c4c4c%12c5c7c5c8c9c2c45)C613,-5.654798,-3.09012489,-3.030532,0.075499,3.653007,3.539066,3.77301
24.0,10.1016/j.orgel.2014.03.013,0.92,8.77,3.4,114,BDETBT,CCc1c(CC)c(-c2ccc(-c3ccc(C=Cc4ccc(N(c5ccccc5)c5ccccc5)cc4)cc3)s2)c2nsnc2c1-c1ccc(-c2ccc(C=Cc3ccc(N(c4ccccc4)c4ccccc4)cc3)cc2)s1,-4.78076824,-2.26779683,0.071038,2,PCBM,COC(=O)CCCC1(c2ccccc2)C23c4c5c6c7c8c9c(c%10c%11c2c2c%12c4c4c%13c5c5c7c7c8c8c%14c9c%10c9c%10c%11c2c2c%11c%12c4c4c%12c%13c5c5c7c7c8c8c%14c9c9c%10c2c2c%11c4c4c%12c5c7c5c8c9c2c45)C613,-5.654798,-3.09012489,-3.030532,0.075499,3.087018,3.063825,3.085021
24.0,10.1016/j.orgel.2014.03.013,0.94,9.68,2.99,115,BDPTBT,CCc1c(CC)c(-c2ccc(-c3ccc(-c4ccc(N(c5ccccc5)c5ccccc5)cc4)cc3)s2)c2nsnc2c1-c1ccc(-c2ccc(-c3ccc(N(c4ccccc4)c4ccccc4)cc3)cc2)s1,-4.89886565,-2.27051797,0.064985,2,PCBM,COC(=O)CCCC1(c2ccccc2)C23c4c5c6c7c8c9c(c%10c%11c2c2c%12c4c4c%13c5c5c7c7c8c8c%14c9c%10c9c%10c%11c2c2c%11c%12c4c4c%12c%13c5c5c7c7c8c8c%14c9c9c%10c2c2c%11c4c4c%12c5c7c5c8c9c2c45)C613,-5.654798,-3.09012489,-3.030532,0.075499,2.90439,3.012606,2.901265
23.0,10.1021/ja910420t,0.88,1.16,0.34,116,PA-P6d,CCc1ccc(C=Cc2ccc(C=Cc3c4ccccc4c(C=Cc4ccc(C=Cc5ccc(CC)c(CC)c5)cc4)c4ccccc34)cc2)cc1CC,-4.80253735,-1.96330143,0.265334,2,PCBM,COC(=O)CCCC1(c2ccccc2)C23c4c5c6c7c8c9c(c%10c%11c2c2c%12c4c4c%13c5c5c7c7c8c8c%14c9c%10c9c%10c%11c2c2c%11c%12c4c4c%12c%13c5c5c7c7c8c8c%14c9c9c%10c2c2c%11c4c4c%12c5c7c5c8c9c2c45)C613,-5.654798,-3.09012489,-3.030532,0.075499,0.448221,0.545481,0.38903
23.0,10.1021/ja910420t,0.95,2.57,1.2,117,PA-P6t,CCc1ccc(C#Cc2ccc(C#Cc3c4ccccc4c(C#Cc4ccc(C#Cc5ccc(CC)c(CC)c5)cc4)c4ccccc34)cc2)cc1CC,-4.83328621,-2.41092872,0.069385,2,PCBM,COC(=O)CCCC1(c2ccccc2)C23c4c5c6c7c8c9c(c%10c%11c2c2c%12c4c4c%13c5c5c7c7c8c8c%14c9c%10c9c%10c%11c2c2c%11c%12c4c4c%12c%13c5c5c7c7c8c8c%14c9c9c%10c2c2c%11c4c4c%12c5c7c5c8c9c2c45)C613,-5.654798,-3.09012489,-3.030532,0.075499,1.752985,1.543159,1.858599
19.0,10.1039/C5RA17660C,0.95,4.46,1.92,118,CA-3T-IID-3T-CA-l,CCOC(=O)C(C#N)=Cc1ccc(-c2sc(-c3sc(-c4ccc5c(c4)N(CC)C(=O)C5=C4C(=O)N(CC)c5cc(-c6cc(CC)c(-c7cc(CC)c(-c8ccc(C=C(C#N)C(=O)OCC)s8)s7)s6)ccc54)cc3CC)cc2CC)s1,-5.21887154,-3.056927,0.105151,1,PC70BM,COC(=O)CCCC1(c2ccccc2)C23c4c5c6c7c8c9c(c%10c%11c2c2c4c4c%12c5c5c6c6c8c8c%13c9c9c%10c%10c%11c%11c2c2c4c4c%14c%12c%12c5c5c6c8c6c8c%13c9c9c%10c%10c%11c%11c2c4c2c4c%14c%12c%12c5c6c5c6c8c9c8c%10c%11c2c(c86)c4c%125)C713,-5.597654,-3.06209716,-2.994613,0.094445,1.746447,1.778177,1.715133
23.0,10.1021/ja910420t,0.89,3.1,1.27,119,A-P6t,CCc1ccc(C#Cc2c3ccccc3c(C#Cc3ccc(CC)c(CC)c3)c3ccccc23)cc1CC,-4.78621052,-2.17990406,0.07902,2,PCBM,COC(=O)CCCC1(c2ccccc2)C23c4c5c6c7c8c9c(c%10c%11c2c2c%12c4c4c%13c5c5c7c7c8c8c%14c9c%10c9c%10c%11c2c2c%11c%12c4c4c%12c%13c5c5c7c7c8c8c%14c9c9c%10c2c2c%11c4c4c%12c5c7c5c8c9c2c45)C613,-5.654798,-3.09012489,-3.030532,0.075499,1.049489,1.138935,1.062099
23.0,10.1021/ja910420t,0.45,0.8,0.11,120,BTZT-P6t,CCc1ccc(C#Cc2ccc(C#Cc3ccc(C#Cc4ccc(C#Cc5ccc(CC)c(CC)c5)c5nsnc45)s3)c3nsnc23)cc1CC,-5.08689632,-2.8152899,0.089312,2,PCBM,COC(=O)CCCC1(c2ccccc2)C23c4c5c6c7c8c9c(c%10c%11c2c2c%12c4c4c%13c5c5c7c7c8c8c%14c9c%10c9c%10c%11c2c2c%11c%12c4c4c%12c%13c5c5c7c7c8c8c%14c9c9c%10c2c2c%11c4c4c%12c5c7c5c8c9c2c45)C613,-5.654798,-3.09012489,-3.030532,0.075499,0.873539,0.771105,1.009698
23.0,10.1021/ja910420t,0.89,2.9,0.56,121,TBTZ-P6t,CCc1ccc(C#Cc2ccc(-c3ccc(-c4ccc(C#Cc5ccc(CC)c(CC)c5)s4)c4nsnc34)s2)cc1CC,-4.88879744,-2.72032216,0.110481,2,PCBM,COC(=O)CCCC1(c2ccccc2)C23c4c5c6c7c8c9c(c%10c%11c2c2c%12c4c4c%13c5c5c7c7c8c8c%14c9c%10c9c%10c%11c2c2c%11c%12c4c4c%12c%13c5c5c7c7c8c8c%14c9c9c%10c2c2c%11c4c4c%12c5c7c5c8c9c2c45)C613,-5.654798,-3.09012489,-3.030532,0.075499,0.469668,0.45332,0.279589
23.0,10.1021/ja910420t,0.66,0.28,0.05,122,BTZ-P6t,CCc1ccc(C#Cc2ccc(C#Cc3ccc(CC)c(CC)c3)c3nsnc23)cc1CC,-5.23438203,-2.51433198,0.110758,2,PCBM,COC(=O)CCCC1(c2ccccc2)C23c4c5c6c7c8c9c(c%10c%11c2c2c%12c4c4c%13c5c5c7c7c8c8c%14c9c%10c9c%10c%11c2c2c%11c%12c4c4c%12c%13c5c5c7c7c8c8c%14c9c9c%10c2c2c%11c4c4c%12c5c7c5c8c9c2c45)C613,-5.654798,-3.09012489,-3.030532,0.075499,0.370768,0.456607,0.230673
22.0,10.1039/c0cc05448h,0.575,0.83,0.13,123,PTPA,CC(C)n1c(=O)c2ccc3c4c(-c5ccc(-c6ccc(-c7ccc(-c8ccc(N(c9ccccc9)c9ccccc9)cc8)s7)s6)s5)cc5c(=O)n(C(C)C)c(=O)c6cc(-c7ccc(-c8ccc(-c9ccc(-c%10ccc(N(c%11ccccc%11)c%11ccccc%11)cc%10)s9)s8)s7)c(c7ccc(c1=O)c2c37)c4c56,-4.84417077,-3.32060532,0.073853,2,PCBM,COC(=O)CCCC1(c2ccccc2)C23c4c5c6c7c8c9c(c%10c%11c2c2c%12c4c4c%13c5c5c7c7c8c8c%14c9c%10c9c%10c%11c2c2c%11c%12c4c4c%12c%13c5c5c7c7c8c8c%14c9c9c%10c2c2c%11c4c4c%12c5c7c5c8c9c2c45)C613,-5.654798,-3.09012489,-3.030532,0.075499,1.9301,1.658694,2.094478
22.0,10.1039/c0cc05448h,0.96,2.53,0.81,124,FP3HTTPA,CCc1cc(-c2sc(-c3cc4c5cc6c(=O)n(CC)c(=O)c7cc8c9sc(-c%10cc(CC)c(-c%11cc(CC)c(-c%12ccc(N(c%13ccccc%13)c%13ccccc%13)cc%12)s%11)s%10)cc9c9cc%10c(=O)n(CC)c(=O)c%11cc(c4s3)c3c5c(c67)c8c9c3c%10%11)cc2CC)sc1-c1ccc(N(c2ccccc2)c2ccccc2)cc1,-4.89995412,-2.9548843,0.10636,2,PCBM,COC(=O)CCCC1(c2ccccc2)C23c4c5c6c7c8c9c(c%10c%11c2c2c%12c4c4c%13c5c5c7c7c8c8c%14c9c%10c9c%10c%11c2c2c%11c%12c4c4c%12c%13c5c5c7c7c8c8c%14c9c9c%10c2c2c%11c4c4c%12c5c7c5c8c9c2c45)C613,-5.654798,-3.09012489,-3.030532,0.075499,3.129811,3.012255,3.020517
22.0,10.1039/c0cc05448h,0.776,5.94,1.42,125,FPTPA,O=c1[nH]c(=O)c2cc3c4sc(-c5ccc(-c6ccc(-c7ccc(N(c8ccccc8)c8ccccc8)cc7)s6)s5)cc4c4cc5c(=O)[nH]c(=O)c6cc7c8sc(-c9ccc(-c%10ccc(-c%11ccc(N(c%12ccccc%12)c%12ccccc%12)cc%11)s%10)s9)cc8c8cc1c2c1c8c7c(c56)c4c31,-4.90675695,-3.07434228,0.068667,2,PCBM,COC(=O)CCCC1(c2ccccc2)C23c4c5c6c7c8c9c(c%10c%11c2c2c%12c4c4c%13c5c5c7c7c8c8c%14c9c%10c9c%10c%11c2c2c%11c%12c4c4c%12c%13c5c5c7c7c8c8c%14c9c9c%10c2c2c%11c4c4c%12c5c7c5c8c9c2c45)C613,-5.654798,-3.09012489,-3.030532,0.075499,2.530012,2.40761,2.733992
21.0,10.1039/c0cc01229g,0.98,3.41,1.0,126,3,C[Si](C)(C)c1ccc(-c2ccc(C#Cc3c4ccccc4c(C#Cc4ccc(-c5ccc([Si](C)(C)C)s5)s4)c4ccccc34)s2)s1,-4.7151888,-2.45120157,0.123338,2,PCBM,COC(=O)CCCC1(c2ccccc2)C23c4c5c6c7c8c9c(c%10c%11c2c2c%12c4c4c%13c5c5c7c7c8c8c%14c9c%10c9c%10c%11c2c2c%11c%12c4c4c%12c%13c5c5c7c7c8c8c%14c9c9c%10c2c2c%11c4c4c%12c5c7c5c8c9c2c45)C613,-5.654798,-3.09012489,-3.030532,0.075499,1.16925,1.106485,1.292679
21.0,10.1039/c0cc01229g,0.78,0.26,0.05,127,2,C[Si](C)(C)c1ccc(-c2ccc(C#Cc3ccc(C#Cc4ccc(-c5ccc([Si](C)(C)C)s5)s4)c4nsnc34)s2)s1,-5.00771119,-2.70018574,0.147735,2,PCBM,COC(=O)CCCC1(c2ccccc2)C23c4c5c6c7c8c9c(c%10c%11c2c2c%12c4c4c%13c5c5c7c7c8c8c%14c9c%10c9c%10c%11c2c2c%11c%12c4c4c%12c%13c5c5c7c7c8c8c%14c9c9c%10c2c2c%11c4c4c%12c5c7c5c8c9c2c45)C613,-5.654798,-3.09012489,-3.030532,0.075499,0.404038,0.426489,0.276165
21.0,10.1039/c0cc01229g,0.64,1.0,0.2,128,1,C[Si](C)(C)c1ccc(-c2ccc(C#Cc3ccc(-c4ccc(C#Cc5ccc(-c6ccc([Si](C)(C)C)s6)s5)s4)s3)s2)s1,-4.85478321,-2.27133431,0.144307,2,PCBM,COC(=O)CCCC1(c2ccccc2)C23c4c5c6c7c8c9c(c%10c%11c2c2c%12c4c4c%13c5c5c7c7c8c8c%14c9c%10c9c%10c%11c2c2c%11c%12c4c4c%12c%13c5c5c7c7c8c8c%14c9c9c%10c2c2c%11c4c4c%12c5c7c5c8c9c2c45)C613,-5.654798,-3.09012489,-3.030532,0.075499,0.533364,0.589105,0.420447
20.0,10.1021/acs.chemmater.5b02616,0.85,2.74,0.71,129,DR3TDTC,CCc1cc(C=C2SCN(CC)C2=O)sc1-c1ccc(-c2sc(-c3cc4c(s3)-c3sc(-c5cc(CC)c(-c6ccc(-c7sc(C=C8SC(=S)N(CC)C8=O)cc7CC)s6)s5)cc3C4(CC)CC)cc2CC)s1,-4.64090172,-2.74127493,0.139894,1,PC70BM,COC(=O)CCCC1(c2ccccc2)C23c4c5c6c7c8c9c(c%10c%11c2c2c4c4c%12c5c5c6c6c8c8c%13c9c9c%10c%10c%11c%11c2c2c4c4c%14c%12c%12c5c5c6c8c6c8c%13c9c9c%10c%10c%11c%11c2c4c2c4c%14c%12c%12c5c6c5c6c8c9c8c%10c%11c2c(c86)c4c%125)C713,-5.597654,-3.06209716,-2.994613,0.094445,6.109695,6.072729,6.504187
20.0,10.1021/acs.chemmater.5b02616,0.82,13.67,7.8,130,DR3TDTS,CCc1cc(C=C2SC(=S)N(CC)C2=O)sc1-c1ccc(-c2sc(-c3cc4c(s3)-c3sc(-c5cc(CC)c(-c6ccc(-c7sc(C=C8SC(=S)N(CC)C8=O)cc7CC)s6)s5)cc3[Si]4(CC)CC)cc2CC)s1,-4.83410255,-2.77637762,0.12938,1,PC70BM,COC(=O)CCCC1(c2ccccc2)C23c4c5c6c7c8c9c(c%10c%11c2c2c4c4c%12c5c5c6c6c8c8c%13c9c9c%10c%10c%11c%11c2c2c4c4c%14c%12c%12c5c5c6c8c6c8c%13c9c9c%10c%10c%11c%11c2c4c2c4c%14c%12c%12c5c6c5c6c8c9c8c%10c%11c2c(c86)c4c%125)C713,-5.597654,-3.06209716,-2.994613,0.094445,5.893281,5.879607,5.867317
55.0,10.1021/am100920s,0.696,3.4,0.84,131,DPPDS,CCc1ccc(-c2ccc(-c3ccc(C4=C5C(=O)N(CC)C(c6ccc(-c7ccc(-c8ccc(CC)[se]8)[se]7)s6)=C5C(=O)N4CC)s3)[se]2)[se]1,-4.62729603,-2.62644289,0.137513,2,PCBM,COC(=O)CCCC1(c2ccccc2)C23c4c5c6c7c8c9c(c%10c%11c2c2c%12c4c4c%13c5c5c7c7c8c8c%14c9c%10c9c%10c%11c2c2c%11c%12c4c4c%12c%13c5c5c7c7c8c8c%14c9c9c%10c2c2c%11c4c4c%12c5c7c5c8c9c2c45)C613,-5.654798,-3.09012489,-3.030532,0.075499,2.401804,2.362718,2.539581
57.0,10.1021/acsami.5b03488,0.69,11.17,4.32,132,FDPP,CCN1C(=O)C2=C(c3ccc(-c4ccc(-c5ccc(F)s5)s4)s3)N(CC)C(=O)C2=C1c1ccc(-c2ccc(-c3ccc(F)s3)s2)s1,-4.76988369,-2.72195485,0.14656,1,PC70BM,COC(=O)CCCC1(c2ccccc2)C23c4c5c6c7c8c9c(c%10c%11c2c2c4c4c%12c5c5c6c6c8c8c%13c9c9c%10c%10c%11c%11c2c2c4c4c%14c%12c%12c5c5c6c8c6c8c%13c9c9c%10c%10c%11c%11c2c4c2c4c%14c%12c%12c5c6c5c6c8c9c8c%10c%11c2c(c86)c4c%125)C713,-5.597654,-3.06209716,-2.994613,0.094445,1.95263,2.233513,2.805536
57.0,10.1021/acsami.5b03488,0.67,5.29,1.0,133,CDPP,CCN1C(=O)C2=C(c3ccc(-c4ccc(-c5ccc(Cl)s5)s4)s3)N(CC)C(=O)C2=C1c1ccc(-c2ccc(-c3ccc(Cl)s3)s2)s1,-4.83056507,-2.78508526,0.14076,1,PC70BM,COC(=O)CCCC1(c2ccccc2)C23c4c5c6c7c8c9c(c%10c%11c2c2c4c4c%12c5c5c6c6c8c8c%13c9c9c%10c%10c%11c%11c2c2c4c4c%14c%12c%12c5c5c6c8c6c8c%13c9c9c%10c%10c%11c%11c2c4c2c4c%14c%12c%12c5c6c5c6c8c9c8c%10c%11c2c(c86)c4c%125)C713,-5.597654,-3.06209716,-2.994613,0.094445,1.371775,0.710407,2.004
111.0,10.1002/aenm.201400879,0.89,8.08,3.26,134,IDT-DPP,CCN1C(=O)C2=C(c3ccc(-c4ccc5c(c4)C(CC)(CC)c4cc(-c6ccc(C7=C8C(=O)N(CC)C(c9ccc(-c%10ccccc%10)s9)=C8C(=O)N7CC)s6)ccc4-5)s3)N(CC)C(=O)C2=C1c1ccc(-c2ccccc2)s1,-4.73342043,-2.6914781,0.082725,1,PC70BM,COC(=O)CCCC1(c2ccccc2)C23c4c5c6c7c8c9c(c%10c%11c2c2c4c4c%12c5c5c6c6c8c8c%13c9c9c%10c%10c%11c%11c2c2c4c4c%14c%12c%12c5c5c6c8c6c8c%13c9c9c%10c%10c%11c%11c2c4c2c4c%14c%12c%12c5c6c5c6c8c9c8c%10c%11c2c(c86)c4c%125)C713,-5.597654,-3.06209716,-2.994613,0.094445,3.02143,2.747128,3.239969
109.0,10.1039/C6RA01103A,0.65,6.08,2.12,135,BDT(DPP-TT)2,CCc1ccc(-c2c3cc(-c4ccc(C5=C6C(=O)N(CC)C(c7ccc(-c8ccc(-c9cccs9)s8)s7)=C6C(=O)N5CC)s4)sc3c(-c3ccc(CC)s3)c3cc(-c4ccc(C5=C6C(=O)N(CC)C(c7ccc(-c8ccc(-c9cccs9)s8)s7)=C6C(=O)N5CC)s4)sc23)s1,-4.64824879,-2.86236559,0.082737,1,PC70BM,COC(=O)CCCC1(c2ccccc2)C23c4c5c6c7c8c9c(c%10c%11c2c2c4c4c%12c5c5c6c6c8c8c%13c9c9c%10c%10c%11c%11c2c2c4c4c%14c%12c%12c5c5c6c8c6c8c%13c9c9c%10c%10c%11c%11c2c4c2c4c%14c%12c%12c5c6c5c6c8c9c8c%10c%11c2c(c86)c4c%125)C713,-5.597654,-3.06209716,-2.994613,0.094445,3.662611,3.082338,3.95744
109.0,10.1039/C6RA01103A,0.57,7.67,2.19,136,BDT(DPP-TTHEX)2,CCc1ccc(-c2ccc(C3=C4C(=O)N(CC)C(c5ccc(-c6cc7sc8cc(-c9ccc(C%10=C%11C(=O)N(CC)C(c%12ccc(-c%13ccc(CC)s%13)s%12)=C%11C(=O)N%10CC)s9)sc8c7s6)s5)=C4C(=O)N3CC)s2)s1,-4.63246619,-2.85229738,0.097348,1,PC70BM,COC(=O)CCCC1(c2ccccc2)C23c4c5c6c7c8c9c(c%10c%11c2c2c4c4c%12c5c5c6c6c8c8c%13c9c9c%10c%10c%11c%11c2c2c4c4c%14c%12c%12c5c5c6c8c6c8c%13c9c9c%10c%10c%11c%11c2c4c2c4c%14c%12c%12c5c6c5c6c8c9c8c%10c%11c2c(c86)c4c%125)C713,-5.597654,-3.06209716,-2.994613,0.094445,3.532742,3.738834,3.602502
108.0,10.1039/c2ra01182d,0.86,9.77,4.15,137,DTTDPP,CCc1cc(CC)cc(C2=c3ccc4n3[Zn]35n6c(ccc6C(c6cc(CC)cc(CC)c6)=c6ccc(n63)=C(C#Cc3ccc(C6=C7C(=O)N(CC)C(c8cccs8)=C7C(=O)N6CC)s3)c3ccc2n35)C=4C#Cc2ccc(C3=C4C(=O)N(CC)C(c5cccs5)=C4C(=O)N3CC)s2)c1,-4.69396392,-2.89665194,0.060078,1,PC70BM,COC(=O)CCCC1(c2ccccc2)C23c4c5c6c7c8c9c(c%10c%11c2c2c4c4c%12c5c5c6c6c8c8c%13c9c9c%10c%10c%11c%11c2c2c4c4c%14c%12c%12c5c5c6c8c6c8c%13c9c9c%10c%10c%11c%11c2c4c2c4c%14c%12c%12c5c6c5c6c8c9c8c%10c%11c2c(c86)c4c%125)C713,-5.597654,-3.06209716,-2.994613,0.094445,3.73997,3.575232,4.029308
104.0,10.1039/C5CP05474E,0.84,9.0,3.97,138,BDPT-2DPP,CCN1C(=O)C2=C(c3ccc(-c4cc5c(C(C)C)nc6cc7c(cc6c5s4)nc(C(C)C)c4cc(-c5ccc(C6=C8C(=O)N(CC)C(c9cccs9)=C8C(=O)N6CC)s5)sc47)s3)N(CC)C(=O)C2=C1c1cccs1,-4.90430793,-2.6974646,0.08984,1,PC70BM,COC(=O)CCCC1(c2ccccc2)C23c4c5c6c7c8c9c(c%10c%11c2c2c4c4c%12c5c5c6c6c8c8c%13c9c9c%10c%10c%11c%11c2c2c4c4c%14c%12c%12c5c5c6c8c6c8c%13c9c9c%10c%10c%11c%11c2c4c2c4c%14c%12c%12c5c6c5c6c8c9c8c%10c%11c2c(c86)c4c%125)C713,-5.597654,-3.06209716,-2.994613,0.094445,2.411986,2.341722,2.582216
104.0,10.1039/C5CP05474E,0.8,6.83,2.63,139,BDPT-2FBT,CCc1csc(-c2c(F)c(F)c(-c3cc(CC)c(-c4cc5c(C(C)C)nc6cc7c(cc6c5s4)nc(C(C)C)c4cc(-c5sc(-c6c(F)c(F)c(-c8cc(CC)cs8)c8nsnc68)cc5CC)sc47)s3)c3nsnc23)c1,-5.16172763,-2.81011973,0.113008,1,PC70BM,COC(=O)CCCC1(c2ccccc2)C23c4c5c6c7c8c9c(c%10c%11c2c2c4c4c%12c5c5c6c6c8c8c%13c9c9c%10c%10c%11c%11c2c2c4c4c%14c%12c%12c5c5c6c8c6c8c%13c9c9c%10c%10c%11c%11c2c4c2c4c%14c%12c%12c5c6c5c6c8c9c8c%10c%11c2c(c86)c4c%125)C713,-5.597654,-3.06209716,-2.994613,0.094445,3.972068,3.943948,4.198699
104.0,10.1039/C5CP05474E,0.84,5.08,2.18,140,BDPT-2BT,CCc1csc(-c2ccc(-c3cc(CC)c(-c4cc5c(C(C)C)nc6cc7c(cc6c5s4)nc(C(C)C)c4cc(-c5sc(-c6ccc(-c8cc(CC)cs8)c8nsnc68)cc5CC)sc47)s3)c3nsnc23)c1,-5.0648551,-2.70072997,0.119108,1,PC70BM,COC(=O)CCCC1(c2ccccc2)C23c4c5c6c7c8c9c(c%10c%11c2c2c4c4c%12c5c5c6c6c8c8c%13c9c9c%10c%10c%11c%11c2c2c4c4c%14c%12c%12c5c5c6c8c6c8c%13c9c9c%10c%10c%11c%11c2c4c2c4c%14c%12c%12c5c6c5c6c8c9c8c%10c%11c2c(c86)c4c%125)C713,-5.597654,-3.06209716,-2.994613,0.094445,1.959243,2.031758,1.835354
103.0,10.1039/C5TA10430K,0.89,9.7,4.8,141,PCLDPP,CCN1C(=O)C2=C(c3ccc(-c4cc5c(s4)c4cc6c(=O)n(CC)c7cc(-c8ccc(C9=C%10C(=O)N(CC)C(c%11cccs%11)=C%10C(=O)N9CC)s8)sc7c6cc4c(=O)n5CC)s3)N(CC)C(=O)C2=C1c1cccs1,-4.8289324,-2.88876064,0.075556,1,PC70BM,COC(=O)CCCC1(c2ccccc2)C23c4c5c6c7c8c9c(c%10c%11c2c2c4c4c%12c5c5c6c6c8c8c%13c9c9c%10c%10c%11c%11c2c2c4c4c%14c%12c%12c5c5c6c8c6c8c%13c9c9c%10c%10c%11c%11c2c4c2c4c%14c%12c%12c5c6c5c6c8c9c8c%10c%11c2c(c86)c4c%125)C713,-5.597654,-3.06209716,-2.994613,0.094445,2.687364,2.628736,3.167821
102.0,10.1021/am5006223,0.71,10.69,3.69,142,DPP2(NPTA),CCC1=C2Sc3c(n(CC)c4c3sc3c(CC)c(-c5ccc(C6=C7C(=O)N(CC)C(c8cccs8)=C7C(=O)N6CC)s5)sc34)C2[S]=C1c1ccc(C2=C3C(=O)N(CC)C(c4cccs4)=C3C(=O)N2CC)s1,-4.68498416,-2.58099987,0.097335,1,PC70BM,COC(=O)CCCC1(c2ccccc2)C23c4c5c6c7c8c9c(c%10c%11c2c2c4c4c%12c5c5c6c6c8c8c%13c9c9c%10c%10c%11c%11c2c2c4c4c%14c%12c%12c5c5c6c8c6c8c%13c9c9c%10c%10c%11c%11c2c4c2c4c%14c%12c%12c5c6c5c6c8c9c8c%10c%11c2c(c86)c4c%125)C713,-5.597654,-3.06209716,-2.994613,0.094445,3.47807,3.747009,3.328403
102.0,10.1021/am5006223,0.77,6.82,2.39,143,DPP2(PTA),CCc1c(-c2ccc(C3=C4C(=O)N(CC)C(c5cccs5)=C4C(=O)N3CC)s2)sc2c1sc1c2sc2c3sc(-c4ccc(C5=C6C(=O)N(CC)C(c7cccs7)=C6C(=O)N5CC)s4)c(CC)c3sc21,-4.82349011,-2.63732744,0.100601,1,PC70BM,COC(=O)CCCC1(c2ccccc2)C23c4c5c6c7c8c9c(c%10c%11c2c2c4c4c%12c5c5c6c6c8c8c%13c9c9c%10c%10c%11c%11c2c2c4c4c%14c%12c%12c5c5c6c8c6c8c%13c9c9c%10c%10c%11c%11c2c4c2c4c%14c%12c%12c5c6c5c6c8c9c8c%10c%11c2c(c86)c4c%125)C713,-5.597654,-3.06209716,-2.994613,0.094445,3.178661,2.677454,3.132337
101.0,10.1039/C5TC01348H,0.597,1.58,0.43,144,DDPP’-TTAR,CCOC1C2=C(c3ccc(-c4sc5c(sc6c7sc(-c8ccc(C9=C%10C(=C(c%11cccs%11)N(CC)C%10OCC)C(=O)N9CC)s8)c(CC)c7sc56)c4CC)s3)N(CC)C(=O)C2=C(c2cccs2)N1CC,-3.60387584,-2.65691964,0.11273,1,PC70BM,COC(=O)CCCC1(c2ccccc2)C23c4c5c6c7c8c9c(c%10c%11c2c2c4c4c%12c5c5c6c6c8c8c%13c9c9c%10c%10c%11c%11c2c2c4c4c%14c%12c%12c5c5c6c8c6c8c%13c9c9c%10c%10c%11c%11c2c4c2c4c%14c%12c%12c5c6c5c6c8c9c8c%10c%11c2c(c86)c4c%125)C713,-5.597654,-3.06209716,-2.994613,0.094445,1.784037,2.611588,2.667926
101.0,10.1039/C5TC01348H,0.7222,10.4,3.98,145,DDPP-TTAR,CCc1c(-c2ccc(C3=C4C(=O)N(CC)C(c5cccs5)=C4C(=O)N3CC)s2)sc2c1sc1c3sc(-c4ccc(C5=C6C(=O)N(CC)C(c7cccs7)=C6C(=O)N5CC)s4)c(CC)c3sc21,-4.80471426,-2.67542338,0.10661,1,PC70BM,COC(=O)CCCC1(c2ccccc2)C23c4c5c6c7c8c9c(c%10c%11c2c2c4c4c%12c5c5c6c6c8c8c%13c9c9c%10c%10c%11c%11c2c2c4c4c%14c%12c%12c5c5c6c8c6c8c%13c9c9c%10c%10c%11c%11c2c4c2c4c%14c%12c%12c5c6c5c6c8c9c8c%10c%11c2c(c86)c4c%125)C713,-5.597654,-3.06209716,-2.994613,0.094445,2.564332,2.251054,2.691614
100.0,10.1039/c3ta13816j,0.88,8.53,2.82,146,IDT-2DPP,CCc1ccc(C2(c3ccc(CC)cc3)c3cc4c(cc3-c3sc(-c5ccc(C6=C7C(=O)N(CC)C(c8cccs8)=C7C(=O)N6CC)s5)cc32)C(c2ccc(CC)cc2)(c2ccc(CC)cc2)c2cc(-c3ccc(C5=C6C(=O)N(CC)C(c7cccs7)=C6C(=O)N5CC)s3)sc2-4)cc1,-4.65151416,-2.64576297,0.087079,1,PC70BM,COC(=O)CCCC1(c2ccccc2)C23c4c5c6c7c8c9c(c%10c%11c2c2c4c4c%12c5c5c6c6c8c8c%13c9c9c%10c%10c%11c%11c2c2c4c4c%14c%12c%12c5c5c6c8c6c8c%13c9c9c%10c%10c%11c%11c2c4c2c4c%14c%12c%12c5c6c5c6c8c9c8c%10c%11c2c(c86)c4c%125)C713,-5.597654,-3.06209716,-2.994613,0.094445,3.43082,2.926273,3.853794
99.0,10.1039/C5TA06501A,0.8,11.4,5.5,147,m2,CCc1ccc(-c2c3cc(-c4ccc(C5=C6C(=O)N(CC)C(c7cccs7)=C6C(=O)N5CC)s4)oc3c(-c3ccc(CC)c(F)c3)c3cc(-c4ccc(C5=C6C(=O)N(CC)C(c7cccs7)=C6C(=O)N5CC)s4)oc23)cc1F,-4.78811531,-2.83352153,0.085235,2,PCBM,COC(=O)CCCC1(c2ccccc2)C23c4c5c6c7c8c9c(c%10c%11c2c2c%12c4c4c%13c5c5c7c7c8c8c%14c9c%10c9c%10c%11c2c2c%11c%12c4c4c%12c%13c5c5c7c7c8c8c%14c9c9c%10c2c2c%11c4c4c%12c5c7c5c8c9c2c45)C613,-5.654798,-3.09012489,-3.030532,0.075499,2.483802,2.741165,2.491712
99.0,10.1039/C5TA06501A,0.88,5.5,3.1,148,m1,CCc1ccc(-c2c3cc(-c4ccc(C5=C6C(=O)N(CC)C(c7cccs7)=C6C(=O)N5CC)s4)sc3c(-c3ccc(CC)c(F)c3)c3cc(-c4ccc(C5=C6C(=O)N(CC)C(c7cccs7)=C6C(=O)N5CC)s4)sc23)cc1F,-4.79736718,-2.82644657,0.085839,2,PCBM,COC(=O)CCCC1(c2ccccc2)C23c4c5c6c7c8c9c(c%10c%11c2c2c%12c4c4c%13c5c5c7c7c8c8c%14c9c%10c9c%10c%11c2c2c%11c%12c4c4c%12c%13c5c5c7c7c8c8c%14c9c9c%10c2c2c%11c4c4c%12c5c7c5c8c9c2c45)C613,-5.654798,-3.09012489,-3.030532,0.075499,4.471064,4.340495,4.523532
97.0,10.1021/am302896u,0.72,11.86,5.29,149,Bdt-dpp,CCc1ccc(-c2c3cc(-c4ccc(C5=C6C(=O)N(CC)C(c7cccs7)=C6C(=O)N5CC)s4)sc3c(-c3ccc(CC)s3)c3cc(-c4ccc(C5=C6C(=O)N(CC)C(c7cccs7)=C6C(=O)N5CC)s4)sc23)s1,-4.76525775,-2.80930339,0.084139,1,PC70BM,COC(=O)CCCC1(c2ccccc2)C23c4c5c6c7c8c9c(c%10c%11c2c2c4c4c%12c5c5c6c6c8c8c%13c9c9c%10c%10c%11c%11c2c2c4c4c%14c%12c%12c5c5c6c8c6c8c%13c9c9c%10c%10c%11c%11c2c4c2c4c%14c%12c%12c5c6c5c6c8c9c8c%10c%11c2c(c86)c4c%125)C713,-5.597654,-3.06209716,-2.994613,0.094445,4.159199,4.038255,4.933177
96.0,10.1039/c3ee24351f,0.835,3.0,1.28,150,SOHDT(TDPPTBFU)2,CCN1C(=O)C2=C(c3ccc(-c4cc5ccccc5o4)s3)N(CC)C(=O)C2=C1c1ccc(-c2csc(-c3scc(-c4ccc(C5=C6C(=O)N(CC)C(c7ccc(-c8cc9ccccc9o8)s7)=C6C(=O)N5CC)s4)c3C[Si](O)(CC)CC)c2)s1,-4.77723076,-2.76712575,0.078371,1,PC70BM,COC(=O)CCCC1(c2ccccc2)C23c4c5c6c7c8c9c(c%10c%11c2c2c4c4c%12c5c5c6c6c8c8c%13c9c9c%10c%10c%11c%11c2c2c4c4c%14c%12c%12c5c5c6c8c6c8c%13c9c9c%10c%10c%11c%11c2c4c2c4c%14c%12c%12c5c6c5c6c8c9c8c%10c%11c2c(c86)c4c%125)C713,-5.597654,-3.06209716,-2.994613,0.094445,2.08865,2.179908,1.903854
96.0,10.1039/c3ee24351f,0.67,2.88,0.74,151,SDT(TDPPTBFU)2,CCN1C(=O)C2=C(c3ccc(-c4csc5c4[Si](CC)(CC)c4c(-c6ccc(C7=C8C(=O)N(CC)C(c9ccc(-c%10cc%11ccccc%11o%10)s9)=C8C(=O)N7CC)s6)csc4-5)s3)N(CC)C(=O)C2=C1c1ccc(-c2cc3ccccc3o2)s1,-4.86920524,-2.70671647,0.07518,1,PC70BM,COC(=O)CCCC1(c2ccccc2)C23c4c5c6c7c8c9c(c%10c%11c2c2c4c4c%12c5c5c6c6c8c8c%13c9c9c%10c%10c%11c%11c2c2c4c4c%14c%12c%12c5c5c6c8c6c8c%13c9c9c%10c%10c%11c%11c2c4c2c4c%14c%12c%12c5c6c5c6c8c9c8c%10c%11c2c(c86)c4c%125)C713,-5.597654,-3.06209716,-2.994613,0.094445,1.910131,1.980303,1.765609
96.0,10.1039/c3ee24351f,0.729,2.07,0.77,152,F(TDPPTBFU)2,CCN1C(=O)C2=C(c3ccc(-c4cc5ccccc5o4)s3)N(CC)C(=O)C2=C1c1ccc(-c2ccc3c(c2)C(CC)(CC)c2cc(-c4ccc(C5=C6C(=O)N(CC)C(c7ccc(-c8cc9ccccc9o8)s7)=C6C(=O)N5CC)s4)ccc2-3)s1,-4.7720606,-2.78073144,0.077727,1,PC70BM,COC(=O)CCCC1(c2ccccc2)C23c4c5c6c7c8c9c(c%10c%11c2c2c4c4c%12c5c5c6c6c8c8c%13c9c9c%10c%10c%11c%11c2c2c4c4c%14c%12c%12c5c5c6c8c6c8c%13c9c9c%10c%10c%11c%11c2c4c2c4c%14c%12c%12c5c6c5c6c8c9c8c%10c%11c2c(c86)c4c%125)C713,-5.597654,-3.06209716,-2.994613,0.094445,1.689222,1.487824,1.772554
96.0,10.1039/c3ee24351f,0.78,6.2,2.51,153,F(TDPP(TTT)2,CCc1ccc(-c2ccc(-c3ccc(C4=C5C(=O)N(CC)C(c6ccc(-c7ccc8c(c7)C(CC)(CC)c7cc(-c9ccc(C%10=C%11C(=O)N(CC)C(c%12ccc(-c%13ccc(-c%14ccc(CC)s%14)s%13)s%12)=C%11C(=O)N%10CC)s9)ccc7-8)s6)=C5C(=O)N4CC)s3)s2)s1,-4.64933725,-2.71406354,0.080146,1,PC70BM,COC(=O)CCCC1(c2ccccc2)C23c4c5c6c7c8c9c(c%10c%11c2c2c4c4c%12c5c5c6c6c8c8c%13c9c9c%10c%10c%11c%11c2c2c4c4c%14c%12c%12c5c5c6c8c6c8c%13c9c9c%10c%10c%11c%11c2c4c2c4c%14c%12c%12c5c6c5c6c8c9c8c%10c%11c2c(c86)c4c%125)C713,-5.597654,-3.06209716,-2.994613,0.094445,2.960399,3.143516,2.811228
96.0,10.1039/c3ee24351f,0.511,2.2,0.74,154,BT(TDPPTTT_2,CCc1ccc(-c2ccc(-c3ccc(C4=C5C(=O)N(CC)C(c6ccc(-c7ccc(-c8ccc(C9=C%10C(=O)N(CC)C(c%11ccc(-c%12ccc(-c%13ccc(CC)s%13)s%12)s%11)=C%10C(=O)N9CC)s8)c8nsnc78)s6)=C5C(=O)N4CC)s3)s2)s1,-4.60960863,-3.15570432,0.102321,1,PC70BM,COC(=O)CCCC1(c2ccccc2)C23c4c5c6c7c8c9c(c%10c%11c2c2c4c4c%12c5c5c6c6c8c8c%13c9c9c%10c%10c%11c%11c2c2c4c4c%14c%12c%12c5c5c6c8c6c8c%13c9c9c%10c%10c%11c%11c2c4c2c4c%14c%12c%12c5c6c5c6c8c9c8c%10c%11c2c(c86)c4c%125)C713,-5.597654,-3.06209716,-2.994613,0.094445,1.5296,1.769422,1.774882
96.0,10.1039/c3ee24351f,0.67,4.12,1.62,155,BDT(TDPPTTT)2,CCc1ccc(-c2ccc(-c3ccc(C4=C5C(=O)N(CC)C(c6ccc(-c7cc8c(CC)c9sc(-c%10ccc(C%11=C%12C(=O)N(CC)C(c%13ccc(-c%14ccc(-c%15ccc(CC)s%15)s%14)s%13)=C%12C(=O)N%11CC)s%10)cc9c(CC)c8s7)s6)=C5C(=O)N4CC)s3)s2)s1,-4.64525554,-2.83950803,0.085694,1,PC70BM,COC(=O)CCCC1(c2ccccc2)C23c4c5c6c7c8c9c(c%10c%11c2c2c4c4c%12c5c5c6c6c8c8c%13c9c9c%10c%10c%11c%11c2c2c4c4c%14c%12c%12c5c5c6c8c6c8c%13c9c9c%10c%10c%11c%11c2c4c2c4c%14c%12c%12c5c6c5c6c8c9c8c%10c%11c2c(c86)c4c%125)C713,-5.597654,-3.06209716,-2.994613,0.094445,3.66398,3.351088,3.684787
96.0,10.1039/c3ee24351f,0.8,3.49,1.46,156,BDT(TDPPTBFU)2,CCc1c2cc(-c3ccc(C4=C5C(=O)N(CC)C(c6ccc(-c7cc8ccccc8o7)s6)=C5C(=O)N4CC)s3)sc2c(CC)c2cc(-c3ccc(C4=C5C(=O)N(CC)C(c6ccc(-c7cc8ccccc8o7)s6)=C5C(=O)N4CC)s3)sc12,-4.73233197,-2.88032511,0.083251,1,PC70BM,COC(=O)CCCC1(c2ccccc2)C23c4c5c6c7c8c9c(c%10c%11c2c2c4c4c%12c5c5c6c6c8c8c%13c9c9c%10c%10c%11c%11c2c2c4c4c%14c%12c%12c5c5c6c8c6c8c%13c9c9c%10c%10c%11c%11c2c4c2c4c%14c%12c%12c5c6c5c6c8c9c8c%10c%11c2c(c86)c4c%125)C713,-5.597654,-3.06209716,-2.994613,0.094445,1.301829,1.217893,1.326482
95.0,10.1021/cm301095x,0.718,6.67,1.7,157,8,CCC#Cc1cc(-c2ccc(C3=C4C(=O)N(CC)C(c5cccs5)=C4C(=O)N3CC)s2)sc1C#Cc1sc(-c2ccc(C3=C4C(=O)N(CC)C(c5cccs5)=C4C(=O)N3CC)s2)cc1C#CCC,-4.7407675,-2.82481388,0.08558,2,PCBM,COC(=O)CCCC1(c2ccccc2)C23c4c5c6c7c8c9c(c%10c%11c2c2c%12c4c4c%13c5c5c7c7c8c8c%14c9c%10c9c%10c%11c2c2c%11c%12c4c4c%12c%13c5c5c7c7c8c8c%14c9c9c%10c2c2c%11c4c4c%12c5c7c5c8c9c2c45)C613,-5.654798,-3.09012489,-3.030532,0.075499,2.141573,1.552191,2.62512
94.0,10.1039/c2nj40963a,0.66,3.17,0.78,158,FL(TDPP)2,CCN1C(=O)C2=C(c3ccc(-c4ccc5c(c4)-c4cc(-c6ccc(C7=C8C(=O)N(CC)C(c9cccs9)=C8C(=O)N7CC)s6)ccc4C5(CC)CC)s3)N(CC)C(=O)C2=C1c1cccs1,-4.91138289,-2.48902539,0.087419,2,PCBM,COC(=O)CCCC1(c2ccccc2)C23c4c5c6c7c8c9c(c%10c%11c2c2c%12c4c4c%13c5c5c7c7c8c8c%14c9c%10c9c%10c%11c2c2c%11c%12c4c4c%12c%13c5c5c7c7c8c8c%14c9c9c%10c2c2c%11c4c4c%12c5c7c5c8c9c2c45)C613,-5.654798,-3.09012489,-3.030532,0.075499,2.410542,2.654043,2.30995
94.0,10.1039/c2nj40963a,0.65,2.63,0.75,159,PTZ(TDPP)2,CCN1C(=O)C2=C(c3ccc(-c4ccc5c(c4)Sc4cc(-c6ccc(C7=C8C(=O)N(CC)C(c9cccs9)=C8C(=O)N7CC)s6)ccc4N5CC)s3)N(CC)C(=O)C2=C1c1cccs1,-4.82621125,-2.50371954,0.095397,2,PCBM,COC(=O)CCCC1(c2ccccc2)C23c4c5c6c7c8c9c(c%10c%11c2c2c%12c4c4c%13c5c5c7c7c8c8c%14c9c%10c9c%10c%11c2c2c%11c%12c4c4c%12c%13c5c5c7c7c8c8c%14c9c9c%10c2c2c%11c4c4c%12c5c7c5c8c9c2c45)C613,-5.654798,-3.09012489,-3.030532,0.075499,2.192361,2.481483,2.104241
94.0,10.1039/c2nj40963a,0.64,1.95,0.53,160,DPA(TDPP)2,CCN1C(=O)C2=C(c3ccc(-c4ccc(N(CC)c5ccc(-c6ccc(C7=C8C(=O)N(CC)C(c9cccs9)=C8C(=O)N7CC)s6)cc5)cc4)s3)N(CC)C(=O)C2=C1c1cccs1,-4.68307937,-2.58236044,0.113561,2,PCBM,COC(=O)CCCC1(c2ccccc2)C23c4c5c6c7c8c9c(c%10c%11c2c2c%12c4c4c%13c5c5c7c7c8c8c%14c9c%10c9c%10c%11c2c2c%11c%12c4c4c%12c%13c5c5c7c7c8c8c%14c9c9c%10c2c2c%11c4c4c%12c5c7c5c8c9c2c45)C613,-5.654798,-3.09012489,-3.030532,0.075499,1.75279,1.610377,2.202477
94.0,10.1039/c2nj40963a,0.66,4.12,1.5,161,CZ(TDPP)2,CCN1C(=O)C2=C(c3ccc(-c4ccc5c(c4)c4cc(-c6ccc(C7=C8C(=O)N(CC)C(c9cccs9)=C8C(=O)N7CC)s6)ccc4n5CC)s3)N(CC)C(=O)C2=C1c1cccs1,-4.78294515,-2.43786799,0.091588,2,PCBM,COC(=O)CCCC1(c2ccccc2)C23c4c5c6c7c8c9c(c%10c%11c2c2c%12c4c4c%13c5c5c7c7c8c8c%14c9c%10c9c%10c%11c2c2c%11c%12c4c4c%12c%13c5c5c7c7c8c8c%14c9c9c%10c2c2c%11c4c4c%12c5c7c5c8c9c2c45)C613,-5.654798,-3.09012489,-3.030532,0.075499,2.320773,2.718955,2.054817
93.0,10.1021/acsami.5b03338,0.82,11.9,5.44,162,"DPP2AN(2,6)",CCN1C(=O)C2=C(c3ccc(-c4ccc5cc6cc(-c7ccc(C8=C9C(=O)N(CC)C(c%10cccs%10)=C9C(=O)N8CC)s7)ccc6cc5c4)s3)N(CC)C(=O)C2=C1c1cccs1,-4.82893239,-2.65066102,0.08593,1,PC70BM,COC(=O)CCCC1(c2ccccc2)C23c4c5c6c7c8c9c(c%10c%11c2c2c4c4c%12c5c5c6c6c8c8c%13c9c9c%10c%10c%11c%11c2c2c4c4c%14c%12c%12c5c5c6c8c6c8c%13c9c9c%10c%10c%11c%11c2c4c2c4c%14c%12c%12c5c6c5c6c8c9c8c%10c%11c2c(c86)c4c%125)C713,-5.597654,-3.06209716,-2.994613,0.094445,3.473209,3.307192,3.486189
93.0,10.1021/acsami.5b03338,0.97,4.09,1.45,163,"DPP2AN(9,10)",CCN1C(=O)C2=C(c3ccc(-c4c5ccccc5c(-c5ccc(C6=C7C(=O)N(CC)C(c8cccs8)=C7C(=O)N6CC)s5)c5ccccc45)s3)N(CC)C(=O)C2=C1c1cccs1,-4.95437688,-2.48657637,0.122349,1,PC70BM,COC(=O)CCCC1(c2ccccc2)C23c4c5c6c7c8c9c(c%10c%11c2c2c4c4c%12c5c5c6c6c8c8c%13c9c9c%10c%10c%11c%11c2c2c4c4c%14c%12c%12c5c5c6c8c6c8c%13c9c9c%10c%10c%11c%11c2c4c2c4c%14c%12c%12c5c6c5c6c8c9c8c%10c%11c2c(c86)c4c%125)C713,-5.597654,-3.06209716,-2.994613,0.094445,2.732444,2.35796,2.622167
110.0,10.1039/C4TA06035K,0.68,13.39,5.03,164,F(DPP)2B2,CCc1ccc(-c2ccc(-c3ccc(C4=C5C(=O)N(CC)C(c6ccc(-c7cc8c(-c9ccc(CC)s9)c9sc(-c%10ccc(C%11=C%12C(=O)N(CC)C(c%13ccc(-c%14ccc(-c%15ccc(CC)s%15)s%14)s%13)=C%12C(=O)N%11CC)s%10)cc9c(-c9ccc(CC)s9)c8s7)s6)=C5C(=O)N4CC)s3)s2)s1,-4.60090098,-2.82590234,0.080977,1,PC70BM,COC(=O)CCCC1(c2ccccc2)C23c4c5c6c7c8c9c(c%10c%11c2c2c4c4c%12c5c5c6c6c8c8c%13c9c9c%10c%10c%11c%11c2c2c4c4c%14c%12c%12c5c5c6c8c6c8c%13c9c9c%10c%10c%11c%11c2c4c2c4c%14c%12c%12c5c6c5c6c8c9c8c%10c%11c2c(c86)c4c%125)C713,-5.597654,-3.06209716,-2.994613,0.094445,3.39933,3.871451,3.728496
111.0,10.1002/aenm.201400879,0.66,8.16,2.3,165,T-DPP,CCc1ccc(-c2ccc(C3=C4C(=O)N(CC)C(c5ccc(-c6ccc(-c7ccc(C8=C9C(=O)N(CC)C(c%10ccc(-c%11ccc(CC)cc%11)s%10)=C9C(=O)N8CC)s7)s6)s5)=C4C(=O)N3CC)s2)cc1,-4.67110636,-2.73256729,0.107876,1,PC70BM,COC(=O)CCCC1(c2ccccc2)C23c4c5c6c7c8c9c(c%10c%11c2c2c4c4c%12c5c5c6c6c8c8c%13c9c9c%10c%10c%11c%11c2c2c4c4c%14c%12c%12c5c5c6c8c6c8c%13c9c9c%10c%10c%11c%11c2c4c2c4c%14c%12c%12c5c6c5c6c8c9c8c%10c%11c2c(c86)c4c%125)C713,-5.597654,-3.06209716,-2.994613,0.094445,2.303671,2.033603,2.316401
58.0,10.1039/c2ta00148a,0.94,8.55,4.02,166,DPP(CT)2,CCOC(=O)c1ccc(-c2ccc(C3=C4C(=O)N(CC)C(c5ccc(-c6ccc(C(=O)OCC)s6)s5)=C4C(=O)N3CC)s2)s1,-5.01533038,-2.8841347,0.157861,1,PC70BM,COC(=O)CCCC1(c2ccccc2)C23c4c5c6c7c8c9c(c%10c%11c2c2c4c4c%12c5c5c6c6c8c8c%13c9c9c%10c%10c%11c%11c2c2c4c4c%14c%12c%12c5c5c6c8c6c8c%13c9c9c%10c%10c%11c%11c2c4c2c4c%14c%12c%12c5c6c5c6c8c9c8c%10c%11c2c(c86)c4c%125)C713,-5.597654,-3.06209716,-2.994613,0.094445,2.165853,2.129205,2.503421
111.0,10.1002/aenm.201400879,0.66,8.47,2.1,167,ING-DPP,CCc1ccc(-c2ccc(C3=C4C(=O)N(CC)C(c5ccc(-c6ccc(-c7ccc8c(c7)N(CC)C(=O)C8=C7C(=O)N(CC)c8cc(-c9ccc(-c%10ccc(C%11=C%12C(=O)N(CC)C(c%13ccc(-c%14ccc(CC)cc%14)s%13)=C%12C(=O)N%11CC)s%10)s9)ccc87)s6)s5)=C4C(=O)N3CC)s2)cc1,-4.7505636,-2.94019015,0.076414,1,PC70BM,COC(=O)CCCC1(c2ccccc2)C23c4c5c6c7c8c9c(c%10c%11c2c2c4c4c%12c5c5c6c6c8c8c%13c9c9c%10c%10c%11c%11c2c2c4c4c%14c%12c%12c5c5c6c8c6c8c%13c9c9c%10c%10c%11c%11c2c4c2c4c%14c%12c%12c5c6c5c6c8c9c8c%10c%11c2c(c86)c4c%125)C713,-5.597654,-3.06209716,-2.994613,0.094445,1.612085,1.240946,1.879117
125.0,10.1002/adma.201302007,0.89,8.98,4.8,168,5A,CCN1C(=O)C2=C(c3ccc(-c4ccc(C5=C6C(=O)N(CC)C(c7cccs7)=C6C(=O)N5CC)s4)cc3)N(CC)C(=O)C2=C1c1ccc(-c2ccc(C3=C4C(=O)N(CC)C(c5cccs5)=C4C(=O)N3CC)s2)cc1,-4.89614451,-2.81773892,0.083332,1,PC70BM,COC(=O)CCCC1(c2ccccc2)C23c4c5c6c7c8c9c(c%10c%11c2c2c4c4c%12c5c5c6c6c8c8c%13c9c9c%10c%10c%11c%11c2c2c4c4c%14c%12c%12c5c5c6c8c6c8c%13c9c9c%10c%10c%11c%11c2c4c2c4c%14c%12c%12c5c6c5c6c8c9c8c%10c%11c2c(c86)c4c%125)C713,-5.597654,-3.06209716,-2.994613,0.094445,1.88341,1.596574,2.012797
124.0,10.1016/j.dyepig.2014.12.007,0.5,2.75,0.39,169,PDPP-CZ,CCN1C(=O)C2=C(c3ccc(-c4ccc(-n5c6ccc(C(C)C)cc6c6cc(C(C)C)ccc65)cc4)s3)N(CC)C(=O)C2=C1c1ccc(-c2ccc(-c3ccc(-c4nc(-c5ccc(-c6ccc(-c7ccc(C8=C9C(=O)N(CC)C(c%10ccc(-c%11ccc(-n%12c%13ccc(C(C)C)cc%13c%13cc(C(C)C)ccc%13%12)cc%11)s%10)=C9C(=O)N8CC)s7)cc6)cc5)nc(-c5ccc(-c6ccc(-c7ccc(C8=C9C(=O)N(CC)C(c%10ccc(-c%11ccc(-n%12c%13ccc(C(C)C)cc%13c%13cc(C(C)C)ccc%13%12)cc%11)s%10)=C9C(=O)N8CC)s7)cc6)cc5)n4)cc3)cc2)s1,-4.87927345,-2.63542264,0.048825,1,PC70BM,COC(=O)CCCC1(c2ccccc2)C23c4c5c6c7c8c9c(c%10c%11c2c2c4c4c%12c5c5c6c6c8c8c%13c9c9c%10c%10c%11c%11c2c2c4c4c%14c%12c%12c5c5c6c8c6c8c%13c9c9c%10c%10c%11c%11c2c4c2c4c%14c%12c%12c5c6c5c6c8c9c8c%10c%11c2c(c86)c4c%125)C713,-5.597654,-3.06209716,-2.994613,0.094445,1.992638,1.956728,1.955496
124.0,10.1016/j.dyepig.2014.12.007,0.61,5.85,1.14,170,PDPP-TPA,CCN1C(=O)C2=C(c3ccc(-c4ccc(N(c5ccc(C(C)C)cc5)c5ccc(C(C)C)cc5)cc4)s3)N(CC)C(=O)C2=C1c1ccc(-c2ccc(-c3ccc(-c4nc(-c5ccc(-c6ccc(-c7ccc(C8=C9C(=O)N(CC)C(c%10ccc(-c%11ccc(N(c%12ccc(C(C)C)cc%12)c%12ccc(C(C)C)cc%12)cc%11)s%10)=C9C(=O)N8CC)s7)cc6)cc5)nc(-c5ccc(-c6ccc(-c7ccc(C8=C9C(=O)N(CC)C(c%10ccc(-c%11ccc(N(c%12ccc(C(C)C)cc%12)c%12ccc(C(C)C)cc%12)cc%11)s%10)=C9C(=O)N8CC)s7)cc6)cc5)n4)cc3)cc2)s1,-4.63219408,-2.46916108,0.048861,1,PC70BM,COC(=O)CCCC1(c2ccccc2)C23c4c5c6c7c8c9c(c%10c%11c2c2c4c4c%12c5c5c6c6c8c8c%13c9c9c%10c%10c%11c%11c2c2c4c4c%14c%12c%12c5c5c6c8c6c8c%13c9c9c%10c%10c%11c%11c2c4c2c4c%14c%12c%12c5c6c5c6c8c9c8c%10c%11c2c(c86)c4c%125)C713,-5.597654,-3.06209716,-2.994613,0.094445,2.41811,2.375809,2.422201
124.0,10.1016/j.dyepig.2014.12.007,0.73,6.34,1.57,171,TDPP-TPA,CCN1C(=O)C2=C(c3ccc(-c4ccc(N(c5ccc(C(C)C)cc5)c5ccc(C(C)C)cc5)cc4)s3)N(CC)C(=O)C2=C1c1ccc(-c2ccc(-c3nc(-c4ccc(-c5ccc(C6=C7C(=O)N(CC)C(c8ccc(-c9ccc(N(c%10ccc(C(C)C)cc%10)c%10ccc(C(C)C)cc%10)cc9)s8)=C7C(=O)N6CC)s5)cc4)nc(-c4ccc(-c5ccc(C6=C7C(=O)N(CC)C(c8ccc(-c9ccc(N(c%10ccc(C(C)C)cc%10)c%10ccc(C(C)C)cc%10)cc9)s8)=C7C(=O)N6CC)s5)cc4)n3)cc2)s1,-4.63709213,-2.54263182,0.047674,1,PC70BM,COC(=O)CCCC1(c2ccccc2)C23c4c5c6c7c8c9c(c%10c%11c2c2c4c4c%12c5c5c6c6c8c8c%13c9c9c%10c%10c%11c%11c2c2c4c4c%14c%12c%12c5c5c6c8c6c8c%13c9c9c%10c%10c%11c%11c2c4c2c4c%14c%12c%12c5c6c5c6c8c9c8c%10c%11c2c(c86)c4c%125)C713,-5.597654,-3.06209716,-2.994613,0.094445,2.139388,2.05357,2.180238
123.0,10.1002/asia.201300371,0.77,7.69,3.41,172,3D-B-T-P,CCc1ccc(-c2c3cc(-c4ccc(C5=C6C(=O)N(CC)C(c7cccs7)=C6C(=O)N5CC)s4)sc3c(-c3ccc(CC)s3)c3sc(-c4ccc(-c5cc(-c6ccc(-c7cc8c(-c9ccc(CC)s9)c9cc(-c%10ccc(C%11=C%12C(=O)N(CC)C(c%13cccs%13)=C%12C(=O)N%11CC)s%10)sc9c(-c9ccc(CC)s9)c8s7)s6)cc(-c6ccc(-c7cc8c(-c9ccc(CC)s9)c9cc(-c%10ccc(C%11=C%12C(=O)N(CC)C(c%13cccs%13)=C%12C(=O)N%11CC)s%10)sc9c(-c9ccc(CC)s9)c8s7)s6)c5)s4)cc23)s1,-4.85315052,-2.55514906,0.054283,1,PC70BM,COC(=O)CCCC1(c2ccccc2)C23c4c5c6c7c8c9c(c%10c%11c2c2c4c4c%12c5c5c6c6c8c8c%13c9c9c%10c%10c%11c%11c2c2c4c4c%14c%12c%12c5c5c6c8c6c8c%13c9c9c%10c%10c%11c%11c2c4c2c4c%14c%12c%12c5c6c5c6c8c9c8c%10c%11c2c(c86)c4c%125)C713,-5.597654,-3.06209716,-2.994613,0.094445,3.444141,3.426173,3.704839
123.0,10.1002/asia.201300371,0.74,5.57,1.81,173,2D-B-T-P,CCc1ccc(-c2c3ccsc3c(-c3ccc(CC)s3)c3sc(-c4ccc(-c5cc(-c6ccc(-c7cc8c(-c9ccc(CC)s9)c9cc(-c%10ccc(C%11=C%12C(=O)N(CC)C(c%13cccs%13)=C%12C(=O)N%11CC)s%10)sc9c(-c9ccc(CC)s9)c8s7)s6)cc(-c6ccc(-c7cc8c(-c9ccc(CC)s9)c9cc(-c%10ccc(C%11=C%12C(=O)N(CC)C(c%13cccs%13)=C%12C(=O)N%11CC)s%10)sc9c(-c9ccc(CC)s9)c8s7)s6)c5)s4)cc23)s1,-4.84716402,-2.5480741,0.063609,1,PC70BM,COC(=O)CCCC1(c2ccccc2)C23c4c5c6c7c8c9c(c%10c%11c2c2c4c4c%12c5c5c6c6c8c8c%13c9c9c%10c%10c%11c%11c2c2c4c4c%14c%12c%12c5c5c6c8c6c8c%13c9c9c%10c%10c%11c%11c2c4c2c4c%14c%12c%12c5c6c5c6c8c9c8c%10c%11c2c(c86)c4c%125)C713,-5.597654,-3.06209716,-2.994613,0.094445,3.961883,3.705304,3.732088
123.0,10.1002/asia.201300371,0.7,3.87,0.75,174,2D-T-P,CCN1C(=O)C2=C(c3ccc(-c4ccc(-c5cc(-c6cccs6)cc(-c6ccc(-c7ccc(C8=C9C(=O)N(CC)C(c%10cccs%10)=C9C(=O)N8CC)s7)s6)c5)s4)s3)N(CC)C(=O)C2=C1c1cccs1,-4.8585928,-2.62208906,0.082679,1,PC70BM,COC(=O)CCCC1(c2ccccc2)C23c4c5c6c7c8c9c(c%10c%11c2c2c4c4c%12c5c5c6c6c8c8c%13c9c9c%10c%10c%11c%11c2c2c4c4c%14c%12c%12c5c5c6c8c6c8c%13c9c9c%10c%10c%11c%11c2c4c2c4c%14c%12c%12c5c6c5c6c8c9c8c%10c%11c2c(c86)c4c%125)C713,-5.597654,-3.06209716,-2.994613,0.094445,2.182407,2.137771,1.841756
123.0,10.1002/asia.201300371,0.84,4.45,1.2,175,3D-HT-P,CCc1cc(-c2ccc(C3=C4C(=O)N(CC)C(c5cccs5)=C4C(=O)N3CC)s2)sc1-c1cc(-c2sc(-c3ccc(C4=C5C(=O)N(CC)C(c6cccs6)=C5C(=O)N4CC)s3)cc2CC)cc(-c2sc(-c3ccc(C4=C5C(=O)N(CC)C(c6cccs6)=C5C(=O)N4CC)s3)cc2CC)c1,-4.85505532,-2.58671426,0.055973,1,PC70BM,COC(=O)CCCC1(c2ccccc2)C23c4c5c6c7c8c9c(c%10c%11c2c2c4c4c%12c5c5c6c6c8c8c%13c9c9c%10c%10c%11c%11c2c2c4c4c%14c%12c%12c5c5c6c8c6c8c%13c9c9c%10c%10c%11c%11c2c4c2c4c%14c%12c%12c5c6c5c6c8c9c8c%10c%11c2c(c86)c4c%125)C713,-5.597654,-3.06209716,-2.994613,0.094445,2.991223,2.521813,3.159157
123.0,10.1002/asia.201300371,0.68,4.8,1.12,176,3D-T-P,CCN1C(=O)C2=C(c3ccc(-c4ccc(-c5cc(-c6ccc(-c7ccc(C8=C9C(=O)N(CC)C(c%10cccs%10)=C9C(=O)N8CC)s7)s6)cc(-c6ccc(-c7ccc(C8=C9C(=O)N(CC)C(c%10cccs%10)=C9C(=O)N8CC)s7)s6)c5)s4)s3)N(CC)C(=O)C2=C1c1cccs1,-4.88253882,-2.65474273,0.053624,1,PC70BM,COC(=O)CCCC1(c2ccccc2)C23c4c5c6c7c8c9c(c%10c%11c2c2c4c4c%12c5c5c6c6c8c8c%13c9c9c%10c%10c%11c%11c2c2c4c4c%14c%12c%12c5c5c6c8c6c8c%13c9c9c%10c%10c%11c%11c2c4c2c4c%14c%12c%12c5c6c5c6c8c9c8c%10c%11c2c(c86)c4c%125)C713,-5.597654,-3.06209716,-2.994613,0.094445,2.228357,2.22445,1.772629
122.0,10.1039/c5ra07383a,0.64,9.48,3.69,177,TPA(DPPT2)2,CCc1ccc(-c2ccc(-c3ccc(C4=C5C(=O)N(CC)C(c6ccc(-c7ccc(N(c8ccc(-c9ccc(C%10=C%11C(=O)N(CC)C(c%12ccc(-c%13ccc(-c%14ccc(CC)s%14)s%13)s%12)=C%11C(=O)N%10CC)s9)cc8)c8ccc(C(C)C)cc8)cc7)s6)=C5C(=O)N4CC)s3)s2)s1,-4.5932818,-2.5521558,0.083337,1,PC70BM,COC(=O)CCCC1(c2ccccc2)C23c4c5c6c7c8c9c(c%10c%11c2c2c4c4c%12c5c5c6c6c8c8c%13c9c9c%10c%10c%11c%11c2c2c4c4c%14c%12c%12c5c5c6c8c6c8c%13c9c9c%10c%10c%11c%11c2c4c2c4c%14c%12c%12c5c6c5c6c8c9c8c%10c%11c2c(c86)c4c%125)C713,-5.597654,-3.06209716,-2.994613,0.094445,2.287669,3.178193,1.869258
121.0,10.1039/C4TA03688C,0.8,8.95,3.67,178,TPA(DPP-PN)3,CCN1C(=O)C2=C(c3ccc(-c4ccc5c(ccc6ccccc65)c4)s3)N(CC)C(=O)C2=C1c1ccc(-c2ccc(N(c3ccc(-c4ccc(C5=C6C(=O)N(CC)C(c7ccc(-c8ccc9c(ccc%10ccccc%109)c8)s7)=C6C(=O)N5CC)s4)cc3)c3ccc(-c4ccc(C5=C6C(=O)N(CC)C(c7ccc(-c8ccc9c(ccc%10ccccc%109)c8)s7)=C6C(=O)N5CC)s4)cc3)cc2)s1,-4.67165059,-2.56548938,0.059359,1,PC70BM,COC(=O)CCCC1(c2ccccc2)C23c4c5c6c7c8c9c(c%10c%11c2c2c4c4c%12c5c5c6c6c8c8c%13c9c9c%10c%10c%11c%11c2c2c4c4c%14c%12c%12c5c5c6c8c6c8c%13c9c9c%10c%10c%11c%11c2c4c2c4c%14c%12c%12c5c6c5c6c8c9c8c%10c%11c2c(c86)c4c%125)C713,-5.597654,-3.06209716,-2.994613,0.094445,3.119253,3.286039,2.695518
120.0,10.1021/am302623k,0.8,5.83,1.98,179,4-BU[-DPP)3TPA,CCc1ccc(-c2ccc(C3=C4C(=O)N(CC)C(c5ccc(-c6ccc(N(c7ccc(-c8ccc(C9=C%10C(=O)N(CC)C(c%11ccc(-c%12ccc(CC)cc%12)s%11)=C%10C(=O)N9CC)s8)cc7)c7ccc(-c8ccc(C9=C%10C(=O)N(CC)C(c%11ccc(-c%12ccc(CC)cc%12)s%11)=C%10C(=O)N9CC)s8)cc7)cc6)s5)=C4C(=O)N3CC)s2)cc1,-4.64525555,-2.516781,0.061399,2,PCBM,COC(=O)CCCC1(c2ccccc2)C23c4c5c6c7c8c9c(c%10c%11c2c2c%12c4c4c%13c5c5c7c7c8c8c%14c9c%10c9c%10c%11c2c2c%11c%12c4c4c%12c%13c5c5c7c7c8c8c%14c9c9c%10c2c2c%11c4c4c%12c5c7c5c8c9c2c45)C613,-5.654798,-3.09012489,-3.030532,0.075499,2.169093,2.535821,1.75463
120.0,10.1021/am302623k,0.76,5.14,1.63,180,(4-FP-DPP)3TPA,CCN1C(=O)C2=C(c3ccc(-c4ccc(N(c5ccc(-c6ccc(C7=C8C(=O)N(CC)C(c9ccc(-c%10ccc(F)cc%10)s9)=C8C(=O)N7CC)s6)cc5)c5ccc(-c6ccc(C7=C8C(=O)N(CC)C(c9ccc(-c%10ccc(F)cc%10)s9)=C8C(=O)N7CC)s6)cc5)cc4)s3)N(CC)C(=O)C2=C1c1ccc(-c2ccc(F)cc2)s1,-4.73260409,-2.60549012,0.061542,2,PCBM,COC(=O)CCCC1(c2ccccc2)C23c4c5c6c7c8c9c(c%10c%11c2c2c%12c4c4c%13c5c5c7c7c8c8c%14c9c%10c9c%10c%11c2c2c%11c%12c4c4c%12c%13c5c5c7c7c8c8c%14c9c9c%10c2c2c%11c4c4c%12c5c7c5c8c9c2c45)C613,-5.654798,-3.09012489,-3.030532,0.075499,2.797708,2.940742,2.398897
120.0,10.1021/am302623k,0.72,7.94,2.98,181,(P-DPP)3TPA,CCN1C(=O)C2=C(c3ccc(-c4ccc(N(c5ccc(-c6ccc(C7=C8C(=O)N(CC)C(c9ccc(-c%10ccccc%10)s9)=C8C(=O)N7CC)s6)cc5)c5ccc(-c6ccc(C7=C8C(=O)N(CC)C(c9ccc(-c%10ccccc%10)s9)=C8C(=O)N7CC)s6)cc5)cc4)s3)N(CC)C(=O)C2=C1c1ccc(-c2ccccc2)s1,-4.68416782,-2.55378849,0.060138,2,PCBM,COC(=O)CCCC1(c2ccccc2)C23c4c5c6c7c8c9c(c%10c%11c2c2c%12c4c4c%13c5c5c7c7c8c8c%14c9c%10c9c%10c%11c2c2c%11c%12c4c4c%12c%13c5c5c7c7c8c8c%14c9c9c%10c2c2c%11c4c4c%12c5c7c5c8c9c2c45)C613,-5.654798,-3.09012489,-3.030532,0.075499,2.308166,2.659092,2.087467
118.0,10.1039/c3ta10640c,0.81,10.06,2.95,182,TPA-T-DPP,CCN1C(=O)C2=C(c3ccc(-c4ccc(-c5ccc(N(c6ccc(-c7ccc(-c8ccc(C9=C%10C(=O)N(CC)C(c%11cccs%11)=C%10C(=O)N9CC)s8)s7)cc6)c6ccc(-c7ccc(-c8ccc(C9=C%10C(=O)N(CC)C(c%11cccs%11)=C%10C(=O)N9CC)s8)s7)cc6)cc5)s4)s3)N(CC)C(=O)C2=C1c1cccs1,-4.734781,-2.57474125,0.051525,1,PC70BM,COC(=O)CCCC1(c2ccccc2)C23c4c5c6c7c8c9c(c%10c%11c2c2c4c4c%12c5c5c6c6c8c8c%13c9c9c%10c%10c%11c%11c2c2c4c4c%14c%12c%12c5c5c6c8c6c8c%13c9c9c%10c%10c%11c%11c2c4c2c4c%14c%12c%12c5c6c5c6c8c9c8c%10c%11c2c(c86)c4c%125)C713,-5.597654,-3.06209716,-2.994613,0.094445,2.128191,2.281996,3.098579
117.0,10.1039/c2jm16760c,0.66,7.92,1.81,183,TPAKP-3,CCN1C(=O)C2=C(c3ccc(-c4ccc(N(c5ccc(-c6ccc(C7=C8C(=O)N(CC)C(c9cccs9)=C8C(=O)N7CC)s6)cc5)c5ccc(-c6ccc(C7=C8C(=O)N(CC)C(c9cccs9)=C8C(=O)N7CC)s6)cc5)cc4)s3)N(CC)C(=O)C2=C1c1cccs1,-4.74702612,-2.53882223,0.060098,1,PC70BM,COC(=O)CCCC1(c2ccccc2)C23c4c5c6c7c8c9c(c%10c%11c2c2c4c4c%12c5c5c6c6c8c8c%13c9c9c%10c%10c%11c%11c2c2c4c4c%14c%12c%12c5c5c6c8c6c8c%13c9c9c%10c%10c%11c%11c2c4c2c4c%14c%12c%12c5c6c5c6c8c9c8c%10c%11c2c(c86)c4c%125)C713,-5.597654,-3.06209716,-2.994613,0.094445,2.153675,1.541903,2.679823
117.0,10.1039/c2jm16760c,0.58,4.88,0.97,184,TPAKP-2,CCN1C(=O)C2=C(c3ccc(-c4ccc(N(c5ccccc5)c5ccc(-c6ccc(C7=C8C(=O)N(CC)C(c9cccs9)=C8C(=O)N7CC)s6)cc5)cc4)s3)N(CC)C(=O)C2=C1c1cccs1,-4.74376076,-2.48494368,0.083181,2,PCBM,COC(=O)CCCC1(c2ccccc2)C23c4c5c6c7c8c9c(c%10c%11c2c2c%12c4c4c%13c5c5c7c7c8c8c%14c9c%10c9c%10c%11c2c2c%11c%12c4c4c%12c%13c5c5c7c7c8c8c%14c9c9c%10c2c2c%11c4c4c%12c5c7c5c8c9c2c45)C613,-5.654798,-3.09012489,-3.030532,0.075499,2.30596,1.391932,2.665073
116.0,10.1016/j.dyepig.2015.10.006,0.81,2.11,0.67,185,PH(DPP-THR)2,CCN1C(=O)C(=Cc2ccc(-c3ccc(C4=C5C(=O)N(CC)C(c6ccc(-c7ccc(-c8ccc(C9=C%10C(=O)N(CC)C(c%11ccc(-c%12ccc(C=C%13SC(=S)N(CC)C%13=O)s%12)s%11)=C%10C(=O)N9CC)s8)cc7)s6)=C5C(=O)N4CC)s3)s2)SC1=S,-5.00471794,-3.13284676,0.087269,1,PC70BM,COC(=O)CCCC1(c2ccccc2)C23c4c5c6c7c8c9c(c%10c%11c2c2c4c4c%12c5c5c6c6c8c8c%13c9c9c%10c%10c%11c%11c2c2c4c4c%14c%12c%12c5c5c6c8c6c8c%13c9c9c%10c%10c%11c%11c2c4c2c4c%14c%12c%12c5c6c5c6c8c9c8c%10c%11c2c(c86)c4c%125)C713,-5.597654,-3.06209716,-2.994613,0.094445,3.725599,3.68093,3.944826
116.0,10.1016/j.dyepig.2015.10.006,0.88,2.21,0.95,186,PH(DPP-THCN)2,CCOC(=O)C(C#N)=Cc1ccc(-c2ccc(C3=C4C(=O)N(CC)C(c5ccc(-c6ccc(-c7ccc(C8=C9C(=O)N(CC)C(c%10ccc(-c%11ccc(C=C(C#N)C(=O)OCC)s%11)s%10)=C9C(=O)N8CC)s7)cc6)s5)=C4C(=O)N3CC)s2)s1,-5.04934461,-3.1532553,0.090649,1,PC70BM,COC(=O)CCCC1(c2ccccc2)C23c4c5c6c7c8c9c(c%10c%11c2c2c4c4c%12c5c5c6c6c8c8c%13c9c9c%10c%10c%11c%11c2c2c4c4c%14c%12c%12c5c5c6c8c6c8c%13c9c9c%10c%10c%11c%11c2c4c2c4c%14c%12c%12c5c6c5c6c8c9c8c%10c%11c2c(c86)c4c%125)C713,-5.597654,-3.06209716,-2.994613,0.094445,2.424217,2.647193,2.673055
116.0,10.1016/j.dyepig.2015.10.006,0.85,10.55,3.22,187,PH(DPP-PY)2,CCN1C(=O)C2=C(c3ccc(-c4ccc5ccc6c7c5c4CC=C7CC=C6)s3)N(CC)C(=O)C2=C1c1ccc(-c2ccc(-c3ccc(C4=C5C(=O)N(CC)C(c6ccc(-c7ccc8ccc9c%10c8c7CC=C%10CC=C9)s6)=C5C(=O)N4CC)s3)cc2)s1,-4.73695791,-2.67025321,0.085065,1,PC70BM,COC(=O)CCCC1(c2ccccc2)C23c4c5c6c7c8c9c(c%10c%11c2c2c4c4c%12c5c5c6c6c8c8c%13c9c9c%10c%10c%11c%11c2c2c4c4c%14c%12c%12c5c5c6c8c6c8c%13c9c9c%10c%10c%11c%11c2c4c2c4c%14c%12c%12c5c6c5c6c8c9c8c%10c%11c2c(c86)c4c%125)C713,-5.597654,-3.06209716,-2.994613,0.094445,3.168233,3.3703,2.975697
116.0,10.1016/j.dyepig.2015.10.006,0.65,5.63,2.41,188,PH(DPP-Th)2,CCc1ccc(-c2ccc(C3=C4C(=O)N(CC)C(c5ccc(-c6ccc(-c7ccc(C8=C9C(=O)N(CC)C(c%10ccc(-c%11ccc(CC)s%11)s%10)=C9C(=O)N8CC)s7)cc6)s5)=C4C(=O)N3CC)s2)s1,-4.70294368,-2.64902833,0.102158,2,PCBM,COC(=O)CCCC1(c2ccccc2)C23c4c5c6c7c8c9c(c%10c%11c2c2c%12c4c4c%13c5c5c7c7c8c8c%14c9c%10c9c%10c%11c2c2c%11c%12c4c4c%12c%13c5c5c7c7c8c8c%14c9c9c%10c2c2c%11c4c4c%12c5c7c5c8c9c2c45)C613,-5.654798,-3.09012489,-3.030532,0.075499,2.888921,3.239955,2.562208
115.0,10.1039/C6TA00416D,0.62,10.77,4.26,189,TPADPP2PY,CCc1ccc(N(c2ccc(CC)cc2)c2ccc(-c3ccc(C4=C5C(=O)N(CC)C(c6ccc(-c7cc8ccc9cc(-c%10ccc(C%11=C%12C(=O)N(CC)C(c%13ccc(-c%14ccc(N(c%15ccc(CC)cc%15)c%15ccc(CC)cc%15)cc%14)s%13)=C%12C(=O)N%11CC)s%10)cc%10ccc(c7)c8c9%10)s6)=C5C(=O)N4CC)s3)cc2)cc1,-4.6030779,-2.49691669,0.081729,1,PC70BM,COC(=O)CCCC1(c2ccccc2)C23c4c5c6c7c8c9c(c%10c%11c2c2c4c4c%12c5c5c6c6c8c8c%13c9c9c%10c%10c%11c%11c2c2c4c4c%14c%12c%12c5c5c6c8c6c8c%13c9c9c%10c%10c%11c%11c2c4c2c4c%14c%12c%12c5c6c5c6c8c9c8c%10c%11c2c(c86)c4c%125)C713,-5.597654,-3.06209716,-2.994613,0.094445,4.307375,4.458194,4.060474
115.0,10.1039/C6TA00416D,0.66,15.35,5.88,190,THDPP2PY,CCc1ccc(-c2ccc(C3=C4C(=O)N(CC)C(c5ccc(-c6cc7ccc8cc(-c9ccc(C%10=C%11C(=O)N(CC)C(c%12ccc(-c%13ccc(CC)s%13)s%12)=C%11C(=O)N%10CC)s9)cc9ccc(c6)c7c89)s5)=C4C(=O)N3CC)s2)s1,-4.74539344,-2.5815441,0.088528,1,PC70BM,COC(=O)CCCC1(c2ccccc2)C23c4c5c6c7c8c9c(c%10c%11c2c2c4c4c%12c5c5c6c6c8c8c%13c9c9c%10c%10c%11c%11c2c2c4c4c%14c%12c%12c5c5c6c8c6c8c%13c9c9c%10c%10c%11c%11c2c4c2c4c%14c%12c%12c5c6c5c6c8c9c8c%10c%11c2c(c86)c4c%125)C713,-5.597654,-3.06209716,-2.994613,0.094445,4.389479,5.037001,4.455672
115.0,10.1039/C6TA00416D,0.85,11.13,5.67,191,DPP2Py,CCN1C(=O)C2=C(c3ccc(-c4cc5ccc6cc(-c7ccc(C8=C9C(=O)N(CC)C(c%10cccs%10)=C9C(=O)N8CC)s7)cc7ccc(c4)c5c67)s3)N(CC)C(=O)C2=C1c1cccs1,-4.89532817,-2.57827873,0.092064,1,PC70BM,COC(=O)CCCC1(c2ccccc2)C23c4c5c6c7c8c9c(c%10c%11c2c2c4c4c%12c5c5c6c6c8c8c%13c9c9c%10c%10c%11c%11c2c2c4c4c%14c%12c%12c5c5c6c8c6c8c%13c9c9c%10c%10c%11c%11c2c4c2c4c%14c%12c%12c5c6c5c6c8c9c8c%10c%11c2c(c86)c4c%125)C713,-5.597654,-3.06209716,-2.994613,0.094445,3.968804,4.202005,4.097407
114.0,10.1039/c4tc00714j,0.48,0.25,0.04,192,2DPP-6T-2DCV,CCc1cc(-c2ccc(C3=C4C(=O)N(CC)C(c5ccc(-c6ccc(C7=C8C(=O)N(CC)C(c9ccc(-c%10cc(CC)c(C=C(C#N)C#N)s%10)s9)=C8C(=O)N7CC)s6)s5)=C4C(=O)N3CC)s2)sc1C=C(C#N)C#N,-5.17723812,-3.46047184,0.098974,1,PC70BM,COC(=O)CCCC1(c2ccccc2)C23c4c5c6c7c8c9c(c%10c%11c2c2c4c4c%12c5c5c6c6c8c8c%13c9c9c%10c%10c%11c%11c2c2c4c4c%14c%12c%12c5c5c6c8c6c8c%13c9c9c%10c%10c%11c%11c2c4c2c4c%14c%12c%12c5c6c5c6c8c9c8c%10c%11c2c(c86)c4c%125)C713,-5.597654,-3.06209716,-2.994613,0.094445,1.453179,1.803907,1.703328
113.0,10.1016/j.orgel.2014.07.020,0.68,8.58,2.8,193,TPA-DPP-3T,CCc1cc(-c2ccc(C3=C4C(=O)N(CC)C(c5ccc(-c6ccc(N(c7ccccc7)c7ccccc7)cc6)s5)=C4C(=O)N3CC)s2)sc1-c1ccc(-c2sc(-c3ccc(C4=C5C(=O)N(CC)C(c6ccc(-c7ccc(N(c8ccccc8)c8ccccc8)cc7)s6)=C5C(=O)N4CC)s3)cc2CC)s1,-4.51736203,-2.60984394,0.111303,1,PC70BM,COC(=O)CCCC1(c2ccccc2)C23c4c5c6c7c8c9c(c%10c%11c2c2c4c4c%12c5c5c6c6c8c8c%13c9c9c%10c%10c%11c%11c2c2c4c4c%14c%12c%12c5c5c6c8c6c8c%13c9c9c%10c%10c%11c%11c2c4c2c4c%14c%12c%12c5c6c5c6c8c9c8c%10c%11c2c(c86)c4c%125)C713,-5.597654,-3.06209716,-2.994613,0.094445,4.029386,3.984535,3.844888
113.0,10.1016/j.orgel.2014.07.020,0.67,11.4,4.04,194,TPA-DPP-BDT,CCc1c2cc(-c3ccc(C4=C5C(=O)N(CC)C(c6ccc(-c7ccc(N(c8ccccc8)c8ccccc8)cc7)s6)=C5C(=O)N4CC)s3)sc2c(CC)c2cc(-c3ccc(C4=C5C(=O)N(CC)C(c6ccc(-c7ccc(N(c8ccccc8)c8ccccc8)cc7)s6)=C5C(=O)N4CC)s3)sc12,-4.57396171,-2.72930192,0.105195,2,PCBM,COC(=O)CCCC1(c2ccccc2)C23c4c5c6c7c8c9c(c%10c%11c2c2c%12c4c4c%13c5c5c7c7c8c8c%14c9c%10c9c%10c%11c2c2c%11c%12c4c4c%12c%13c5c5c7c7c8c8c%14c9c9c%10c2c2c%11c4c4c%12c5c7c5c8c9c2c45)C613,-5.654798,-3.09012489,-3.030532,0.075499,2.544014,2.809093,2.355213
112.0,10.1002/aenm.201500059,0.66,8.23,3.09,195,NBU(DPPBDT)2,CCc1ccc(-c2ccc(C3=C4C(=O)N(CC)C(c5ccc(-c6cc7c(-c8ccc(CC)s8)c8sc(-c9ccc(C%10=C%11C(=O)N(CC)C(c%12ccc(-c%13ccc(CC)cc%13)s%12)=C%11C(=O)N%10CC)s9)cc8c(-c8ccc(CC)s8)c7s6)s5)=C4C(=O)N3CC)s2)cc1,-4.64661611,-2.75814599,0.087382,1,PC70BM,COC(=O)CCCC1(c2ccccc2)C23c4c5c6c7c8c9c(c%10c%11c2c2c4c4c%12c5c5c6c6c8c8c%13c9c9c%10c%10c%11c%11c2c2c4c4c%14c%12c%12c5c5c6c8c6c8c%13c9c9c%10c%10c%11c%11c2c4c2c4c%14c%12c%12c5c6c5c6c8c9c8c%10c%11c2c(c86)c4c%125)C713,-5.597654,-3.06209716,-2.994613,0.094445,4.484113,4.703432,3.927655
112.0,10.1002/aenm.201500059,0.62,15.43,5.61,196,DPA(DPPBDT)2,CCc1ccc(-c2c3cc(-c4ccc(C5=C6C(=O)N(CC)C(c7ccc(-c8ccc(N(c9ccccc9)c9ccccc9)cc8)s7)=C6C(=O)N5CC)s4)sc3c(-c3ccc(CC)s3)c3cc(-c4ccc(C5=C6C(=O)N(CC)C(c7ccc(-c8ccc(N(c9ccccc9)c9ccccc9)cc8)s7)=C6C(=O)N5CC)s4)sc23)s1,-4.55192049,-2.71215875,0.10323,1,PC70BM,COC(=O)CCCC1(c2ccccc2)C23c4c5c6c7c8c9c(c%10c%11c2c2c4c4c%12c5c5c6c6c8c8c%13c9c9c%10c%10c%11c%11c2c2c4c4c%14c%12c%12c5c5c6c8c6c8c%13c9c9c%10c%10c%11c%11c2c4c2c4c%14c%12c%12c5c6c5c6c8c9c8c%10c%11c2c(c86)c4c%125)C713,-5.597654,-3.06209716,-2.994613,0.094445,4.188346,4.662727,3.76051
92.0,10.1021/acs.chemmater.5b01799,0.8,14.12,6.88,197,DTP-DPP,CCN1C(=O)C2=C(c3ccc(-c4cc5c(s4)-c4sc(-c6ccc(C7=C8C(=O)N(CC)C(c9cccs9)=C8C(=O)N7CC)s6)cc4C(CC)(CC)O5)s3)N(CC)C(=O)C2=C1c1cccs1,-4.66049392,-2.85583486,0.101353,1,PC70BM,COC(=O)CCCC1(c2ccccc2)C23c4c5c6c7c8c9c(c%10c%11c2c2c4c4c%12c5c5c6c6c8c8c%13c9c9c%10c%10c%11c%11c2c2c4c4c%14c%12c%12c5c5c6c8c6c8c%13c9c9c%10c%10c%11c%11c2c4c2c4c%14c%12c%12c5c6c5c6c8c9c8c%10c%11c2c(c86)c4c%125)C713,-5.597654,-3.06209716,-2.994613,0.094445,2.2457,2.76868,2.928485
91.0,10.1039/c3nr03048b,0.76,5.22,2.19,198,BDT(TDPPT)2,CCc1c2cc(-c3ccc(C4=C5C(=O)N(CC)C(c6cccs6)=C5C(=O)N4CC)s3)sc2c(CC)c2cc(-c3ccc(C4=C5C(=O)N(CC)C(c6cccs6)=C5C(=O)N4CC)s3)sc12,-4.81042866,-2.83243307,0.086198,1,PC70BM,COC(=O)CCCC1(c2ccccc2)C23c4c5c6c7c8c9c(c%10c%11c2c2c4c4c%12c5c5c6c6c8c8c%13c9c9c%10c%10c%11c%11c2c2c4c4c%14c%12c%12c5c5c6c8c6c8c%13c9c9c%10c%10c%11c%11c2c4c2c4c%14c%12c%12c5c6c5c6c8c9c8c%10c%11c2c(c86)c4c%125)C713,-5.597654,-3.06209716,-2.994613,0.094445,3.039976,2.383751,3.426683
90.0,10.1016/j.orgel.2013.03.031,0.87,9.5,4.4,199,NPT(TDPP)2,CCN1C(=O)C2=C(c3ccc(-c4ccc5cc(-c6ccc(C7=C8C(=O)N(CC)C(c9cccs9)=C8C(=O)N7CC)s6)ccc5c4)s3)N(CC)C(=O)C2=C1c1cccs1,-4.84362654,-2.68712427,0.096058,1,PC70BM,COC(=O)CCCC1(c2ccccc2)C23c4c5c6c7c8c9c(c%10c%11c2c2c4c4c%12c5c5c6c6c8c8c%13c9c9c%10c%10c%11c%11c2c2c4c4c%14c%12c%12c5c5c6c8c6c8c%13c9c9c%10c%10c%11c%11c2c4c2c4c%14c%12c%12c5c6c5c6c8c9c8c%10c%11c2c(c86)c4c%125)C713,-5.597654,-3.06209716,-2.994613,0.094445,3.288024,3.025027,3.200972
90.0,10.1016/j.orgel.2013.03.031,0.86,8.3,3.8,200,(PH2(TDPP)2,CCN1C(=O)C2=C(c3ccc(-c4ccc(-c5ccc(-c6ccc(C7=C8C(=O)N(CC)C(c9cccs9)=C8C(=O)N7CC)s6)cc5)cc4)s3)N(CC)C(=O)C2=C1c1cccs1,-4.85614378,-2.63406207,0.086941,1,PC70BM,COC(=O)CCCC1(c2ccccc2)C23c4c5c6c7c8c9c(c%10c%11c2c2c4c4c%12c5c5c6c6c8c8c%13c9c9c%10c%10c%11c%11c2c2c4c4c%14c%12c%12c5c5c6c8c6c8c%13c9c9c%10c%10c%11c%11c2c4c2c4c%14c%12c%12c5c6c5c6c8c9c8c%10c%11c2c(c86)c4c%125)C713,-5.597654,-3.06209716,-2.994613,0.094445,1.592064,1.246905,1.569942
72.0,10.1039/c3cp52929k,0.78,2.4,0.89,201,BO-DPP-BTZ,CCN1C(=O)C2=C(c3ccc(-c4cccc5nsnc45)s3)N(CC)C(=O)C2=C1c1ccc(-c2cccc3nsnc23)s1,-4.92253956,-3.03134829,0.124732,1,PC70BM,COC(=O)CCCC1(c2ccccc2)C23c4c5c6c7c8c9c(c%10c%11c2c2c4c4c%12c5c5c6c6c8c8c%13c9c9c%10c%10c%11c%11c2c2c4c4c%14c%12c%12c5c5c6c8c6c8c%13c9c9c%10c%10c%11c%11c2c4c2c4c%14c%12c%12c5c6c5c6c8c9c8c%10c%11c2c(c86)c4c%125)C713,-5.597654,-3.06209716,-2.994613,0.094445,0.950845,0.646358,1.192793
71.0,10.1002/adma.201103177,0.77,5.7,2.7,202,4a,CCN1C(=O)C2=C(c3ccc(-c4cc5ccc6cccc7ccc(c4)c5c67)s3)N(CC)C(=O)C2=C1c1ccc(-c2cc3ccc4cccc5ccc(c2)c3c45)s1,-4.81015655,-2.52331174,0.151602,1,PC70BM,COC(=O)CCCC1(c2ccccc2)C23c4c5c6c7c8c9c(c%10c%11c2c2c4c4c%12c5c5c6c6c8c8c%13c9c9c%10c%10c%11c%11c2c2c4c4c%14c%12c%12c5c5c6c8c6c8c%13c9c9c%10c%10c%11c%11c2c4c2c4c%14c%12c%12c5c6c5c6c8c9c8c%10c%11c2c(c86)c4c%125)C713,-5.597654,-3.06209716,-2.994613,0.094445,4.481545,4.640264,4.533456
71.0,10.1002/adma.201103177,0.73,3.2,0.7,203,3,O=C1NC(c2ccc(-c3ccc4ccc5cccc6ccc3c4c56)s2)=C2C(=O)NC(c3ccc(-c4ccc5ccc6cccc7ccc4c5c67)s3)=C12,-4.8917907,-2.6229054,0.124794,1,PC70BM,COC(=O)CCCC1(c2ccccc2)C23c4c5c6c7c8c9c(c%10c%11c2c2c4c4c%12c5c5c6c6c8c8c%13c9c9c%10c%10c%11c%11c2c2c4c4c%14c%12c%12c5c5c6c8c6c8c%13c9c9c%10c%10c%11c%11c2c4c2c4c%14c%12c%12c5c6c5c6c8c9c8c%10c%11c2c(c86)c4c%125)C713,-5.597654,-3.06209716,-2.994613,0.094445,1.055749,1.118766,0.887428
71.0,10.1002/adma.201103177,0.81,6.2,1.7,204,2,COc1c2cc(-c3ccc(C4=C5C(=O)NC(c6ccc(-c7cc8c(OC)c9sccc9c(OC)c8s7)s6)=C5C(=O)N4)s3)sc2c(OC)c2ccsc12,-4.9312472,-2.81909949,0.139724,1,PC70BM,COC(=O)CCCC1(c2ccccc2)C23c4c5c6c7c8c9c(c%10c%11c2c2c4c4c%12c5c5c6c6c8c8c%13c9c9c%10c%10c%11c%11c2c2c4c4c%14c%12c%12c5c5c6c8c6c8c%13c9c9c%10c%10c%11c%11c2c4c2c4c%14c%12c%12c5c6c5c6c8c9c8c%10c%11c2c(c86)c4c%125)C713,-5.597654,-3.06209716,-2.994613,0.094445,2.638776,2.477945,2.823974
71.0,10.1002/adma.201103177,0.73,4.3,1.3,205,1,O=C1NC(c2ccc(-c3ccc(N(c4ccccc4)c4ccccc4)cc3)s2)=C2C(=O)NC(c3ccc(-c4ccc(N(C5=CC=CCC=C5)c5ccccc5)cc4)s3)=C12,-4.61586725,-2.43841221,0.151442,1,PC70BM,COC(=O)CCCC1(c2ccccc2)C23c4c5c6c7c8c9c(c%10c%11c2c2c4c4c%12c5c5c6c6c8c8c%13c9c9c%10c%10c%11c%11c2c2c4c4c%14c%12c%12c5c5c6c8c6c8c%13c9c9c%10c%10c%11c%11c2c4c2c4c%14c%12c%12c5c6c5c6c8c9c8c%10c%11c2c(c86)c4c%125)C713,-5.597654,-3.06209716,-2.994613,0.094445,1.437986,1.607109,1.231608
70.0,10.1016/j.dyepig.2012.03.021,0.6,3.3,0.8,206,BFF,CCN1C(=O)C2=C(c3ccc(-c4cc5ccccc5o4)o3)N(CC)C(=O)C2=C1c1ccc(-c2cc3ccccc3o2)o1,-4.7698837,-2.65447061,0.127579,3,C60,c12c3c4c5c1c1c6c7c2c2c8c3c3c9c4c4c%10c5c5c1c1c6c6c%11c7c2c2c7c8c3c3c8c9c4c4c9c%10c5c5c1c1c6c6c%11c2c2c7c3c3c8c4c4c9c5c1c1c6c2c3c41,-5.986233,-3.2259097,-3.224821,0.063387,0.153464,0.22232,0.023207
70.0,10.1016/j.dyepig.2012.03.021,0.66,3.22,0.75,207,BTF,CCN1C(=O)C2=C(c3ccc(-c4cc5ccccc5s4)o3)N(CC)C(=O)C2=C1c1ccc(-c2cc3ccccc3s2)o1,-4.76661832,-2.65855232,0.130546,3,C60,c12c3c4c5c1c1c6c7c2c2c8c3c3c9c4c4c%10c5c5c1c1c6c6c%11c7c2c2c7c8c3c3c8c9c4c4c9c%10c5c5c1c1c6c6c%11c2c2c7c3c3c8c4c4c9c5c1c1c6c2c3c41,-5.986233,-3.2259097,-3.224821,0.063387,1.8108,1.729945,1.956147
69.0,10.1002/adfm.201201599,0.81,4.31,1.03,208,DPP(TBIND)2,CCN1C(=O)C2=C(c3ccc(-c4cc5ccccc5n4C)s3)N(CC)C(=O)C2=C1c1ccc(-c2cc3ccccc3n2C)s1,-4.75655011,-2.61991215,0.160126,1,PC70BM,COC(=O)CCCC1(c2ccccc2)C23c4c5c6c7c8c9c(c%10c%11c2c2c4c4c%12c5c5c6c6c8c8c%13c9c9c%10c%10c%11c%11c2c2c4c4c%14c%12c%12c5c5c6c8c6c8c%13c9c9c%10c%10c%11c%11c2c4c2c4c%14c%12c%12c5c6c5c6c8c9c8c%10c%11c2c(c86)c4c%125)C713,-5.597654,-3.06209716,-2.994613,0.094445,1.538095,1.217929,1.559501
69.0,10.1002/adfm.201201599,0.76,5.7,1.43,209,DPP(TBTH)2,CCN1C(=O)C2=C(c3ccc(-c4cc5ccccc5s4)s3)N(CC)C(=O)C2=C1c1ccc(-c2cc3ccccc3s2)s1,-4.83546312,-2.78943908,0.131656,1,PC70BM,COC(=O)CCCC1(c2ccccc2)C23c4c5c6c7c8c9c(c%10c%11c2c2c4c4c%12c5c5c6c6c8c8c%13c9c9c%10c%10c%11c%11c2c2c4c4c%14c%12c%12c5c5c6c8c6c8c%13c9c9c%10c%10c%11c%11c2c4c2c4c%14c%12c%12c5c6c5c6c8c9c8c%10c%11c2c(c86)c4c%125)C713,-5.597654,-3.06209716,-2.994613,0.094445,2.009916,1.442004,2.467891
68.0,10.1021/cm503915t,0.84,3.9,1.45,210,A-ESTER,CCN1C(=O)C2=C(c3ccc(-c4ccc(-c5ccc(C=C(C#N)C(=O)OCc6ccccc6)s5)s4)s3)N(CC)C(=O)C2=C1c1ccc(-c2ccc(-c3ccc(C=C(C#N)C(=O)OCc4ccccc4)s3)s2)s1,-5.10866543,-3.22482124,0.146384,1,PC70BM,COC(=O)CCCC1(c2ccccc2)C23c4c5c6c7c8c9c(c%10c%11c2c2c4c4c%12c5c5c6c6c8c8c%13c9c9c%10c%10c%11c%11c2c2c4c4c%14c%12c%12c5c5c6c8c6c8c%13c9c9c%10c%10c%11c%11c2c4c2c4c%14c%12c%12c5c6c5c6c8c9c8c%10c%11c2c(c86)c4c%125)C713,-5.597654,-3.06209716,-2.994613,0.094445,1.730099,1.481388,2.025743
68.0,10.1021/cm503915t,0.82,11.0,3.65,211,A-AMIDE,CCN1C(=O)C2=C(c3ccc(-c4ccc(-c5ccc(C=C(C#N)C(=O)NCc6ccccc6)s5)s4)s3)N(CC)C(=O)C2=C1c1ccc(-c2ccc(-c3ccc(C=C(C#N)C(=O)NCc4ccccc4)s3)s2)s1,-5.04553502,-3.13665635,0.124911,1,PC70BM,COC(=O)CCCC1(c2ccccc2)C23c4c5c6c7c8c9c(c%10c%11c2c2c4c4c%12c5c5c6c6c8c8c%13c9c9c%10c%10c%11c%11c2c2c4c4c%14c%12c%12c5c5c6c8c6c8c%13c9c9c%10c%10c%11c%11c2c4c2c4c%14c%12c%12c5c6c5c6c8c9c8c%10c%11c2c(c86)c4c%125)C713,-5.597654,-3.06209716,-2.994613,0.094445,1.04527,0.891162,1.237895
68.0,10.1021/cm503915t,0.63,0.7,0.15,212,S-ESTER,CCOC(=O)C(C#N)=Cc1ccc(-c2ccc(-c3ccc(C4=C5C(=O)N(CC)C(c6ccc(-c7ccc(-c8ccc(C=C(C#N)C(=O)OCC)s8)s7)s6)=C5C(=O)N4CC)s3)s2)s1,-5.07764445,-3.18427628,0.124788,1,PC70BM,COC(=O)CCCC1(c2ccccc2)C23c4c5c6c7c8c9c(c%10c%11c2c2c4c4c%12c5c5c6c6c8c8c%13c9c9c%10c%10c%11c%11c2c2c4c4c%14c%12c%12c5c5c6c8c6c8c%13c9c9c%10c%10c%11c%11c2c4c2c4c%14c%12c%12c5c6c5c6c8c9c8c%10c%11c2c(c86)c4c%125)C713,-5.597654,-3.06209716,-2.994613,0.094445,1.451222,1.276838,1.828606
68.0,10.1021/cm503915t,0.86,1.1,0.37,213,S-AMIDE,CCNC(=O)C(C#N)=Cc1ccc(-c2ccc(-c3ccc(C4=C5C(=O)N(CC)C(c6ccc(-c7ccc(-c8ccc(C=C(C#N)C(=O)NCC)s8)s7)s6)=C5C(=O)N4CC)s3)s2)s1,-5.03056875,-3.11651993,0.123489,1,PC70BM,COC(=O)CCCC1(c2ccccc2)C23c4c5c6c7c8c9c(c%10c%11c2c2c4c4c%12c5c5c6c6c8c8c%13c9c9c%10c%10c%11c%11c2c2c4c4c%14c%12c%12c5c5c6c8c6c8c%13c9c9c%10c%10c%11c%11c2c4c2c4c%14c%12c%12c5c6c5c6c8c9c8c%10c%11c2c(c86)c4c%125)C713,-5.597654,-3.06209716,-2.994613,0.094445,1.431956,1.325002,1.43674
67.0,10.1039/C4CC04020A,0.93,14.86,5.94,214,TPATDPPCN,CCN1C(=O)C2=C(c3ccc(-c4ccc(C#Cc5ccc(N(c6ccccc6)c6ccccc6)cc5)cc4)s3)N(CC)C(=O)C2=C1c1ccc(-c2ccc(C#N)cc2)s1,-4.90430794,-2.79488136,0.087111,2,PCBM,COC(=O)CCCC1(c2ccccc2)C23c4c5c6c7c8c9c(c%10c%11c2c2c%12c4c4c%13c5c5c7c7c8c8c%14c9c%10c9c%10c%11c2c2c%11c%12c4c4c%12c%13c5c5c7c7c8c8c%14c9c9c%10c2c2c%11c4c4c%12c5c7c5c8c9c2c45)C613,-5.654798,-3.09012489,-3.030532,0.075499,2.728478,3.218693,2.514385
67.0,10.1039/C4CC04020A,0.97,7.07,2.06,215,TPATDPP,CCN1C(=O)C2=C(c3ccc(-c4ccc(C#Cc5ccc(N(c6ccccc6)c6ccccc6)cc5)cc4)s3)N(CC)C(=O)C2=C1c1cccs1,-4.79165279,-2.50589645,0.096345,2,PCBM,COC(=O)CCCC1(c2ccccc2)C23c4c5c6c7c8c9c(c%10c%11c2c2c%12c4c4c%13c5c5c7c7c8c8c%14c9c%10c9c%10c%11c2c2c%11c%12c4c4c%12c%13c5c5c7c7c8c8c%14c9c9c%10c2c2c%11c4c4c%12c5c7c5c8c9c2c45)C613,-5.654798,-3.09012489,-3.030532,0.075499,3.345236,3.514283,3.726743
66.0,10.1039/C5RA16812K,0.94,8.12,3.05,216,CSDPP12,CCN1C(=O)C2=C(c3ccc(-c4cc(C(C)C)cc(C(C)C)c4)s3)N(CC)C(=O)C2=C1c1ccc(-c2cc(C(C)C)cc(C(C)C)c2)s1,-4.70239945,-2.47950141,0.152611,1,PC70BM,COC(=O)CCCC1(c2ccccc2)C23c4c5c6c7c8c9c(c%10c%11c2c2c4c4c%12c5c5c6c6c8c8c%13c9c9c%10c%10c%11c%11c2c2c4c4c%14c%12c%12c5c5c6c8c6c8c%13c9c9c%10c%10c%11c%11c2c4c2c4c%14c%12c%12c5c6c5c6c8c9c8c%10c%11c2c(c86)c4c%125)C713,-5.597654,-3.06209716,-2.994613,0.094445,2.631436,2.320296,2.950475
66.0,10.1039/C5RA16812K,0.88,9.18,3.55,217,CSDPP11,CCN1C(=O)C2=C(c3ccc(-c4ccc(OC)c(OC)c4OC)s3)N(CC)C(=O)C2=C1c1ccc(-c2ccc(OC)c(OC)c2OC)s1,-4.54076382,-2.33745798,0.219646,1,PC70BM,COC(=O)CCCC1(c2ccccc2)C23c4c5c6c7c8c9c(c%10c%11c2c2c4c4c%12c5c5c6c6c8c8c%13c9c9c%10c%10c%11c%11c2c2c4c4c%14c%12c%12c5c5c6c8c6c8c%13c9c9c%10c%10c%11c%11c2c4c2c4c%14c%12c%12c5c6c5c6c8c9c8c%10c%11c2c(c86)c4c%125)C713,-5.597654,-3.06209716,-2.994613,0.094445,2.152506,2.01944,2.011133
66.0,10.1039/C5RA16812K,0.94,7.68,2.89,218,CSDPP10,CCN1C(=O)C2=C(c3ccc(-c4ccc(OC(C)C)cc4C)s3)N(CC)C(=O)C2=C1c1ccc(-c2ccc(OC(C)C)cc2C)s1,-4.59518659,-2.33936277,0.189144,1,PC70BM,COC(=O)CCCC1(c2ccccc2)C23c4c5c6c7c8c9c(c%10c%11c2c2c4c4c%12c5c5c6c6c8c8c%13c9c9c%10c%10c%11c%11c2c2c4c4c%14c%12c%12c5c5c6c8c6c8c%13c9c9c%10c%10c%11c%11c2c4c2c4c%14c%12c%12c5c6c5c6c8c9c8c%10c%11c2c(c86)c4c%125)C713,-5.597654,-3.06209716,-2.994613,0.094445,2.992583,3.035804,2.737697
66.0,10.1039/C5RA16812K,1.02,7.38,2.86,219,CSDPP9,CCN1C(=O)C2=C(c3ccc(-c4c(C)cc(C)cc4C)s3)N(CC)C(=O)C2=C1c1ccc(-c2c(C)cc(C)cc2C)s1,-4.81015654,-2.38888749,0.215252,1,PC70BM,COC(=O)CCCC1(c2ccccc2)C23c4c5c6c7c8c9c(c%10c%11c2c2c4c4c%12c5c5c6c6c8c8c%13c9c9c%10c%10c%11c%11c2c2c4c4c%14c%12c%12c5c5c6c8c6c8c%13c9c9c%10c%10c%11c%11c2c4c2c4c%14c%12c%12c5c6c5c6c8c9c8c%10c%11c2c(c86)c4c%125)C713,-5.597654,-3.06209716,-2.994613,0.094445,3.187374,3.188034,3.179251
65.0,10.1039/c3ra44926b,0.9,7.34,3.04,220,CSDPP3,CCN1C(=O)C2=C(c3ccc(-c4c(C(C)C)cc(C(C)C)cc4C(C)C)s3)N(CC)C(=O)C2=C1c1ccc(-c2c(C(C)C)cc(C(C)C)cc2C(C)C)s1,-4.81178922,-2.39732302,0.166379,1,PC70BM,COC(=O)CCCC1(c2ccccc2)C23c4c5c6c7c8c9c(c%10c%11c2c2c4c4c%12c5c5c6c6c8c8c%13c9c9c%10c%10c%11c%11c2c2c4c4c%14c%12c%12c5c5c6c8c6c8c%13c9c9c%10c%10c%11c%11c2c4c2c4c%14c%12c%12c5c6c5c6c8c9c8c%10c%11c2c(c86)c4c%125)C713,-5.597654,-3.06209716,-2.994613,0.094445,2.61138,2.530008,2.71685
65.0,10.1039/c3ra44926b,0.82,10.82,4.96,221,CSDPP1,CCN1C(=O)C2=C(c3ccc(-c4ccc5[nH]ccc5c4)s3)N(CC)C(=O)C2=C1c1ccc(-c2ccc3[nH]ccc3c2)s1,-4.48089878,-2.25664016,0.171792,1,PC70BM,COC(=O)CCCC1(c2ccccc2)C23c4c5c6c7c8c9c(c%10c%11c2c2c4c4c%12c5c5c6c6c8c8c%13c9c9c%10c%10c%11c%11c2c2c4c4c%14c%12c%12c5c5c6c8c6c8c%13c9c9c%10c%10c%11c%11c2c4c2c4c%14c%12c%12c5c6c5c6c8c9c8c%10c%11c2c(c86)c4c%125)C713,-5.597654,-3.06209716,-2.994613,0.094445,3.572968,3.82812,3.516914
64.0,10.1016/j.orgel.2014.05.033,0.72,10.63,4.65,222,CSDPP4,CCOc1ccc(-c2ccc(C3=C4C(=O)N(CC)C(c5ccc(-c6ccc(OCC)cc6OCC)s5)=C4C(=O)N3CC)s2)c(OCC)c1,-4.32552177,-2.15378113,0.185172,1,PC70BM,COC(=O)CCCC1(c2ccccc2)C23c4c5c6c7c8c9c(c%10c%11c2c2c4c4c%12c5c5c6c6c8c8c%13c9c9c%10c%10c%11c%11c2c2c4c4c%14c%12c%12c5c5c6c8c6c8c%13c9c9c%10c%10c%11c%11c2c4c2c4c%14c%12c%12c5c6c5c6c8c9c8c%10c%11c2c(c86)c4c%125)C713,-5.597654,-3.06209716,-2.994613,0.094445,2.651895,2.75164,2.598325
64.0,10.1016/j.orgel.2014.05.033,0.78,8.06,3.23,223,CSDPP2,CCN1C(=O)C2=C(c3ccc(-c4ccc(F)cc4F)s3)N(CC)C(=O)C2=C1c1ccc(-c2ccc(F)cc2F)s1,-4.87301483,-2.68385891,0.154962,1,PC70BM,COC(=O)CCCC1(c2ccccc2)C23c4c5c6c7c8c9c(c%10c%11c2c2c4c4c%12c5c5c6c6c8c8c%13c9c9c%10c%10c%11c%11c2c2c4c4c%14c%12c%12c5c5c6c8c6c8c%13c9c9c%10c%10c%11c%11c2c4c2c4c%14c%12c%12c5c6c5c6c8c9c8c%10c%11c2c(c86)c4c%125)C713,-5.597654,-3.06209716,-2.994613,0.094445,1.706199,1.413862,1.798884
63.0,10.1021/cm401244x,0.93,8.27,4.2,224,DPP-TP6,CCc1ccc(-c2ccc(C3=C4C(=O)N(CC)C(c5ccc(-c6ccc(CC)cc6)s5)=C4C(=O)N3CC)s2)cc1,-4.69478026,-2.48412734,0.152564,1,PC70BM,COC(=O)CCCC1(c2ccccc2)C23c4c5c6c7c8c9c(c%10c%11c2c2c4c4c%12c5c5c6c6c8c8c%13c9c9c%10c%10c%11c%11c2c2c4c4c%14c%12c%12c5c5c6c8c6c8c%13c9c9c%10c%10c%11c%11c2c4c2c4c%14c%12c%12c5c6c5c6c8c9c8c%10c%11c2c(c86)c4c%125)C713,-5.597654,-3.06209716,-2.994613,0.094445,2.87728,3.302421,2.538537
62.0,10.1016/j.dyepig.2015.11.024,0.77,2.44,0.77,225,DCAO2TDPP,COC(=O)C(C#N)=Cc1cc(C)c(-c2cc(C)c(-c3ccc(C4=C5C(=O)N(C)C(c6ccc(-c7sc(-c8sc(C=C(C#N)C(=O)OC)cc8C)cc7C)s6)=C5C(=O)N4C)s3)s2)s1,-4.90267524,-3.07978456,0.124759,1,PC70BM,COC(=O)CCCC1(c2ccccc2)C23c4c5c6c7c8c9c(c%10c%11c2c2c4c4c%12c5c5c6c6c8c8c%13c9c9c%10c%10c%11c%11c2c2c4c4c%14c%12c%12c5c5c6c8c6c8c%13c9c9c%10c%10c%11c%11c2c4c2c4c%14c%12c%12c5c6c5c6c8c9c8c%10c%11c2c(c86)c4c%125)C713,-5.597654,-3.06209716,-2.994613,0.094445,2.906924,2.944819,2.924745
62.0,10.1016/j.dyepig.2015.11.024,0.74,5.11,1.7,226,DOR2TDPP,CCc1cc([CH]C2=[S]C(=S)N(CC)C2=O)sc1-c1cc(CC)c(-c2ccc(C3=C4C(=O)N(CC)C(c5ccc(-c6sc(-c7sc([CH]C8=[S]C(=S)N(CC)C8=O)cc7CC)cc6CC)s5)=C4C(=O)N3CC)s2)s1,-4.86512353,-3.01610992,0.139612,1,PC70BM,COC(=O)CCCC1(c2ccccc2)C23c4c5c6c7c8c9c(c%10c%11c2c2c4c4c%12c5c5c6c6c8c8c%13c9c9c%10c%10c%11c%11c2c2c4c4c%14c%12c%12c5c5c6c8c6c8c%13c9c9c%10c%10c%11c%11c2c4c2c4c%14c%12c%12c5c6c5c6c8c9c8c%10c%11c2c(c86)c4c%125)C713,-5.597654,-3.06209716,-2.994613,0.094445,3.720687,3.890572,3.871187
61.0,10.1039/c5cc07435e,0.69,12.24,4.3,227,DPP-DTF,CCSC1=C(SCC)SC(=Cc2ccc(-c3ccc(C4=C5C(=O)N(CC)C(c6ccc(-c7ccc([CH]C8=[S]C(SCC)=C(SCC)S8)s7)s6)=C5C(=O)N4CC)s3)s2)S1,-4.5108313,-2.52249539,0.172537,1,PC70BM,COC(=O)CCCC1(c2ccccc2)C23c4c5c6c7c8c9c(c%10c%11c2c2c4c4c%12c5c5c6c6c8c8c%13c9c9c%10c%10c%11c%11c2c2c4c4c%14c%12c%12c5c5c6c8c6c8c%13c9c9c%10c%10c%11c%11c2c4c2c4c%14c%12c%12c5c6c5c6c8c9c8c%10c%11c2c(c86)c4c%125)C713,-5.597654,-3.06209716,-2.994613,0.094445,1.524316,1.005637,1.51173
60.0,10.1002/adma.201302848,0.72,13.6,4.73,228,CNDPP,CCOC(=O)C(C#N)=Cc1cc(CC)c(-c2ccc(-c3sc(-c4ccc(C5=C6C(=O)N(CC)C(c7ccc(-c8cc(CC)c(-c9ccc(-c%10sc(C=C(C#N)C(=O)OCC)cc%10CC)s9)s8)s7)=C6C(=O)N5CC)s4)cc3CC)s2)s1,-4.91437615,-2.93474788,0.137455,1,PC70BM,COC(=O)CCCC1(c2ccccc2)C23c4c5c6c7c8c9c(c%10c%11c2c2c4c4c%12c5c5c6c6c8c8c%13c9c9c%10c%10c%11c%11c2c2c4c4c%14c%12c%12c5c5c6c8c6c8c%13c9c9c%10c%10c%11c%11c2c4c2c4c%14c%12c%12c5c6c5c6c8c9c8c%10c%11c2c(c86)c4c%125)C713,-5.597654,-3.06209716,-2.994613,0.094445,2.654102,2.693139,2.680637
59.0,10.1039/c3ta13534a,0.89,11.4,5.37,229,DPP(CF)2,CCOC(=O)c1ccc(-c2ccc(C3=C4C(=O)N(CC)C(c5ccc(-c6ccc(C(=O)OCC)o6)s5)=C4C(=O)N3CC)s2)o1,-4.96553354,-2.80957551,0.154556,1,PC70BM,COC(=O)CCCC1(c2ccccc2)C23c4c5c6c7c8c9c(c%10c%11c2c2c4c4c%12c5c5c6c6c8c8c%13c9c9c%10c%10c%11c%11c2c2c4c4c%14c%12c%12c5c5c6c8c6c8c%13c9c9c%10c%10c%11c%11c2c4c2c4c%14c%12c%12c5c6c5c6c8c9c8c%10c%11c2c(c86)c4c%125)C713,-5.597654,-3.06209716,-2.994613,0.094445,3.113735,3.296978,3.022768
73.0,10.1016/j.matchemphys.2014.06.048,0.78,1.15,0.23,230,DPP-DBF,CCN1C(=O)C2=C(c3ccc(-c4cccc5c4oc4ccccc45)s3)N(CC)C(=O)C2=C1c1ccc(-c2cccc3c2oc2ccccc23)s1,-4.6955966,-2.5363732,0.149805,1,PC70BM,COC(=O)CCCC1(c2ccccc2)C23c4c5c6c7c8c9c(c%10c%11c2c2c4c4c%12c5c5c6c6c8c8c%13c9c9c%10c%10c%11c%11c2c2c4c4c%14c%12c%12c5c5c6c8c6c8c%13c9c9c%10c%10c%11c%11c2c4c2c4c%14c%12c%12c5c6c5c6c8c9c8c%10c%11c2c(c86)c4c%125)C713,-5.597654,-3.06209716,-2.994613,0.094445,1.888861,1.974296,1.801135
73.0,10.1016/j.matchemphys.2014.06.048,0.81,2.25,0.52,231,DPP-ACN,CCN1C(=O)C2=C(c3ccc(-c4ccc5c6c(cccc46)CC5)s3)N(CC)C(=O)C2=C1c1ccc(-c2ccc3c4c(cccc24)CC3)s1,-4.66511985,-2.42126904,0.177984,1,PC70BM,COC(=O)CCCC1(c2ccccc2)C23c4c5c6c7c8c9c(c%10c%11c2c2c4c4c%12c5c5c6c6c8c8c%13c9c9c%10c%10c%11c%11c2c2c4c4c%14c%12c%12c5c5c6c8c6c8c%13c9c9c%10c%10c%11c%11c2c4c2c4c%14c%12c%12c5c6c5c6c8c9c8c%10c%11c2c(c86)c4c%125)C713,-5.597654,-3.06209716,-2.994613,0.094445,1.780716,1.770707,1.861824
74.0,10.1039/c3cp54548b,0.78,4.22,0.86,232,BDB,CC(C)c1ccc(-c2c3cc(-c4ccc(C5=C6C(=O)N(C(C)C)C(c7ccc(-c8cc9c(-c%10ccc(C(C)C)s%10)c%10sccc%10c(-c%10ccc(C(C)C)s%10)c9s8)s7)=C6C(=O)N5C(C)C)s4)sc3c(-c3ccc(C(C)C)s3)c3ccsc23)s1,-4.7170936,-2.69175021,0.121563,1,PC70BM,COC(=O)CCCC1(c2ccccc2)C23c4c5c6c7c8c9c(c%10c%11c2c2c4c4c%12c5c5c6c6c8c8c%13c9c9c%10c%10c%11c%11c2c2c4c4c%14c%12c%12c5c5c6c8c6c8c%13c9c9c%10c%10c%11c%11c2c4c2c4c%14c%12c%12c5c6c5c6c8c9c8c%10c%11c2c(c86)c4c%125)C713,-5.597654,-3.06209716,-2.994613,0.094445,1.704404,1.215511,1.828975
83.0,10.1039/c3tc32214a,0.9,9.73,2.92,233,SM4 ,CCN1C(=O)C2=C(c3ccc(-c4ccc(C(C#N)=Cc5ccc(N(c6ccccc6)c6ccccc6)cc5)cc4)s3)N(CC)C(=O)C2=C1c1ccc(-c2ccc(C(C#N)=Cc3ccc(N(c4ccccc4)c4ccccc4)cc3)cc2)s1,-4.73641369,-2.6718859,0.118053,2,PCBM,COC(=O)CCCC1(c2ccccc2)C23c4c5c6c7c8c9c(c%10c%11c2c2c%12c4c4c%13c5c5c7c7c8c8c%14c9c%10c9c%10c%11c2c2c%11c%12c4c4c%12c%13c5c5c7c7c8c8c%14c9c9c%10c2c2c%11c4c4c%12c5c7c5c8c9c2c45)C613,-5.654798,-3.09012489,-3.030532,0.075499,4.038295,4.060073,3.579744
90.0,10.1016/j.orgel.2013.03.031,0.81,9.3,4.0,234,TT(TDPP)2,CCN1C(=O)C2=C(c3ccc(-c4cc5sc(-c6ccc(C7=C8C(=O)N(CC)C(c9cccs9)=C8C(=O)N7CC)s6)cc5s4)s3)N(CC)C(=O)C2=C1c1cccs1,-4.78920377,-2.81229664,0.11779,1,PC70BM,COC(=O)CCCC1(c2ccccc2)C23c4c5c6c7c8c9c(c%10c%11c2c2c4c4c%12c5c5c6c6c8c8c%13c9c9c%10c%10c%11c%11c2c2c4c4c%14c%12c%12c5c5c6c8c6c8c%13c9c9c%10c%10c%11c%11c2c4c2c4c%14c%12c%12c5c6c5c6c8c9c8c%10c%11c2c(c86)c4c%125)C713,-5.597654,-3.06209716,-2.994613,0.094445,2.346379,2.32248,2.306332
90.0,10.1016/j.orgel.2013.03.031,0.78,6.8,3.0,235,T2(TDPP)2,CCN1C(=O)C2=C(c3ccc(-c4ccc(-c5ccc(-c6ccc(C7=C8C(=O)N(CC)C(c9cccs9)=C8C(=O)N7CC)s6)s5)s4)s3)N(CC)C(=O)C2=C1c1cccs1,-4.75682222,-2.79270445,0.108625,1,PC70BM,COC(=O)CCCC1(c2ccccc2)C23c4c5c6c7c8c9c(c%10c%11c2c2c4c4c%12c5c5c6c6c8c8c%13c9c9c%10c%10c%11c%11c2c2c4c4c%14c%12c%12c5c5c6c8c6c8c%13c9c9c%10c%10c%11c%11c2c4c2c4c%14c%12c%12c5c6c5c6c8c9c8c%10c%11c2c(c86)c4c%125)C713,-5.597654,-3.06209716,-2.994613,0.094445,3.070982,3.275406,2.371123
89.0,10.1016/j.orgel.2012.09.004,0.93,9.09,3.88,236,ph(TDPP)2,CCN1C(=O)C2=C(c3ccc(-c4ccc(-c5ccc(C6=C7C(=O)N(CC)C(c8cccs8)=C7C(=O)N6CC)s5)cc4)s3)N(CC)C(=O)C2=C1c1cccs1,-4.83246987,-2.79297656,0.105351,1,PC70BM,COC(=O)CCCC1(c2ccccc2)C23c4c5c6c7c8c9c(c%10c%11c2c2c4c4c%12c5c5c6c6c8c8c%13c9c9c%10c%10c%11c%11c2c2c4c4c%14c%12c%12c5c5c6c8c6c8c%13c9c9c%10c%10c%11c%11c2c4c2c4c%14c%12c%12c5c6c5c6c8c9c8c%10c%11c2c(c86)c4c%125)C713,-5.597654,-3.06209716,-2.994613,0.094445,1.699139,1.376231,1.749039
89.0,10.1016/j.orgel.2012.09.004,0.8,4.3,1.3,237,T(TDPP)2,CCN1C(=O)C2=C(c3ccc(-c4ccc(-c5ccc(C6=C7C(=O)N(CC)C(c8cccs8)=C7C(=O)N6CC)s5)s4)s3)N(CC)C(=O)C2=C1c1cccs1,-4.76852312,-2.90345478,0.110565,1,PC70BM,COC(=O)CCCC1(c2ccccc2)C23c4c5c6c7c8c9c(c%10c%11c2c2c4c4c%12c5c5c6c6c8c8c%13c9c9c%10c%10c%11c%11c2c2c4c4c%14c%12c%12c5c5c6c8c6c8c%13c9c9c%10c%10c%11c%11c2c4c2c4c%14c%12c%12c5c6c5c6c8c9c8c%10c%11c2c(c86)c4c%125)C713,-5.597654,-3.06209716,-2.994613,0.094445,2.51515,1.81457,1.333713
89.0,10.1016/j.orgel.2012.09.004,0.48,7.4,2.05,238,(TDPP)2,CCN1C(=O)C2=C(c3ccc(-c4ccc(C5=C6C(=O)N(CC)C(c7cccs7)=C6C(=O)N5CC)s4)s3)N(CC)C(=O)C2=C1c1cccs1,-4.7916528,-2.95651699,0.116152,1,PC70BM,COC(=O)CCCC1(c2ccccc2)C23c4c5c6c7c8c9c(c%10c%11c2c2c4c4c%12c5c5c6c6c8c8c%13c9c9c%10c%10c%11c%11c2c2c4c4c%14c%12c%12c5c5c6c8c6c8c%13c9c9c%10c%10c%11c%11c2c4c2c4c%14c%12c%12c5c6c5c6c8c9c8c%10c%11c2c(c86)c4c%125)C713,-5.597654,-3.06209716,-2.994613,0.094445,2.778775,2.472623,1.784771
88.0,10.1039/c2cc32646a,0.755,11.7,4.4,239,Zndt(tdpp)2,CCc1cc2cc(-c3ccc(C4=C5C(=O)N(CC)C(c6cccs6)=C5C(=O)N4CC)s3)sc2c2c(CC)cc3sc(-c4ccc(C5=C6C(=O)N(CC)C(c7cccs7)=C6C(=O)N5CC)s4)cc3c12,-4.81587093,-2.66072923,0.075767,2,PCBM,COC(=O)CCCC1(c2ccccc2)C23c4c5c6c7c8c9c(c%10c%11c2c2c%12c4c4c%13c5c5c7c7c8c8c%14c9c%10c9c%10c%11c2c2c%11c%12c4c4c%12c%13c5c5c7c7c8c8c%14c9c9c%10c2c2c%11c4c4c%12c5c7c5c8c9c2c45)C613,-5.654798,-3.09012489,-3.030532,0.075499,3.059918,3.234663,2.925736
87.0,10.1021/ja202791n,0.84,11.27,4.06,240,NDT(TDPP)2,CCc1c2cc3sc(-c4ccc(C5=C6C(=O)N(CC)C(c7cccs7)=C6C(=O)N5CC)s4)cc3cc2c(CC)c2sc(-c3ccc(C4=C5C(=O)N(CC)C(c6cccs6)=C5C(=O)N4CC)s3)cc12,-4.79328548,-2.83950803,0.073647,2,PCBM,COC(=O)CCCC1(c2ccccc2)C23c4c5c6c7c8c9c(c%10c%11c2c2c%12c4c4c%13c5c5c7c7c8c8c%14c9c%10c9c%10c%11c2c2c%11c%12c4c4c%12c%13c5c5c7c7c8c8c%14c9c9c%10c2c2c%11c4c4c%12c5c7c5c8c9c2c45)C613,-5.654798,-3.09012489,-3.030532,0.075499,2.790233,2.777139,3.107086
86.0,10.1039/C5TC03844H,0.87,9.24,5.07,241,An-2,CCc1ccsc1C#Cc1c2ccccc2c(C#Cc2ccc(C#Cc3ccc(C4=C5C(=O)N(CC)C(c6ccc(C#Cc7ccc(C#Cc8c9ccccc9c(C#Cc9sccc9CC)c9ccccc89)cc7)s6)=C5C(=O)N4CC)s3)cc2)c2ccccc12,-4.76117604,-2.89855674,0.049533,2,PCBM,COC(=O)CCCC1(c2ccccc2)C23c4c5c6c7c8c9c(c%10c%11c2c2c%12c4c4c%13c5c5c7c7c8c8c%14c9c%10c9c%10c%11c2c2c%11c%12c4c4c%12c%13c5c5c7c7c8c8c%14c9c9c%10c2c2c%11c4c4c%12c5c7c5c8c9c2c45)C613,-5.654798,-3.09012489,-3.030532,0.075499,3.907835,3.87245,3.858689
85.0,10.1002/ajoc.201500068,0.77,9.28,4.39,242,DT-DPP(AAnAT)2,CCc1ccsc1C#Cc1c2ccccc2c(C#Cc2ccc(C3=C4C(=O)N(CC)C(c5ccc(C#Cc6c7ccccc7c(C#Cc7sccc7CC)c7ccccc67)s5)=C4C(=O)N3CC)s2)c2ccccc12,-4.646344,-2.94263918,0.088218,2,PCBM,COC(=O)CCCC1(c2ccccc2)C23c4c5c6c7c8c9c(c%10c%11c2c2c%12c4c4c%13c5c5c7c7c8c8c%14c9c%10c9c%10c%11c2c2c%11c%12c4c4c%12c%13c5c5c7c7c8c8c%14c9c9c%10c2c2c%11c4c4c%12c5c7c5c8c9c2c45)C613,-5.654798,-3.09012489,-3.030532,0.075499,3.433634,3.533285,3.387402
84.0,10.1039/C5RA01946J,0.98,9.04,3.1,243,M4,CCN1C(=O)C2=C(c3ccc(C#Cc4ccc5c(c4)C(CC)(CC)c4ccccc4-5)s3)N(CC)C(=O)C2=C1c1ccc(C#Cc2ccc3c(c2)-c2ccccc2C3(CC)CC)s1,-4.77886344,-2.63923224,0.127854,2,PCBM,COC(=O)CCCC1(c2ccccc2)C23c4c5c6c7c8c9c(c%10c%11c2c2c%12c4c4c%13c5c5c7c7c8c8c%14c9c%10c9c%10c%11c2c2c%11c%12c4c4c%12c%13c5c5c7c7c8c8c%14c9c9c%10c2c2c%11c4c4c%12c5c7c5c8c9c2c45)C613,-5.654798,-3.09012489,-3.030532,0.075499,1.745785,1.706493,1.747482
84.0,10.1039/C5RA01946J,0.89,7.17,2.23,244,M3,CCN1C(=O)C2=C(c3ccc(C#Cc4ccc5c6ccccc6n(CC)c5c4)s3)N(CC)C(=O)C2=C1c1ccc(C#Cc2ccc3c(c2)c2ccccc2n3CC)s1,-4.65994969,-2.53909434,0.129644,2,PCBM,COC(=O)CCCC1(c2ccccc2)C23c4c5c6c7c8c9c(c%10c%11c2c2c%12c4c4c%13c5c5c7c7c8c8c%14c9c%10c9c%10c%11c2c2c%11c%12c4c4c%12c%13c5c5c7c7c8c8c%14c9c9c%10c2c2c%11c4c4c%12c5c7c5c8c9c2c45)C613,-5.654798,-3.09012489,-3.030532,0.075499,2.745725,2.700826,2.719053
84.0,10.1039/C5RA01946J,0.84,7.67,1.99,245,M2,CCN1C(=O)C2=C(c3ccc(-c4ccc5c(c4)-c4ccccc4C5(CC)CC)s3)N(CC)C(=O)C2=C1c1ccc(-c2ccc3c(c2)-c2c[c][c]cc2C3(CC)CC)s1,-4.81042865,-2.47705238,0.164984,2,PCBM,COC(=O)CCCC1(c2ccccc2)C23c4c5c6c7c8c9c(c%10c%11c2c2c%12c4c4c%13c5c5c7c7c8c8c%14c9c%10c9c%10c%11c2c2c%11c%12c4c4c%12c%13c5c5c7c7c8c8c%14c9c9c%10c2c2c%11c4c4c%12c5c7c5c8c9c2c45)C613,-5.654798,-3.09012489,-3.030532,0.075499,1.325661,1.357499,1.3802
84.0,10.1039/C5RA01946J,0.49,6.6,1.48,246,M1,CCN1C(=O)C2=C(c3ccc(-c4ccc5c(c4)c4ccccc4n5CC)s3)N(CC)C(=O)C2=C1c1ccc(-c2ccc3c(c2)c2c[c][c]cc2n3CC)s1,-4.59763562,-2.30235529,0.173224,2,PCBM,COC(=O)CCCC1(c2ccccc2)C23c4c5c6c7c8c9c(c%10c%11c2c2c%12c4c4c%13c5c5c7c7c8c8c%14c9c%10c9c%10c%11c2c2c%11c%12c4c4c%12c%13c5c5c7c7c8c8c%14c9c9c%10c2c2c%11c4c4c%12c5c7c5c8c9c2c45)C613,-5.654798,-3.09012489,-3.030532,0.075499,2.531107,2.617068,2.526141
83.0,10.1039/c3tc32214a,0.93,10.3,3.1,247,SM3,CCN1C(=O)C2=C(c3ccc(-c4ccc(C#Cc5ccc(N(c6ccccc6)c6ccccc6)cc5)cc4)s3)N(CC)C(=O)C2=C1c1ccc(-c2ccc(C#Cc3ccc(N(c4ccccc4)c4ccccc4)cc3)cc2)s1,-4.66511986,-2.61174874,0.0956,2,PCBM,COC(=O)CCCC1(c2ccccc2)C23c4c5c6c7c8c9c(c%10c%11c2c2c%12c4c4c%13c5c5c7c7c8c8c%14c9c%10c9c%10c%11c2c2c%11c%12c4c4c%12c%13c5c5c7c7c8c8c%14c9c9c%10c2c2c%11c4c4c%12c5c7c5c8c9c2c45)C613,-5.654798,-3.09012489,-3.030532,0.075499,3.0567,3.209666,2.695877
74.0,10.1039/c3cp54548b,0.78,3.44,1.5,248,CNRBDB,CCOC(=O)C(C#N)=Cc1ccc(-c2cc3c(-c4ccc(C(C)C)s4)c4sc(-c5ccc(C6=C7C(=O)N(C(C)C)C(c8ccc(-c9cc%10c(-c%11ccc(C(C)C)s%11)c%11sc(-c%12ccc(C=C(C#N)C(=O)OCC)s%12)cc%11c(-c%11ccc(C(C)C)s%11)c%10s9)s8)=C7C(=O)N6C(C)C)s5)cc4c(-c4ccc(C(C)C)s4)c3s2)s1,-4.9037637,-3.02536179,0.108775,1,PC70BM,COC(=O)CCCC1(c2ccccc2)C23c4c5c6c7c8c9c(c%10c%11c2c2c4c4c%12c5c5c6c6c8c8c%13c9c9c%10c%10c%11c%11c2c2c4c4c%14c%12c%12c5c5c6c8c6c8c%13c9c9c%10c%10c%11c%11c2c4c2c4c%14c%12c%12c5c6c5c6c8c9c8c%10c%11c2c(c86)c4c%125)C713,-5.597654,-3.06209716,-2.994613,0.094445,1.949743,1.817277,1.952522
83.0,10.1039/c3tc32214a,0.84,11.9,3.76,249,SM2,CCN1C(=O)C2=C(c3ccc(-c4ccc(C=Cc5ccc(N(c6ccccc6)c6ccccc6)cc5)cc4)s3)N(CC)C(=O)C2=C1c1ccc(-c2ccc(C=Cc3ccc(N(c4ccccc4)c4ccccc4)cc3)cc2)s1,-4.58457415,-2.55950288,0.110742,2,PCBM,COC(=O)CCCC1(c2ccccc2)C23c4c5c6c7c8c9c(c%10c%11c2c2c%12c4c4c%13c5c5c7c7c8c8c%14c9c%10c9c%10c%11c2c2c%11c%12c4c4c%12c%13c5c5c7c7c8c8c%14c9c9c%10c2c2c%11c4c4c%12c5c7c5c8c9c2c45)C613,-5.654798,-3.09012489,-3.030532,0.075499,2.628626,2.792823,2.586317
83.0,10.1039/c3tc32214a,0.88,8.62,2.74,250,SM1,CCN1C(=O)C2=C(c3ccc(-c4ccc(-c5ccc(N(c6ccccc6)c6ccccc6)cc5)cc4)s3)N(CC)C(=O)C2=C1c1ccc(-c2ccc(-c3ccc(N(c4ccccc4)c4ccccc4)cc3)cc2)s1,-4.65804489,-2.53201938,0.115368,2,PCBM,COC(=O)CCCC1(c2ccccc2)C23c4c5c6c7c8c9c(c%10c%11c2c2c%12c4c4c%13c5c5c7c7c8c8c%14c9c%10c9c%10c%11c2c2c%11c%12c4c4c%12c%13c5c5c7c7c8c8c%14c9c9c%10c2c2c%11c4c4c%12c5c7c5c8c9c2c45)C613,-5.654798,-3.09012489,-3.030532,0.075499,2.563639,2.918805,2.395508
82.0,10.1016/j.solmat.2011.05.006,0.77,3.92,1.71,251,TPDPP,CCN1C(=O)C2=C(c3ccc(C#Cc4cc5ccccc5c5ccccc45)s3)N(CC)C(=O)C2=C1c1ccc(C#Cc2cc3ccccc3c3ccccc23)s1,-4.85015728,-2.71433566,0.127183,1,PC70BM,COC(=O)CCCC1(c2ccccc2)C23c4c5c6c7c8c9c(c%10c%11c2c2c4c4c%12c5c5c6c6c8c8c%13c9c9c%10c%10c%11c%11c2c2c4c4c%14c%12c%12c5c5c6c8c6c8c%13c9c9c%10c%10c%11c%11c2c4c2c4c%14c%12c%12c5c6c5c6c8c9c8c%10c%11c2c(c86)c4c%125)C713,-5.597654,-3.06209716,-2.994613,0.094445,2.361645,2.484359,2.296744
82.0,10.1016/j.solmat.2011.05.006,0.92,2.79,0.69,252,SPDPP,CCN1C(=O)C2=C(c3ccc(-c4cc5ccccc5c5ccccc45)s3)N(CC)C(=O)C2=C1c1ccc(-c2cc3ccccc3c3ccccc23)s1,-4.84117751,-2.4852158,0.162316,1,PC70BM,COC(=O)CCCC1(c2ccccc2)C23c4c5c6c7c8c9c(c%10c%11c2c2c4c4c%12c5c5c6c6c8c8c%13c9c9c%10c%10c%11c%11c2c2c4c4c%14c%12c%12c5c5c6c8c6c8c%13c9c9c%10c%10c%11c%11c2c4c2c4c%14c%12c%12c5c6c5c6c8c9c8c%10c%11c2c(c86)c4c%125)C713,-5.597654,-3.06209716,-2.994613,0.094445,1.300393,1.24743,1.543479
81.0,10.1016/j.orgel.2013.05.035,0.79,2.38,0.46,253,OD-DPP-PY,CCN1C(=O)C2=C(c3ccc(-c4ccc5ccc6cccc7ccc4c5c67)s3)N(CC)C(=O)C2=C1c1ccc(-c2ccc3ccc4cccc5ccc2c3c45)s1,-4.768251,-2.56276824,0.156913,1,PC70BM,COC(=O)CCCC1(c2ccccc2)C23c4c5c6c7c8c9c(c%10c%11c2c2c4c4c%12c5c5c6c6c8c8c%13c9c9c%10c%10c%11c%11c2c2c4c4c%14c%12c%12c5c5c6c8c6c8c%13c9c9c%10c%10c%11c%11c2c4c2c4c%14c%12c%12c5c6c5c6c8c9c8c%10c%11c2c(c86)c4c%125)C713,-5.597654,-3.06209716,-2.994613,0.094445,1.7133,1.613357,1.988322
81.0,10.1016/j.orgel.2013.05.035,0.87,6.2,1.96,254,OD-DPP-A-PY,CCN1C(=O)C2=C(c3ccc(C#Cc4ccc5ccc6cccc7ccc4c5c67)s3)N(CC)C(=O)C2=C1c1ccc(C#Cc2ccc3ccc4cccc5ccc2c3c45)s1,-4.73967905,-2.81610624,0.104088,1,PC70BM,COC(=O)CCCC1(c2ccccc2)C23c4c5c6c7c8c9c(c%10c%11c2c2c4c4c%12c5c5c6c6c8c8c%13c9c9c%10c%10c%11c%11c2c2c4c4c%14c%12c%12c5c5c6c8c6c8c%13c9c9c%10c%10c%11c%11c2c4c2c4c%14c%12c%12c5c6c5c6c8c9c8c%10c%11c2c(c86)c4c%125)C713,-5.597654,-3.06209716,-2.994613,0.094445,2.27998,2.01386,2.568581
80.0,10.1039/C5TA00367A,0.74,10.5,5.4,255,DPPBIT4F,CCc1ccc(-c2ccc(-c3c(F)c(F)c(-c4cc5c(s4)-c4cc6c(cc4C5(CC)CC)-c4sc(-c5ccc(C7=C8C(=O)N(CC)C(c9ccc(-c%10cc%11c(s%10)-c%10cc%12c(cc%10C%11(CC)CC)-c%10sc(-c%11c(F)c(F)c(-c%13ccc(-c%14ccc(CC)s%14)s%13)c%13nsnc%11%13)cc%10C%12(CC)CC)s9)=C8C(=O)N7CC)s5)cc4C6(CC)CC)c4nsnc34)s2)s1,-4.55300895,-2.78154778,0.078078,1,PC70BM,COC(=O)CCCC1(c2ccccc2)C23c4c5c6c7c8c9c(c%10c%11c2c2c4c4c%12c5c5c6c6c8c8c%13c9c9c%10c%10c%11c%11c2c2c4c4c%14c%12c%12c5c5c6c8c6c8c%13c9c9c%10c%10c%11c%11c2c4c2c4c%14c%12c%12c5c6c5c6c8c9c8c%10c%11c2c(c86)c4c%125)C713,-5.597654,-3.06209716,-2.994613,0.094445,3.717863,3.972556,3.274415
80.0,10.1039/C5TA00367A,0.8,8.8,2.7,256,DPPBIT,CCc1ccc(-c2ccc(-c3ccc(-c4cc5c(s4)-c4cc6c(cc4C5(CC)CC)-c4sc(-c5ccc(C7=C8C(=O)N(CC)C(c9ccc(-c%10cc%11c(s%10)-c%10cc%12c(cc%10C%11(CC)CC)-c%10sc(-c%11ccc(-c%13ccc(-c%14ccc(CC)s%14)s%13)c%13nsnc%11%13)cc%10C%12(CC)CC)s9)=C8C(=O)N7CC)s5)cc4C6(CC)CC)c4nsnc34)s2)s1,-4.49776983,-2.70943761,0.072584,1,PC70BM,COC(=O)CCCC1(c2ccccc2)C23c4c5c6c7c8c9c(c%10c%11c2c2c4c4c%12c5c5c6c6c8c8c%13c9c9c%10c%10c%11c%11c2c2c4c4c%14c%12c%12c5c5c6c8c6c8c%13c9c9c%10c%10c%11c%11c2c4c2c4c%14c%12c%12c5c6c5c6c8c9c8c%10c%11c2c(c86)c4c%125)C713,-5.597654,-3.06209716,-2.994613,0.094445,2.600838,2.74526,2.203733
79.0,10.1016/j.dyepig.2016.03.033,0.69,2.02,0.65,257,DPPTBI,CCN1C(=O)C2=C(C3C=CC(c4ccc5c(c4)N(CC)C(=O)C5=C4C(=O)N(CC)c5ccsc54)S3)N(CC)C(=O)C2=C1c1ccc(-c2ccc3c(c2)N(CC)C(=O)C3=C2C(=O)N(CC)c3ccsc32)s1,-4.97315273,-2.78562949,0.089453,2,PCBM,COC(=O)CCCC1(c2ccccc2)C23c4c5c6c7c8c9c(c%10c%11c2c2c%12c4c4c%13c5c5c7c7c8c8c%14c9c%10c9c%10c%11c2c2c%11c%12c4c4c%12c%13c5c5c7c7c8c8c%14c9c9c%10c2c2c%11c4c4c%12c5c7c5c8c9c2c45)C613,-5.654798,-3.09012489,-3.030532,0.075499,2.311925,2.533955,2.061492
79.0,10.1016/j.dyepig.2016.03.033,0.86,7.46,2.25,258,DPPBI,CCN1C(=O)C2=C(c3ccc(-c4ccc5c(c4)N(CC)C(=O)C5=C4C(=O)N(CC)c5ccsc54)cc3)N(CC)C(=O)C2=C1c1ccc(-c2ccc3c(c2)N(CC)C(=O)C3=C2C(=O)N(CC)c3ccsc32)cc1,-5.01696306,-2.7505268,0.097156,2,PCBM,COC(=O)CCCC1(c2ccccc2)C23c4c5c6c7c8c9c(c%10c%11c2c2c%12c4c4c%13c5c5c7c7c8c8c%14c9c%10c9c%10c%11c2c2c%11c%12c4c4c%12c%13c5c5c7c7c8c8c%14c9c9c%10c2c2c%11c4c4c%12c5c7c5c8c9c2c45)C613,-5.654798,-3.09012489,-3.030532,0.075499,1.61673,1.832289,1.669747
79.0,10.1016/j.dyepig.2016.03.033,0.71,3.65,0.92,259,DPPID,CCN1C(=O)C2=C(c3ccc(-c4ccc5c(c4)N(CC)C(=O)C5=C4C(=O)N(CC)c5ccccc54)cc3)N(CC)C(=O)C2=C1c1ccc(-c2ccc3c(c2)N(CC)C(=O)C3=C2C(=O)N(CC)c3ccccc32)cc1,-5.1021347,-2.83324941,0.115824,2,PCBM,COC(=O)CCCC1(c2ccccc2)C23c4c5c6c7c8c9c(c%10c%11c2c2c%12c4c4c%13c5c5c7c7c8c8c%14c9c%10c9c%10c%11c2c2c%11c%12c4c4c%12c%13c5c5c7c7c8c8c%14c9c9c%10c2c2c%11c4c4c%12c5c7c5c8c9c2c45)C613,-5.654798,-3.09012489,-3.030532,0.075499,2.21005,2.404016,2.196228
75.0,10.1002/aenm.201300240,0.63,14.6,5.3,260,1,CCN1C(=O)C2=C(c3ccc(-c4ccc5c(c4)c4c6c(c7ccccc7n6CC)c6c(c7ccccc7n6CC)c4n5CC)s3)N(CC)C(=O)C2=C1c1ccc(-c2ccc3c(c2)c2c4c(c5ccccc5n4CC)c4c(c5ccccc5n4CC)c2n3CC)s1,-4.52987927,-2.34997521,0.139256,1,PC70BM,COC(=O)CCCC1(c2ccccc2)C23c4c5c6c7c8c9c(c%10c%11c2c2c4c4c%12c5c5c6c6c8c8c%13c9c9c%10c%10c%11c%11c2c2c4c4c%14c%12c%12c5c5c6c8c6c8c%13c9c9c%10c%10c%11c%11c2c4c2c4c%14c%12c%12c5c6c5c6c8c9c8c%10c%11c2c(c86)c4c%125)C713,-5.597654,-3.06209716,-2.994613,0.094445,2.585177,2.320298,2.669352
74.0,10.1039/c3cp54548b,0.64,9.66,2.81,261,HTTBDB,CCc1ccc(-c2ccc(-c3cc4c(-c5ccc(C(C)C)s5)c5sc(-c6ccc(C7=C8C(=O)N(C(C)C)C(c9ccc(-c%10cc%11c(-c%12ccc(C(C)C)s%12)c%12sc(-c%13ccc(-c%14ccc(CC)s%14)s%13)cc%12c(-c%12ccc(C(C)C)s%12)c%11s%10)s9)=C8C(=O)N7C(C)C)s6)cc5c(-c5ccc(C(C)C)s5)c4s3)s2)s1,-4.62947294,-2.69447135,0.099628,1,PC70BM,COC(=O)CCCC1(c2ccccc2)C23c4c5c6c7c8c9c(c%10c%11c2c2c4c4c%12c5c5c6c6c8c8c%13c9c9c%10c%10c%11c%11c2c2c4c4c%14c%12c%12c5c5c6c8c6c8c%13c9c9c%10c%10c%11c%11c2c4c2c4c%14c%12c%12c5c6c5c6c8c9c8c%10c%11c2c(c86)c4c%125)C713,-5.597654,-3.06209716,-2.994613,0.094445,2.516115,2.786994,2.13036
16.0,10.1039/c5ra17715d,0.95,7.75,3.12,262,BDT-T-DPP,CCc1ccc(-c2c3cc(-c4ccc(-c5cc6c(-c7ccc(CC)s7)c7sc(-c8ccc(C9=C%10C(=O)N(CC)C(c%11cccs%11)=C%10C(=O)N9CC)s8)cc7c(-c7ccc(CC)s7)c6s5)s4)sc3c(-c3ccc(CC)s3)c3cc(-c4ccc(C5=C6C(=O)N(CC)C(c7cccs7)=C6C(=O)N5CC)s4)sc23)s1,-4.748659,-2.628892,0.077213,66,16_PDI9,CCc1ccc(C2(c3ccc(CC)cc3)c3cc4c(cc3-c3sc(-c5cc6c(=O)n(CC)c(=O)c7ccc8c9c(OC)cc%10c(=O)n(CC)c(=O)c%11ccc(c5c8c76)c9c%11%10)cc32)C(c2ccc(CC)cc2)(c2ccc(CC)cc2)c2cc(-c3cc5c(=O)n(CC)c(=O)c6ccc7c8c(OC)cc9c(=O)n(CC)c(=O)c%10ccc(c3c7c65)c8c%109)sc2-4)cc1,-5.1021347,-3.2751623,-3.23298466,0.071622,4.727242,4.570013,5.632804
