DonorName,AcceptorName,DonorSMILES,AcceptorSMILES,V_OC,J_SC,FF_percent,PCE,HOMO_D,LUMO_D,HOMO_A,LUMO_A,Lambda+,Lambda-,PubYear,DOI,Source_Database
PPDT2FBT-A,P(NDITEG-T2),COCCOCCOCCOCC(COCCOCCOCCOC)Oc1cc(-c2ccc(-c3c(F)c(F)cc4nsnc34)s2)c(OC(COCCOCCOCCOC)COCCOCCOCCOC)cc1-c1cccs1,COCCOCCOCCOCC(COCCOCCOCCOC)CN1C(=O)c2ccc3c4c(c(-c5ccc(-c6cccs6)s5)cc(c24)C1=O)C(=O)N(CC(COCCOCCOCCOC)COCCOCCOCCOC)C3=O,0.71,4.53,43.0,1.56,-5.19,-3.46,-5.44,-3.93,,,2019,10.1021/acsami.9b13812,"OPV-DB (Qiu, J., Zenodo, 2026, doi:10.5281/zenodo.20841543)"
P3HT,ITIC,CCCCCCc1cc(C)sc1C,CCCCCCc1ccc(C2(c3ccc(CCCCCC)cc3)c3cc4c(cc3-c3sc5cc(/C=C6\C(=O)c7ccccc7C6=C(C#N)C#N)sc5c32)C(c2ccc(CCCCCC)cc2)(c2ccc(CCCCCC)cc2)c2c-4sc3cc(/C=C4\C(=O)c5ccccc5C4=C(C#N)C#N)sc23)cc1,0.55,5.2,52.2,1.5,-5.1,-3.2,-5.43,-3.81,,,2019,10.1039/c9ta90222h,"OPV-DB (Qiu, J., Zenodo, 2026, doi:10.5281/zenodo.20841543)"
PDCBT,N2200,CCCCCCCCC(CCCCCC)COC(=O)c1csc(-c2cc(C(=O)OCC(CCCCCC)CCCCCCCC)c(-c3ccc(-c4cccs4)s3)s2)c1,CCCCCCCCCCC(CCCCCCCC)CN1C(=O)c2ccc3c4c(c(-c5ccc(-c6cccs6)s5)cc(c24)C1=O)C(=O)N(CC(CCCCCCCC)CCCCCCCCCC)C3=O,0.91,3.82,41.09,1.45,-5.31,-3.0,-5.71,-4.02,,,2019,10.1039/c9tc03142a,"OPV-DB (Qiu, J., Zenodo, 2026, doi:10.5281/zenodo.20841543)"
PPDT2FBT-A,P(NDITEG-T),COCCOCCOCCOCC(COCCOCCOCCOC)Oc1cc(-c2ccc(-c3c(F)c(F)cc4nsnc34)s2)c(OC(COCCOCCOCCOC)COCCOCCOCCOC)cc1-c1cccs1,COCCOCCOCCOCC(COCCOCCOCCOC)CN1C(=O)c2ccc3c4c(c(-c5cccs5)cc(c24)C1=O)C(=O)N(CC(COCCOCCOCCOC)COCCOCCOCCOC)C3=O,0.68,4.11,43.0,1.43,-5.19,-3.46,-5.72,-3.96,,,2019,10.1021/acsami.9b13812,"OPV-DB (Qiu, J., Zenodo, 2026, doi:10.5281/zenodo.20841543)"
T2-BTDF-(TE2),O-IDTBR,CCCCCCCCCCCCC(CCCCCCCCCC)COC(=O)c1cc(-c2cc(C(=O)OCC(CCCCCCCCCC)CCCCCCCCCCCC)c(-c3ccc(-c4c(F)c(F)c(C)c5nsnc45)s3)s2)sc1-c1ccc(C)s1,CCCCCCCCC1(CCCCCCCC)c2cc3c(cc2-c2sc(-c4ccc(/C=C5\SC(=S)N(CC)C5=O)c5nsnc45)cc21)C(CCCCCCCC)(CCCCCCCC)c1cc(-c2ccc(/C=C4\SC(=S)N(CC)C4=O)c4nsnc24)sc1-3,1.01,2.7,50.0,1.38,-5.66,-3.6,-5.73,-3.92,,,2019,10.1021/acs.chemmater.9b03327,"OPV-DB (Qiu, J., Zenodo, 2026, doi:10.5281/zenodo.20841543)"
PBDTTFTQ-DO,ITIC,CCCCCCCCOc1cccc(-c2nc3c(-c4cccs4)cc(F)c(-c4ccc(-c5cc6c(-c7cc(CCCCCCCC)c(CCCCCCCC)s7)c7sccc7c(-c7cc(CCCCCCCC)c(CCCCCCCC)s7)c6s5)s4)c3nc2-c2cccc(OCCCCCCCC)c2)c1,CCCCCCc1ccc(C2(c3ccc(CCCCCC)cc3)c3cc4c(cc3-c3sc5cc(C=C6C(=O)c7ccccc7C6=C(C#N)C#N)sc5c32)C(c2ccc(CCCCCC)cc2)(c2ccc(CCCCCC)cc2)c2c-4sc3cc(C=C4C(=O)c5ccccc5C4=C(C#N)C#N)sc23)cc1,1.02,3.99,34.3,1.33,-5.37,-3.03,-5.48,-3.83,,,2019,10.1016/j.orgel.2019.06.007,"OPV-DB (Qiu, J., Zenodo, 2026, doi:10.5281/zenodo.20841543)"
44BT,PCBM,CCCCCCN(CCCC)C(=O)c1ccsc1-c1cc(C(=O)N(CCCC)CCCC)c(-c2ccc(-c3cccs3)s2)s1,COC(=O)CCCC1(c2ccccc2)C23c4c5c6c7c8c9c(c%10c%11c2c2c%12c4c4c%13c5c5c7c7c8c8c%14c9c%10c9c%10c%11c2c2c%11c%12c4c4c%12c%13c5c5c7c7c8c8c%14c9c9c%10c2c2c%11c4c4c%12c5c7c5c8c9c2c45)C613,0.87,4.2,36.0,1.31,-5.3,-3.22,-6.1,-3.7,,,2019,10.1039/c9ra06909g,"OPV-DB (Qiu, J., Zenodo, 2026, doi:10.5281/zenodo.20841543)"
P1,IEICO-4F,CCCCC(CC)Cc1ccc(-c2c3cc(-c4sc(C)c(C(=O)OC)c4F)sc3c(-c3ccc(CC(CC)CCCC)s3)c3cc(C)sc23)s1,CCCCCCc1ccc(C2(c3ccc(CCCCCC)cc3)c3cc4c(cc3-c3sc(-c5sc(/C=C6\C(=O)c7cc(F)c(F)cc7C6=C(C#N)C#N)cc5OCC(CC)CCCC)cc32)C(c2ccc(CCCCCC)cc2)(c2ccc(CCCCCC)cc2)c2cc(-c3sc(/C=C5\C(=O)c6cc(F)c(F)cc6C5=C(C#N)C#N)cc3OCC(CC)CCCC)sc2-4)cc1,0.81,4.2,36.7,1.31,-5.6,-3.65,-5.44,-4.19,,,2019,10.1002/advs.201901773,"OPV-DB (Qiu, J., Zenodo, 2026, doi:10.5281/zenodo.20841543)"
"P(N,O-DBND-2T)",PC71BM,CCCCCCCCCCCCCCC(CCCCCCCCCCCCCC)COc1nc2ccccc2c2c(=O)n(CC(CCCCCCCCCCCCCC)CCCCCCCCCCCCCC)c3cc(-c4ccc(-c5cccs5)s4)ccc3c12,COC(=O)CCCC1(c2ccccc2)C23c4c5ccc6c7cc8c9c%10c(cc%11cc%12c%13c%14c(cc%15c%16ccc-5c2c%16c2c5c%16c%17c(c(c46)c7c9c%17c4c%10c%11c%13c4c%16c%14c%152)C513)C%12)C8,0.91,7.91,69.0,4.96,-5.39,-3.19,-5.9,-3.9,,,2019,10.1039/c9ra01545k,"OPV-DB (Qiu, J., Zenodo, 2026, doi:10.5281/zenodo.20841543)"
PDTBDT-BZ,BDTB-Na,CCCCCCCCC(CCCCCC)Cn1nc2c(-c3ccc(C)s3)c(F)c(F)c(-c3ccc(-c4cc5sc6c(-c7ccc(SCC(CCCC)CCCCCC)s7)c7c(sc8cc(C)sc87)c(-c7ccc(SCC(CCCC)CCCCCC)s7)c6c5s4)s3)c2n1,CCCCCCc1ccc(C2(c3ccc(CCCCCC)cc3)c3cc(/C=C4/C(=O)c5cc6ccccc6cc5C4=C(C#N)C#N)sc3-c3sc4c(-c5ccc(SCC(CC)CCCC)cc5)c5c6c(sc5c(-c5ccc(SCC(CC)CCCC)cc5)c4c32)-c2sc(/C=C3/C(=O)c4cc5ccccc5cc4C3=C(C#N)C#N)cc2C6(c2ccc(CCCCCC)cc2)c2ccc(CCCCCC)cc2)cc1,0.863,12.72,43.2,4.95,-5.32,-3.51,-5.5,-3.8,,,2019,10.1021/acsami.9b14981,"OPV-DB (Qiu, J., Zenodo, 2026, doi:10.5281/zenodo.20841543)"
PDTBDT-BZ,BDTB-Na,CCCCCCCCC(CCCCCC)Cn1nc2c(-c3cccs3)c(F)c(F)c(-c3ccc(-c4cc5sc6c(-c7ccc(SCC(CCCC)CCCCCC)s7)c7c(sc8ccsc87)c(-c7ccc(SCC(CCCC)CCCCCC)s7)c6c5s4)s3)c2n1,CCCCCCc1ccc(C2(c3ccc(CCCCCC)cc3)c3cc(/C=C4/C(=O)c5cc6ccccc6cc5C4=C(C#N)C#N)sc3-c3sc4c(-c5ccc(SCC(CC)CCCC)cc5)c5c6c(sc5c(-c5ccc(SCC(CC)CCCC)cc5)c4c32)-c2sc(/C=C3/C(=O)c4cc5ccccc5cc4C3=C(C#N)C#N)cc2C6(c2ccc(CCCCCC)cc2)c2ccc(CCCCCC)cc2)cc1,0.864,12.86,44.5,4.95,-5.32,-3.51,-5.5,-3.8,,,2019,10.1021/acsami.9b14981,"OPV-DB (Qiu, J., Zenodo, 2026, doi:10.5281/zenodo.20841543)"
P(F-Cl),IT-4F,CCCCC(CC)Cc1sc(-c2c3cc(-c4sc(C)c(C)c4Cl)sc3c(-c3cc(F)c(CC(CC)CCCC)s3)c3cc(C)sc23)cc1F,CCCCCCc1ccc(C2(c3ccc(CCCCCC)cc3)c3cc4c(cc3-c3sc5cc(/C=C6\C(=O)c7cc(F)c(F)cc7C6=C(C#N)C#N)sc5c32)C(c2ccc(CCCCCC)cc2)(c2ccc(CCCCCC)cc2)c2c-4sc3cc(/C=C4\C(=O)c5cc(F)c(F)cc5C4=C(C#N)C#N)sc23)cc1,0.879,20.3,66.0,11.8,-5.64,-3.66,-5.71,-4.15,,,2019,10.1002/smll.201902598,"OPV-DB (Qiu, J., Zenodo, 2026, doi:10.5281/zenodo.20841543)"
PNTz4T-1F,PC71BM,CCCCCCCCCCCCC(CCCCCCCCCC)Cc1csc(-c2cc3c(cc(-c4cc(CC(CCCCCCCCCC)CCCCCCCCCCCC)c(-c5ccc(-c6sccc6F)s5)s4)c4nsnc43)c3nsnc23)c1,COC(=O)CCCC1(c2ccccc2)C23c4c5ccc6c7cc8c9c%10c(cc%11cc%12c%13c%14c(cc%15c%16ccc-5c2c%16c2c5c%16c%17c(c(c46)c7c9c%17c4c%10c%11c%13c4c%16c%14c%152)C513)C%12)C8,0.78,20.37,73.0,11.77,-5.29,-3.7,-5.9,-3.9,,,2019,10.1039/c9ta08960h,"OPV-DB (Qiu, J., Zenodo, 2026, doi:10.5281/zenodo.20841543)"
J71,m-ITIC,CCCCCCCCC(CCCCCC)Cn1nc2c(-c3cccs3)c(F)c(F)c(-c3ccc(-c4cc5c(-c6ccc([Si](CCC)(CCC)CCC)s6)c6sccc6c(-c6ccc([Si](CCC)(CCC)CCC)s6)c5s4)s3)c2n1,CCCCCCc1cccc(C2(c3cccc(CCCCCC)c3)c3cc4c(cc3-c3sc5cc(/C=C6\C(=O)c7ccccc7C6=C(C#N)C#N)sc5c32)C(c2cccc(CCCCCC)c2)(c2cccc(CCCCCC)c2)c2c-4sc3cc(/C=C4\C(=O)c5ccccc5C4=C(C#N)C#N)sc23)c1,0.94,17.53,71.2,11.73,-5.39,-3.24,-5.53,-3.95,,,2019,10.1021/acs.macromol.9b00484,"OPV-DB (Qiu, J., Zenodo, 2026, doi:10.5281/zenodo.20841543)"
PBDT-F-3T2C,IT-4F,CCCCCCCCCCOC(=O)c1ccsc1-c1ccc(-c2sc(-c3cc4c(-c5cc(F)c(CC(CC)CCCC)s5)c5sccc5c(-c5cc(F)c(CC(CC)CCCC)s5)c4s3)cc2C(=O)OCCCCCCCCCC)s1,CCCCCCc1ccc(C2(c3ccc(CCCCCC)cc3)c3cc4c(cc3-c3sc5cc(/C=C6\C(=O)c7cc(F)c(F)cc7C6=C(C#N)C#N)sc5c32)C(c2ccc(CCCCCC)cc2)(c2ccc(CCCCCC)cc2)c2c-4sc3cc(/C=C4\C(=O)c5cc(F)c(F)cc5C4=C(C#N)C#N)sc23)cc1,0.852,20.12,68.09,11.67,-5.53,-3.56,-5.66,-4.14,,,2019,10.1016/j.orgel.2019.04.011,"OPV-DB (Qiu, J., Zenodo, 2026, doi:10.5281/zenodo.20841543)"
44TT,PCBM,CCCCN(CCCC)C(=O)c1ccsc1-c1cc(C(=O)N(CCCC)CCCC)c(-c2cc3sccc3s2)s1,COC(=O)CCCC1(c2ccccc2)C23c4c5c6c7c8c9c(c%10c%11c2c2c%12c4c4c%13c5c5c7c7c8c8c%14c9c%10c9c%10c%11c2c2c%11c%12c4c4c%12c%13c5c5c7c7c8c8c%14c9c9c%10c2c2c%11c4c4c%12c5c7c5c8c9c2c45)C613,0.82,4.8,41.0,1.59,-5.4,-3.35,-6.1,-3.7,,,2019,10.1039/c9ra06909g,"OPV-DB (Qiu, J., Zenodo, 2026, doi:10.5281/zenodo.20841543)"
P1,ITIC-Th,CCCCC(CC)Cc1ccc(-c2c3cc(-c4sc(C)c(C(=O)OC)c4F)sc3c(-c3ccc(CC(CC)CCCC)s3)c3cc(C)sc23)s1,CCCCCCc1cc(C2(c3ccc(CCCCCC)s3)c3cc4c(cc3-c3sc5cc(/C=C6\C(=O)c7ccccc7C6=C(C#N)C#N)sc5c32)C(c2ccc(CCCCCC)s2)(c2ccc(CCCCCC)s2)c2c-4sc3cc(/C=C4\C(=O)c5ccccc5C4=C(C#N)C#N)sc23)cs1,1.01,17.66,63.1,11.39,-5.6,-3.65,-5.66,-3.93,,,2019,10.1002/advs.201901773,"OPV-DB (Qiu, J., Zenodo, 2026, doi:10.5281/zenodo.20841543)"
PBDB-T,Ph-DTDPi-OT,CCCCC(CC)Cc1ccc(-c2c3cc(-c4ccc(-c5sc(-c6cccs6)c6c5C(=O)c5c(CC(CC)CCCC)sc(CC(CC)CCCC)c5C6=O)s4)sc3c(-c3ccc(CC(CC)CCCC)s3)c3ccsc23)s1,CCCCCCOc1cc(-c2cc3c(s2)-c2cc4c(cc2OC3(c2ccc(CCCCCC)cc2)c2ccc(CCCCCC)cc2)-c2sc(-c3cc(OCCCCCC)c(/C=C5\C(=O)c6cc(F)c(F)cc6C5=C(C#N)C#N)s3)cc2C(c2ccc(CCCCCC)cc2)(c2ccc(CCCCCC)cc2)O4)sc1/C=C1\C(=O)c2cc(F)c(F)cc2C1=C(C#N)C#N,0.9,18.67,67.5,11.38,-5.33,-3.48,-5.55,-3.9,,,2019,10.1021/acsami.9b19676,"OPV-DB (Qiu, J., Zenodo, 2026, doi:10.5281/zenodo.20841543)"
PTPD,Y6,CCCCCCCCc1ccc(-c2c3cc(-c4ccc(-c5sc(-c6cccs6)c6c5C(=O)N(CC(CCCCCC)CCCCCCCC)C6=O)s4)sc3c(-c3ccc(CCCCCCCC)s3)c3ccsc23)s1,CCCCCCCCCCCc1c(/C=C2\C(=O)c3cc(F)c(F)cc3C2=C(C#N)C#N)sc2c1sc1c3c4nsnc4c4c5sc6c(CCCCCCCCCCC)c(/C=C7\C(=O)c8cc(F)c(F)cc8C7=C(C#N)C#N)sc6c5n(CC(CC)CCCC)c4c3n(CC(CC)CCCC)c21,0.65,20.8,37.7,5.1,-5.05,-3.19,-5.63,-4.3,,,2019,10.1021/acsenergylett.9b02842,"OPV-DB (Qiu, J., Zenodo, 2026, doi:10.5281/zenodo.20841543)"
P3HT,BTDT2R,CCCCCCc1cc(C)sc1C,CCCCCCOc1c(OCCCCCC)c(-c2ccc(/C=C3\SC(=S)N(CC)C3=O)s2)c2nsnc2c1-c1ccc(/C=C2\SC(=S)N(CC)C2=O)s1,0.81,9.42,67.0,5.09,-5.14,-3.14,-5.61,-3.8,,,2019,10.1021/acsami.9b09256,"OPV-DB (Qiu, J., Zenodo, 2026, doi:10.5281/zenodo.20841543)"
P3HT,BTDT2R,CCCCCCc1ccsc1,CCCCCCOc1c(OCCCCCC)c(-c2ccc(/C=C3\SC(=S)N(CC)C3=O)s2)c2nsnc2c1-c1ccc(/C=C2\SC(=S)N(CC)C2=O)s1,0.81,9.42,67.0,5.09,-5.01,-3.12,-5.61,-3.73,,,2019,10.1021/acsami.9b09256,"OPV-DB (Qiu, J., Zenodo, 2026, doi:10.5281/zenodo.20841543)"
PBDB-T,PNDI-TVT,CCCCC(CC)Cc1ccc(-c2c3cc(-c4ccc(-c5sc(-c6cccs6)c6c5C(=O)c5c(CC(CC)CCCC)sc(CC(CC)CCCC)c5C6=O)s4)sc3c(-c3ccc(CC(CC)CCCC)s3)c3ccsc23)s1,CCCCCCCCCCC(CCCCCCCC)CN1C(=O)c2ccc3c4c(c(-c5ccc(/C=C/c6cccs6)s5)cc(c24)C1=O)C(=O)N(CC(CCCCCCCC)CCCCCCCCCC)C3=O,0.85,9.92,62.0,5.06,-5.33,-2.92,-5.36,-3.89,,,2019,10.1021/acs.chemmater.9b00639,"OPV-DB (Qiu, J., Zenodo, 2026, doi:10.5281/zenodo.20841543)"
PSBDB-T,ITIC,CCCCC(CC)C[Si]1(CC(CC)CCCC)c2ccsc2-c2sc(-c3cccc4nsnc34)cc21,CCCCCCc1ccc(C2(c3ccc(CCCCCC)cc3)c3cc4c(cc3-c3sc5cc(C=C6C(=O)c7ccccc7C6=C(C#N)C#N)sc5c32)C(c2ccc(CCCCCC)cc2)(c2ccc(CCCCCC)cc2)c2c-4sc3cc(C=C4C(=O)c5ccccc5C4=C(C#N)C#N)sc23)cc1,0.96,10.45,50.0,5.0,-5.56,-3.53,-5.576,-3.916,,,2019,10.1016/j.dyepig.2019.02.040,"OPV-DB (Qiu, J., Zenodo, 2026, doi:10.5281/zenodo.20841543)"
PTAZ-TPD10-C8,N2200,CCCCCCCCc1cc(-c2c3cc(-c4ccc(-c5c(F)c(F)c(-c6ccc(-c7cc8c(-c9cc(CCCCCCCC)c(CCCCCCCC)s9)c9sc(-c%10scc%11c%10C(=O)N(CCCCCCCC)C%11=O)cc9c(-c9cc(CCCCCCCC)c(CCCCCCCC)s9)c8s7)s6)c6nn(CC(CC)CCCC)nc56)s4)sc3c(-c3cc(CCCCCCCC)c(CCCCCCCC)s3)c3ccsc23)sc1CCCCCCCC,CCCCCCCCCCC(CCCCCCCC)CN1C(=O)c2ccc3c4c(c(-c5ccc(-c6cccs6)s5)cc(c24)C1=O)C(=O)N(CC(CCCCCCCC)CCCCCCCCCC)C3=O,0.88,9.4,60.0,5.0,-5.27,-3.23,-5.71,-4.02,,,2019,10.1002/aenm.201901740,"OPV-DB (Qiu, J., Zenodo, 2026, doi:10.5281/zenodo.20841543)"
T1,ITIC,CCCCCCCCC(CCCCCC)Sc1ccc2cc(-c3c4cc(-c5ccc(-c6c(F)c(F)c(-c7ccc(-c8cc9c(-c%10ccc%11cc(SC(CCCCCC)CCCCCCCC)ccc%11c%10)c%10sc(-c%11ccc(-c%12sc(-c%13cccs%13)c%13c%12C(=O)c%12c(C(CC)CCCC)sc(C(CC)CCCC)c%12C%13=O)s%11)cc%10c(-c%10ccc%11cc(SC(CCCCCC)CCCCCCCC)ccc%11c%10)c9s8)s7)c7nn(C(CCCCCC)CCCCCCCC)nc67)s5)sc4c(-c4ccc5cc(SC(CCCCCC)CCCCCCCC)ccc5c4)c4ccsc34)ccc2c1,CCCCCCc1ccc(C2(c3ccc(CCCCCC)cc3)c3cc4c(cc3-c3sc5cc(C=C6C(=O)c7ccccc7C6=C(C#N)C#N)sc5c32)C(c2ccc(CCCCCC)cc2)(c2ccc(CCCCCC)cc2)c2c-4sc3cc(C=C4C(=O)c5ccccc5C4=C(C#N)C#N)sc23)cc1,0.952,16.8,71.91,11.5,-5.4,-3.54,-5.576,-3.916,,,2019,10.1021/acsami.9b20364,"OPV-DB (Qiu, J., Zenodo, 2026, doi:10.5281/zenodo.20841543)"
PFBDB-T,CDTTIC,CCCCC(CC)Cc1ccc(-c2c3cc(-c4sc(-c5sc(-c6cc(F)cs6)c6c5C(=O)c5c(CC(CC)CCCC)sc(CC(CC)CCCC)c5C6=O)cc4F)sc3c(-c3ccc(CC(CC)CCCC)s3)c3ccsc23)s1,CCCCCCCCC1(CCCCCCCC)c2c(sc3cc(/C=C4\C(=O)c5ccccc5C4=C(C#N)C#N)sc23)-c2sc3cc(/C=C4\C(=O)c5ccccc5C4=C(C#N)C#N)sc3c21,0.78,24.9,56.0,11.5,-5.47,-3.46,-5.62,-3.98,,,2019,10.1002/adfm.201904956,"OPV-DB (Qiu, J., Zenodo, 2026, doi:10.5281/zenodo.20841543)"
PBDB-TF,ITIC-2Cl-Th,CCCCC(CC)Cc1sc(-c2c3cc(-c4ccc(-c5sc(-c6cccs6)c6c5C(=O)c5c(CC(CC)CCCC)sc(CC(CC)CCCC)c5C6=O)s4)sc3c(-c3cc(F)c(CC(CC)CCCC)s3)c3ccsc23)cc1F,CCCCCCc1ccc(C2(c3ccc(CCCCCC)cc3)c3cc4c(cc3-c3sc5cc(/C=C6\C(=O)c7cscc7C6=C(C#N)C#N)sc5c32)C(c2ccc(CCCCCC)cc2)(c2ccc(CCCCCC)cc2)c2c-4sc3cc(/C=C4\C(=O)c5cc(Cl)c(Cl)cc5C4=C(C#N)C#N)sc23)cc1,0.86,18.31,72.1,11.45,-5.5,-3.61,-5.31,-3.74,,,2019,10.1021/acsaem.9b01667,"OPV-DB (Qiu, J., Zenodo, 2026, doi:10.5281/zenodo.20841543)"
J75,m-ITIC,CCCCCCCCC(CCCCCC)Cn1nc2c(-c3ccc(C)s3)c(F)c(F)c(-c3ccc(-c4cc5c(-c6ccc([Si](CCC)(CCC)CCC)[se]6)c6sc(C)cc6c(-c6ccc([Si](CCC)(CCC)CCC)[se]6)c5s4)s3)c2n1,CCCCCCc1cccc(C2(c3cccc(CCCCCC)c3)c3cc4c(cc3-c3sc5cc(/C=C6\C(=O)c7ccccc7C6=C(C#N)C#N)sc5c32)C(c2cccc(CCCCCC)c2)(c2cccc(CCCCCC)c2)c2c-4sc3cc(/C=C4\C(=O)c5ccccc5C4=C(C#N)C#N)sc23)c1,0.96,17.11,69.5,11.41,-5.49,-3.66,-5.53,-3.95,,,2019,10.1021/acs.macromol.9b00484,"OPV-DB (Qiu, J., Zenodo, 2026, doi:10.5281/zenodo.20841543)"
PBDB-TF,DPBDT-4Cl,CCCCC(CC)Cc1sc(-c2c3cc(-c4ccc(-c5sc(-c6cccs6)c6c5C(=O)c5c(CC(CC)CCCC)sc(CC(CC)CCCC)c5C6=O)s4)sc3c(-c3cc(F)c(CC(CC)CCCC)s3)c3ccsc23)cc1F,CCCCCCc1ccc(-c2c3sc4c(c3c(-c3ccc(CCCCCC)cc3)c3sc5c(c23)C(c2ccc(CCCCCC)cc2)(c2ccc(CCCCCC)cc2)c2cc(/C=C3\C(=O)c6cc(Cl)c(Cl)cc6C3=C(C#N)C#N)sc2-5)C(c2ccc(CCCCCC)cc2)(c2ccc(CCCCCC)cc2)c2cc(/C=C3\C(=O)c5cc(Cl)c(Cl)cc5C3=C(C#N)C#N)sc2-4)cc1,0.89,18.7,65.0,11.4,-5.5,-3.68,-5.62,-3.94,,,2019,10.1016/j.nanoen.2019.104209,"OPV-DB (Qiu, J., Zenodo, 2026, doi:10.5281/zenodo.20841543)"
PBDB-T,IPTT-2F,CCCCC(CC)Cc1ccc(-c2c3cc(-c4ccc(-c5sc(-c6cccs6)c6c5C(=O)c5c(CC(CC)CCCC)sc(CC(CC)CCCC)c5C6=O)s4)sc3c(-c3ccc(CC(CC)CCCC)s3)c3ccsc23)s1,CCc1ccc(C2(c3ccc(CC)cc3)c3cc4c(cc3-c3sc5cc(/C=C6\C(=O)c7ccc(F)cc7C6=C(C#N)C#N)sc5c32)C(c2ccc(CC)cc2)(c2ccc(CC)cc2)c2c-4sc3c4sc(/C=C5\C(=O)c6ccc(F)cc6C5=C(C#N)C#N)cc4n(CC)c23)cc1,0.874,19.7,66.2,11.4,-5.33,-3.48,-5.46,-4.04,,,2019,10.1039/c9ta07634d,"OPV-DB (Qiu, J., Zenodo, 2026, doi:10.5281/zenodo.20841543)"
PBDB-T,IDT6CN-M,CCCCC(CC)Cc1ccc(-c2c3cc(-c4ccc(-c5sc(-c6cccs6)c6c5C(=O)c5c(CC(CC)CCCC)sc(CC(CC)CCCC)c5C6=O)s4)sc3c(-c3ccc(CC(CC)CCCC)s3)c3ccsc23)s1,CCCCCCc1ccc(C2(c3ccc(CCCCCC)cc3)c3cc4c(cc3-c3sc(/C=C5/C(=O)c6cc(C)ccc6C5=C(C#N)C#N)cc32)C(c2ccc(CCCCCC)cc2)(c2ccc(CCCCCC)cc2)c2c-4sc3cc(/C=C4\C(=O)c5cc(C)ccc5C4=C(C#N)C#N)sc23)cc1,0.93,16.3,75.9,11.4,-5.33,-3.48,-5.6,-3.87,,,2019,10.1039/c9ta02243k,"OPV-DB (Qiu, J., Zenodo, 2026, doi:10.5281/zenodo.20841543)"
PBDB-T-SF,ITIC-S,CCCCC(CC)CSc1sc(-c2c3cc(-c4ccc(-c5sc(-c6cccs6)c6c5C(=O)c5c(CC(CC)CCCC)sc(CC(CC)CCCC)c5C6=O)s4)sc3c(-c3cc(F)c(SCC(CC)CCCC)s3)c3ccsc23)cc1F,CCCCCCc1ccc(C2(c3ccc(CCCCCC)cc3)c3cc(/C=C4/C(=O)c5ccccc5C4=C(C#N)C#N)sc3-c3sc4c(-c5ccc(SCC(CC)CCCC)s5)c5c6c(sc5c(-c5ccc(SCC(CC)CCCC)s5)c4c32)-c2sc(/C=C3/C(=O)c4ccccc4C3=C(C#N)C#N)cc2C6(c2ccc(CCCCCC)cc2)c2ccc(CCCCCC)cc2)cc1,1.046,16.4,66.3,11.4,-5.4,-3.6,-5.5,-3.86,,,2019,10.1021/acsami.9b11700,"OPV-DB (Qiu, J., Zenodo, 2026, doi:10.5281/zenodo.20841543)"
PT-810-H,ITIC,CCCCCCCCCCCCC(CCCCCCCCCC)Cn1nc2c(-c3ccc(C)s3)c(F)c(F)c(-c3ccc(-c4ccc(/C(C#N)=C/c5cc(OCC(CCCCCCCC)CCCCCCCCCC)c(/C=C(\C#N)c6ccc(C)s6)cc5OCC(CCCCCCCC)CCCCCCCCCC)s4)s3)c2n1,CCCCCCc1ccc(C2(c3ccc(CCCCCC)cc3)c3cc4c(cc3-c3sc5cc(/C=C6\C(=O)c7ccccc7C6=C(C#N)C#N)sc5c32)C(c2ccc(CCCCCC)cc2)(c2ccc(CCCCCC)cc2)c2c-4sc3cc(/C=C4\C(=O)c5ccccc5C4=C(C#N)C#N)sc23)cc1,1.04,12.43,53.1,7.03,-5.51,-3.78,-5.6,-3.99,,,2019,10.1016/j.polymer.2019.121580,"OPV-DB (Qiu, J., Zenodo, 2026, doi:10.5281/zenodo.20841543)"
PBDB-T,PH,CCCCC(CC)Cc1ccc(-c2c3cc(-c4ccc(-c5sc(-c6cccs6)c6c5C(=O)c5c(CC(CC)CCCC)sc(CC(CC)CCCC)c5C6=O)s4)sc3c(-c3ccc(CC(CC)CCCC)s3)c3ccsc23)s1,CCCCCCCCCN1C(=O)c2csc(-c3sc(-c4sc(-c5cc6c(-c7ccc(CC(CC)CCCC)s7)c7sccc7c(-c7ccc(CC(CC)CCCC)s7)c6s5)c5c4C(=O)N(CCCCCCCCC)C5=O)c(CCCCCC)c3CCCCCC)c2C1=O,0.89,13.34,58.0,7.02,-5.33,-3.53,-5.62,-3.43,,,2019,10.1021/acs.chemmater.9b04464,"OPV-DB (Qiu, J., Zenodo, 2026, doi:10.5281/zenodo.20841543)"
PM6,CZTT-IC,CCCCC(CC)Cc1sc(-c2c3cc(-c4ccc(-c5sc(-c6cccs6)c6c5C(=O)c5c(CC(CC)CCCC)sc(CC(CC)CCCC)c5C6=O)s4)sc3c(-c3cc(F)c(CC(CC)CCCC)s3)c3ccsc23)cc1F,CCc1ccc(C2(c3ccc(CC)cc3)c3cc4c5cc6c(cc5n(CC)c4cc3-c3sc4cc(/C=C5\C(=O)c7ccccc7C5=C(C#N)C#N)sc4c32)-c2sc3cc(/C=C4\C(=O)c5ccccc5C4=C(C#N)C#N)sc3c2C6(c2ccc(CC)cc2)c2ccc(CC)cc2)cc1,1.07,12.83,51.16,7.02,-5.56,-3.65,-5.54,-3.97,,,2019,10.1039/c9ta08573d,"OPV-DB (Qiu, J., Zenodo, 2026, doi:10.5281/zenodo.20841543)"
PTB7-Th,P-2,CCCCC(CC)COC(=O)c1sc2c(-c3cc4c(-c5ccc(CC(CC)CCCC)s5)c5sc(C)cc5c(-c5ccc(CC(CC)CCCC)s5)c4s3)sc(C)c2c1F,O=C(C(C=C(F)C(F)=C1)=C1C/2=C(C#N)\\C#N)C2=C/C3=CC=C(/C(C(C=C/4)=NC4=C5\\C6=C(OCCCCCCCCCCCC)C=CC=C6OCCCCCCCCCCCC)=C7C=C/C8=C(C9=C(OCCCCCCCCCCCC)C=CC=C9OCCCCCCCCCCCC)/C%10=N/C(C=C%10)=C(C%11=CC=C(/C=C%12C(C(C=C(F)C(F)=C%13)=C%13C\\%12=C(C#N)\\C#N)=O)S%11)\\C%14=CC=C5N%14[Zn]N8\\7)S3,0.8,13.5,64.8,6.98,-5.24,-3.66,-5.71,-4.28,,,2019,10.1021/acsami.9b15975,"OPV-DB (Qiu, J., Zenodo, 2026, doi:10.5281/zenodo.20841543)"
PDBT(E)BTz-p,IT-4F,CCCCCCC(CCCC)COC(=O)c1ccsc1-c1cnc(-c2ncc(-c3sc(-c4cc5sc6c(-c7cc(Cl)c(CC(CCCC)CCCCCC)s7)c7c(sc8ccsc87)c(-c7cc(Cl)c(CC(CCCC)CCCCCC)s7)c6c5s4)cc3C(=O)OCC(CCCC)CCCCCC)s2)s1,CCCCCCc1ccc(C2(c3ccc(CCCCCC)cc3)c3cc4c(cc3-c3sc5cc(/C=C6\C(=O)c7cc(F)c(F)cc7C6=C(C#N)C#N)sc5c32)C(c2ccc(CCCCCC)cc2)(c2ccc(CCCCCC)cc2)c2c-4sc3cc(/C=C4\C(=O)c5cc(F)c(F)cc5C4=C(C#N)C#N)sc23)cc1,0.98,14.93,48.2,6.96,-5.65,-3.65,-5.66,-4.14,,,2019,10.1039/c9ta04237g,"OPV-DB (Qiu, J., Zenodo, 2026, doi:10.5281/zenodo.20841543)"
PDCBT-2Cl,ITIC-Th1,CCOC(=O)c1csc(-c2cc(C(=O)OCC)c(-c3cc(Cl)c(-c4sc(-c5sc(-c6cc(C(=O)OCC)c(-c7cc(Cl)c(-c8sc(-c9sc(-c%10cc(C(=O)OCC)c(-c%11cc(Cl)c(-c%12sccc%12Cl)s%11)s%10)cc9C(=O)OCC)cc8Cl)s7)s6)cc5C(=O)OCC)cc4Cl)s3)s2)c1,CCCCCCc1ccc(C2(c3ccc(CCCCCC)s3)c3cc4c(cc3-c3sc5cc(C=C6C(=O)c7cc(F)ccc7C6=C(C#N)C#N)sc5c32)C(c2ccc(CCCCCC)s2)(c2ccc(CCCCCC)s2)c2c-4sc3cc(C=C4C(=O)c5cc(F)ccc5C4=C(C#N)C#N)sc23)s1,0.99,13.54,51.8,6.94,-5.44,-3.0,-5.74,-4.01,,,2019,10.1021/acs.macromol.9b00793,"OPV-DB (Qiu, J., Zenodo, 2026, doi:10.5281/zenodo.20841543)"
PBDTTFTQ-DO,ITIC-Th1,CCCCCCCCOc1cccc(-c2nc3c(-c4ccc(C)s4)cc(F)c4c3nc2-c2cccc(c2)OCCC(CC)(CCCCC)CCCCCc2cc(sc2CCCCCCCC)-c2c3cc(C)sc3c(-c3cc(CCCCCCCC)c(CCCCCCCC)s3)c3cc(sc23)-c2ccc-4s2)c1,CCCCCCc1cc(C2(c3ccc(CCCCCC)s3)c3cc4c(cc3-c3sc5cc(/C=C6\C(=O)c7cc(F)ccc7C6=C(C#N)C#N)sc5c32)C(c2ccc(CCCCCC)s2)(c2ccc(CCCCCC)s2)c2c-4sc3cc(/C=C4\C(=O)c5ccc(F)cc5C4=C(C#N)C#N)sc23)cs1,0.84,13.35,61.7,6.92,-5.37,-3.03,-5.48,-3.83,,,2019,10.1016/j.orgel.2019.06.007,"OPV-DB (Qiu, J., Zenodo, 2026, doi:10.5281/zenodo.20841543)"
J65,ITIC,CCCCC(CC)CSc1ccc(-c2c3cc(-c4ccc(-c5c(F)c(F)c(-c6cccs6)c6nn(CCCCCC[Si](C)(O[Si](C)(C)C)O[Si](C)(C)C)nc56)s4)sc3c(-c3ccc(SCC(CC)CCCC)s3)c3ccsc23)s1,CCCCCCc1ccc(C2(c3ccc(CCCCCC)cc3)c3cc4c(cc3-c3sc5cc(C=C6C(=O)c7ccccc7C6=C(C#N)C#N)sc5c32)C(c2ccc(CCCCCC)cc2)(c2ccc(CCCCCC)cc2)c2c-4sc3cc(C=C4C(=O)c5ccccc5C4=C(C#N)C#N)sc23)cc1,0.93,13.28,55.99,6.91,-5.38,-3.6,-5.576,-3.916,,,2019,10.1016/j.orgel.2019.105603,"OPV-DB (Qiu, J., Zenodo, 2026, doi:10.5281/zenodo.20841543)"
PTQ10,10b,CCCCCCCCC(CCCCCC)COc1cnc2c(C)c(F)c(F)c(-c3ccc(C)s3)c2n1,O=C(N(C(CCCCC)CCCCC)C1=O)C(C1=C2)=CC(C2=C3)=CC4=C3C5=N/C4=N\\C(N67)=C8C(C=C(C=C(C(N(C(CCCCC)CCCCC)C9=O)=O)C9=C%10)C%10=C8)=C6N=C%11N(B7OC%12=CC=CC=C%12)/C(C%13=C%11C=C%14C(C=C(C(N(C(CCCCC)CCCCC)C%15=O)=O)C%15=C%14)=C%13)=N\\5,1.1,4.73,38.1,1.99,-5.54,-2.98,-5.52,-3.79,,,2019,10.1039/c9tc06238f,"OPV-DB (Qiu, J., Zenodo, 2026, doi:10.5281/zenodo.20841543)"
CY1,PC71BM,CCCCC(CC)Cc1sc(CC(CC)CCCC)c2c1C(=O)c1c(-c3cccs3)sc(-c3ccc(-c4cc5c(-c6ccc(SCCCCCC[Si](C)(O[Si](C)(C)C)O[Si](C)(C)C)s6)c6sccc6c(-c6ccc(SCCCCCC[Si](C)(O[Si](C)(C)C)O[Si](C)(C)C)s6)c5s4)s3)c1C2=O,COC(=O)CCCC1(c2ccccc2)C23c4c5ccc6c7cc8c9c%10c(cc%11cc%12c%13c%14c(cc%15c%16ccc-5c2c%16c2c5c%16c%17c(c(c46)c7c9c%17c4c%10c%11c%13c4c%16c%14c%152)C513)C%12)C8,0.85,3.58,60.7,1.85,-5.39,-3.55,-5.9,-3.9,,,2019,10.1016/j.synthmet.2019.116116,"OPV-DB (Qiu, J., Zenodo, 2026, doi:10.5281/zenodo.20841543)"
PBDB-T,IDTV-PhIC,CCCCC(CC)Cc1ccc(-c2c3cc(-c4ccc(-c5sc(-c6cccs6)c6c5C(=O)c5c(CC(CC)CCCC)sc(CC(CC)CCCC)c5C6=O)s4)sc3c(-c3ccc(CC(CC)CCCC)s3)c3ccsc23)s1,CCCCC(CC)COc1ccc(C(=C2c3cc4c(cc3-c3sc(/C=C5\C(=O)c6ccccc6C5=C(C#N)C#N)cc32)C(=C(c2ccc(OCC(CC)CCCC)cc2)c2ccc(OCC(CC)CCCC)cc2)c2cc(/C=C3\C(=O)c5ccccc5C3=C(C#N)C#N)sc2-4)c2ccc(OCC(CC)CCCC)cc2)cc1,0.98,4.93,36.6,1.77,-5.54,-3.65,-5.52,-3.84,,,2019,10.1039/c9tc02237f,"OPV-DB (Qiu, J., Zenodo, 2026, doi:10.5281/zenodo.20841543)"
PBDTT-TPD,IDIC,CCCCCCCCCCCCc1ccc(-c2c3cc(-c4sc(C)c5c4C(=O)N(CCCCCCCC)C5=O)sc3c(-c3ccc(CCCCCCCCCCCC)s3)c3cc(C)sc23)s1,CCCCCCC1(CCCCCC)c2cc3c(cc2-c2sc(/C=C4\C(=O)c5ccccc5C4=C(C#N)C#N)cc21)C(CCCCCC)(CCCCCC)c1cc(/C=C2\C(=O)c4ccccc4C2=C(C#N)C#N)sc1-3,0.89,14.47,55.2,7.15,-5.51,-3.09,-5.59,-3.91,,,2019,10.1016/j.reactfunctpolym.2019.104378,"OPV-DB (Qiu, J., Zenodo, 2026, doi:10.5281/zenodo.20841543)"
PBDB-TF,Y1,CCCCC(CC)Cc1sc(-c2c3cc(-c4ccc(-c5sc(-c6cccs6)c6c5C(=O)c5c(CC(CC)CCCC)sc(CC(CC)CCCC)c5C6=O)s4)sc3c(-c3cc(F)c(CC(CC)CCCC)s3)c3ccsc23)cc1F,CCCCC(CC)Cn1nc2c(n1)c1c3sc4cc(/C=C5\C(=O)c6ccccc6C5=C(C#N)C#N)sc4c3n(CC(CC)CCCC)c1c1c2c2sc3cc(/C=C4\C(=O)c5ccccc5C4=C(C#N)C#N)sc3c2n1CC(CC)CCCC,0.92,12.9,55.5,7.1,-5.49,-3.64,-5.45,-3.95,,,2019,10.1002/adma.201904215,"OPV-DB (Qiu, J., Zenodo, 2026, doi:10.5281/zenodo.20841543)"
PBDBT,PC71BM,CCCCC(CC)Cc1sc(-c2c3cc(-c4cccc5nsnc45)sc3c(-c3cc(Cl)c(CC(CC)CCCC)s3)c3ccsc23)cc1Cl,COC(=O)CCCC1(c2ccccc2)C23c4c5ccc6c7cc8c9c%10c(cc%11cc%12c%13c%14c(cc%15c%16ccc-5c2c%16c2c5c%16c%17c(c(c46)c7c9c%17c4c%10c%11c%13c4c%16c%14c%152)C513)C%12)C8,0.83,12.83,66.59,7.08,-5.33,-3.48,-5.9,-3.9,,,2019,10.1021/acsaem.9b02302,"OPV-DB (Qiu, J., Zenodo, 2026, doi:10.5281/zenodo.20841543)"
P2,IT-M,CCCCCCC(CCCC)CCc1c2cc(-c3ccc(-c4c(F)c(F)c(-c5ccc(C)s5)c5nn(CCOCCOCCOCCOC)nc45)s3)sc2c(CCC(CCCC)CCCCCC)c2cc(C)sc12,CCCCCCc1ccc(C2(c3ccc(CCCCCC)cc3)c3cc4c(cc3-c3sc5cc(/C=C6\C(=O)c7ccc(C)cc7C6=C(C#N)C#N)sc5c32)C(c2ccc(CCCCCC)cc2)(c2ccc(CCCCCC)cc2)c2c-4sc3cc(/C=C4\C(=O)c5ccc(C)cc5C4=C(C#N)C#N)sc23)cc1,0.87,15.44,52.5,7.06,-5.42,-3.43,-5.58,-3.98,,,2019,10.1021/acsapm.9b00044,"OPV-DB (Qiu, J., Zenodo, 2026, doi:10.5281/zenodo.20841543)"
PBDB-T,PNDI-FTVT,CCCCC(CC)Cc1ccc(-c2c3cc(-c4ccc(-c5sc(-c6cccs6)c6c5C(=O)c5c(CC(CC)CCCC)sc(CC(CC)CCCC)c5C6=O)s4)sc3c(-c3ccc(CC(CC)CCCC)s3)c3ccsc23)s1,CCCCCCCCCCC(CCCCCCCC)CN1C(=O)c2ccc3c4c(c(-c5cc(F)c(/C=C/c6sccc6F)s5)cc(c24)C1=O)C(=O)N(CC(CCCCCCCC)CCCCCCCCCC)C3=O,0.72,14.6,69.0,7.04,-5.33,-2.92,-5.5,-3.96,,,2019,10.1021/acs.chemmater.9b00639,"OPV-DB (Qiu, J., Zenodo, 2026, doi:10.5281/zenodo.20841543)"
POEGT,TQBT,CCOCCOCCOc1cc(-c2ccc(-c3cc(OCCOCCOCC)c(-c4ccc(C)s4)s3)s2)sc1C,CCOCCOCCOc1ccc(-c2nc3c(-c4ccc5nsnc5c4)c4nsnc4c(-c4ccc5nsnc5c4)c3nc2-c2ccc(OCCOCCOCC)cc2)cc1,0.92,0.56,34.0,0.18,-4.74,-2.98,-5.68,-3.77,,,2019,10.1039/c9nj02419k,"OPV-DB (Qiu, J., Zenodo, 2026, doi:10.5281/zenodo.20841543)"
44BT,ITIC,CCCCCCN(CCCC)C(=O)c1ccsc1-c1cc(C(=O)N(CCCC)CCCC)c(-c2ccc(-c3cccs3)s2)s1,CCCCCCc1ccc(C2(c3ccc(CCCCCC)cc3)c3cc4c(cc3-c3sc5cc(C=C6C(=O)c7ccccc7C6=C(C#N)C#N)sc5c32)C(c2ccc(CCCCCC)cc2)(c2ccc(CCCCCC)cc2)c2c-4sc3cc(C=C4C(=O)c5ccccc5C4=C(C#N)C#N)sc23)cc1,0.81,3.5,30.0,0.85,-5.3,-3.22,-5.576,-3.916,,,2019,10.1039/c9ra06909g,"OPV-DB (Qiu, J., Zenodo, 2026, doi:10.5281/zenodo.20841543)"
PTQ8,Y6,CCCCCCCCC(CCCCCC)COc1cnc2c(C)ccc(-c3sc(C)c(F)c3F)c2n1,CCCCCCCCCCCc1c(/C=C2\C(=O)c3cc(F)c(F)cc3C2=C(C#N)C#N)sc2c1sc1c3c4nsnc4c4c5sc6c(CCCCCCCCCCC)c(/C=C7\C(=O)c8cc(F)c(F)cc8C7=C(C#N)C#N)sc6c5n(CC(CC)CCCC)c4c3n(CC(CC)CCCC)c21,0.89,3.11,32.5,0.9,-5.68,-2.92,-5.66,-4.08,,,2019,10.1002/adma.201905480,"OPV-DB (Qiu, J., Zenodo, 2026, doi:10.5281/zenodo.20841543)"
TE2-BTDF-(T2),ITIC,CCCCCCCCCCCCC(CCCCCCCCCC)COC(=O)c1cc(-c2c(F)c(F)c(-c3cc(C(=O)OCC(CCCCCCCCCC)CCCCCCCCCCCC)c(-c4ccc(-c5ccc(C)s5)s4)s3)c3nsnc23)sc1C,CCCCCCc1ccc(C2(c3ccc(CCCCCC)cc3)c3cc4c(cc3-c3sc5cc(/C=C6\C(=O)c7ccccc7C6=C(C#N)C#N)sc5c32)C(c2ccc(CCCCCC)cc2)(c2ccc(CCCCCC)cc2)c2c-4sc3cc(/C=C4\C(=O)c5ccccc5C4=C(C#N)C#N)sc23)cc1,1.0,4.4,55.0,2.3,-5.76,-3.59,-5.89,-4.29,,,2019,10.1021/acs.chemmater.9b03327,"OPV-DB (Qiu, J., Zenodo, 2026, doi:10.5281/zenodo.20841543)"
P(T4-DPP-M),ITIC,CCCCCCCCCCCCC(CCCCCCCCCC)Cc1csc(C2=C3C(=O)N(C)C(c4cc(CC(CCCCCCCCCC)CCCCCCCCCCCC)c(-c5ccc(-c6cccs6)s5)s4)=C3C(=O)N2C)c1,CCCCCCc1ccc(C2(c3ccc(CCCCCC)cc3)c3cc4c(cc3-c3sc5cc(C=C6C(=O)c7ccccc7C6=C(C#N)C#N)sc5c32)C(c2ccc(CCCCCC)cc2)(c2ccc(CCCCCC)cc2)c2c-4sc3cc(C=C4C(=O)c5ccccc5C4=C(C#N)C#N)sc23)cc1,0.69,6.7,46.0,2.2,-5.4,-4.0,-5.49,-3.83,,,2019,10.1016/j.orgel.2019.02.020,"OPV-DB (Qiu, J., Zenodo, 2026, doi:10.5281/zenodo.20841543)"
PBDB-T,NDI-IDT,CCCCC(CC)Cc1ccc(-c2c3cc(-c4ccc(-c5sc(-c6cccs6)c6c5C(=O)c5c(CC(CC)CCCC)sc(CC(CC)CCCC)c5C6=O)s4)sc3c(-c3ccc(CC(CC)CCCC)s3)c3ccsc23)s1,CCCCCCCCC1(CCCCCCCC)c2cc3c(cc2-c2sccc21)C(CCCCCCCC)(CCCCCCCC)c1cc(-c2cc4c5c(ccc6c5c2C(=O)N(CC(CC)CCCC)C6=O)C(=O)N(CC(CC)CCCC)C4=O)sc1-3,0.94,3.7,63.0,2.19,-5.33,-3.48,-5.56,-3.73,,,2019,10.1002/adma.201905161,"OPV-DB (Qiu, J., Zenodo, 2026, doi:10.5281/zenodo.20841543)"
PPDT2FBT-A,P(NDIDEG-T),COCCOCCOCCOCC(COCCOCCOCCOC)Oc1cc(-c2ccc(-c3c(F)c(F)cc4nsnc34)s2)c(OC(COCCOCCOCCOC)COCCOCCOCCOC)cc1-c1cccs1,COCCOCCOCC(COCCOCCOC)CN1C(=O)c2ccc3c4c(c(-c5cccs5)cc(c24)C1=O)C(=O)N(CC(COCCOCCOC)COCCOCCOC)C3=O,0.66,6.43,44.0,2.15,-5.19,-3.46,-5.74,-4.01,,,2019,10.1021/acsami.9b13812,"OPV-DB (Qiu, J., Zenodo, 2026, doi:10.5281/zenodo.20841543)"
PDCBT,PNDI-BDT10,CCCCCCCCC(CCCCCC)COC(=O)c1csc(-c2cc(C(=O)OCC(CCCCCC)CCCCCCCC)c(-c3ccc(-c4cccs4)s3)s2)c1,CCCCCCCCC(CCCCCC)CN1C(=O)c2ccc3c4c(c(-c5cc6c(-c7ccc(CC(CC)CCCC)s7)c7sccc7c(-c7ccc(CC(CC)CCCC)s7)c6s5)cc(c24)C1=O)C(=O)N(CC(CCCCCC)CCCCCCCC)C3=O,0.92,4.53,49.92,2.1,-5.31,-3.0,-6.07,-3.77,,,2019,10.1039/c9tc03142a,"OPV-DB (Qiu, J., Zenodo, 2026, doi:10.5281/zenodo.20841543)"
P(BDT-ThNTTh),PC71BM,CCCCC(CC)COc1c2cc(-c3ccc(-c4c5cc(-c6cccs6)c(-c6cccs6)cc5c(-c5cccs5)c5nsnc45)s3)sc2c(OCC(CC)CCCC)c2ccsc12,COC(=O)CCCC1(c2ccccc2)C23c4c5ccc6c7cc8c9c%10c(cc%11cc%12c%13c%14c(cc%15c%16ccc-5c2c%16c2c5c%16c%17c(c(c46)c7c9c%17c4c%10c%11c%13c4c%16c%14c%152)C513)C%12)C8,0.48,10.49,26.2,1.31,-5.33,-3.54,-5.9,-3.9,,,2019,10.1016/j.synthmet.2019.04.013,"OPV-DB (Qiu, J., Zenodo, 2026, doi:10.5281/zenodo.20841543)"
TE2-BTDF-(T2),O-IDTBR,CCCCCCCCCCCCC(CCCCCCCCCC)COC(=O)c1cc(-c2c(F)c(F)c(-c3cc(C(=O)OCC(CCCCCCCCCC)CCCCCCCCCCCC)c(-c4ccc(-c5ccc(C)s5)s4)s3)c3nsnc23)sc1C,CCCCCCCCC1(CCCCCCCC)c2cc3c(cc2-c2sc(-c4ccc(/C=C5\SC(=S)N(CC)C5=O)c5nsnc45)cc21)C(CCCCCCCC)(CCCCCCCC)c1cc(-c2ccc(/C=C4\SC(=S)N(CC)C4=O)c4nsnc24)sc1-3,1.04,0.6,51.0,0.31,-5.76,-3.59,-5.73,-3.92,,,2019,10.1021/acs.chemmater.9b03327,"OPV-DB (Qiu, J., Zenodo, 2026, doi:10.5281/zenodo.20841543)"
P(BDT-NTTh),PC71BM,CCCCC(CC)COc1c2cc(-c3c4cc(-c5cccs5)c(-c5cccs5)cc4cc4nsnc34)sc2c(OCC(CC)CCCC)c2ccsc12,COC(=O)CCCC1(c2ccccc2)C23c4c5ccc6c7cc8c9c%10c(cc%11cc%12c%13c%14c(cc%15c%16ccc-5c2c%16c2c5c%16c%17c(c(c46)c7c9c%17c4c%10c%11c%13c4c%16c%14c%152)C513)C%12)C8,0.67,2.04,25.2,0.34,-5.34,-3.5,-5.9,-3.9,,,2019,10.1016/j.synthmet.2019.04.013,"OPV-DB (Qiu, J., Zenodo, 2026, doi:10.5281/zenodo.20841543)"
PBDB-T,IDTV-ThIC,CCCCC(CC)Cc1ccc(-c2c3cc(-c4ccc(-c5sc(-c6cccs6)c6c5C(=O)c5c(CC(CC)CCCC)sc(CC(CC)CCCC)c5C6=O)s4)sc3c(-c3ccc(CC(CC)CCCC)s3)c3ccsc23)s1,CCCCC(CC)Cc1ccc(C(=C2c3cc4c(cc3-c3sc(/C=C5\C(=O)c6ccccc6C5=C(C#N)C#N)cc32)C(=C(c2ccc(CC(CC)CCCC)s2)c2ccc(CC(CC)CCCC)s2)c2cc(/C=C3\C(=O)c5ccccc5C3=C(C#N)C#N)sc2-4)c2ccc(CC(CC)CCCC)s2)s1,0.91,2.06,33.3,0.62,-5.54,-3.65,-5.43,-3.72,,,2019,10.1039/c9tc02237f,"OPV-DB (Qiu, J., Zenodo, 2026, doi:10.5281/zenodo.20841543)"
POEGT,TQFP,CCOCCOCCOc1cc(-c2ccc(-c3cc(OCCOCCOCC)c(-c4ccc(C)s4)s3)s2)sc1C,CCOCCOCCOc1ccc(-c2nc3c(-c4ccnc(F)c4F)c4nsnc4c(-c4ccnc(F)c4F)c3nc2-c2ccc(OCCOCCOCC)cc2)cc1,0.66,0.65,26.0,0.11,-4.74,-2.98,-5.85,-3.89,,,2019,10.1039/c9nj02419k,"OPV-DB (Qiu, J., Zenodo, 2026, doi:10.5281/zenodo.20841543)"
PBDT-TT,N2200,CCCCC(CC)COC(=O)c1c(-c2cccs2)sc2c(C(=O)OCC(CC)CCCC)c(-c3ccc(-c4cc5c(-c6ccc(CC(CC)CCCC)s6)c6sccc6c(-c6ccc(CC(CC)CCCC)s6)c5s4)s3)sc12,CCCCCCCCCCC(CCCCCCCC)CN1C(=O)c2ccc3c4c(c(-c5ccc(-c6cccs6)s5)cc(c24)C1=O)C(=O)N(CC(CCCCCCCC)CCCCCCCCCC)C3=O,0.75,2.0,46.0,0.7,-5.23,-3.34,-5.71,-4.02,,,2019,10.1021/acs.chemmater.9b03570,"OPV-DB (Qiu, J., Zenodo, 2026, doi:10.5281/zenodo.20841543)"
PTB7-Th,SF-HR,CCCCC(CC)COC(=O)c1sc2csc(-c3cc4c(-c5ccc(CC(CC)CCCC)s5)c5sccc5c(-c5ccc(CC(CC)CCCC)s5)c4s3)c2c1F,CCN1C(=O)/C(=C/c2ccc(-c3ccc4c(c3)C3(c5cc(-c6ccc(/C=C7\SC(=S)N(CC)C7=O)s6)ccc5-4)c4cc(-c5ccc(/C=C6\SC(=S)N(CC)C6=O)s5)ccc4-c4ccc(-c5ccc(/C=C6\SC(=S)N(CC)C6=O)s5)cc43)s2)SC1=S,1.15,0.36,31.0,0.13,-5.29,-3.72,-5.53,-3.33,,,2019,10.1039/c9ra03188j,"OPV-DB (Qiu, J., Zenodo, 2026, doi:10.5281/zenodo.20841543)"
66BT,PCBM,CCCCCCN(CCCCCC)C(=O)c1ccsc1-c1cc(C(=O)N(CCCCCC)CCCCCC)c(-c2ccc(-c3cccs3)s2)s1,COC(=O)CCCC1(c2ccccc2)C23c4c5c6c7c8c9c(c%10c%11c2c2c%12c4c4c%13c5c5c7c7c8c8c%14c9c%10c9c%10c%11c2c2c%11c%12c4c4c%12c%13c5c5c7c7c8c8c%14c9c9c%10c2c2c%11c4c4c%12c5c7c5c8c9c2c45)C613,0.87,2.7,31.0,0.72,-5.3,-3.24,-6.1,-3.7,,,2019,10.1039/c9ra06909g,"OPV-DB (Qiu, J., Zenodo, 2026, doi:10.5281/zenodo.20841543)"
PBDB-TF,BTIC-2Br-m,CCCCC(CC)Cc1sc(-c2c3cc(-c4ccc(-c5sc(-c6cccs6)c6c5C(=O)c5c(CC(CC)CCCC)sc(CC(CC)CCCC)c5C6=O)s4)sc3c(-c3cc(F)c(CC(CC)CCCC)s3)c3ccsc23)cc1F,CCCCCCCCCCCc1c(/C=C2\C(=O)c3ccc(Br)cc3C2=C(C#N)C#N)sc2c1sc1c3c4nsnc4c4c5sc6c(CCCCCCCCCCC)c(/C=C7\C(=O)c8ccc(Br)cc8C7=C(C#N)C#N)sc6c5n(CC(CC)CCCC)c4c3n(CC(CC)CCCC)c21,0.88,25.03,73.1,16.11,-5.49,-3.64,-5.56,-4.07,,,2019,10.1002/advs.201903784,"OPV-DB (Qiu, J., Zenodo, 2026, doi:10.5281/zenodo.20841543)"
P2F-EHP,Y6,CCc1c(F)cc(-c2c3cc(-c4ccc(-c5c6c(c(-c7ccc(-c8cc9c(-c%10cc(F)c(CC)c(F)c%10)c%10sc(-c%11ccc(-c%12c%13c(c(-c%14ccc(-c%15cc%16c(-c%17cc(F)c(CC)c(F)c%17)c%17sc(-c%18ccc(-c%19c%20c(c(-c%21cccs%21)c%21nn(CC)nc%19%21)C(=O)N(CC)C%20=O)s%18)cc%17c(-c%17cc(F)c(CC)c(F)c%17)c%16s%15)s%14)c%14nn(CC)nc%12%14)C(=O)N(CC)C%13=O)s%11)cc%10c(-c%10cc(F)c(CC)c(F)c%10)c9s8)s7)c7nn(CC)nc57)C(=O)N(CC)C6=O)s4)sc3c(-c3cc(F)c(CC)c(F)c3)c3ccsc23)cc1F,CCCCCCCCCCCc1c(/C=C2\C(=O)c3cc(F)c(F)cc3C2=C(C#N)C#N)sc2c1sc1c3c4nsnc4c4c5sc6c(CCCCCCCCCCC)c(/C=C7\C(=O)c8cc(F)c(F)cc8C7=C(C#N)C#N)sc6c5n(CC(CC)CCCC)c4c3n(CC(CC)CCCC)c21,0.81,26.72,72.85,16.02,-5.38,-3.06,-5.65,-4.09,,,2019,10.1002/solr.201900342,"OPV-DB (Qiu, J., Zenodo, 2026, doi:10.5281/zenodo.20841543)"
P2F-Ehp,Y6,CCCCCCCCN1C(=O)c2c(c(-c3ccc(-c4cc5c(-c6cc(F)c(CC(CC)CCCC)c(F)c6)c6sccc6c(-c6cc(F)c(CC(CC)CCCC)c(F)c6)c5s4)s3)c3nn(CCC(CC)CCCC)nc3c2-c2cccs2)C1=O,CCCCCCCCCCCc1c(/C=C2\C(=O)c3cc(F)c(F)cc3C2=C(C#N)C#N)sc2c1sc1c3c4nsnc4c4c5sc6c(CCCCCCCCCCC)c(/C=C7\C(=O)c8cc(F)c(F)cc8C7=C(C#N)C#N)sc6c5n(CC(CC)CCCC)c4c3n(CC(CC)CCCC)c21,0.81,26.11,73.3,15.65,-5.46,-3.14,-5.68,-4.06,,,2019,10.1021/acsenergylett.9b01447,"OPV-DB (Qiu, J., Zenodo, 2026, doi:10.5281/zenodo.20841543)"
PDPPF2T2DPP-TVT,PC71BM,CCCCCCCCCCCCC(CCCCCCCCCCCC)CN1C(=O)C2=C(c3ccc(-c4cc(F)c(-c5sc(-c6ccc(C7=C8C(=O)N(CC(CCCCCCCCCC)CCCCCCCCCCCC)C(c9ccc(-c%10ccc(/C=C/c%11cccs%11)s%10)s9)=C8C(=O)N7CC(CCCCCCCCCC)CCCCCCCCCCCC)s6)cc5F)s4)s3)N(CC(CCCCCCCCCCCC)CCCCCCCCCCCC)C(=O)C2=C1c1cccs1,COC(=O)CCCC1(c2ccccc2)C23c4c5ccc6c7cc8c9c%10c(cc%11cc%12c%13c%14c(cc%15c%16ccc-5c2c%16c2c5c%16c%17c(c(c46)c7c9c%17c4c%10c%11c%13c4c%16c%14c%152)C513)C%12)C8,0.7,6.76,68.0,3.2,-5.08,-3.66,-5.9,-3.9,,,2019,10.1039/c9ra08858j,"OPV-DB (Qiu, J., Zenodo, 2026, doi:10.5281/zenodo.20841543)"
PBDB-TF,7c,CCCCC(CC)Cc1sc(-c2c3cc(-c4ccc(-c5sc(-c6cccs6)c6c5C(=O)c5c(CC(CC)CCCC)sc(CC(CC)CCCC)c5C6=O)s4)sc3c(-c3cc(F)c(CC(CC)CCCC)s3)c3ccsc23)cc1F,O=C(c(c1cc23)cc2c4nc5n6[B-]7(Cl)[n+]4c3nc(c(cc8c(n9CCCC)=O)c%10cc8c9=O)n7c%10nc6c%11cc(C(N(C%12=O)CCCC)=O)c%12cc5%11)N(C1=O)CCCC,0.82,7.19,53.1,3.15,-5.41,-3.74,-5.92,-3.98,,,2019,10.1021/acs.orglett.9b01130,"OPV-DB (Qiu, J., Zenodo, 2026, doi:10.5281/zenodo.20841543)"
PTzTIBDTT,PC71BM,CCCCCCCCCCCCc1cc(-c2cc3c(-c4ccc(CC(CC)CCCC)s4)c4sccc4c(-c4ccc(CC(CC)CCCC)s4)c3s2)sc1-c1cc2c(=O)n(CC(CCCCCC)CCCCCCCC)c(=O)c3nc(-c4sccc4CCCCCCCCCCCC)sc3c2s1,COC(=O)CCCC1(c2ccccc2)C23c4c5ccc6c7cc8c9c%10c(cc%11cc%12c%13c%14c(cc%15c%16ccc-5c2c%16c2c5c%16c%17c(c(c46)c7c9c%17c4c%10c%11c%13c4c%16c%14c%152)C513)C%12)C8,0.9,13.48,65.9,8.0,-5.65,-3.74,-5.9,-3.9,,,2019,10.1039/c9tc03301g,"OPV-DB (Qiu, J., Zenodo, 2026, doi:10.5281/zenodo.20841543)"
PBDB-T,PNDI-TF5,CCCCC(CC)Cc1ccc(-c2c3cc(-c4ccc(-c5sc(-c6cccs6)c6c5C(=O)c5c(CC(CC)CCCC)sc(CC(CC)CCCC)c5C6=O)s4)sc3c(-c3ccc(CC(CC)CCCC)s3)c3ccsc23)s1,CCCCCCCCCCC(CCCCCCCC)CN1C(=O)c2ccc3c4c(c(-c5ccc(-c6ccc(-c7cc8c9c(c(-c%10scc(F)c%10F)cc%10c9c7C(=O)N(CC(CCCCCCCC)CCCCCCCCCC)C%10=O)C(=O)N(CC(CCCCCCCC)CCCCCCCCCC)C8=O)s6)s5)cc(c24)C1=O)C(=O)N(CC(CCCCCCCC)CCCCCCCCCC)C3=O,0.87,15.08,61.0,8.0,-5.33,-3.48,-6.34,-3.99,,,2019,10.1039/c9tc04766b,"OPV-DB (Qiu, J., Zenodo, 2026, doi:10.5281/zenodo.20841543)"
PBDT-PhI,ITIC,CCCCC(CC)Cc1ccc(-c2c3cc(-c4ccc(-c5ccc(-c6cccs6)c6c5C(=O)N(CC(CC)CCCC)C6=O)s4)sc3c(-c3ccc(CC(CC)CCCC)s3)c3ccsc23)s1,CCCCCCc1ccc(C2(c3ccc(CCCCCC)cc3)c3cc4c(cc3-c3sc5cc(C=C6C(=O)c7ccccc7C6=C(C#N)C#N)sc5c32)C(c2ccc(CCCCCC)cc2)(c2ccc(CCCCCC)cc2)c2c-4sc3cc(C=C4C(=O)c5ccccc5C4=C(C#N)C#N)sc23)cc1,0.99,13.17,58.7,7.99,-5.5,-2.74,-5.576,-3.916,,,2019,10.1039/c9tc01932d,"OPV-DB (Qiu, J., Zenodo, 2026, doi:10.5281/zenodo.20841543)"
SM-Cl,IDIC,CCCCCCCCc1cc(/C=C(/C#N)C(=O)OCC(CC)CCCC)sc1-c1ccc(-c2sc(-c3cc4c(-c5cc(Cl)c(CC(CC)CCCC)s5)c5sc(-c6cc(CCCCCCCC)c(-c7ccc(-c8sc(/C=C(\C#N)C(=O)OCC(CC)CCCC)cc8CCCCCCCC)s7)s6)cc5c(-c5cc(Cl)c(CC(CC)CCCC)s5)c4s3)cc2CCCCCCCC)s1,CCCCCCC1(CCCCCC)c2cc3c(cc2-c2sc(/C=C4\C(=O)c5ccccc5C4=C(C#N)C#N)cc21)C(CCCCCC)(CCCCCC)c1cc(/C=C2\C(=O)c4ccccc4C2=C(C#N)C#N)sc1-3,0.972,12.61,63.1,7.73,-5.42,-3.34,-5.69,-3.91,,,2019,10.1021/acsami.9b16900,"OPV-DB (Qiu, J., Zenodo, 2026, doi:10.5281/zenodo.20841543)"
PTB7-Th,B-4TPDI,CCCCC(CC)COC(=O)c1sc2c(-c3cc4c(-c5ccc(CC(CC)CCCC)s5)c5sc(C)cc5c(-c5ccc(CC(CC)CCCC)s5)c4s3)sc(C)c2c1F,CCCCCC(CCCCC)N1C(=O)c2ccc3c4ccc5c6c(cc(C#Cc7cc(C#Cc8cc9c%10c(ccc%11c%12ccc%13c%14c(ccc(c8c%10%11)c%14%12)C(=O)N(C(CCCCC)CCCCC)C%13=O)C(=O)N(C(CCCCC)CCCCC)C9=O)c8ccc9c(C#Cc%10cc%11c%12c(ccc%13c%14ccc%15c%16c(ccc(c%10c%12%13)c%16%14)C(=O)N(C(CCCCC)CCCCC)C%15=O)C(=O)N(C(CCCCC)CCCCC)C%11=O)cc(C#Cc%10cc%11c%12c(ccc%13c%14ccc%15c%16c(ccc(c%10c%12%13)c%16%14)C(=O)N(C(CCCCC)CCCCC)C%15=O)C(=O)N(C(CCCCC)CCCCC)C%11=O)c%10ccc7c8c%109)c(c7ccc(c2c37)C1=O)c64)C(=O)N(C(CCCCC)CCCCC)C5=O,0.78,18.13,54.6,7.71,-5.15,-3.31,-5.84,-3.89,,,2019,10.1021/acsaem.9b00611,"OPV-DB (Qiu, J., Zenodo, 2026, doi:10.5281/zenodo.20841543)"
PNQx-2F2THW,PC71BM,CCCCC(CC)COc1cccc(-c2nc3c(-c4cccs4)cc4c(cc(-c5ccc(-c6cc(F)c(-c7sccc7F)s6)s5)c5nc(-c6cccc(OCC(CC)CCCC)c6)c(-c6cccc(OCC(CC)CCCC)c6)nc54)c3nc2-c2cccc(OCC(CC)CCCC)c2)c1,COC(=O)CCCC1(c2ccccc2)C23c4c5ccc6c7cc8c9c%10c(cc%11cc%12c%13c%14c(cc%15c%16ccc-5c2c%16c2c5c%16c%17c(c(c46)c7c9c%17c4c%10c%11c%13c4c%16c%14c%152)C513)C%12)C8,0.72,14.9,69.0,7.7,-5.3,-3.37,-6.0,-4.1,,,2019,10.1002/marc.201900120,"OPV-DB (Qiu, J., Zenodo, 2026, doi:10.5281/zenodo.20841543)"
PTB7-Th,IPY-T-IC,CCCCC(CC)COC(=O)c1sc2csc(-c3cc4c(-c5ccc(CC(CC)CCCC)s5)c5sccc5c(-c5ccc(CC(CC)CCCC)s5)c4s3)c2c1F,CCCCCCCCC1(CCCCCCCC)c2cc(-c3ccc(/C=C4\C(=O)c5ccccc5C4=C(C#N)C#N)s3)ccc2-c2nc3c(nc21)-c1ccc(-c2ccc(/C=C4\C(=O)c5ccccc5C4=C(C#N)C#N)s2)cc1C3(CCCCCCCC)CCCCCCCC,0.83,16.51,55.5,7.68,-5.29,-3.72,-5.69,-3.5,,,2019,10.1021/acsami.9b17185,"OPV-DB (Qiu, J., Zenodo, 2026, doi:10.5281/zenodo.20841543)"
P(T4-iI-M),ITIC,CCCCCCCCCCCCC(CCCCCCCCCC)Cc1csc(-c2ccc3c(c2)N(C)C(=O)/C3=C2/C(=O)N(C)c3cc(-c4cc(CC(CCCCCCCCCC)CCCCCCCCCCCC)c(-c5ccc(-c6cccs6)s5)s4)ccc32)c1,CCCCCCc1ccc(C2(c3ccc(CCCCCC)cc3)c3cc4c(cc3-c3sc5cc(C=C6C(=O)c7ccccc7C6=C(C#N)C#N)sc5c32)C(c2ccc(CCCCCC)cc2)(c2ccc(CCCCCC)cc2)c2c-4sc3cc(C=C4C(=O)c5ccccc5C4=C(C#N)C#N)sc23)cc1,0.76,7.3,40.0,2.4,-5.5,-3.9,-5.49,-3.83,,,2019,10.1016/j.orgel.2019.02.020,"OPV-DB (Qiu, J., Zenodo, 2026, doi:10.5281/zenodo.20841543)"
J71,HCN-C8,CCCCCCCCC(CCCCCC)Cn1nc2c(-c3cccs3)c(F)c(F)c(-c3ccc(-c4cc5c(-c6ccc([Si](CCC)(CCC)CCC)s6)c6sccc6c(-c6ccc([Si](CCC)(CCC)CCC)s6)c5s4)s3)c2n1,CCCCCCCCn1c2cc3c(cc2c2cc4c(cc21)-c1sc(/C=C2\C(=O)c5ccccc5C2=C(C#N)C#N)cc1C4(c1ccc(CCCCCC)cc1)c1ccc(CCCCCC)cc1)C(c1ccc(CCCCCC)cc1)(c1ccc(CCCCCC)cc1)c1cc(/C=C2\C(=O)c4ccccc4C2=C(C#N)C#N)sc1-3,1.01,5.81,37.6,2.38,-5.35,-3.4,-5.63,-3.54,,,2019,10.1021/acs.chemmater.9b02355,"OPV-DB (Qiu, J., Zenodo, 2026, doi:10.5281/zenodo.20841543)"
ffBT-TRTRy,PC71BM,CCCCCCC(C#Cc1cc(-c2c(F)c(F)cc3nsnc23)sc1-c1sccc1CC(CCCC)CCCCCC)CCCC,COC(=O)CCCC1(c2ccccc2)C23c4c5ccc6c7cc8c9c%10c(cc%11cc%12c%13c%14c(cc%15c%16ccc-5c2c%16c2c5c%16c%17c(c(c46)c7c9c%17c4c%10c%11c%13c4c%16c%14c%152)C513)C%12)C8,0.93,7.46,44.0,2.34,-5.5,-3.87,-5.9,-3.9,,,2019,10.1016/j.orgel.2019.02.012,"OPV-DB (Qiu, J., Zenodo, 2026, doi:10.5281/zenodo.20841543)"
J71,PNDI-TVT,CCCCCCCCC(CCCCCC)Cn1nc2c(-c3cccs3)c(F)c(F)c(-c3ccc(-c4cc5c(-c6ccc([Si](CCC)(CCC)CCC)s6)c6sccc6c(-c6ccc([Si](CCC)(CCC)CCC)s6)c5s4)s3)c2n1,CCCCCCCCCCC(CCCCCCCC)CN1C(=O)c2ccc3c4c(c(-c5ccc(/C=C/c6cccs6)s5)cc(c24)C1=O)C(=O)N(CC(CCCCCCCC)CCCCCCCCCC)C3=O,0.88,5.28,50.0,2.32,-5.4,-3.24,-5.575,-3.815,,,2019,10.1021/acsami.9b12814,"OPV-DB (Qiu, J., Zenodo, 2026, doi:10.5281/zenodo.20841543)"
PBDTSe-FTTE,ITIC-Th,CCCCC(CC)COC(=O)c1sc2c(-c3cc4c(-c5ccc(CC(CC)CCCC)[se]5)c5sc(C)cc5c(-c5ccc(CC(CC)CCCC)[se]5)c4s3)sc(C)c2c1F,CCCCCCc1cc(C2(c3ccc(CCCCCC)s3)c3cc4c(cc3-c3sc5cc(/C=C6\C(=O)c7ccccc7C6=C(C#N)C#N)sc5c32)C(c2ccc(CCCCCC)s2)(c2ccc(CCCCCC)s2)c2c-4sc3cc(/C=C4\C(=O)c5ccccc5C4=C(C#N)C#N)sc23)cs1,0.785,15.6,59.4,7.42,-5.47,-3.85,-5.81,-4.01,,,2019,10.1021/acs.chemmater.9b01741,"OPV-DB (Qiu, J., Zenodo, 2026, doi:10.5281/zenodo.20841543)"
PITPhf-DfQx,PC71BM,CCCCCCCCOc1cccc(-c2nc3c(-c4cccs4)c(F)c(F)c(-c4ccc(-c5cc6c(s5)-c5ccc(-c7cccs7)cc5C6(c5ccc(OCC(CC)CCCC)c(F)c5)c5ccc(OCC(CC)CCCC)c(F)c5)s4)c3nc2-c2cccc(OCCCCCCCC)c2)c1,COC(=O)CCCC1(c2ccccc2)C23c4c5ccc6c7cc8c9c%10c(cc%11cc%12c%13c%14c(cc%15c%16ccc-5c2c%16c2c5c%16c%17c(c(c46)c7c9c%17c4c%10c%11c%13c4c%16c%14c%152)C513)C%12)C8,0.96,11.5,59.6,6.6,-5.4,-3.62,-5.9,-3.9,,,2019,10.1016/j.dyepig.2019.108044,"OPV-DB (Qiu, J., Zenodo, 2026, doi:10.5281/zenodo.20841543)"
ffBT-TORTRy,PC71BM,CCCCCCC(C#Cc1cc(-c2c(F)c(F)cc3nsnc23)sc1-c1sccc1OCC(CCCC)CCCCCC)CCCC,COC(=O)CCCC1(c2ccccc2)C23c4c5ccc6c7cc8c9c%10c(cc%11cc%12c%13c%14c(cc%15c%16ccc-5c2c%16c2c5c%16c%17c(c(c46)c7c9c%17c4c%10c%11c%13c4c%16c%14c%152)C513)C%12)C8,0.75,15.08,58.3,6.6,-5.21,-3.73,-5.9,-3.9,,,2019,10.1016/j.orgel.2019.02.012,"OPV-DB (Qiu, J., Zenodo, 2026, doi:10.5281/zenodo.20841543)"
J61,N2200,CCCCCCCCCCCCSc1ccc(-c2c3cc(-c4ccc(-c5c(F)c(F)c(-c6cccs6)c6nn(CC(CCCCCC)CCCCCCCC)nc56)s4)sc3c(-c3ccc(SCCCCCCCCCCCC)s3)c3ccsc23)s1,CCCCCCCCCCC(CCCCCCCC)CN1C(=O)c2ccc3c4c(c(-c5ccc(-c6cccs6)s5)cc(c24)C1=O)C(=O)N(CC(CCCCCCCC)CCCCCCCCCC)C3=O,0.901,12.14,60.18,6.58,-5.3,-3.15,-5.71,-4.02,,,2019,10.1021/acsami.9b15672,"OPV-DB (Qiu, J., Zenodo, 2026, doi:10.5281/zenodo.20841543)"
J71,PC71BM,CCCCCCCCC(CCCCCC)Cn1nc2c(-c3cccs3)c(F)c(F)c(-c3ccc(-c4cc5c(-c6ccc([Si](CCC)(CCC)CCC)s6)c6sccc6c(-c6ccc([Si](CCC)(CCC)CCC)s6)c5s4)s3)c2n1,COC(=O)CCCC1(c2ccccc2)C23c4c5ccc6c7cc8c9c%10c(cc%11cc%12c%13c%14c(cc%15c%16ccc-5c2c%16c2c5c%16c%17c(c(c46)c7c9c%17c4c%10c%11c%13c4c%16c%14c%152)C513)C%12)C8,0.92,11.03,66.98,6.57,-5.4,-3.24,-5.9,-3.9,,,2019,10.1021/acs.macromol.9b00484,"OPV-DB (Qiu, J., Zenodo, 2026, doi:10.5281/zenodo.20841543)"
P3HT,BTA43,CCCCCCc1ccsc1,CCCCCCCCn1nc2c(/C=c3\sc(=C(C#N)C#N)n(CC)c3=O)ccc(-c3cc4c(s3)-c3cc5c(cc3C4(c3ccc(OCCCCCC)cc3)c3ccc(OCCCCCC)cc3)-c3sc(-c4ccc(/C=c6/sc(=C(C#N)C#N)n(CC)c6=O)c6nn(CCCCCCCC)nc46)cc3C5(c3ccc(OCCCCCC)cc3)c3ccc(OCCCCCC)cc3)c2n1,0.89,10.84,68.0,6.56,-5.01,-3.12,-5.44,-3.47,,,2019,10.1021/acsami.9b16662,"OPV-DB (Qiu, J., Zenodo, 2026, doi:10.5281/zenodo.20841543)"
PDTBDT-BZ,BDTB-Ph,CCCCCCCCC(CCCCCC)Cn1nc2c(-c3ccc(C)s3)c(F)c(F)c(-c3ccc(-c4cc5sc6c(-c7ccc(SCC(CCCC)CCCCCC)s7)c7c(sc8cc(C)sc87)c(-c7ccc(SCC(CCCC)CCCCCC)s7)c6c5s4)s3)c2n1,CCCCCCc1ccc(C2(c3ccc(CCCCCC)cc3)c3cc(/C=C4/C(=O)c5ccccc5C4=C(C#N)C#N)sc3-c3sc4c(-c5ccc(SCC(CC)CCCC)cc5)c5c6c(sc5c(-c5ccc(SCC(CC)CCCC)cc5)c4c32)-c2sc(/C=C3/C(=O)c4ccccc4C3=C(C#N)C#N)cc2C6(c2ccc(CCCCCC)cc2)c2ccc(CCCCCC)cc2)cc1,0.883,13.2,53.9,6.5,-5.32,-3.51,-5.49,-3.76,,,2019,10.1021/acsami.9b14981,"OPV-DB (Qiu, J., Zenodo, 2026, doi:10.5281/zenodo.20841543)"
PBDB-T,LA03,CCCCC(CC)Cc1ccc(-c2c3cc(-c4ccc(-c5sc(-c6cccs6)c6c5C(=O)c5c(CC(CC)CCCC)sc(CC(CC)CCCC)c5C6=O)s4)sc3c(-c3ccc(CC(CC)CCCC)s3)c3ccsc23)s1,CCCCCCCCCCC(CCCCCCCC)CN1C(=O)c2ccc3c4c(c(-c5ccc(-c6c(F)c(F)c(-c7cccs7)c7nn(CC(CCCCCC)CCCCCCCC)nc67)s5)cc(c24)C1=O)C(=O)N(CC(CCCCCCCC)CCCCCCCCCC)C3=O,0.937,11.28,61.34,6.49,-5.33,-3.48,-6.01,-3.71,,,2019,10.1039/c9tc01922g,"OPV-DB (Qiu, J., Zenodo, 2026, doi:10.5281/zenodo.20841543)"
PE31,Y6,CCCCCCCCC(CCCCCC)Cn1nc2c(-c3ccc(C)s3)ccc(-c3ccc(-c4cc5c(-c6cc(Cl)c(CC(CC)CCCC)s6)c6sc(C)cc6c(-c6cc(Cl)c(CC(CC)CCCC)s6)c5s4)s3)c2n1,CCCCCCCCCCCc1c(/C=C2\C(=O)c3cc(F)c(F)cc3C2=C(C#N)C#N)sc2c1sc1c3c4nsnc4c4c5sc6c(CCCCCCCCCCC)c(/C=C7\C(=O)c8cc(F)c(F)cc8C7=C(C#N)C#N)sc6c5n(CC(CC)CCCC)c4c3n(CC(CC)CCCC)c21,0.8,20.45,46.9,7.62,-5.24,-3.35,-5.6,-4.1,,,2019,10.1021/acs.macromol.9b01233,"OPV-DB (Qiu, J., Zenodo, 2026, doi:10.5281/zenodo.20841543)"
P6TIF,PC61BM,CCCCCCCCCCCCc1csc(-c2sc(-c3ccc4c(c3)/C(=C3\C(=O)N(CC(CCCCCCCCCC)CCCCCCCCCCCC)c5cc(-c6cc(CCCCCCCCCCCC)c(-c7cc(CCCCCCCCCCCC)c(-c8cc(F)c(-c9sccc9F)s8)s7)s6)ccc53)C(=O)N4CC(CCCCCCCCCC)CCCCCCCCCCCC)cc2CCCCCCCCCCCC)c1,COC(=O)CCCC1(c2ccccc2)C23c4c5c6c7c8c9c(c%10c%11c2c2c%12c4c4c%13c5c5c7c7c8c8c%14c9c%10c9c%10c%11c2c2c%11c%12c4c4c%12c%13c5c5c7c7c8c8c%14c9c9c%10c2c2c%11c4c4c%12c5c7c5c8c9c2c45)C613,0.72,18.42,57.3,7.6,-5.26,-3.83,-6.1,-3.7,,,2019,10.1039/c9ta06719a,"OPV-DB (Qiu, J., Zenodo, 2026, doi:10.5281/zenodo.20841543)"
P1,ITIC,CCCCCCCCCCc1cc(-c2cnc(-c3cc(CCCCCCCCCC)c(-c4cc5c(-c6ccc(CC(CC)CCCC)s6)c6sc(C)cc6c(-c6ccc(CC(CC)CCCC)s6)c5s4)s3)cn2)sc1C,CCCCCCc1ccc(C2(c3ccc(CCCCCC)cc3)c3cc4c(cc3-c3sc5cc(/C=C6\C(=O)c7ccccc7C6=C(C#N)C#N)sc5c32)C(c2ccc(CCCCCC)cc2)(c2ccc(CCCCCC)cc2)c2c-4sc3cc(/C=C4\C(=O)c5ccccc5C4=C(C#N)C#N)sc23)cc1,0.8,16.3,58.1,7.6,-5.41,-3.43,-5.58,-3.91,,,2019,10.1039/c9py00674e,"OPV-DB (Qiu, J., Zenodo, 2026, doi:10.5281/zenodo.20841543)"
PTB7-Th,Py-e-PDI,CCCCC(CC)COC(=O)c1sc2c(-c3cc4c(-c5ccc(CC(CC)CCCC)s5)c5sc(C)cc5c(-c5ccc(CC(CC)CCCC)s5)c4s3)sc(C)c2c1F,CCCCCCC(CCCCCC)N1C(=O)c2ccc3c4ccc5c6c(cc(C#Cc7cc(C#Cc8cc9c%10c(ccc%11c%12ccc%13c%14c(ccc(c8c%10%11)c%14%12)C(=O)N(C(CCCCCC)CCCCCC)C%13=O)C(=O)N(C(CCCCCC)CCCCCC)C9=O)c8ccc9c(C#Cc%10cc%11c%12c(ccc%13c%14ccc%15c%16c(ccc(c%10c%12%13)c%16%14)C(=O)N(C(CCCCCC)CCCCCC)C%15=O)C(=O)N(C(CCCCCC)CCCCCC)C%11=O)cc(C#Cc%10cc%11c%12c(ccc%13c%14ccc%15c%16c(ccc(c%10c%12%13)c%16%14)C(=O)N(C(CCCCCC)CCCCCC)C%15=O)C(=O)N(C(CCCCCC)CCCCCC)C%11=O)c%10ccc7c8c%109)c(c7ccc(c2c37)C1=O)c64)C(=O)N(C(CCCCCC)CCCCCC)C5=O,0.8,17.2,56.2,7.59,-5.22,-3.66,-5.9,-3.86,,,2019,10.1039/c9tc02013f,"OPV-DB (Qiu, J., Zenodo, 2026, doi:10.5281/zenodo.20841543)"
P3HT,NDICz-6,CCCCCCc1ccsc1,CCCCCCCCCCCCCCCCN1C(=O)c2ccc3c4c(ccc(c24)C1=O)C(=O)N(c1ccc(C#Cc2ccc4c(c2)c2cc(C(C(=C(C#N)C#N)c5ccc(N6C(=O)c7ccc8c9c(ccc(c79)C6=O)C(=O)N(CCCCCCCCCCCCCCCC)C8=O)cc5)=c5ccc(=C(C#N)C#N)cc5)ccc2n4CCCCCC)cc1)C3=O,0.94,13.67,59.0,7.58,-5.01,-3.12,-5.91,-4.19,,,2019,10.1016/j.dyepig.2019.107677,"OPV-DB (Qiu, J., Zenodo, 2026, doi:10.5281/zenodo.20841543)"
PBDFT-FBz,m-ITIC,CCCCCCCCC(CCCCCC)Cn1nc2c(-c3ccco3)c(F)c(F)c(-c3ccc(-c4cc5c(-c6ccc(CC(CC)CCCC)s6)c6occc6c(-c6ccc(CC(CC)CCCC)s6)c5o4)o3)c2n1,CCCCCCc1cccc(C2(c3cccc(CCCCCC)c3)c3cc4c(cc3-c3sc5cc(C=C6C(=O)c7ccccc7C6=C(C#N)C#N)sc5c32)C(c2cccc(CCCCCC)c2)(c2cccc(CCCCCC)c2)c2c-4sc3cc(C=C4C(=O)c5ccccc5C4=C(C#N)C#N)sc23)c1,0.808,13.93,64.85,7.57,-5.39,-3.39,-5.527,-3.854,,,2019,10.1002/marc.201900227,"OPV-DB (Qiu, J., Zenodo, 2026, doi:10.5281/zenodo.20841543)"
J75,PC71BM,CCCCCCCCC(CCCCCC)Cn1nc2c(-c3cccs3)c(F)c(F)c(-c3ccc(-c4cc5c(-c6ccc([Si](CCC)(CCC)CCC)[se]6)c6sccc6c(-c6ccc([Si](CCC)(CCC)CCC)[se]6)c5s4)s3)c2n1,COC(=O)CCCC1(c2ccccc2)C23c4c5ccc6c7cc8c9c%10c(cc%11cc%12c%13c%14c(cc%15c%16ccc-5c2c%16c2c5c%16c%17c(c(c46)c7c9c%17c4c%10c%11c%13c4c%16c%14c%152)C513)C%12)C8,0.94,11.59,70.79,7.45,-5.49,-3.66,-5.9,-3.9,,,2019,10.1021/acs.macromol.9b00484,"OPV-DB (Qiu, J., Zenodo, 2026, doi:10.5281/zenodo.20841543)"
PBDTTF-FTTE,ITIC-Th,CCCCC(CC)COC(=O)c1sc2c(-c3cc4c(-c5cc(F)c(CC(CC)CCCC)s5)c5sccc5c(-c5cc(F)c(CC(CC)CCCC)s5)c4s3)scc2c1F,CCCCCCc1ccc(C2(c3ccc(CCCCCC)s3)c3cc4c(cc3-c3sc5cc(/C=C6\C(=O)c7ccccc7C6=C(C#N)C#N)sc5c32)C(c2ccc(CCCCCC)s2)(c2ccc(CCCCCC)s2)c2c-4sc3cc(/C=C4\C(=O)c5ccccc5C4=C(C#N)C#N)sc23)s1,0.995,13.1,57.1,7.44,-5.65,-4.0,-5.81,-4.01,,,2019,10.1021/acs.chemmater.9b01741,"OPV-DB (Qiu, J., Zenodo, 2026, doi:10.5281/zenodo.20841543)"
ES1,Y6,CCCCC(CC)Cc1sc(-c2c3cc(-c4ccc(-c5sc(-c6ccc(-c7cc8c(-c9cc(F)c(CC(CC)CCCC)s9)c9sc(-c%10cc(C(=O)OC)cs%10)cc9c(-c9cc(F)c(CC(CC)CCCC)s9)c8s7)s6)c6c5C(=O)c5c(CC(CC)CCCC)sc(CC(CC)CCCC)c5C6=O)s4)sc3c(-c3cc(F)c(CC(CC)CCCC)s3)c3ccsc23)cc1F,CCCCCCCCCCCc1c(/C=C2\C(=O)c3cc(F)c(F)cc3C2=C(C#N)C#N)sc2c1sc1c3c4nsnc4c4c5sc6c(CCCCCCCCCCC)c(/C=C7\C(=O)c8cc(F)c(F)cc8C7=C(C#N)C#N)sc6c5n(CC(CC)CCCC)c4c3n(CC(CC)CCCC)c21,0.87,24.866,71.0,15.37,-5.5,-3.62,-5.65,-4.09,,,2019,10.1039/c9ee01890e,"OPV-DB (Qiu, J., Zenodo, 2026, doi:10.5281/zenodo.20841543)"
PBDB-TF,BTP-6F,CCCCC(CC)Cc1sc(-c2c3cc(-c4ccc(-c5sc(-c6cccs6)c6c5C(=O)c5c(CC(CC)CCCC)sc(CC(CC)CCCC)c5C6=O)s4)sc3c(-c3cc(F)c(CC(CC)CCCC)s3)c3ccsc23)cc1F,CCCCCCCCCCCc1c(/C=C2\C(=O)c3c(cc(F)c(F)c3F)C2=C(C#N)C#N)sc2c1sc1c3c4nsnc4c4c5sc6c(CCCCCCCCCCC)c(/C=C7\C(=O)c8c(cc(F)c(F)c8F)C7=C(C#N)C#N)sc6c5n(CC(CCCC)CCCCCC)c4c3n(CC(CCCC)CCCCCC)c21,0.81,25.9,72.8,15.3,-5.49,-3.64,-5.69,-3.97,,,2019,10.1002/anie.201915030,"OPV-DB (Qiu, J., Zenodo, 2026, doi:10.5281/zenodo.20841543)"
PFTzTT-3TC,ITIC,CCCCC(CC)COC(=O)c1ccsc1-c1ccc(-c2sc(-c3ccc(-c4c(F)c(F)c(-c5cccs5)c5nn(CC(CC)CCCC)nc45)s3)cc2C(=O)OCC(CC)CCCC)s1,CCCCCCc1ccc(C2(c3ccc(CCCCCC)cc3)c3cc4c(cc3-c3sc5cc(C=C6C(=O)c7ccccc7C6=C(C#N)C#N)sc5c32)C(c2ccc(CCCCCC)cc2)(c2ccc(CCCCCC)cc2)c2c-4sc3cc(C=C4C(=O)c5ccccc5C4=C(C#N)C#N)sc23)cc1,0.9,15.72,58.11,8.21,-5.39,-3.59,-5.576,-3.916,,,2019,10.1021/acsaem.9b02005,"OPV-DB (Qiu, J., Zenodo, 2026, doi:10.5281/zenodo.20841543)"
PBDB-T2Cl,ITC6-IC,CCCCC(CC)Cc1sc(-c2c3cc(-c4ccc(-c5sc(-c6cccs6)c6c5C(=O)c5c(CC(CC)CCCC)sc(CC(CC)CCCC)c5C6=O)s4)sc3c(-c3cc(Cl)c(CC(CC)CCCC)s3)c3ccsc23)cc1Cl,CCCCCCc1ccc(C2(c3ccc(CCCCCC)cc3)c3cc4c(cc3-c3sc5c(CCCCCC)c(/C=C6\C(=O)c7ccccc7C6=C(C#N)C#N)sc5c32)C(c2ccc(CCCCCC)cc2)(c2ccc(CCCCCC)cc2)c2c-4sc3c(CCCCCC)c(/C=C4\C(=O)c5ccccc5C4=C(C#N)C#N)sc23)cc1,1.009,13.48,58.7,8.21,-5.52,-3.55,-5.73,-3.92,,,2019,10.1039/c9tc04798k,"OPV-DB (Qiu, J., Zenodo, 2026, doi:10.5281/zenodo.20841543)"
PBDT5-TPD4,P(NDI2HD-T),C=CCCCCCCCCCN1C(=O)c2c(-c3cc4c(-c5ccc(CC(CC)CCCC)s5)c5sccc5c(-c5ccc(CC(CC)CCCC)s5)c4s3)sc(-c3cc4c(-c5ccc(CC(CC)CCCC)s5)c5sc(-c6sc(-c7sc(-c8cc(CCCCCC)cs8)c8c7C(=O)N(CCCCCCCC)C8=O)cc6CCCCCC)cc5c(-c5ccc(CC(CC)CCCC)s5)c4s3)c2C1=O,CCCCCCCCC(CCCCCC)CN1C(=O)c2ccc3c4c(c(-c5cccs5)cc(c24)C1=O)C(=O)N(CC(CCCCCC)CCCCCCCC)C3=O,1.02,14.42,55.75,8.2,-5.57,-3.56,-5.64,-3.82,,,2019,10.1021/acsami.9b15936,"OPV-DB (Qiu, J., Zenodo, 2026, doi:10.5281/zenodo.20841543)"
J52,IEICO,CCCCCCCCC(CCCCCC)Cn1nc2c(-c3cccs3)c(F)c(F)c(-c3ccc(-c4cc5c(-c6ccc(CC(CC)CCCC)s6)c6sccc6c(-c6ccc(CC(CC)CCCC)s6)c5s4)s3)c2n1,CCCCCCc1ccc(C2(c3ccc(CCCCCC)cc3)c3cc4c(cc3-c3sc(-c5sc(/C=C6\C(=O)c7ccccc7C6=C(C#N)C#N)cc5OCC(CC)CCCC)cc32)C(c2ccc(CCCCCC)cc2)(c2ccc(CCCCCC)cc2)c2cc(-c3sc(/C=C5\C(=O)c6ccccc6C5=C(C#N)C#N)cc3OCC(CC)CCCC)sc2-4)cc1,0.827,18.57,53.4,8.2,-5.2,-3.05,-5.32,-3.95,,,2019,10.1039/c9tc04892h,"OPV-DB (Qiu, J., Zenodo, 2026, doi:10.5281/zenodo.20841543)"
PTBSi100,IEICO-4F,CCCCC(CC)COC(=O)c1sc2c(-c3cc4c(-c5ccc(CCCCC[Si](C)(O[Si](C)(C)C)O[Si](C)(C)C)s5)c5sccc5c(-c5ccc(CCCCC[Si](C)(O[Si](C)(C)C)O[Si](C)(C)C)s5)c4s3)scc2c1F,CCCCCCc1ccc(C2(c3ccc(CCCCCC)cc3)c3cc4c(cc3-c3sc(-c5sc(/C=C6\C(=O)c7cc(F)c(F)cc7C6=C(C#N)C#N)cc5OCC(CC)CCCC)cc32)C(c2ccc(CCCCCC)cc2)(c2ccc(CCCCCC)cc2)c2cc(-c3scc(/C=C5/C(=O)c6cc(F)c(F)cc6C5=C(C#N)C#N)c3OCC(CC)CCCC)sc2-4)cc1,0.7,16.64,67.1,8.19,-5.22,-3.64,-5.44,-4.19,,,2019,10.1021/acsami.9b18963,"OPV-DB (Qiu, J., Zenodo, 2026, doi:10.5281/zenodo.20841543)"
PTB7-Th,BTDT2R,CCCCC(CC)COC(=O)c1sc2csc(-c3cc4c(-c5ccc(CC(CC)CCCC)s5)c5sccc5c(-c5ccc(CC(CC)CCCC)s5)c4s3)c2c1F,CCCCCCOc1c(OCCCCCC)c(-c2ccc(/C=C3\SC(=S)N(CC)C3=O)s2)c2nsnc2c1-c1ccc(/C=C2\SC(=S)N(CC)C2=O)s1,1.06,13.52,57.0,8.19,-5.21,-3.6,-5.61,-3.73,,,2019,10.1021/acsami.9b09256,"OPV-DB (Qiu, J., Zenodo, 2026, doi:10.5281/zenodo.20841543)"
PTAZ-TPD10-C10,[70]PCBM,CCCCCCCCCCc1cc(-c2c3cc(-c4ccc(-c5c(F)c(F)c(-c6ccc(-c7cc8c(-c9cc(CCCCCCCCCC)c(CCCCCCCCCC)s9)c9sc(-c%10scc%11c%10C(=O)N(CCCCCCCC)C%11=O)cc9c(-c9cc(CCCCCCCCCC)c(CCCCCCCCCC)s9)c8s7)s6)c6nn(CC(CC)CCCC)nc56)s4)sc3c(-c3cc(CCCCCCCCCC)c(CCCCCCCCCC)s3)c3ccsc23)sc1CCCCCCCCCC,CCCCC(=O)OCC1(C2=CC=CC=C2)C3=CC=CC4=CC=CC5=CC=CC6=CC=C7C=CC=CC8=CC=CC1=C8C7=C6C5=C4C3,0.85,6.0,56.0,2.9,-5.27,-3.23,-6.1,-3.9,,,2019,10.1002/aenm.201901740,"OPV-DB (Qiu, J., Zenodo, 2026, doi:10.5281/zenodo.20841543)"
PBDTTFTQ-DO,ITIC,CCCCCCCCOc1cccc(-c2nc3c(-c4ccc(C)s4)cc(F)c4c3nc2-c2cccc(c2)OCCC(CC)(CCCCC)CCCCCc2cc(sc2CCCCCCCC)-c2c3cc(C)sc3c(-c3cc(CCCCCCCC)c(CCCCCCCC)s3)c3cc(sc23)-c2ccc-4s2)c1,CCCCCCc1ccc(C2(c3ccc(CCCCCC)cc3)c3cc4c(cc3-c3sc5cc(/C=C6\C(=O)c7ccccc7C6=C(C#N)C#N)sc5c32)C(c2ccc(CCCCCC)cc2)(c2ccc(CCCCCC)cc2)c2c-4sc3cc(/C=C4\C(=O)c5ccccc5C4=C(C#N)C#N)sc23)cc1,0.94,6.49,46.8,2.85,-5.37,-3.03,-5.74,-4.01,,,2019,10.1016/j.orgel.2019.06.007,"OPV-DB (Qiu, J., Zenodo, 2026, doi:10.5281/zenodo.20841543)"
P3HT,JC1,CCCCCCc1ccsc1,CCCCCCCCC1(CCCCCCCC)c2cc3c(cc2-c2sc(-c4c5cc(C(=O)OCC)sc5c(/C=c5\sc(=C(C#N)C#N)n(CC)c5=O)c5nsnc45)cc21)C(CCCCCCCC)(CCCCCCCC)c1cc(-c2c4cc(C(=O)OCC)sc4c(/C=c4\sc(=C(C#N)C#N)n(CC)c4=O)c4nsnc24)sc1-3,0.48,10.54,56.0,2.8,-5.01,-3.12,-5.51,-3.95,,,2019,10.1021/acsami.9b08007,"OPV-DB (Qiu, J., Zenodo, 2026, doi:10.5281/zenodo.20841543)"
PTQ10,Y6-C2,CCCCCCCCC(CCCCCC)COc1cnc2c(C)c(F)c(F)c(-c3ccc(C)s3)c2n1,CCCCCCCCCCCc1c(/C=C2\C(=O)c3cc(F)c(F)cc3C2=C(C#N)C#N)sc2c1sc1c3c4nsnc4c4c5sc6c(CCCCCCCCCCC)c(/C=C7\C(=O)c8cc(F)c(F)cc8C7=C(C#N)C#N)sc6c5n(CCC(CC)CCCC)c4c3n(CCC(CC)CCCC)c21,0.844,25.76,71.7,15.59,-5.54,-2.98,-5.68,-4.06,,,2019,10.1016/j.joule.2019.12.004,"OPV-DB (Qiu, J., Zenodo, 2026, doi:10.5281/zenodo.20841543)"
P2F-EHp,Y6,CCCCCCCCN1C(=O)c2c(c(-c3ccc(-c4cc5c(-c6cc(F)c(CC(CC)CCCC)c(F)c6)c6sccc6c(-c6cc(F)c(CC(CC)CCCC)c(F)c6)c5s4)s3)c3nn(CC(CC)CCCC)nc3c2-c2cccs2)C1=O,CCCCCCCCCCCc1c(/C=C2\C(=O)c3cc(F)c(F)cc3C2=C(C#N)C#N)sc2c1sc1c3c4nsnc4c4c5sc6c(CCCCCCCCCCC)c(/C=C7\C(=O)c8cc(F)c(F)cc8C7=C(C#N)C#N)sc6c5n(CC(CC)CCCC)c4c3n(CC(CC)CCCC)c21,0.81,26.11,73.3,15.5,-5.46,-3.14,-5.68,-4.06,,,2019,10.1021/acsenergylett.9b01447,"OPV-DB (Qiu, J., Zenodo, 2026, doi:10.5281/zenodo.20841543)"
PM6,DTTC-4Cl,CCCCC(CC)Cc1sc(-c2c3cc(-c4ccc(-c5sc(-c6cccs6)c6c5C(=O)c5c(CC(CC)CCCC)sc(CC(CC)CCCC)c5C6=O)s4)sc3c(-c3cc(F)c(CC(CC)CCCC)s3)c3ccsc23)cc1F,CCc1ccc(C2(c3ccc(CC)cc3)c3cc4c5cc6c(cc5n(CC)c4cc3-c3sc4cc(/C=C5\C(=O)c7cc(Cl)c(Cl)cc7C5=C(C#N)C#N)sc4c32)-c2sc3cc(/C=C4\C(=O)c5cc(Cl)c(Cl)cc5C4=C(C#N)C#N)sc3c2C6(c2ccc(CC)cc2)c2ccc(CC)cc2)cc1,0.92,22.64,74.04,15.42,-5.56,-3.65,-5.72,-4.03,,,2019,10.1039/c9ta12605h,"OPV-DB (Qiu, J., Zenodo, 2026, doi:10.5281/zenodo.20841543)"
PBDB-T,Y6,CCCCC(CC)Cc1ccc(-c2c3cc(-c4ccc(-c5sc(-c6cccs6)c6c5C(=O)c5c(CC(CC)CCCC)sc(CC(CC)CCCC)c5C6=O)s4)sc3c(-c3ccc(CC(CC)CCCC)s3)c3ccsc23)s1,CCCCCCCCCCCc1c(/C=C2\C(=O)c3cc(F)c(F)cc3C2=C(C#N)C#N)sc2c1sc1c3c4nsnc4c4c5sc6c(CCCCCCCCCCC)c(/C=C7\C(=O)c8cc(F)c(F)cc8C7=C(C#N)C#N)sc6c5n(CC(CC)CCCC)c4c3n(CC(CC)CCCC)c21,0.8,25.2,77.0,15.4,-5.33,-3.53,-5.65,-4.02,,,2019,10.1039/c9tc05301h,"OPV-DB (Qiu, J., Zenodo, 2026, doi:10.5281/zenodo.20841543)"
PTQ10,Y7,CCCCCCCCC(CCCCCC)COc1cnc2c(C)c(F)c(F)c(-c3ccc(C)s3)c2n1,CCCCCCCCCCCc1c(/C=C2\C(=O)c3cc(Cl)c(Cl)cc3C2=C(C#N)C#N)sc2c1sc1c3c4nsnc4c4c5sc6c(CCCCCCCCCCC)c(/C=C7\C(=O)c8cc(Cl)c(Cl)cc8C7=C(C#N)C#N)sc6c5n(CC(CC)CCCC)c4c3n(CC(CC)CCCC)c21,0.847,25.67,70.7,15.38,-5.54,-2.98,-5.68,-4.12,,,2019,10.1016/j.joule.2019.12.004,"OPV-DB (Qiu, J., Zenodo, 2026, doi:10.5281/zenodo.20841543)"
PBDB-T2Cl,PBIBDT-Cl,CCCCC(CC)Cc1sc(-c2c3cc(-c4ccc(-c5sc(-c6cccs6)c6c5C(=O)c5c(CC(CC)CCCC)sc(CC(CC)CCCC)c5C6=O)s4)sc3c(-c3cc(Cl)c(CC(CC)CCCC)s3)c3ccsc23)cc1Cl,CCCCCC(CCCCC)n1c(=O)c2ccc3c4ccc5c(=O)n(C(CCCCC)CCCCC)c(=O)c6cc7c8c(sc9c(-c%10cc(Cl)c(CC(CC)CCCC)s%10)c%10c(sc%11c%12cc%13c(=O)n(C(CCCCC)CCCCC)c(=O)c%14ccc%15c%16ccc%17c(=O)n(C(CCCCC)CCCCC)c(=O)c%18cc(c%11%10)c(c%16c%17%18)c%12c%15c%14%13)c(-c%10cc(Cl)c(CC(CC)CCC)s%10)c98)c8cc(c1=O)c2c3c8c7c4c56,1.14,9.89,59.0,6.63,-5.76,-3.58,-6.07,-3.69,,,2019,10.1002/cphc.201900309,"OPV-DB (Qiu, J., Zenodo, 2026, doi:10.5281/zenodo.20841543)"
P3HT,TrBTIC,CCCCCCc1cc(C)sc1C,CCCCC1(CCCC)c2cc(-c3ccc(/C=C4\C(=O)c5ccccc5C4=C(C#N)C#N)c4nsnc34)ccc2-c2c1c1c(c3c2C(CCCC)(CCCC)c2cc(-c4ccc(/C=C5\C(=O)c6ccccc6C5=C(C#N)C#N)c5nsnc45)ccc2-3)C(CCCC)(CCCC)c2cc(-c3ccc(/C=C4\C(=O)c5ccccc5C4=C(C#N)C#N)c4nsnc34)ccc2-1,0.86,11.75,62.4,6.62,-5.0,-3.1,-5.56,-3.62,,,2019,10.1002/adma.201906045,"OPV-DB (Qiu, J., Zenodo, 2026, doi:10.5281/zenodo.20841543)"
PBDTTTPD,PNT-HD,CCCCCCCCN1C(=O)c2csc(-c3cc4c(-c5ccc(CC(CC)CCCC)s5)c5sccc5c(-c5ccc(CC(CC)CCCC)s5)c4s3)c2C1=O,CCCCCCCCC(CCCCCC)CN1C(=O)c2ccc3c4c(c(-c5ccc(-c6sc(-c7cccs7)c7c6C(=O)N(CCCCCCCC)C7=O)s5)cc(c24)C1=O)C(=O)N(CC(CCCCCC)CCCCCCCC)C3=O,1.0,12.07,55.0,6.62,-5.49,-3.64,-5.97,-4.01,,,2019,10.1021/acsami.9b05537,"OPV-DB (Qiu, J., Zenodo, 2026, doi:10.5281/zenodo.20841543)"
P(O-DBND-2T),PC71BM,CCCCCCCCCCCCCCC(CCCCCCCCCCCCCC)COc1nc2cc(-c3ccc(-c4cccs4)s3)ccc2c2c(OCC(CCCCCCCCCCCCCC)CCCCCCCCCCCCCC)nc3ccccc3c12,COC(=O)CCCC1(c2ccccc2)C23c4c5ccc6c7cc8c9c%10c(cc%11cc%12c%13c%14c(cc%15c%16ccc-5c2c%16c2c5c%16c%17c(c(c46)c7c9c%17c4c%10c%11c%13c4c%16c%14c%152)C513)C%12)C8,0.91,5.0,65.0,2.96,-5.44,-3.15,-5.9,-3.9,,,2019,10.1039/c9ra01545k,"OPV-DB (Qiu, J., Zenodo, 2026, doi:10.5281/zenodo.20841543)"
P2TIF,PC71BM,CCCCCCCCCCCCC(CCCCCCCCCC)CN1C(=O)/C(=C2/C(=O)N(CC(CCCCCCCCCC)CCCCCCCCCCCC)c3cc(-c4cc(F)c(-c5sccc5F)s4)ccc32)c2ccccc21,COC(=O)CCCC1(c2ccccc2)C23c4c5ccc6c7cc8c9c%10c(cc%11cc%12c%13c%14c(cc%15c%16ccc-5c2c%16c2c5c%16c%17c(c(c46)c7c9c%17c4c%10c%11c%13c4c%16c%14c%152)C513)C%12)C8,1.0,6.83,43.18,2.95,-5.69,-3.82,-5.9,-3.9,,,2019,10.1039/c9ta06719a,"OPV-DB (Qiu, J., Zenodo, 2026, doi:10.5281/zenodo.20841543)"
T2-BTDF-(TE2),ITIC,CCCCCCCCCCCCC(CCCCCCCCCC)COC(=O)c1cc(-c2cc(C(=O)OCC(CCCCCCCCCC)CCCCCCCCCCCC)c(-c3ccc(-c4c(F)c(F)c(C)c5nsnc45)s3)s2)sc1-c1ccc(C)s1,CCCCCCc1ccc(C2(c3ccc(CCCCCC)cc3)c3cc4c(cc3-c3sc5cc(/C=C6\C(=O)c7ccccc7C6=C(C#N)C#N)sc5c32)C(c2ccc(CCCCCC)cc2)(c2ccc(CCCCCC)cc2)c2c-4sc3cc(/C=C4\C(=O)c5ccccc5C4=C(C#N)C#N)sc23)cc1,0.98,5.8,52.0,2.93,-5.66,-3.6,-5.89,-4.29,,,2019,10.1021/acs.chemmater.9b03327,"OPV-DB (Qiu, J., Zenodo, 2026, doi:10.5281/zenodo.20841543)"
dFT-HTAZ,ITIC,CCCCCCC(CCCC)CCc1c2cc(-c3sc(-c4ccc(-c5scc(F)c5F)c5nn(CC(CCCC)CCCCCC)nc45)c(F)c3F)sc2c(CCC(CCCC)CCCCCC)c2ccsc12,CCCCCCc1ccc(C2(c3ccc(CCCCCC)cc3)c3cc4c(cc3-c3sc5cc(C=C6C(=O)c7ccccc7C6=C(C#N)C#N)sc5c32)C(c2ccc(CCCCCC)cc2)(c2ccc(CCCCCC)cc2)c2c-4sc3cc(C=C4C(=O)c5ccccc5C4=C(C#N)C#N)sc23)cc1,0.973,6.39,42.7,2.92,-5.78,-3.77,-5.48,-3.83,,,2019,10.1021/acs.macromol.9b01168,"OPV-DB (Qiu, J., Zenodo, 2026, doi:10.5281/zenodo.20841543)"
P-OD,ITIC-Th,C=C(C#N)c1cc(OCCCCCCCC)c(/C(C#N)=C/c2cc3c(OCC(CCCCCCCC)CCCCCCCCCC)c4sccc4c(OCC(CCCCCCCC)CCCCCCCCCC)c3s2)cc1OCCCCCCCC,CCCCCCc1ccc(C2(c3ccc(CCCCCC)s3)c3cc4c(cc3-c3sc5cc(/C=C6\C(=O)c7ccccc7C6=C(C#N)C#N)sc5c32)C(c2ccc(CCCCCC)s2)(c2ccc(CCCCCC)s2)c2c-4sc3cc(/C=C4\C(=O)c5ccccc5C4=C(C#N)C#N)sc23)s1,1.06,4.57,57.49,2.91,-5.54,-3.0,-5.673,-3.909,,,2019,10.1021/jacs.9b03770,"OPV-DB (Qiu, J., Zenodo, 2026, doi:10.5281/zenodo.20841543)"
PBDB-T,IOTC,CCCCC(CC)Cc1ccc(-c2c3cc(-c4ccc(-c5sc(-c6cccs6)c6c5C(=O)c5c(CC(CC)CCCC)sc(CC(CC)CCCC)c5C6=O)s4)sc3c(-c3ccc(CC(CC)CCCC)s3)c3ccsc23)s1,CCCCCCCCc1ccc(C2(c3ccc(CCCCCCCC)cc3)c3cc(-c4ccc(-c5sc(/C=C6\C(=O)c7cscc7C6=C(C#N)C#N)cc5CC(CC)CCCC)s4)ccc3-c3sc(-c4sc(/C=C5\C(=O)c6cscc6C5=C(C#N)C#N)cc4CC(CC)CCCC)cc32)cc1,0.95,15.04,55.52,7.94,-5.33,-3.48,-5.7,-4.01,,,2019,10.1016/j.dyepig.2019.107555,"OPV-DB (Qiu, J., Zenodo, 2026, doi:10.5281/zenodo.20841543)"
PBZ-1Si,IT-M,CCCCCCCCC(CCCCCC)Cc1ccc(-c2c3cc(-c4ccc(-c5c(F)c(F)c(-c6cccs6)c6nn(CCCCCC[Si](C)(O[Si](C)(C)C)O[Si](C)(C)C)nc56)s4)sc3c(-c3ccc(CC(CCCCCC)CCCCCCCC)s3)c3ccsc23)s1,CCCCCCc1ccc(C2(c3ccc(CCCCCC)cc3)c3cc4c(cc3-c3sc5cc(/C=C6\C(=O)c7ccc(C)cc7C6=C(C#N)C#N)sc5c32)C(c2ccc(CCCCCC)cc2)(c2ccc(CCCCCC)cc2)c2c-4sc3cc(/C=C4\C(=O)c5ccc(C)cc5C4=C(C#N)C#N)sc23)cc1,0.94,13.53,62.15,7.94,-5.29,-3.35,-5.58,-3.98,,,2019,10.1021/acsami.9b08722,"OPV-DB (Qiu, J., Zenodo, 2026, doi:10.5281/zenodo.20841543)"
PTB7-Th,FTPDI3,CCCCC(CC)COC(=O)c1sc2c(-c3cc4c(-c5ccc(CC(CC)CCCC)s5)c5sc(C)cc5c(-c5ccc(CC(CC)CCCC)s5)c4s3)sc(C)c2c1F,CCCCCCC(CCCCCC)n1c(=O)c2ccc3c4ccc5c(=O)n(C(CCCCCC)CCCCCC)c(=O)c6cc7c8c9cc%10c(=O)n(C(CCCCCC)CCCCCC)c(=O)c%11cc%12c%13c%14cc%15c(=O)n(C(CCCCCC)CCCCCC)c(=O)c%16cc%17c%18c(c%19cc%20c(=O)n(C(CCCCCC)CCCCCC)c(=O)c%21cc(c%13c%13cc%22c(=O)n(C(CCCCCC)CCCCCC)c(=O)c%23cc(c8c8cc(c1=O)c2c3c8c7c4c56)c1c9c(c%10%11)c%12c%13c1c%23%22)c1c%14c(c%15%16)c%17c%19c1c%21%20)c1c2cc3c(=O)n(C(CCCCCC)CCCCCC)c(=O)c4cc5c6c7cc8c(=O)n(C(CCCCCC)CCCCCC)c(=O)c9cc%10c%11c%12cc%13c(=O)n(C(CCCCCC)CCCCCC)c(=O)c%14ccc%15c%16ccc%17c(=O)n(C(CCCCCC)CCCCCC)c(=O)c%19cc(c%11c%11cc%20c(=O)n(C(CCCCCC)CCCCCC)c(=O)c%21cc(c6c6cc%22c(=O)n(C(CCCCCC)CCCCCC)c(=O)c%23cc(c1c1c%24cc%25c(=O)n(C(CCCCCC)CCCCCC)c(=O)c%26cc%27c%28c%29cc%30c(=O)n(C(CCCCCC)CCCCCC)c(=O)c%31cc%32c%33c%34cc%35c(=O)n(C(CCCCCC)CCCCCC)c(=O)c%36ccc%37c%38ccc%39c(=O)n(C(CCCCCC)CCCCCC)c(=O)c%40cc(c%33c%33cc%41c(=O)n(C(CCCCCC)CCCCCC)c(=O)c%42cc(c%28c%28cc%43c(=O)n(C(CCCCCC)CCCCCC)c(=O)c%44cc(c%181)c1c%24c(c%26%25)c%27c%28c1c%43%44)c1c%29c(c%31%30)c%32c%33c1c%41%42)c(c%38c%39%40)c%34c%37c%36%35)c1c2c(c43)c5c6c1c%22%23)c1c7c(c98)c%10c%11c1c%20%21)c(c%16c%17%19)c%12c%15c%14%13,0.759,16.4,61.9,7.93,-5.12,-3.6,-5.79,-3.82,,,2019,10.1039/c9tc02150g,"OPV-DB (Qiu, J., Zenodo, 2026, doi:10.5281/zenodo.20841543)"
PBDTTF-FTTE,ITIC-Th,CCCCC(CC)COC(=O)c1sc2c(-c3cc4c(-c5cc(F)c(CC(CC)CCCC)s5)c5sc(C)cc5c(-c5cc(F)c(CC(CC)CCCC)s5)c4s3)sc(C)c2c1F,CCCCCCc1cc(C2(c3ccc(CCCCCC)s3)c3cc4c(cc3-c3sc5cc(/C=C6\C(=O)c7ccccc7C6=C(C#N)C#N)sc5c32)C(c2ccc(CCCCCC)s2)(c2ccc(CCCCCC)s2)c2c-4sc3cc(/C=C4\C(=O)c5ccccc5C4=C(C#N)C#N)sc23)cs1,0.995,13.1,57.1,7.9,-5.65,-4.0,-5.81,-4.01,,,2019,10.1021/acs.chemmater.9b01741,"OPV-DB (Qiu, J., Zenodo, 2026, doi:10.5281/zenodo.20841543)"
PTTEA,Alq3-PDI,CCCCCCCCCCC(CCCCCCCC)COC(=O)c1cc(-c2c(F)c(F)c(-c3cc(C(=O)OCC(CCCCCCCC)CCCCCCCCCC)c(-c4cc(CC(CCCCCC)CCCCCCCC)c(-c5ccc(-c6c(F)c(F)c(-c7ccc(C)s7)c7nsnc67)s5)s4)s3)c3nsnc23)sc1-c1cc(CC(CCCCCC)CCCCCCCC)c(C)s1,CCCCC(CCCC)N1C(=O)c2ccc3c4ccc5c6c(cc(-c7ccc8c9c7ccc[n+]9[Al-3]79(O8)(Oc8ccc(-c%10cc%11c%12c(ccc%13c%14ccc%15c%16c(ccc(c%10c%12%13)c%16%14)C(=O)N(C(CCCC)CCCC)C%15=O)C(=O)N(C(CCCC)CCCC)C%11=O)c%10ccc[n+]7c8%10)Oc7ccc(-c8cc%10c%11c(ccc%12c%13ccc%14c%15c(ccc(c8c%11%12)c%15%13)C(=O)N(C(CCCC)CCCC)C%14=O)C(=O)N(C(CCCC)CCCC)C%10=O)c8ccc[n+]9c78)c(c7ccc(c2c37)C1=O)c64)C(=O)N(C(CCCC)CCCC)C5=O,0.87,13.56,66.3,7.82,-5.4,-3.54,-5.9,-3.76,,,2019,10.1002/adfm.201902079,"OPV-DB (Qiu, J., Zenodo, 2026, doi:10.5281/zenodo.20841543)"
PBDTTFTQ-DO,ITIC-Th,CCCCCCCCOc1cccc(-c2nc3c(-c4ccc(C)s4)cc(F)c4c3nc2-c2cccc(c2)OCCC(CC)(CCCCC)CCCCCc2cc(sc2CCCCCCCC)-c2c3cc(C)sc3c(-c3cc(CCCCCCCC)c(CCCCCCCC)s3)c3cc(sc23)-c2ccc-4s2)c1,CCCCCCc1cc(C2(c3ccc(CCCCCC)s3)c3cc4c(cc3-c3sc5cc(/C=C6\C(=O)c7ccccc7C6=C(C#N)C#N)sc5c32)C(c2ccc(CCCCCC)s2)(c2ccc(CCCCCC)s2)c2c-4sc3cc(/C=C4\C(=O)c5ccccc5C4=C(C#N)C#N)sc23)cs1,0.88,15.14,58.6,7.81,-5.37,-3.03,-5.66,-3.93,,,2019,10.1016/j.orgel.2019.06.007,"OPV-DB (Qiu, J., Zenodo, 2026, doi:10.5281/zenodo.20841543)"
PDBT(E)BTz-d,IT-4F,CCCCCCC(CCCC)COC(=O)c1ccsc1-c1ncc(-c2cnc(-c3sc(-c4cc5sc6c(-c7cc(Cl)c(CC(CCCC)CCCCCC)s7)c7c(sc8ccsc87)c(-c7cc(Cl)c(CC(CCCC)CCCCCC)s7)c6c5s4)cc3C(=O)OCC(CCCC)CCCCCC)s2)s1,CCCCCCc1ccc(C2(c3ccc(CCCCCC)cc3)c3cc4c(cc3-c3sc5cc(/C=C6\C(=O)c7cc(F)c(F)cc7C6=C(C#N)C#N)sc5c32)C(c2ccc(CCCCCC)cc2)(c2ccc(CCCCCC)cc2)c2c-4sc3cc(/C=C4\C(=O)c5cc(F)c(F)cc5C4=C(C#N)C#N)sc23)cc1,0.95,15.44,54.5,7.81,-5.6,-3.68,-5.66,-4.14,,,2019,10.1039/c9ta04237g,"OPV-DB (Qiu, J., Zenodo, 2026, doi:10.5281/zenodo.20841543)"
PBDB-T,IBR,CCCCC(CC)Cc1ccc(-c2c3cc(-c4ccc(-c5sc(-c6cccs6)c6c5C(=O)c5c(CC(CC)CCCC)sc(CC(CC)CCCC)c5C6=O)s4)sc3c(-c3ccc(CC(CC)CCCC)s3)c3ccsc23)s1,CCCCCCC(CCCC)CC1(CC(CCCC)CCCCCC)C2=C(c3ccc(-c4ccc(/C=C5\SC(=S)N(CC)C5=O)c5nsnc45)cc31)C(CC(CCCC)CCCCCC)(CC(CCCC)CCCCCC)c1cc(-c3ccc(/C=C4\SC(=S)N(CC)C4=O)c4nsnc34)ccc12,1.16,9.46,60.7,6.66,-5.33,-3.48,-5.64,-3.41,,,2019,10.1016/j.dyepig.2019.02.017,"OPV-DB (Qiu, J., Zenodo, 2026, doi:10.5281/zenodo.20841543)"
PBDB-T,DCNBT-IDT,CCCCC(CC)Cc1ccc(-c2c3cc(-c4ccc(-c5sc(-c6cccs6)c6c5C(=O)c5c(CC(CC)CCCC)sc(CC(CC)CCCC)c5C6=O)s4)sc3c(-c3ccc(CC(CC)CCCC)s3)c3ccsc23)s1,CCCCCCCCC1(CCCCCCCC)c2cc3c(cc2-c2sccc21)C(CCCCCCCC)(CCCCCCCC)c1cc(-c2c(C#N)c(C#N)cc4nsnc24)sc1-3,0.9,14.2,65.0,8.32,-5.33,-3.48,-5.59,-3.75,,,2019,10.1002/adma.201905161,"OPV-DB (Qiu, J., Zenodo, 2026, doi:10.5281/zenodo.20841543)"
P104,ITIC-F,CCCCCCCCCCC(CCCCCCCC)Cn1c(=O)n(CC(CCCCCCCC)CCCCCCCCCC)c2cc3c(cc21)c1ccsc1c1sc(-c2ccc(-c4ccc(-c5cccs5)c5nsnc45)s2)cc31,CCCCCCc1ccc(C2(c3ccc(CCCCCC)cc3)c3cc4c(cc3-c3sc5cc(/C=C6\C(=O)c7cc(F)c(F)cc7C6=C(C#N)C#N)sc5c32)C(c2ccc(CCCCCC)cc2)(c2ccc(CCCCCC)cc2)c2c-4sc3cc(/C=C4\C(=O)c5cc(F)c(F)cc5C4=C(C#N)C#N)sc23)cc1,0.83,15.92,63.0,8.32,-5.29,-3.68,-5.66,-4.14,,,2019,10.1021/acsaem.9b01726,"OPV-DB (Qiu, J., Zenodo, 2026, doi:10.5281/zenodo.20841543)"
PTB7-Th,BTI2-30TPD,CCCCC(CC)COC(=O)c1sc2csc(-c3cc4c(-c5ccc(CC(CC)CCCC)s5)c5sccc5c(-c5ccc(CC(CC)CCCC)s5)c4s3)c2c1F,CCCCCCCCCCC(CCCCCCCC)Cn1c(=O)c2ccsc2c2sc3c(sc4c5sc(-c6sc(-c7sc(-c8scc(F)c8F)c8c7C(=O)N(CC(CCCCCC)CCCCCCCC)C8=O)c(F)c6F)cc5c(=O)n(CC(CCCCCCCC)CCCCCCCCCC)c(=O)c43)c2c1=O,1.05,13.56,58.25,8.28,-5.29,-3.72,-6.15,-3.41,,,2019,10.1002/adfm.201903970,"OPV-DB (Qiu, J., Zenodo, 2026, doi:10.5281/zenodo.20841543)"
PTB7-Th,ITIC-Th,CCCCC(CC)COC(=O)c1sc2c(-c3cc4c(-c5ccc(CC(CC)CCCC)s5)c5sc(C)cc5c(-c5ccc(CC(CC)CCCC)s5)c4s3)sc(C)c2c1F,CCCCCCc1cc(C2(c3ccc(CCCCCC)s3)c3cc4c(cc3-c3sc5cc(/C=C6\C(=O)c7ccccc7C6=C(C#N)C#N)sc5c32)C(c2ccc(CCCCCC)s2)(c2ccc(CCCCCC)s2)c2c-4sc3cc(/C=C4\C(=O)c5ccccc5C4=C(C#N)C#N)sc23)cs1,0.8,14.59,69.5,8.25,-5.2,-3.59,-5.66,-3.93,,,2019,10.1002/advs.201901773,"OPV-DB (Qiu, J., Zenodo, 2026, doi:10.5281/zenodo.20841543)"
PBDD-CH,ITIC,CCCCC(CC)Cc1ccc(-c2c3cc(-c4sc(-c5sc(-c6cc(C7CCCCC7)c(C)s6)c6c5C(=O)c5c(CC(CC)CCCC)sc(CC(CC)CCCC)c5C6=O)cc4C4CCCCC4)sc3c(-c3ccc(CC(CC)CCCC)s3)c3cc(C)sc23)s1,CCCCCCc1ccc(C2(c3ccc(CCCCCC)cc3)c3cc4c(cc3-c3sc5cc(/C=C6\C(=O)c7ccccc7C6=C(C#N)C#N)sc5c32)C(c2ccc(CCCCCC)cc2)(c2ccc(CCCCCC)cc2)c2c-4sc3cc(/C=C4\C(=O)c5ccccc5C4=C(C#N)C#N)sc23)cc1,0.95,13.64,60.2,8.21,-5.52,-3.67,-5.61,-4.02,,,2019,10.1039/c9tc02663k,"OPV-DB (Qiu, J., Zenodo, 2026, doi:10.5281/zenodo.20841543)"
PTB7-Th,ITVfIC,CCCCC(CC)COC(=O)c1sc2csc(-c3cc4c(-c5ccc(CC(CC)CCCC)s5)c5sccc5c(-c5ccc(CC(CC)CCCC)s5)c4s3)c2c1F,CCCCCCc1ccc(C2(c3ccc(CCCCCC)cc3)c3cc4c(cc3-c3sc5cc(/C=C/C=C6/C(=O)c7cc(F)ccc7C6=C(C#N)C#N)sc5c32)C(c2ccc(CCCCCC)cc2)(c2ccc(CCCCCC)cc2)c2c-4sc3cc(/C=C/C=C4/C(=O)c5cc(F)ccc5C4=C(C#N)C#N)sc23)cc1,0.742,17.54,63.11,8.21,-5.29,-3.72,-5.56,-4.01,,,2019,10.1039/c9ta00907h,"OPV-DB (Qiu, J., Zenodo, 2026, doi:10.5281/zenodo.20841543)"
dFT-HTAZ,PCBM,CCCCCCC(CCCC)CCc1c2cc(-c3sc(-c4ccc(-c5scc(F)c5F)c5nn(CC(CCCC)CCCCCC)nc45)c(F)c3F)sc2c(CCC(CCCC)CCCCCC)c2ccsc12,COC(=O)CCCC1(c2ccccc2)C23c4c5c6c7c8c9c(c%10c%11c2c2c%12c4c4c%13c5c5c7c7c8c8c%14c9c%10c9c%10c%11c2c2c%11c%12c4c4c%12c%13c5c5c7c7c8c8c%14c9c9c%10c2c2c%11c4c4c%12c5c7c5c8c9c2c45)C613,0.99,9.74,61.9,6.41,-5.78,-3.77,-6.1,-3.7,,,2019,10.1021/acs.macromol.9b01168,"OPV-DB (Qiu, J., Zenodo, 2026, doi:10.5281/zenodo.20841543)"
PBDT-TPD,P(NDI2HD-T),CCCCC(CC)Cc1ccc(-c2c3cc(-c4scc5c4C(=O)N(CC(CC)CCCC)C5=O)sc3c(-c3ccc(CC(CC)CCCC)s3)c3ccsc23)s1,CCCCCCCCC(CCCCCC)CN1C(=O)c2ccc3c4c(c(-c5cccs5)cc(c24)C1=O)C(=O)N(CC(CCCCCC)CCCCCCCC)C3=O,1.04,11.48,53.69,6.41,-5.84,-3.76,-5.64,-3.82,,,2019,10.1021/acsami.9b15936,"OPV-DB (Qiu, J., Zenodo, 2026, doi:10.5281/zenodo.20841543)"
T2-BTDF-(TE2),IT-4F,CCCCCCCCCCCCC(CCCCCCCCCC)COC(=O)c1cc(-c2cc(C(=O)OCC(CCCCCCCCCC)CCCCCCCCCCCC)c(-c3ccc(-c4c(F)c(F)c(C)c5nsnc45)s3)s2)sc1-c1ccc(C)s1,CCCCCCc1ccc(C2(c3ccc(CCCCCC)cc3)c3cc4c(cc3-c3sc5cc(/C=C6\C(=O)c7cc(F)c(F)cc7C6=C(C#N)C#N)sc5c32)C(c2ccc(CCCCCC)cc2)(c2ccc(CCCCCC)cc2)c2c-4sc3cc(/C=C4\C(=O)c5cc(F)c(F)cc5C4=C(C#N)C#N)sc23)cc1,0.8,6.7,68.0,3.61,-5.66,-3.6,-5.96,-4.42,,,2019,10.1021/acs.chemmater.9b03327,"OPV-DB (Qiu, J., Zenodo, 2026, doi:10.5281/zenodo.20841543)"
P3,IT-M,CCCCCCC(CCCC)CCc1c2cc(-c3ccc(-c4c(OCCOCCOCCOC)c(OCCOCCOCCOC)c(-c5ccc(C)s5)c5nn(CC(CCCC)CCCCCC)nc45)s3)sc2c(CCC(CCCC)CCCCCC)c2cc(C)sc12,CCCCCCc1ccc(C2(c3ccc(CCCCCC)cc3)c3cc4c(cc3-c3sc5cc(/C=C6\C(=O)c7ccc(C)cc7C6=C(C#N)C#N)sc5c32)C(c2ccc(CCCCCC)cc2)(c2ccc(CCCCCC)cc2)c2c-4sc3cc(/C=C4\C(=O)c5ccc(C)cc5C4=C(C#N)C#N)sc23)cc1,0.709,11.58,43.4,3.57,-5.28,-3.22,-5.58,-3.98,,,2019,10.1021/acsapm.9b00044,"OPV-DB (Qiu, J., Zenodo, 2026, doi:10.5281/zenodo.20841543)"
PTB7-Th,COi6-2Cl-δ,CCCCC(CC)COC(=O)c1sc2c(-c3cc4c(-c5ccc(CC(CC)CCCC)s5)c5sc(C)cc5c(-c5ccc(CC(CC)CCCC)s5)c4s3)sc(C)c2c1F,CCCCCCc1ccc(C2(c3ccc(CCCCCC)cc3)Oc3c(sc4c5c(sc34)-c3sc(/C=C4\C(=O)c6ccc(Cl)cc6C4=C(C#N)C#N)cc3C(c3ccc(CCCCCC)cc3)(c3ccc(CCCCCC)cc3)O5)-c3sc(/C=C4\C(=O)c5ccc(Cl)cc5C4=C(C#N)C#N)cc32)cc1,0.67,20.29,59.9,8.41,-5.27,-3.48,-5.46,-4.02,,,2019,10.1039/c9qm00327d,"OPV-DB (Qiu, J., Zenodo, 2026, doi:10.5281/zenodo.20841543)"
PBDTBPS-BDD,PC71BM,CCCCCCCCC(CCCCCC)CSc1ccc(-c2ccc(-c3c4cc(-c5ccc(-c6sc(-c7cccs7)c7c6C(=O)c6c(CC(CC)CCCC)sc(CC(CC)CCCC)c6C7=O)s5)sc4c(-c4ccc(-c5ccc(SCC(CCCCCC)CCCCCCCC)cc5)cc4)c4ccsc34)cc2)cc1,COC(=O)CCCC1(c2ccccc2)C23c4c5ccc6c7cc8c9c%10c(cc%11cc%12c%13c%14c(cc%15c%16ccc-5c2c%16c2c5c%16c%17c(c(c46)c7c9c%17c4c%10c%11c%13c4c%16c%14c%152)C513)C%12)C8,0.88,13.86,68.81,8.4,-5.3,-3.47,-5.9,-3.9,,,2019,10.1039/c9tc01082c,"OPV-DB (Qiu, J., Zenodo, 2026, doi:10.5281/zenodo.20841543)"
PBDT-TTz,N2200,CCCCC(CC)COc1c2cc(-c3sc(-c4nnc(-c5cc(CC(CC)CCCC)cs5)nn4)cc3CC(CC)CCCC)sc2c(OCC(CC)CCCC)c2ccsc12,CCCCCCCCCCC(CCCCCCCC)CN1C(=O)c2ccc3c4c(c(-c5ccc(-c6cccs6)s5)cc(c24)C1=O)C(=O)N(CC(CCCCCCCC)CCCCCCCCCC)C3=O,0.87,14.4,67.0,8.4,-5.42,-3.58,-5.71,-4.02,,,2019,10.1021/acs.chemmater.9b03570,"OPV-DB (Qiu, J., Zenodo, 2026, doi:10.5281/zenodo.20841543)"
PCE10,ITIC,CCCCC(CC)COC(=O)c1sc2c(-c3cc4c(-c5ccc(CC(CC)CCCC)s5)c5sccc5c(-c5ccc(CC(CC)CCCC)s5)c4s3)scc2c1F,CCCCCCc1ccc(C2(c3ccc(CCCCCC)cc3)c3cc4c(cc3-c3sc5cc(/C=C6\C(=O)c7ccccc7C6=C(C#N)C#N)sc5c32)C(c2ccc(CCCCCC)cc2)(c2ccc(CCCCCC)cc2)c2c-4sc3cc(/C=C4\C(=O)c5ccccc5C4=C(C#N)C#N)sc23)cc1,0.82,15.89,63.0,8.4,-5.85,-3.71,-6.06,-4.05,,,2019,10.1021/acsaem.9b01176,"OPV-DB (Qiu, J., Zenodo, 2026, doi:10.5281/zenodo.20841543)"
PTB7-Th,IEICO,CCCCC(CC)COC(=O)c1sc2csc(-c3cc4c(-c5ccc(CC(CC)CCCC)s5)c5sccc5c(-c5ccc(CC(CC)CCCC)s5)c4s3)c2c1F,CCCCCCc1ccc(C2(c3ccc(CCCCCC)cc3)c3cc4c(cc3-c3sc(-c5sc(/C=C6\C(=O)c7ccccc7C6=C(C#N)C#N)cc5OCC(CC)CCCC)cc32)C(c2ccc(CCCCCC)cc2)(c2ccc(CCCCCC)cc2)c2cc(-c3sc(/C=C5\C(=O)c6ccccc6C5=C(C#N)C#N)cc3OCC(CC)CCCC)sc2-4)cc1,0.81,15.4,66.0,8.4,-5.29,-3.72,-5.32,-3.95,,,2019,10.1039/c9ta00907h,"OPV-DB (Qiu, J., Zenodo, 2026, doi:10.5281/zenodo.20841543)"
PNT2Th2Se-DT,PC71BM,CCCCCCCCCCCCC(CCCCCCCCCC)Cc1csc(-c2cc3c(cc(-c4cc(CC(CCCCCCCCCC)CCCCCCCCCCCC)c(-c5ccc(-c6ccc[se]6)[se]5)s4)c4nsnc43)c3nsnc23)c1,COC(=O)CCCC1(c2ccccc2)C23c4c5ccc6c7cc8c9c%10c(cc%11cc%12c%13c%14c(cc%15c%16ccc-5c2c%16c2c5c%16c%17c(c(c46)c7c9c%17c4c%10c%11c%13c4c%16c%14c%152)C513)C%12)C8,0.66,19.09,66.17,8.33,-5.39,-3.83,-6.0,-3.9,,,2019,10.1021/acsami.9b00083,"OPV-DB (Qiu, J., Zenodo, 2026, doi:10.5281/zenodo.20841543)"
PTQ7,Y6,CCCCCCCCC(CCCCCC)COc1cnc2c(-c3cccs3)cccc2n1,CCCCCCCCCCCc1c(/C=C2\C(=O)c3cc(F)c(F)cc3C2=C(C#N)C#N)sc2c1sc1c3c4nsnc4c4c5sc6c(CCCCCCCCCCC)c(/C=C7\C(=O)c8cc(F)c(F)cc8C7=C(C#N)C#N)sc6c5n(CC(CC)CCCC)c4c3n(CC(CC)CCCC)c21,0.83,17.0,58.1,8.1,-5.38,-2.82,-5.66,-4.08,,,2019,10.1002/adma.201905480,"OPV-DB (Qiu, J., Zenodo, 2026, doi:10.5281/zenodo.20841543)"
PDCBT-F,ITIC-Th1,CCCCCCCCC(CCCCCC)COC(=O)c1csc(-c2cc(C(=O)OCC(CCCCCC)CCCCCCCC)c(-c3cc(F)c(-c4cccs4)s3)s2)c1,CCCCCCc1ccc(C2(c3ccc(CCCCCC)s3)c3cc4c(cc3-c3sc5cc(C=C6C(=O)c7cc(F)ccc7C6=C(C#N)C#N)sc5c32)C(c2ccc(CCCCCC)s2)(c2ccc(CCCCCC)s2)c2c-4sc3cc(C=C4C(=O)c5cc(F)ccc5C4=C(C#N)C#N)sc23)s1,0.95,13.96,60.1,8.06,-5.32,-2.98,-5.74,-4.01,,,2019,10.1021/acs.macromol.9b00793,"OPV-DB (Qiu, J., Zenodo, 2026, doi:10.5281/zenodo.20841543)"
PffBT4T-2OD,IDTBR,CCCCCCCCCCC(CCCCCCCC)Cc1csc(-c2c(F)c(F)c(-c3cc(CC(CCCCCCCC)CCCCCCCCCC)c(-c4ccc(-c5cccs5)s4)s3)c3nsnc23)c1,CCN1C(=O)/C(=C/c2ccc(-c3cc4c(s3)-c3cc5c(cc3C4(CC)CC)-c3sc(-c4ccc(/C=C6\SC(=S)N(CC)C6=O)c6nsnc46)cc3C5(CC)CC)c3nsnc23)SC1=S,1.06,12.6,61.0,8.0,-5.32,-3.7,-5.63,-3.8,,,2019,10.1002/aenm.201902430,"OPV-DB (Qiu, J., Zenodo, 2026, doi:10.5281/zenodo.20841543)"
PBDB-T,BTTPC-Br,CCCCC(CC)Cc1ccc(-c2c3cc(-c4ccc(-c5sc(-c6cccs6)c6c5C(=O)c5c(CC(CC)CCCC)sc(CC(CC)CCCC)c5C6=O)s4)sc3c(-c3ccc(CC(CC)CCCC)s3)c3ccsc23)s1,CCc1c(/C=C2\C(=O)c3cc4cc(Br)sc4cc3C2=C(C#N)C#N)sc2c1sc1c3c4nsnc4c4c5sc6c(CC)c(/C=C7\C(=O)c8cc9cc(Br)sc9cc8C7=C(C#N)C#N)sc6c5n(CC)c4c3n(CC)c21,0.86,24.71,71.0,15.22,-5.33,-3.48,-5.54,-3.88,,,2019,10.1039/c9ta11285e,"OPV-DB (Qiu, J., Zenodo, 2026, doi:10.5281/zenodo.20841543)"
PBDB-T-SF,Y6,CCCCC(CC)CSc1sc(-c2c3cc(-c4ccc(-c5sc(-c6ccc(C)s6)c6c5C(=O)c5c(CC(CC)CCCC)sc(CC(CC)CCCC)c5C6=O)s4)sc3c(-c3cc(F)c(SCC(CC)CCCC)s3)c3cc(C)sc23)cc1F,CCCCCCCCCCCc1c(/C=C2\C(=O)c3cc(F)c(F)cc3C2=C(C#N)C#N)sc2c1sc1c3c4nsnc4c4c5sc6c(CCCCCCCCCCC)c(/C=C7\C(=O)c8cc(F)c(F)cc8C7=C(C#N)C#N)sc6c5n(CC(CC)CCCC)c4c3n(CC(CC)CCCC)c21,0.864,24.68,71.2,15.18,-5.57,-3.67,-5.62,-4.11,,,2019,10.1039/c9mh00844f,"OPV-DB (Qiu, J., Zenodo, 2026, doi:10.5281/zenodo.20841543)"
PBDB-T-SF,Y6,CCCCC(CC)CSc1sc(-c2c3cc(-c4ccc(-c5sc(-c6cccs6)c6c5C(=O)c5c(CC(CC)CCCC)sc(CC(CC)CCCC)c5C6=O)s4)sc3c(-c3cc(F)c(SCC(CC)CCCC)s3)c3ccsc23)cc1F,CCCCCCCCCCCc1c(/C=C2\C(=O)c3cc(F)c(F)cc3C2=C(C#N)C#N)sc2c1sc1c3c4nsnc4c4c5sc6c(CCCCCCCCCCC)c(/C=C7\C(=O)c8cc(F)c(F)cc8C7=C(C#N)C#N)sc6c5n(CC(CC)CCCC)c4c3n(CC(CC)CCCC)c21,0.862,24.68,71.19,15.15,-5.41,-3.62,-5.65,-4.09,,,2019,10.1039/c9ta13293g,"OPV-DB (Qiu, J., Zenodo, 2026, doi:10.5281/zenodo.20841543)"
PCT-EHp,Y6,CCCCCCCCN1C(=O)c2c(c(-c3ccc(-c4cc5c(-c6cc(Cl)c(CC(CC)CCCC)s6)c6sc(C)cc6c(-c6cc(Cl)c(CC(CC)CCCC)s6)c5s4)s3)c3nn(CCC(CC)CCCC)nc3c2-c2ccc(C)s2)C1=O,CCCCCCCCCCCc1c(/C=C2\C(=O)c3cc(F)c(F)cc3C2=C(C#N)C#N)sc2c1sc1c3c4nsnc4c4c5sc6c(CCCCCCCCCCC)c(/C=C7\C(=O)c8cc(F)c(F)cc8C7=C(C#N)C#N)sc6c5n(CC(CC)CCCC)c4c3n(CC(CC)CCCC)c21,0.79,25.7,72.7,15.06,-5.46,-3.13,-5.68,-4.06,,,2019,10.1021/acsenergylett.9b01447,"OPV-DB (Qiu, J., Zenodo, 2026, doi:10.5281/zenodo.20841543)"
PTzTIBDTT-S,PC71BM,CCCCCCCCCCCCc1cc(-c2cc3c(-c4ccc(SCC(CC)CCCC)s4)c4sccc4c(-c4ccc(SCC(CC)CCCC)s4)c3s2)sc1-c1cc2c(=O)n(CC(CCCCCC)CCCCCCCC)c(=O)c3nc(-c4sccc4CCCCCCCCCCCC)sc3c2s1,COC(=O)CCCC1(c2ccccc2)C23c4c5ccc6c7cc8c9c%10c(cc%11cc%12c%13c%14c(cc%15c%16ccc-5c2c%16c2c5c%16c%17c(c(c46)c7c9c%17c4c%10c%11c%13c4c%16c%14c%152)C513)C%12)C8,0.81,9.98,45.87,3.69,-5.69,-3.78,-5.9,-3.9,,,2019,10.1039/c9tc03301g,"OPV-DB (Qiu, J., Zenodo, 2026, doi:10.5281/zenodo.20841543)"
PCE10,BTDT2R,CCCCC(CC)COC(=O)c1sc2c(-c3cc4c(-c5ccc(CC(CC)CCCC)s5)c5sccc5c(-c5ccc(CC(CC)CCCC)s5)c4s3)scc2c1F,CCCCCCOc1c(OCCCCCC)c(-c2ccc(/C=C3\SC(=S)N(CC)C3=O)s2)c2nsnc2c1-c1ccc(/C=C2\SC(=S)N(CC)C2=O)s1,1.06,13.52,57.0,8.19,-5.34,-3.74,-5.61,-3.8,,,2019,10.1021/acsami.9b09256,"OPV-DB (Qiu, J., Zenodo, 2026, doi:10.5281/zenodo.20841543)"
TP,ITIC,CCCCCCCCCCC(CCCCCCCC)CN1C(=O)c2c(c(-c3cc4sc(-c5cc6c(-c7ccc(CC(CC)CCCC)s7)c7sc(-c8sc(C)c9c(F)c(C(=O)OCC(CC)CCCC)sc89)cc7c(-c7ccc(CC(CC)CCCC)s7)c6s5)cc4s3)n(CCCCCCCC)c2-c2cc3sc(-c4cc5c(-c6ccc(CC(CC)CCCC)s6)c6sc(C)cc6c(-c6ccc(CC(CC)CCCC)s6)c5s4)cc3s2)C1=O,CCCCCCc1ccc(C2(c3ccc(CCCCCC)cc3)c3cc4c(cc3-c3sc5cc(/C=C6\C(=O)c7ccccc7C6=C(C#N)C#N)sc5c32)C(c2ccc(CCCCCC)cc2)(c2ccc(CCCCCC)cc2)c2c-4sc3cc(/C=C4\C(=O)c5ccccc5C4=C(C#N)C#N)sc23)cc1,0.89,15.31,60.0,8.18,-5.31,-3.66,-5.48,-3.83,,,2019,10.1021/acsaem.9b00520,"OPV-DB (Qiu, J., Zenodo, 2026, doi:10.5281/zenodo.20841543)"
PBDT-PhI,IT-4F,CCCCC(CC)Cc1ccc(-c2c3cc(-c4ccc(-c5ccc(-c6cccs6)c6c5C(=O)N(CC(CC)CCCC)C6=O)s4)sc3c(-c3ccc(CC(CC)CCCC)s3)c3ccsc23)s1,CCCCCCc1ccc(C2(c3ccc(CCCCCC)cc3)c3cc4c(cc3-c3sc5cc(/C=C6\C(=O)c7cc(F)c(F)cc7C6=C(C#N)C#N)sc5c32)C(c2ccc(CCCCCC)cc2)(c2ccc(CCCCCC)cc2)c2c-4sc3cc(/C=C4\C(=O)c5cc(F)c(F)cc5C4=C(C#N)C#N)sc23)cc1,0.86,15.98,59.69,8.18,-5.5,-2.74,-5.66,-4.14,,,2019,10.1039/c9tc01932d,"OPV-DB (Qiu, J., Zenodo, 2026, doi:10.5281/zenodo.20841543)"
PBDB-Ph,ITCPTC,CCCCCCCCC(CCCCCC)CSc1ccc(-c2c3cc(-c4ccc(-c5sc(-c6cccs6)c6c5C(=O)c5c(CC(CC)CCCC)sc(CC(CC)CCCC)c5C6=O)s4)sc3c(-c3ccc(SCC(CCCCCC)CCCCCCCC)cc3)c3ccsc23)cc1,CCCCCCc1ccc(C2(c3ccc(CCCCCC)cc3)c3cc4c(cc3-c3sc5cc(/C=C6\C(=O)c7cscc7C6=C(C#N)C#N)sc5c32)C(c2ccc(CCCCCC)cc2)(c2ccc(CCCCCC)cc2)c2c-4sc3cc(/C=C4\C(=O)c5cscc5C4=C(C#N)C#N)sc23)cc1,0.92,11.8,66.63,8.17,-5.42,-3.58,-5.62,-3.96,,,2019,10.1021/acsami.9b23499,"OPV-DB (Qiu, J., Zenodo, 2026, doi:10.5281/zenodo.20841543)"
J76,PC71BM,CCCCCCCCC(CCCCCC)Cn1nc2c(-c3ccc[se]3)c(F)c(F)c(-c3ccc(-c4cc5c(-c6ccc([Si](CCC)(CCC)CCC)s6)c6sccc6c(-c6ccc([Si](CCC)(CCC)CCC)s6)c5s4)[se]3)c2n1,COC(=O)CCCC1(c2ccccc2)C23c4c5ccc6c7cc8c9c%10c(cc%11cc%12c%13c%14c(cc%15c%16ccc-5c2c%16c2c5c%16c%17c(c(c46)c7c9c%17c4c%10c%11c%13c4c%16c%14c%152)C513)C%12)C8,0.9,12.74,73.04,8.14,-5.41,-3.66,-5.9,-3.9,,,2019,10.1021/acs.macromol.9b00484,"OPV-DB (Qiu, J., Zenodo, 2026, doi:10.5281/zenodo.20841543)"
PDCBT,ITIC-Th1,CCCCCCCCC(CCCCCC)COC(=O)c1csc(-c2cc(C(=O)OCC(CCCCCC)CCCCCCCC)c(-c3ccc(-c4cccs4)s3)s2)c1,CCCCCCc1ccc(C2(c3ccc(CCCCCC)s3)c3cc4c(cc3-c3sc5cc(C=C6C(=O)c7cc(F)ccc7C6=C(C#N)C#N)sc5c32)C(c2ccc(CCCCCC)s2)(c2ccc(CCCCCC)s2)c2c-4sc3cc(C=C4C(=O)c5cc(F)ccc5C4=C(C#N)C#N)sc23)s1,0.89,16.6,55.2,8.14,-5.31,-3.0,-5.74,-4.01,,,2019,10.1021/acs.macromol.9b00793,"OPV-DB (Qiu, J., Zenodo, 2026, doi:10.5281/zenodo.20841543)"
PBDB-T,IDT-TiFIC,CCCCC(CC)Cc1ccc(-c2c3cc(-c4ccc(-c5sc(-c6cccs6)c6c5C(=O)c5c(CC(CC)CCCC)sc(CC(CC)CCCC)c5C6=O)s4)sc3c(-c3ccc(CC(CC)CCCC)s3)c3ccsc23)s1,CCCCCCc1ccc(C2(c3ccc(CCCCCC)cc3)c3cc4c(cc3-c3sc(-c5sc(/C=C6\C(=O)c7cc(F)c(F)cc7C6=C(C#N)C#N)cc5-c5ccc(CCCCCC)s5)cc32)C(c2ccc(CCCCCC)cc2)(c2ccc(CCCCCC)cc2)c2cc(-c3sc(/C=C5\C(=O)c6cc(F)c(F)cc6C5=C(C#N)C#N)cc3-c3ccc(CCCCCC)s3)sc2-4)cc1,0.88,16.05,59.0,8.13,-5.33,-2.92,-5.57,-4.05,,,2019,10.1021/acsami.9b02964,"OPV-DB (Qiu, J., Zenodo, 2026, doi:10.5281/zenodo.20841543)"
PNT2Se2Th-DT,PC71BM,CCCCCCCCCCCCC(CCCCCCCCCC)Cc1c[se]c(-c2cc3c(cc(-c4cc(CC(CCCCCCCCCC)CCCCCCCCCCCC)c(-c5ccc(-c6cccs6)s5)[se]4)c4nsnc43)c3nsnc23)c1,COC(=O)CCCC1(c2ccccc2)C23c4c5ccc6c7cc8c9c%10c(cc%11cc%12c%13c%14c(cc%15c%16ccc-5c2c%16c2c5c%16c%17c(c(c46)c7c9c%17c4c%10c%11c%13c4c%16c%14c%152)C513)C%12)C8,0.67,17.61,69.14,8.11,-5.33,-3.84,-6.0,-3.9,,,2019,10.1021/acsami.9b00083,"OPV-DB (Qiu, J., Zenodo, 2026, doi:10.5281/zenodo.20841543)"
PBDB-TF,IT-4F,CCCCC(CC)Cc1sc(-c2c3cc(-c4ccc(-c5sc(-c6cccs6)c6c5C(=O)c5c(CC(CC)CCCC)sc(CC(CC)CCCC)c5C6=O)s4)sc3c(-c3cc(F)c(CC(CC)CCCC)s3)c3ccsc23)cc1F,CCCCCCc1ccc(C2(c3ccc(CCCCCC)cc3)c3cc4c(cc3-c3sc5cc(/C=C6\C(=O)c7cc(F)c(F)cc7C6=C(C#N)C#N)sc5c32)C(c2ccc(CCCCCC)cc2)(c2ccc(CCCCCC)cc2)c2c-4sc3cc(/C=C4\C(=O)c5cc(F)c(F)cc5C4=C(C#N)C#N)sc23)cc1,0.83,25.2,68.5,14.8,-5.5,-3.5,-5.56,-4.11,,,2019,10.1002/adma.201904215,"OPV-DB (Qiu, J., Zenodo, 2026, doi:10.5281/zenodo.20841543)"
PBDFF-FBz,m-ITIC,CCCCCCCCC(CCCCCC)Cn1nc2c(-c3ccco3)c(F)c(F)c(-c3ccc(-c4cc5c(-c6ccc(CC(CC)CCCC)o6)c6occc6c(-c6ccc(CC(CC)CCCC)o6)c5o4)o3)c2n1,CCCCCCc1cccc(C2(c3cccc(CCCCCC)c3)c3cc4c(cc3-c3sc5cc(C=C6C(=O)c7ccccc7C6=C(C#N)C#N)sc5c32)C(c2cccc(CCCCCC)c2)(c2cccc(CCCCCC)c2)c2c-4sc3cc(C=C4C(=O)c5ccccc5C4=C(C#N)C#N)sc23)c1,0.829,14.43,69.42,8.79,-5.46,-3.32,-5.527,-3.854,,,2019,10.1002/marc.201900227,"OPV-DB (Qiu, J., Zenodo, 2026, doi:10.5281/zenodo.20841543)"
PBDB-T,BN-2fT,CCCCC(CC)Cc1ccc(-c2c3cc(-c4ccc(-c5sc(-c6cccs6)c6c5C(=O)c5c(CC(CC)CCCC)sc(CC(CC)CCCC)c5C6=O)s4)sc3c(-c3ccc(CC(CC)CCCC)s3)c3ccsc23)s1,CCCCCCCCCCCCc1csc(-c2cnc(-c3sc(-c4scc(F)c4F)c(CCCCCCCCCCCC)c3B(c3ccccc3)c3ccccc3)cn2)c1B(c1ccccc1)c1ccccc1,0.926,13.012,69.8,8.776,-5.33,-3.48,-5.71,-3.77,,,2019,10.1002/adma.201904585,"OPV-DB (Qiu, J., Zenodo, 2026, doi:10.5281/zenodo.20841543)"
TP,IEICO-4F,CCCCCCCCCCC(CCCCCCCC)CN1C(=O)c2c(c(-c3cc4sc(-c5cc6c(-c7ccc(CC(CC)CCCC)s7)c7sc(-c8sc(C)c9c(F)c(C(=O)OCC(CC)CCCC)sc89)cc7c(-c7ccc(CC(CC)CCCC)s7)c6s5)cc4s3)n(CCCCCCCC)c2-c2cc3sc(-c4cc5c(-c6ccc(CC(CC)CCCC)s6)c6sc(C)cc6c(-c6ccc(CC(CC)CCCC)s6)c5s4)cc3s2)C1=O,CCCCCCc1ccc(C2(c3ccc(CCCCCC)cc3)c3cc4c(cc3-c3sc(-c5sc(/C=C6\C(=O)c7cc(F)c(F)cc7C6=C(C#N)C#N)cc5OCC(CC)CCCC)cc32)C(c2ccc(CCCCCC)cc2)(c2ccc(CCCCCC)cc2)c2cc(-c3sc(/C=C5\C(=O)c6cc(F)c(F)cc6C5=C(C#N)C#N)cc3OCC(CC)CCCC)sc2-4)cc1,0.74,21.44,55.0,8.73,-5.31,-3.66,-5.44,-4.19,,,2019,10.1021/acsaem.9b00520,"OPV-DB (Qiu, J., Zenodo, 2026, doi:10.5281/zenodo.20841543)"
PTB7-Th,ITIC,CCCCC(CC)COC(=O)c1sc2c(-c3cc4c(-c5ccc(CC(CC)CCCC)s5)c5sc(C)cc5c(-c5ccc(CC(CC)CCCC)s5)c4s3)sc(C)c2c1F,CCCCCCc1ccc(C2(c3ccc(CCCCCC)cc3)c3cc4c(cc3-c3sc5cc(/C=C6\C(=O)c7ccccc7C6=C(C#N)C#N)sc5c32)C(c2ccc(CCCCCC)cc2)(c2ccc(CCCCCC)cc2)c2c-4sc3cc(/C=C4\C(=O)c5ccccc5C4=C(C#N)C#N)sc23)cc1,0.81,15.93,67.0,8.73,-5.22,-3.64,-5.6,-4.0,,,2019,10.1021/acsami.9b03298,"OPV-DB (Qiu, J., Zenodo, 2026, doi:10.5281/zenodo.20841543)"
PBDT-TPD,ITIC-4F,CCCCC(CC)Cc1ccc(-c2c3cc(-c4scc5c4C(=O)N(CC(CC)CCCC)C5=O)sc3c(-c3ccc(CC(CC)CCCC)s3)c3ccsc23)s1,CCCCCCc1ccc(C2(c3ccc(CCCCCC)cc3)c3cc4c(cc3-c3sc5cc(/C=C6/C(=O)c7cc(F)c(F)cc7C6=C(C#N)C#N)sc5c32)C(c2ccc(CCCCCC)cc2)(c2ccc(CCCCCC)cc2)c2c-4sc3cc(/C=C4/C(=O)c5cc(F)c(F)cc5C4=C(C#N)C#N)sc23)cc1,0.77,18.17,62.15,8.7,-5.7,-3.7,-5.82,-4.24,,,2019,10.1002/cjoc.201900554,"OPV-DB (Qiu, J., Zenodo, 2026, doi:10.5281/zenodo.20841543)"
PCE-10,O-IDTBR,CCCCC(CC)COC(=O)c1sc2c(-c3cc4c(-c5ccc(CC(CC)CCCC)s5)c5sccc5c(-c5ccc(CC(CC)CCCC)s5)c4s3)scc2c1F,CCCCCCCCC1(CCCCCCCC)c2cc3c(cc2-c2sc(-c4ccc(/C=C5\SC(=S)N(CC)C5=O)c5nsnc45)cc21)C(CCCCCCCC)(CCCCCCCC)c1cc(-c2ccc(/C=C4\SC(=S)N(CC)C4=O)c4nsnc24)sc1-3,1.02,14.2,56.0,8.7,-5.21,-3.6,-5.52,-3.89,,,2019,10.1002/aenm.201903800,"OPV-DB (Qiu, J., Zenodo, 2026, doi:10.5281/zenodo.20841543)"
DR3TBDTT,IDIC,CCc1ccc(-c2c3cc(-c4cc(CC)c(-c5ccc(-c6sc(/C=C7/SC(=S)N(CC)C7=O)cc6CC)s5)s4)sc3c(-c3ccc(CC)s3)c3cc(-c4cc(CC)c(-c5ccc(-c6sc(/C=C7/SC(=S)N(CC)C7=O)cc6CC)s5)s4)sc23)s1,CCCCCCC1(CCCCCC)c2cc3c(cc2-c2sc(/C=C4\C(=O)c5ccccc5C4=C(C#N)C#N)cc21)C(CCCCCC)(CCCCCC)c1cc(/C=C2\C(=O)c4ccccc4C2=C(C#N)C#N)sc1-3,0.87,15.2,64.0,8.7,-5.02,-3.27,-5.69,-3.91,,,2019,10.1002/solr.201900528,"OPV-DB (Qiu, J., Zenodo, 2026, doi:10.5281/zenodo.20841543)"
PTB7-Th,PTTTbPDI,CCCCC(CC)COC(=O)c1sc2csc(-c3cc4c(-c5ccc(CC(CC)CCCC)s5)c5sccc5c(-c5ccc(CC(CC)CCCC)s5)c4s3)c2c1F,CCCCCC(CCCCC)N1C(=O)c2ccc3c4ccc5c6c(cc(-c7cc8c9c(cc(-c%10ccc(-c%11ccc(-c%12cccs%12)s%11)s%10)c%10c%11ccc%12c%13c(ccc(c7c9%10)c%13%11)C(=O)N(C(CCCCC)CCCCC)C%12=O)C(=O)N(C(CCCCC)CCCCC)C8=O)c(c7ccc(c2c37)C1=O)c64)C(=O)N(C(CCCCC)CCCCC)C5=O,0.73,8.6,52.0,3.39,-5.29,-3.72,-5.68,-4.23,,,2019,10.1016/j.solmat.2019.03.044,"OPV-DB (Qiu, J., Zenodo, 2026, doi:10.5281/zenodo.20841543)"
PTPTI-T-BDD,PC71BM,CCCCCCCCCCC(CCCCCCCC)Cn1c(=O)c2cc3c(cc2c2sccc21)c(=O)n(CC(CCCCCCCC)CCCCCCCCCC)c1cc(-c2ccc(-c4sc(-c5cccs5)c5c4C(=O)c4c(CC(CC)CCCC)sc(CC(CC)CCCC)c4C5=O)s2)sc31,COC(=O)CCCC1(c2ccccc2)C23c4c5ccc6c7cc8c9c%10c(cc%11cc%12c%13c%14c(cc%15c%16ccc-5c2c%16c2c5c%16c%17c(c(c46)c7c9c%17c4c%10c%11c%13c4c%16c%14c%152)C513)C%12)C8,0.88,9.35,42.5,3.38,-5.55,-3.85,-6.1,-4.2,,,2019,10.1016/j.polymer.2019.121850,"OPV-DB (Qiu, J., Zenodo, 2026, doi:10.5281/zenodo.20841543)"
PBDB-T,IEICO,CCCCC(CC)Cc1ccc(-c2c3cc(-c4ccc(-c5sc(-c6cccs6)c6c5C(=O)c5c(CC(CC)CCCC)sc(CC(CC)CCCC)c5C6=O)s4)sc3c(-c3ccc(CC(CC)CCCC)s3)c3ccsc23)s1,CCCCCCc1ccc(C2(c3ccc(CCCCCC)cc3)c3cc4c(cc3-c3sc(-c5sc(/C=C6/C(=O)c7ccccc7C6=C(C#N)C#N)cc5OCC(CC)CCCC)cc32)C(c2ccc(CCCCCC)cc2)(c2ccc(CCCCCC)cc2)c2cc(-c3sc(/C=C5/C(=O)c6ccccc6C5=C(C#N)C#N)cc3OCC(CC)CCCC)sc2-4)cc1,0.894,7.16,52.8,3.38,-5.26,-3.16,-5.31,-3.91,,,2019,10.1021/acsami.9b03499,"OPV-DB (Qiu, J., Zenodo, 2026, doi:10.5281/zenodo.20841543)"
PBDB-TF,8d,CCCCC(CC)Cc1sc(-c2c3cc(-c4ccc(-c5sc(-c6cccs6)c6c5C(=O)c5c(CC(CC)CCCC)sc(CC(CC)CCCC)c5C6=O)s4)sc3c(-c3cc(F)c(CC(CC)CCCC)s3)c3ccsc23)cc1F,O=C(c(c1cc23)cc2c4nc5n6[B-]7(F)[n+]4c3nc(c(cc8c(n9C(CCCCC)CCCCC)=O)c%10cc8c9=O)n7c%10nc6c%11cc(C(N(C%12=O)C(CCCCC)CCCCC)=O)c%12cc5%11)N(C1=O)C(CCCCC)CCCCC,0.96,7.44,47.1,3.37,-5.41,-3.74,-5.86,-3.94,,,2019,10.1021/acs.orglett.9b01130,"OPV-DB (Qiu, J., Zenodo, 2026, doi:10.5281/zenodo.20841543)"
PBDT-TPD-8,PNDI-T-5,C=CCCCCCCCCCN1C(=O)c2c(-c3cc4c(-c5ccc(CC(CC)CCCC)s5)c5sccc5c(-c5ccc(CC(CC)CCCC)s5)c4s3)sc(-c3cc4c(-c5ccc(CC(CC)CCCC)s5)c5sc(-c6sc(-c7sc(-c8cc(CCCCCC)cs8)c8c7C(=O)N(CCCCCCCC)C8=O)cc6CCCCCC)cc5c(-c5ccc(CC(CC)CCCC)s5)c4s3)c2C1=O,C=CCCCCCCCCCN1C(=O)c2ccc3c4c(c(-c5ccc(-c6cc7c8c(c(-c9cccs9)cc9c8c6C(=O)N(CC(CCCCCC)CCCCCCCC)C9=O)C(=O)N(CC(CCCCCC)CCCCCCCC)C7=O)s5)cc(c24)C1=O)C(=O)N(CCCCCCCCCC=C)C3=O,0.81,7.6,54.3,3.34,-5.31,-3.47,-5.72,-3.89,,,2019,10.1016/j.solmat.2019.109982,"OPV-DB (Qiu, J., Zenodo, 2026, doi:10.5281/zenodo.20841543)"
P3HT,IDFBR,CCCCCCc1cc(C)sc1C,CCCCC(CC)CC1(CC(CC)CCCC)c2cc(-c3ccc(/C=C4\SC(=S)N(CC)C4=O)c4nsnc34)ccc2-c2cc3c(cc21)-c1ccc(-c2ccc(/C=C4\SC(=S)N(CC)C4=O)c4nsnc24)cc1C3(CC(CC)CCCC)CC(CC)CCCC,0.74,7.7,57.7,3.3,-5.1,-3.2,-5.45,-3.88,,,2019,10.1039/c9ta90222h,"OPV-DB (Qiu, J., Zenodo, 2026, doi:10.5281/zenodo.20841543)"
PTQ10,10a,CCCCCCCCC(CCCCCC)COc1cnc2c(C)c(F)c(F)c(-c3ccc(C)s3)c2n1,FB1N2/C3=N\\C(C4=C/5C=C(C=C(C(N(C(CCCCC)CCCCC)C6=O)=O)C6=C7)C7=C4)=NC5=N/C(N81)=C9C(C=C(C=C(C(N(C(CCCCC)CCCCC)C%10=O)=O)C%10=C%11)C%11=C9)=C8N=C2C%12=C3C=C(C=C(C(N(C(CCCCC)CCCCC)C%13=O)=O)C%13=C%14)C%14=C%12,1.02,8.1,39.8,3.28,-5.54,-2.98,-5.56,-3.83,,,2019,10.1039/c9tc06238f,"OPV-DB (Qiu, J., Zenodo, 2026, doi:10.5281/zenodo.20841543)"
PCT-EHp,Y6,CCCCCCCCN1C(=O)c2c(c(-c3ccc(-c4cc5c(-c6cc(Cl)c(CC(CC)CCCC)s6)c6sccc6c(-c6cc(Cl)c(CC(CC)CCCC)s6)c5s4)s3)c3nn(CC(CC)CCCC)nc3c2-c2cccs2)C1=O,CCCCCCCCCCCc1c(/C=C2\C(=O)c3cc(F)c(F)cc3C2=C(C#N)C#N)sc2c1sc1c3c4nsnc4c4c5sc6c(CCCCCCCCCCC)c(/C=C7\C(=O)c8cc(F)c(F)cc8C7=C(C#N)C#N)sc6c5n(CC(CC)CCCC)c4c3n(CC(CC)CCCC)c21,0.79,25.7,72.7,14.96,-5.46,-3.13,-5.68,-4.06,,,2019,10.1021/acsenergylett.9b01447,"OPV-DB (Qiu, J., Zenodo, 2026, doi:10.5281/zenodo.20841543)"
PPN4T-2F,IT-4F,CCCCCCCCC(CCCCCC)Cc1cc(-c2ccc3c(c2)c(=O)n(CC(CCCCCC)CCCCCCCC)c2cc(-c4cc(CC(CCCCCC)CCCCCCCC)c(-c5cc(F)c(-c6sc(C)cc6F)s5)s4)ccc32)sc1C,CCCCCCc1ccc(C2(c3ccc(CCCCCC)cc3)c3cc4c(cc3-c3sc5cc(/C=C6\C(=O)c7cc(F)c(F)cc7C6=C(C#N)C#N)sc5c32)C(c2ccc(CCCCCC)cc2)(c2ccc(CCCCCC)cc2)c2c-4sc3cc(/C=C4\C(=O)c5cc(F)c(F)cc5C4=C(C#N)C#N)sc23)cc1,0.82,16.15,64.2,8.54,-5.43,-2.42,-5.65,-4.04,,,2019,10.1039/c9qm00622b,"OPV-DB (Qiu, J., Zenodo, 2026, doi:10.5281/zenodo.20841543)"
PBDB-T,m-ITIC,CCCCC(CC)Cc1ccc(-c2c3cc(-c4ccc(-c5sc(-c6cccs6)c6c5C(=O)c5c(CC(CC)CCCC)sc(CC(CC)CCCC)c5C6=O)s4)sc3c(-c3ccc(CC(CC)CCCC)s3)c3ccsc23)s1,CCCCCCc1cccc(C2(c3cccc(CCCCCC)c3)c3cc4c(cc3-c3sc5cc(/C=C6\C(=O)c7ccccc7C6=C(C#N)C#N)sc5c32)C(c2cccc(CCCCCC)c2)(c2cccc(CCCCCC)c2)c2c-4sc3cc(/C=C4\C(=O)c5ccccc5C4=C(C#N)C#N)sc23)c1,0.85,15.09,67.0,8.54,-4.89,-3.09,-5.21,-3.6,,,2019,10.1002/aenm.201900044,"OPV-DB (Qiu, J., Zenodo, 2026, doi:10.5281/zenodo.20841543)"
PM6,Y14,CCCCC(CC)Cc1sc(-c2c3cc(-c4ccc(-c5sc(-c6cccs6)c6c5C(=O)c5c(CC(CC)CCCC)sc(CC(CC)CCCC)c5C6=O)s4)sc3c(-c3cc(F)c(CC(CC)CCCC)s3)c3ccsc23)cc1F,CCCCCCCCCCCc1c(/C=C2\C(=O)c3cc(F)ccc3C2=C(C#N)C#N)sc2c1sc1c3c4nn(CC(CC)CCCC)nc4c4c5sc6c(CCCCCCCCCCC)c(/C=C7\C(=O)c8cc(F)ccc8C7=C(C#N)C#N)sc6c5n(CC(CC)CCCC)c4c3n(CC(CC)CCCC)c21,0.866,16.83,58.24,8.49,-5.56,-3.65,-5.56,-4.01,,,2019,10.1039/c9qm00499h,"OPV-DB (Qiu, J., Zenodo, 2026, doi:10.5281/zenodo.20841543)"
PDCBT-2F,ITIC-Th1,CCCCCCCCCCC(CCCCCCCC)COC(=O)c1ccsc1-c1cc(F)c(-c2sc(-c3sccc3C(=O)OCC(CCCCCCCC)CCCCCCCCCC)cc2F)s1,CCCCCCc1ccc(C2(c3ccc(CCCCCC)s3)c3cc4c(cc3-c3sc5cc(C=C6C(=O)c7cc(F)ccc7C6=C(C#N)C#N)sc5c32)C(c2ccc(CCCCCC)s2)(c2ccc(CCCCCC)s2)c2c-4sc3cc(C=C4C(=O)c5cc(F)ccc5C4=C(C#N)C#N)sc23)s1,0.98,15.32,56.5,8.48,-5.5,-3.36,-5.74,-4.01,,,2019,10.1021/acs.macromol.9b00793,"OPV-DB (Qiu, J., Zenodo, 2026, doi:10.5281/zenodo.20841543)"
HTAZ,ITIC-Th1,CCCCCCC(CCCC)CCc1c2cc(-c3ccc(-c4ccc(-c5cccs5)c5nn(CC(CCCC)CCCCCC)nc45)s3)sc2c(CCC(CCCC)CCCCCC)c2ccsc12,CCCCCCc1ccc(C2(c3ccc(CCCCCC)s3)c3cc4c(cc3-c3sc5cc(C=C6C(=O)c7cc(F)ccc7C6=C(C#N)C#N)sc5c32)C(c2ccc(CCCCCC)s2)(c2ccc(CCCCCC)s2)c2c-4sc3cc(C=C4C(=O)c5cc(F)ccc5C4=C(C#N)C#N)sc23)s1,0.749,11.77,35.8,3.54,-5.42,-3.44,-5.74,-4.01,,,2019,10.1021/acs.macromol.9b01168,"OPV-DB (Qiu, J., Zenodo, 2026, doi:10.5281/zenodo.20841543)"
PBDB-TF,BDTN-Th,CCCCC(CC)Cc1sc(-c2c3cc(-c4ccc(-c5sc(-c6cccs6)c6c5C(=O)c5c(CC(CC)CCCC)sc(CC(CC)CCCC)c5C6=O)s4)sc3c(-c3cc(F)c(CC(CC)CCCC)s3)c3ccsc23)cc1F,CCCCCCCCOc1c2sc3c4sc(/C=C5\C(=O)c6cscc6C5=C(C#N)C#N)cc4n(CC(CCCC)CCCCCC)c3c2c(OCCCCCCCC)c2sc3c4sc(/C=C5\C(=O)c6cscc6C5=C(C#N)C#N)cc4n(CC(CCCC)CCCCCC)c3c12,0.95,8.2,45.1,3.53,-5.49,-3.64,-5.5,-3.62,,,2019,10.1021/acsami.9b22093,"OPV-DB (Qiu, J., Zenodo, 2026, doi:10.5281/zenodo.20841543)"
PTS8,P(NDI2HD-T),CCCCCCCCN1C(=O)c2csc(-c3cc4c(-c5cc(F)c(SCC(CC)CCCC)s5)c5sccc5c(-c5cc(F)c(SCC(CC)CCCC)s5)c4s3)c2C1=O,CCCCCCCCC(CCCCCC)CN1C(=O)c2ccc3c4c(c(-c5cccs5)cc(c24)C1=O)C(=O)N(CC(CCCCCC)CCCCCCCC)C3=O,1.02,6.0,54.5,3.45,-5.36,-3.46,-5.64,-3.79,,,2019,10.1039/c9tc02141h,"OPV-DB (Qiu, J., Zenodo, 2026, doi:10.5281/zenodo.20841543)"
PB,Y6,CCCCCCCCc1csc(-c2cc3sc(-c4cc(CCCCCCCC)c(-c5cc6c(-c7cc(CCCCCC)c(CCCCCC)s7)c7sccc7c(-c7cc(CCCCCC)c(CCCCCC)s7)c6s5)s4)cc3s2)c1,CCCCCCCCCCCc1c(/C=C2\C(=O)c3cc(F)c(F)cc3C2=C(C#N)C#N)sc2c1sc1c3c4nsnc4c4c5sc6c(CCCCCCCCCCC)c(/C=C7\C(=O)c8cc(F)c(F)cc8C7=C(C#N)C#N)sc6c5n(CC(CC)CCCC)c4c3n(CC(CC)CCCC)c21,0.56,14.6,43.8,3.4,-5.05,-3.04,-5.63,-4.28,,,2019,10.1021/acsami.9b22987,"OPV-DB (Qiu, J., Zenodo, 2026, doi:10.5281/zenodo.20841543)"
PPDT2FBT,tPDI2N-EH,CCCCCCCCC(CCCCCC)COc1cc(-c2ccc(-c3c(F)c(F)c(C)c4nsnc34)s2)c(OCC(CCCCCC)CCCCCCCC)cc1-c1ccc(C)s1,CCCCC(CC)Cn1c2cc3c(=O)n(C(CC)CC)c(=O)c4ccc5c6c(-c7cc8c(=O)n(C(CC)CC)c(=O)c9cc%10c%11c(c7c7ccc%12c(=O)n(C(CC)CC)c(=O)c%13cc(c%11c7c%12%13)n%10CC(CC)CCCC)c89)cc7c(=O)n(C(CC)CC)c(=O)c8cc1c(c6c78)c2c5c43,1.04,11.75,53.0,6.4,-5.45,-3.69,-5.9,-3.7,,,2019,10.1021/acsaelm.9b00328,"OPV-DB (Qiu, J., Zenodo, 2026, doi:10.5281/zenodo.20841543)"
PDPPF2T2DPP-DTT,PC71BM,CCCCCCCCCCCCC(CCCCCCCCCCCC)CN1C(=O)C2=C(c3ccc(-c4cc(F)c(-c5sc(-c6ccc(C7=C8C(=O)N(CC(CCCCCCCCCC)CCCCCCCCCCCC)C(c9ccc(-c%10cc%11sc%12ccsc%12c%11s%10)s9)=C8C(=O)N7CC(CCCCCCCCCC)CCCCCCCCCCCC)s6)cc5F)s4)s3)N(CC(CCCCCCCCCCCC)CCCCCCCCCCCC)C(=O)C2=C1c1cccs1,COC(=O)CCCC1(c2ccccc2)C23c4c5ccc6c7cc8c9c%10c(cc%11cc%12c%13c%14c(cc%15c%16ccc-5c2c%16c2c5c%16c%17c(c(c46)c7c9c%17c4c%10c%11c%13c4c%16c%14c%152)C513)C%12)C8,0.68,14.14,66.0,6.35,-5.13,-3.72,-5.9,-3.9,,,2019,10.1039/c9ra08858j,"OPV-DB (Qiu, J., Zenodo, 2026, doi:10.5281/zenodo.20841543)"
P-i-NT,ITIC-4F,CCCCCCCCCCCCC(CCCCCCCCCC)Cc1csc(-c2cc3c(cc(-c4cc(CC(CCCCCCCCCC)CCCCCCCCCCCC)c(-c5ccc(/C=C(\C#N)c6cc(OCC(CC)CCCC)c(/C(C#N)=C/c7cccs7)cc6OCC(CC)CCCC)s5)s4)c4nsnc43)c3nsnc23)c1,CCCCCCc1ccc(C2(c3ccc(CCCCCC)cc3)c3cc4c(cc3-c3sc5cc(/C=C6/C(=O)c7cc(F)c(F)cc7C6=C(C#N)C#N)sc5c32)C(c2ccc(CCCCCC)cc2)(c2ccc(CCCCCC)cc2)c2c-4sc3cc(/C=C4/C(=O)c5cc(F)c(F)cc5C4=C(C#N)C#N)sc23)cc1,0.83,16.33,46.19,6.34,-5.42,-3.22,-5.82,-4.24,,,2019,10.1039/c9py01781j,"OPV-DB (Qiu, J., Zenodo, 2026, doi:10.5281/zenodo.20841543)"
PBDT-BZ,TBDB-Na,CCCCCCCCC(CCCCCC)Cn1nc2c(-c3ccc(C)s3)c(F)c(F)c(-c3ccc(-c4cc5c(-c6ccc(SCC(CCCC)CCCCCC)s6)c6sc(C)cc6c(-c6ccc(SCC(CCCC)CCCCCC)s6)c5s4)s3)c2n1,CCCCCCc1ccc(C2(c3ccc(CCCCCC)cc3)c3cc(/C=C4/C(=O)c5cc6ccccc6cc5C4=C(C#N)C#N)sc3-c3sc4c(sc5c(-c6ccc(SCC(CC)CCCC)cc6)c6c7c(sc6c(-c6ccc(SCC(CC)CCCC)cc6)c54)-c4sc(/C=C5/C(=O)c6cc8ccccc8cc6C5=C(C#N)C#N)cc4C7(c4ccc(CCCCCC)cc4)c4ccc(CCCCCC)cc4)c32)cc1,0.903,13.02,51.6,6.32,-5.38,-3.56,-5.45,-3.77,,,2019,10.1021/acsami.9b14981,"OPV-DB (Qiu, J., Zenodo, 2026, doi:10.5281/zenodo.20841543)"
P3HT,BTA53,CCCCCCc1ccsc1,CCCCCCCCn1nc2c(/C=c3/sc(=C(C#N)C#N)n(CC)c3=O)ccc(-c3cc4c(s3)-c3cc5c(cc3C(c3ccc(CCCCCC)cc3)(c3ccc(CCCCCC)cc3)O4)-c3sc(-c4ccc(/C=c6/sc(=C(C#N)C#N)n(CC)c6=O)c6nn(CCCCCCCC)nc46)cc3OC5(c3ccc(CCCCCC)cc3)c3ccc(CCCCCC)cc3)c2n1,0.88,11.57,62.0,6.31,-5.01,-3.12,-5.48,-3.58,,,2019,10.1021/acsami.9b16662,"OPV-DB (Qiu, J., Zenodo, 2026, doi:10.5281/zenodo.20841543)"
P3HT,TrBTIC,CCCCCCc1ccsc1,CCCCC1(CCCC)c2cc(-c3ccc(/C=C4\C(=O)c5ccccc5C4=C(C#N)C#N)c4nsnc34)ccc2-c2c1c1c(c3c2C(CCCC)(CCCC)c2cc(-c4ccc(/C=C5\C(=O)c6ccccc6C5=C(C#N)C#N)c5nsnc45)ccc2-3)C(CCCC)(CCCC)c2cc(-c3ccc(/C=C4\C(=O)c5ccccc5C4=C(C#N)C#N)c4nsnc34)ccc2-1,0.86,11.75,62.4,6.31,-5.0,-3.1,-5.56,-3.62,,,2019,10.1002/adma.201906045,"OPV-DB (Qiu, J., Zenodo, 2026, doi:10.5281/zenodo.20841543)"
PTAZ-TPD10-C6,[70]PCBM,CCCCCCCCN1C(=O)c2csc(-c3cc4c(-c5cc(CCCCCC)c(CCCCCC)s5)c5sc(-c6ccc(-c7c(F)c(F)c(-c8ccc(-c9cc%10c(-c%11cc(CCCCCC)c(CCCCCC)s%11)c%11sccc%11c(-c%11cc(CCCCCC)c(CCCCCC)s%11)c%10s9)s8)c8nn(CC(CC)CCCC)nc78)s6)cc5c(-c5cc(CCCCCC)c(CCCCCC)s5)c4s3)c2C1=O,CCCCC(=O)OCC1(C2=CC=CC=C2)C3=CC=CC4=CC=CC5=CC=CC6=CC=C7C=CC=CC8=CC=CC1=C8C7=C6C5=C4C3,0.82,11.1,69.0,6.3,-5.27,-3.23,-6.1,-3.9,,,2019,10.1002/aenm.201901740,"OPV-DB (Qiu, J., Zenodo, 2026, doi:10.5281/zenodo.20841543)"
PTQ10,9b,CCCCCCCCC(CCCCCC)COc1cnc2c(C)c(F)c(F)c(-c3ccc(C)s3)c2n1,ClB1N2/C3=N\\C(C4=C/5C=C(C=C(C(N(C(CCCCC)CCCCC)C6=O)=O)C6=C7)C7=C4)=NC5=N/C(N81)=C9C(C=C(C=C(C(N(C(CCCCC)CCCCC)C%10=O)=O)C%10=C%11)C%11=C9)=C8N=C2C%12=C3C=C(C=C(C(N(C(CCCCC)CCCCC)C%13=O)=O)C%13=C%14)C%14=C%12,1.08,13.98,41.3,6.25,-5.54,-2.98,-5.59,-3.86,,,2019,10.1039/c9tc06238f,"OPV-DB (Qiu, J., Zenodo, 2026, doi:10.5281/zenodo.20841543)"
PM6,IT-2Cl,CCCCC(CC)Cc1sc(-c2c3cc(-c4ccc(-c5sc(-c6cccs6)c6c5C(=O)c5c(CC(CC)CCCC)sc(CC(CC)CCCC)c5C6=O)s4)sc3c(-c3cc(F)c(CC(CC)CCCC)s3)c3ccsc23)cc1F,CCCCCCc1ccc(C2(c3ccc(CCCCCC)cc3)c3cc4c(cc3-c3sc5cc(/C=C6\C(=O)c7cc(Cl)ccc7C6=C(C#N)C#N)sc5c32)C(c2ccc(CCCCCC)cc2)(c2ccc(CCCCCC)cc2)c2c-4sc3cc(/C=C4\C(=O)c5cc(Cl)ccc5C4=C(C#N)C#N)sc23)cc1,0.89,22.0,73.0,14.3,-5.56,-3.65,-5.42,-3.9,,,2019,10.1002/advs.201903419,"OPV-DB (Qiu, J., Zenodo, 2026, doi:10.5281/zenodo.20841543)"
PDTB-EF-T,IT-4 F,CCOC(=O)c1ccsc1-c1ccc(-c2sc(-c3cc4c(-c5cc(F)c(SCC)s5)c5sc(-c6cc(C(=O)OCC)c(-c7ccc(-c8sc(-c9cc%10c(-c%11cc(F)c(SCC)s%11)c%11sc(-c%12cc(C(=O)OCC)c(-c%13ccc(-c%14sc(-c%15cc%16c(-c%17cc(F)c(SCC)s%17)c%17sccc%17c(-c%17cc(F)c(SCC)s%17)c%16s%15)cc%14C(=O)OCC)s%13)s%12)cc%11c(-c%11cc(F)c(SCC)s%11)c%10s9)cc8C(=O)OCC)s7)s6)cc5c(-c5cc(F)c(SCC)s5)c4s3)cc2C(=O)OCC)s1,CCCCCCc1ccc(C2(c3ccc(CCCCCC)cc3)c3cc4c(cc3-c3sc5cc(/C=C6\C(=O)c7cc(F)c(F)cc7C6=C(C#N)C#N)sc5c32)C(c2ccc(CCCCCC)cc2)(c2ccc(CCCCCC)cc2)c2c-4sc3cc(/C=C4\C(=O)c5cc(F)c(F)cc5C4=C(C#N)C#N)sc23)cc1,0.898,20.77,75.0,14.2,-5.5,-3.59,-5.66,-4.14,,,2019,10.1002/solr.201900342,"OPV-DB (Qiu, J., Zenodo, 2026, doi:10.5281/zenodo.20841543)"
PbiTPD,Y6,CCCCCCCCc1ccc(-c2c3cc(-c4ccc(-c5sc(-c6sc(-c7cccs7)c7c6C(=O)N(CC(CCCCCC)CCCCCCCC)C7=O)c6c5C(=O)N(CC(CCCCCC)CCCCCCCC)C6=O)s4)sc3c(-c3ccc(CCCCCCCC)s3)c3ccsc23)s1,CCCCCCCCCCCc1c(/C=C2\C(=O)c3cc(F)c(F)cc3C2=C(C#N)C#N)sc2c1sc1c3c4nsnc4c4c5sc6c(CCCCCCCCCCC)c(/C=C7\C(=O)c8cc(F)c(F)cc8C7=C(C#N)C#N)sc6c5n(CC(CC)CCCC)c4c3n(CC(CC)CCCC)c21,0.83,25.6,66.7,14.2,-5.2,-3.45,-5.65,-4.09,,,2019,10.1021/acsenergylett.9b02842,"OPV-DB (Qiu, J., Zenodo, 2026, doi:10.5281/zenodo.20841543)"
PTB7-Th,o-IO2,CCCCC(CC)COC(=O)c1sc2csc(-c3cc4c(-c5ccc(CC(CC)CCCC)s5)c5sccc5c(-c5ccc(CC(CC)CCCC)s5)c4s3)c2c1F,CCCCCCCCC1(CCCCCCCC)c2cc3c(cc2-c2sc(-c4sc(/C=C5\C(=O)c6cc(F)c(F)cc6C5=C(C#N)C#N)cc4OCC(CC)CCCC)cc21)C(CCCCCCCC)(CCCCCCCC)c1cc(-c2sc(/C=C4\C(=O)c5cc(F)c(F)cc5C4=C(C#N)C#N)cc2OCC(CC)CCCC)sc1-3,0.68,21.8,63.0,9.3,-5.21,-3.6,-5.41,-4.21,,,2019,10.1021/acsmaterialslett.9b00512,"OPV-DB (Qiu, J., Zenodo, 2026, doi:10.5281/zenodo.20841543)"
PTQ10,IDTPC-DMe,CCCCCCCCC(CCCCCC)COc1cnc2c(-c3cccs3)c(F)c(F)cc2n1,CCCCCCC1(CCCCCC)c2cc3c(cc2-c2sc(/C=C4\C(=O)c5c(C)sc(C)c5C4=C(C#N)C#N)cc21)C(CCCCCC)(CCCCCC)c1cc(/C=C2\C(=O)c4c(C)sc(C)c4C2=C(C#N)C#N)sc1-3,1.02,13.3,68.0,9.3,-5.54,-2.92,-5.58,-3.85,,,2019,10.1016/j.dyepig.2019.01.018,"OPV-DB (Qiu, J., Zenodo, 2026, doi:10.5281/zenodo.20841543)"
PBDB-TF,IE-4F,CCCCC(CC)Cc1sc(-c2c3cc(-c4ccc(-c5sc(-c6cccs6)c6c5C(=O)c5c(CC(CC)CCCC)sc(CC(CC)CCCC)c5C6=O)s4)sc3c(-c3cc(F)c(CC(CC)CCCC)s3)c3ccsc23)cc1F,CCCCCCc1ccc(C2(c3ccc(CCCCCC)cc3)c3cc4c(cc3-c3sc(-c5sc(/C=C6\C(=O)c7cc(F)c(F)cc7C6=C(C#N)C#N)cc5CC(CC)CCCC)cc32)C(c2ccc(CCCCCC)cc2)(c2ccc(CCCCCC)cc2)c2cc(-c3sc(/C=C5\C(=O)c6cc(F)c(F)cc6C5=C(C#N)C#N)cc3CC(CC)CCCC)sc2-4)cc1,0.91,18.23,56.0,9.3,-5.49,-3.64,-5.51,-4.07,,,2019,10.1021/acsami.9b10243,"OPV-DB (Qiu, J., Zenodo, 2026, doi:10.5281/zenodo.20841543)"
PTBD-BZ,BDTB-Ph,CCCCCCCCC(CCCCCC)Cn1nc2c(-c3ccc(C)s3)c(F)c(F)c(-c3ccc(-c4cc5sc6c(-c7ccc(SCC(CCCC)CCCCCC)s7)c7cc(C)sc7c(-c7ccc(SCC(CCCC)CCCCCC)s7)c6c5s4)s3)c2n1,CCCCCCc1ccc(C2(c3ccc(CCCCCC)cc3)c3cc(/C=C4/C(=O)c5ccccc5C4=C(C#N)C#N)sc3-c3sc4c(-c5ccc(SCC(CC)CCCC)cc5)c5c6c(sc5c(-c5ccc(SCC(CC)CCCC)cc5)c4c32)-c2sc(/C=C3/C(=O)c4ccccc4C3=C(C#N)C#N)cc2C6(c2ccc(CCCCCC)cc2)c2ccc(CCCCCC)cc2)cc1,0.926,16.54,58.5,9.26,-5.4,-3.59,-5.49,-3.76,,,2019,10.1021/acsami.9b14981,"OPV-DB (Qiu, J., Zenodo, 2026, doi:10.5281/zenodo.20841543)"
DRCN5T,IDIC-4F,CCCCCCCCc1cc(/C=c2\sc(=C(C#N)C#N)n(CC)c2=O)sc1-c1cc(CCCCCCCC)c(-c2ccc(-c3sc(-c4sc(/C=c5\sc(=C(C#N)C#N)n(CC)c5=O)cc4CCCCCCCC)cc3CCCCCCCC)s2)s1,CCCCCCc1ccc(C2(c3ccc(CCCCCC)cc3)c3cc4c(cc3-c3sc(/C=C5\C(=O)c6cc(F)c(F)cc6C5=C(C#N)C#N)cc32)C(c2ccc(CCCCCC)cc2)(c2ccc(CCCCCC)cc2)c2cc(/C=C3\C(=O)c5cc(F)c(F)cc5C3=C(C#N)C#N)sc2-4)cc1,0.81,16.07,70.9,9.25,-5.22,-3.41,-5.73,-3.93,,,2019,10.1002/solr.201900528,"OPV-DB (Qiu, J., Zenodo, 2026, doi:10.5281/zenodo.20841543)"
PDCBT,ITIC,CCCCCCC(CCCC)COC(=O)c1cc(-c2cc(C(=O)OCC(CCCC)CCCCCC)c(-c3ccc(C)s3)s2)sc1-c1ccc(C)s1,CCCCCCc1ccc(C2(c3ccc(CCCCCC)cc3)c3cc4c(cc3-c3sc5cc(/C=C6\C(=O)c7ccccc7C6=C(C#N)C#N)sc5c32)C(c2ccc(CCCCCC)cc2)(c2ccc(CCCCCC)cc2)c2c-4sc3cc(/C=C4\C(=O)c5ccccc5C4=C(C#N)C#N)sc23)cc1,0.928,16.44,57.8,8.82,-5.31,-3.0,-5.51,-3.78,,,2019,10.1021/acs.chemmater.9b03935,"OPV-DB (Qiu, J., Zenodo, 2026, doi:10.5281/zenodo.20841543)"
PTB7-Th,COi6-2Cl-γ,CCCCC(CC)COC(=O)c1sc2c(-c3cc4c(-c5ccc(CC(CC)CCCC)s5)c5sc(C)cc5c(-c5ccc(CC(CC)CCCC)s5)c4s3)sc(C)c2c1F,CCCCCCc1ccc(C2(c3ccc(CCCCCC)cc3)Oc3c(sc4c5c(sc34)-c3sc(/C=C4\C(=O)c6cc(Cl)ccc6C4=C(C#N)C#N)cc3C(c3ccc(CCCCCC)cc3)(c3ccc(CCCCCC)cc3)O5)-c3sc(/C=C4\C(=O)c5cc(Cl)ccc5C4=C(C#N)C#N)cc32)cc1,0.69,20.03,61.3,8.82,-5.27,-3.48,-5.46,-4.05,,,2019,10.1039/c9qm00327d,"OPV-DB (Qiu, J., Zenodo, 2026, doi:10.5281/zenodo.20841543)"
PTAZ-TPD10-C10,ITIC,CCCCCCCCCCc1cc(-c2c3cc(-c4ccc(-c5c(F)c(F)c(-c6ccc(-c7cc8c(-c9cc(CCCCCCCCCC)c(CCCCCCCCCC)s9)c9sc(-c%10scc%11c%10C(=O)N(CCCCCCCC)C%11=O)cc9c(-c9cc(CCCCCCCCCC)c(CCCCCCCCCC)s9)c8s7)s6)c6nn(CC(CC)CCCC)nc56)s4)sc3c(-c3cc(CCCCCCCCCC)c(CCCCCCCCCC)s3)c3ccsc23)sc1CCCCCCCCCC,CCCCCCc1ccc(C2(c3ccc(CCCCCC)cc3)c3cc4c(cc3-c3sc5cc(C=C6C(=O)c7ccccc7C6=C(C#N)C#N)sc5c32)C(c2ccc(CCCCCC)cc2)(c2ccc(CCCCCC)cc2)c2c-4sc3cc(C=C4C(=O)c5ccccc5C4=C(C#N)C#N)sc23)cc1,0.91,14.7,66.0,8.8,-5.27,-3.23,-5.576,-3.916,,,2019,10.1002/aenm.201901740,"OPV-DB (Qiu, J., Zenodo, 2026, doi:10.5281/zenodo.20841543)"
PBDB-T-2Cl,BP-4F,CCCCC(CC)Cc1sc(-c2c3cc(-c4ccc(-c5sc(-c6cccs6)c6c5C(=O)c5c(CC(CC)CCCC)sc(CC(CC)CCCC)c5C6=O)s4)sc3c(-c3cc(Cl)c(CC(CC)CCCC)s3)c3ccsc23)cc1Cl,CCCCCCc1ccc(S2(c3ccc(CCCCCC)cc3)c3cc(/C=C4\C(=O)c5cc(F)c(F)cc5C4=C(C#N)C#N)sc3-c3sc4c(-c5ccc(CC(CC)CCCC)cc5)c5c6c(sc5c(-c5ccc(CC(CC)CCCC)cc5)c4c32)-c2sc(/C=C3\C(=O)c4cc(F)c(F)cc4C3=C(C#N)C#N)cc2S6(c2ccc(CCCCCC)cc2)c2ccc(CCCCCC)cc2)cc1,0.88,21.73,76.46,14.62,-5.52,-3.6,-5.63,-3.9,,,2019,10.1039/c9ee04020j,"OPV-DB (Qiu, J., Zenodo, 2026, doi:10.5281/zenodo.20841543)"
PBDB-T2Cl,ITC6-4F,CCCCC(CC)Cc1sc(-c2c3cc(-c4ccc(-c5sc(-c6cccs6)c6c5C(=O)c5c(CC(CC)CCCC)sc(CC(CC)CCCC)c5C6=O)s4)sc3c(-c3cc(Cl)c(CC(CC)CCCC)s3)c3ccsc23)cc1Cl,CCCCCCc1ccc(C2(c3ccc(CCCCCC)cc3)c3cc4c(cc3-c3sc5c(CCCCCC)c(/C=C6\C(=O)c7cc(F)c(F)cc7C6=C(C#N)C#N)sc5c32)C(c2ccc(CCCCCC)cc2)(c2ccc(CCCCCC)cc2)c2c-4sc3c(CCCCCC)c(/C=C4\C(=O)c5cc(F)c(F)cc5C4=C(C#N)C#N)sc23)cc1,0.898,21.87,72.9,14.47,-5.52,-3.55,-5.75,-4.17,,,2019,10.1039/c9tc04798k,"OPV-DB (Qiu, J., Zenodo, 2026, doi:10.5281/zenodo.20841543)"
J101,ZITI,CCCCCCCCC(CCCCCC)Cn1nc2c(-c3cccs3)c(Cl)c(Cl)c(-c3ccc(-c4cc5c(-c6ccc([Si](CCC)(CCC)CCC)s6)c6sccc6c(-c6ccc([Si](CCC)(CCC)CCC)s6)c5s4)s3)c2n1,CCCCCCC(CCCC)CC1(CC(CCCC)CCCCCC)C2=C(c3cc4c(cc31)-c1sc(/C=C3\C(=O)c5cc(F)ccc5C3=C(C#N)C#N)cc1C4)C(CC(CCCC)CCCCCC)(CC(CCCC)CCCCCC)c1cc3c(cc12)Cc1cc(/C=C2\C(=O)c4cc(F)ccc4C2=C(C#N)C#N)sc1-3,0.937,21.25,72.5,14.43,-5.3,-3.5,-5.55,-3.78,,,2019,10.1039/c9ta03272j,"OPV-DB (Qiu, J., Zenodo, 2026, doi:10.5281/zenodo.20841543)"
J101 (actually J100),ZITI,CCn1nc2c(-c3cccs3)c(Cl)c(Cl)c(-c3ccc(-c4cc5c(-c6ccc([Si](CC)(CC)CC)s6)c6sc(-c7ccc(-c8c(Cl)c(Cl)c(-c9ccc(-c%10cc%11c(-c%12ccc([Si](CC)(CC)CC)s%12)c%12sc(-c%13ccc(-c%14c(Cl)c(Cl)c(-c%15ccc(-c%16cc%17c(-c%18ccc([Si](CC)(CC)CC)s%18)c%18sccc%18c(-c%18ccc([Si](CC)(CC)CC)s%18)c%17s%16)s%15)c%15nn(CC)nc%14%15)s%13)cc%12c(-c%12ccc([Si](CC)(CC)CC)s%12)c%11s%10)s9)c9nn(CC)nc89)s7)cc6c(-c6ccc([Si](CC)(CC)CC)s6)c5s4)s3)c2n1,CCCCCCC(CCCC)CC1(CC(CCCC)CCCCCC)C2=C(c3cc4c(cc31)-c1sc(/C=C3\C(=O)c5cc(F)ccc5C3=C(C#N)C#N)cc1C4)C(CC(CCCC)CCCCCC)(CC(CCCC)CCCCCC)c1cc3c(cc12)Cc1cc(/C=C2\C(=O)c4cc(F)ccc4C2=C(C#N)C#N)sc1-3,0.937,21.25,72.5,14.43,-5.3,-3.5,-5.56,-3.77,,,2019,10.1039/c9ta03272j,"OPV-DB (Qiu, J., Zenodo, 2026, doi:10.5281/zenodo.20841543)"
TPD-3F,IT-4F,CCCCCCCCC(CCCCCC)Cc1sc(-c2c3cc(-c4ccc(-c5sc(-c6cccs6)c6c5C(=O)N(CCCCCCCC)C6=O)s4)sc3c(-c3cc(F)c(CC(CCCCCC)CCCCCCCC)s3)c3ccsc23)cc1F,CCCCCCc1ccc(C2(c3ccc(CCCCCC)cc3)c3cc4c(cc3-c3sc5cc(/C=C6\C(=O)c7cc(F)c(F)cc7C6=C(C#N)C#N)sc5c32)C(c2ccc(CCCCCC)cc2)(c2ccc(CCCCCC)cc2)c2c-4sc3cc(/C=C4\C(=O)c5cc(F)c(F)cc5C4=C(C#N)C#N)sc23)cc1,0.92,21.6,72.3,14.4,-5.32,-3.5,-5.66,-4.14,,,2019,10.1016/j.joule.2019.11.006,"OPV-DB (Qiu, J., Zenodo, 2026, doi:10.5281/zenodo.20841543)"
PBDB-T,ATT-1,CCCCC(CC)Cc1ccc(-c2c3cc(-c4ccc(-c5sc(-c6cccs6)c6c5C(=O)c5c(CC(CC)CCCC)sc(CC(CC)CCCC)c5C6=O)s4)sc3c(-c3ccc(CC(CC)CCCC)s3)c3ccsc23)s1,CCCCCCCCOC(=O)c1cc2c(-c3cc4c(s3)-c3cc5c(cc3C4(c3ccc(CCCCCC)cc3)c3ccc(CCCCCC)cc3)-c3sc(-c4sc(/C=c6\sc(=C(C#N)C#N)n(CC)c6=O)c6sc(C(=O)OCCCCCCCC)cc46)cc3C5(c3ccc(CCCCCC)cc3)c3ccc(CCCCCC)cc3)sc(/C=c3\sc(=C(C#N)C#N)n(CC)c3=O)c2s1,0.92,16.01,60.0,9.0,-5.33,-2.92,-5.51,-3.68,,,2019,10.1021/acsami.9b10641,"OPV-DB (Qiu, J., Zenodo, 2026, doi:10.5281/zenodo.20841543)"
PBDD-CH-S,ITIC,CCCCC(CC)CSc1ccc(-c2c3cc(-c4sc(-c5sc(-c6cc(CC7CCCCC7)cs6)c6c5C(=O)c5c(CC(CC)CCCC)sc(CC(CC)CCCC)c5C6=O)cc4CC4CCCCC4)sc3c(-c3ccc(SCC(CC)CCCC)s3)c3ccsc23)s1,CCCCCCc1ccc(C2(c3ccc(CCCCCC)cc3)c3cc4c(cc3-c3sc5cc(C=C6C(=O)c7ccccc7C6=C(C#N)C#N)sc5c32)C(c2ccc(CCCCCC)cc2)(c2ccc(CCCCCC)cc2)c2c-4sc3cc(C=C4C(=O)c5ccccc5C4=C(C#N)C#N)sc23)cc1,0.98,14.87,61.38,8.96,-5.47,-3.62,-5.61,-4.02,,,2019,10.1039/c9tc02663k,"OPV-DB (Qiu, J., Zenodo, 2026, doi:10.5281/zenodo.20841543)"
PTB7-Th,IT-4F,CCCCC(CC)COC(=O)c1sc2csc(-c3cc4c(-c5ccc(CC(CC)CCCC)s5)c5sccc5c(-c5ccc(CC(CC)CCCC)s5)c4s3)c2c1F,CCCCCCc1ccc(C2(c3ccc(CCCCCC)cc3)c3cc4c(cc3-c3sc5cc(/C=C6\C(=O)c7cc(F)c(F)cc7C6=C(C#N)C#N)sc5c32)C(c2ccc(CCCCCC)cc2)(c2ccc(CCCCCC)cc2)c2c-4sc3cc(/C=C4\C(=O)c5cc(F)c(F)cc5C4=C(C#N)C#N)sc23)cc1,0.84,16.07,66.0,8.91,-5.21,-3.6,-5.66,-4.14,,,2019,10.1021/acsami.9b17580,"OPV-DB (Qiu, J., Zenodo, 2026, doi:10.5281/zenodo.20841543)"
PCE-10,[70]PCBM,CCCCC(CC)COC(=O)c1sc2c(-c3cc4c(-c5ccc(CC(CC)CCCC)s5)c5sccc5c(-c5ccc(CC(CC)CCCC)s5)c4s3)scc2c1F,CCCCC(=O)OCC1(C2=CC=CC=C2)C3=CC=CC4=CC=CC5=CC=CC6=CC=C7C=CC=CC8=CC=CC1=C8C7=C6C5=C4C3,0.79,15.8,66.0,8.9,-5.21,-3.6,-6.1,-3.9,,,2019,10.1002/aenm.201903800,"OPV-DB (Qiu, J., Zenodo, 2026, doi:10.5281/zenodo.20841543)"
PTQ8,Y6,CCCCCCCCC(CCCCCC)COc1cnc2c(-c3scc(F)c3F)cccc2n1,CCCCCCCCCCCc1c(/C=C2\C(=O)c3cc(F)c(F)cc3C2=C(C#N)C#N)sc2c1sc1c3c4nsnc4c4c5sc6c(CCCCCCCCCCC)c(/C=C7\C(=O)c8cc(F)c(F)cc8C7=C(C#N)C#N)sc6c5n(CC(CC)CCCC)c4c3n(CC(CC)CCCC)c21,0.82,18.0,62.1,8.9,-5.68,-2.92,-5.66,-4.08,,,2019,10.1002/adma.201905480,"OPV-DB (Qiu, J., Zenodo, 2026, doi:10.5281/zenodo.20841543)"
PBTIBDTT,ITIC,CCCCCCCCCCc1ccsc1-c1cc2c(=O)n(CC(CCCCCC)CCCCCCCC)c(=O)c3cc(-c4sc(-c5cc6c(-c7ccc(CC(CC)CCCC)s7)c7sccc7c(-c7ccc(CC(CC)CCCC)s7)c6s5)cc4CCCCCCCCCC)sc3c2s1,CCCCCCc1ccc(C2(c3ccc(CCCCCC)cc3)c3cc4c(cc3-c3sc5cc(/C=C6\C(=O)c7ccccc7C6=C(C#N)C#N)sc5c32)C(c2ccc(CCCCCC)cc2)(c2ccc(CCCCCC)cc2)c2c-4sc3cc(/C=C4\C(=O)c5ccccc5C4=C(C#N)C#N)sc23)cc1,0.96,14.39,64.4,8.89,-5.47,-3.6,-5.64,-3.86,,,2019,10.1039/c9tc02700a,"OPV-DB (Qiu, J., Zenodo, 2026, doi:10.5281/zenodo.20841543)"
P1,ITIC,CCCCCCCCc1cc(-c2c(-c3cccs3)sc3c(-c4cc(CCCCCCCC)c(CCCCCCCC)s4)c(-c4ccc(-c5cccc6nsnc56)s4)sc23)sc1CCCCCCCC,CCCCCCc1ccc(C2(c3ccc(CCCCCC)cc3)c3cc4c(cc3-c3sc5cc(C=C6C(=O)c7ccccc7C6=C(C#N)C#N)sc5c32)C(c2ccc(CCCCCC)cc2)(c2ccc(CCCCCC)cc2)c2c-4sc3cc(C=C4C(=O)c5ccccc5C4=C(C#N)C#N)sc23)cc1,0.94,14.99,63.12,8.89,-5.34,-3.53,-5.576,-3.916,,,2019,10.1021/acsami.9b20364,"OPV-DB (Qiu, J., Zenodo, 2026, doi:10.5281/zenodo.20841543)"
PTB7-Th,TPDI3,CCCCC(CC)COC(=O)c1sc2c(-c3cc4c(-c5ccc(CC(CC)CCCC)s5)c5sc(C)cc5c(-c5ccc(CC(CC)CCCC)s5)c4s3)sc(C)c2c1F,CCCCCCC(CCCCCC)n1c(=O)c2ccc3c4ccc5c(=O)n(C(CCCCCC)CCCCCC)c(=O)c6cc7c8c9cc%10c(=O)n(C(CCCCCC)CCCCCC)c(=O)c%11cc%12c%13c%14cc%15c(=O)n(C(CCCCCC)CCCCCC)c(=O)c%16cc(-c%17cc(-c%18cc%19c(=O)n(C(CCCCCC)CCCCCC)c(=O)c%20cc%21c%22c%23cc%24c(=O)n(C(CCCCCC)CCCCCC)c(=O)c%25cc%26c%27c%28cc%29c(=O)n(C(CCCCCC)CCCCCC)c(=O)c%30ccc%31c%32ccc%33c(=O)n(C(CCCCCC)CCCCCC)c(=O)c%34cc(c%27c%27cc%35c(=O)n(C(CCCCCC)CCCCCC)c(=O)c%36cc(c%22c%22cc%37c(=O)n(C(CCCCCC)CCCCCC)c(=O)c%38ccc%39c%18c(c%19%20)c%21c%22c%39c%38%37)c%18c%23c(c%25%24)c%26c%27c%18c%35%36)c(c%32c%33%34)c%28c%31c%30%29)cc(-c%18cc%19c(=O)n(C(CCCCCC)CCCCCC)c(=O)c%20cc%21c%22c%23cc%24c(=O)n(C(CCCCCC)CCCCCC)c(=O)c%25cc%26c%27c%28cc%29c(=O)n(C(CCCCCC)CCCCCC)c(=O)c%30ccc%31c%32ccc%33c(=O)n(C(CCCCCC)CCCCCC)c(=O)c%34cc(c%27c%27cc%35c(=O)n(C(CCCCCC)CCCCCC)c(=O)c%36cc(c%22c%22cc%37c(=O)n(C(CCCCCC)CCCCCC)c(=O)c%38ccc%39c%18c(c%19%20)c%21c%22c%39c%38%37)c%18c%23c(c%25%24)c%26c%27c%18c%35%36)c(c%32c%33%34)c%28c%31c%30%29)c%17)c%17c%18ccc%19c(=O)n(C(CCCCCC)CCCCCC)c(=O)c%20cc(c%13c%13cc%21c(=O)n(C(CCCCCC)CCCCCC)c(=O)c%22cc(c8c8cc(c1=O)c2c3c8c7c4c56)c1c9c(c%10%11)c%12c%13c1c%22%21)c(c%18c%19%20)c%14c%17c%16%15,0.775,16.91,65.9,8.84,-5.12,-3.6,-5.85,-3.81,,,2019,10.1039/c9tc02150g,"OPV-DB (Qiu, J., Zenodo, 2026, doi:10.5281/zenodo.20841543)"
P4TIF,PC71BM,CCCCCCCCCCCCc1csc(-c2ccc3c(c2)/C(=C2\C(=O)N(CC(CCCCCCCCCC)CCCCCCCCCCCC)c4cc(-c5cc(CCCCCCCCCCCC)c(-c6cc(F)c(-c7sccc7F)s6)s5)ccc42)C(=O)N3CC(CCCCCCCCCC)CCCCCCCCCCCC)c1,COC(=O)CCCC1(c2ccccc2)C23c4c5ccc6c7cc8c9c%10c(cc%11cc%12c%13c%14c(cc%15c%16ccc-5c2c%16c2c5c%16c%17c(c(c46)c7c9c%17c4c%10c%11c%13c4c%16c%14c%152)C513)C%12)C8,0.78,20.98,53.04,8.68,-5.41,-3.82,-5.9,-3.9,,,2019,10.1039/c9ta06719a,"OPV-DB (Qiu, J., Zenodo, 2026, doi:10.5281/zenodo.20841543)"
J52,DBTIC,CCCCCCCCC(CCCCCC)Cn1nc2c(-c3ccc(C)s3)c(F)c(F)c(-c3ccc(-c4cc5c(-c6ccc(CC(CC)CCCC)s6)c6sc(C)cc6c(-c6ccc(CC(CC)CCCC)s6)c5s4)s3)c2n1,CCCCCCc1ccc(C2(c3ccc(CCCCCC)cc3)c3cc(/C=C4\C(=O)c5ccccc5C4=C(C#N)C#N)sc3-c3ccc4c(sc5c6ccc7c(c6sc45)C(c4ccc(CCCCCC)cc4)(c4ccc(CCCCCC)cc4)c4cc(/C=C5\C(=O)c6ccccc6C5=C(C#N)C#N)sc4-7)c32)cc1,0.93,13.55,66.1,8.64,-5.16,-2.79,-5.45,-3.73,,,2019,10.1016/j.polymer.2019.121976,"OPV-DB (Qiu, J., Zenodo, 2026, doi:10.5281/zenodo.20841543)"
PBQ-QF,Y6,CCCCCCCCOc1cccc(-c2nc3c(-c4cccs4)c(F)c(F)c(-c4ccc(-c5cc6c(-c7ccc(CC(CC)CCCC)s7)c7sccc7c(-c7ccc(CC(CC)CCCC)s7)c6s5)s4)c3nc2-c2cccc(OCCCCCCCC)c2)c1,CCCCCCCCCCCc1c(/C=C2\C(=O)c3cc(F)c(F)cc3C2=C(C#N)C#N)sc2c1sc1c3c4nsnc4c4c5sc6c(CCCCCCCCCCC)c(/C=C7\C(=O)c8cc(F)c(F)cc8C7=C(C#N)C#N)sc6c5n(CC(CC)CCCC)c4c3n(CC(CC)CCCC)c21,0.66,23.41,55.3,8.61,-5.19,-3.44,-5.65,-4.1,,,2019,10.1021/acsmacrolett.9b00368,"OPV-DB (Qiu, J., Zenodo, 2026, doi:10.5281/zenodo.20841543)"
PDTPO-BDTT,COi8DFIC,CCCCCCCCCCC(CCCCCCCC)Cn1c(=O)c2cc(C)sc2c2sc(-c3cc4c(-c5ccc(CC(CC)CCCC)s5)c5sc(C)cc5c(-c5ccc(CC(CC)CCCC)s5)c4s3)cc21,CCCCCCc1ccc(C2(c3ccc(CCCCCC)cc3)Oc3c(sc4c5c(sc34)-c3sc4cc(/C=C6\C(=O)c7cc(F)c(F)cc7C6=C(C#N)C#N)sc4c3C(c3ccc(CCCCCC)cc3)(c3ccc(CCCCCC)cc3)O5)-c3sc4cc(/C=C5\C(=O)c6cc(F)c(F)cc6C5=C(C#N)C#N)sc4c32)cc1,0.81,16.96,46.8,6.46,-5.2,-2.93,-5.26,-3.9,,,2019,10.1021/acsomega.9b01363,"OPV-DB (Qiu, J., Zenodo, 2026, doi:10.5281/zenodo.20841543)"
DRTB-T,IDIC,CCCCC(CC)Cc1ccc(-c2c3cc(-c4cc5c(-c6ccc(CC(CC)CCCC)s6)c6sc(-c7cc8c(-c9ccc(CC(CC)CCCC)s9)c9sc(/C=C%10/SC(=S)N(CC)C%10=O)cc9c(-c9ccc(CC(CC)CCCC)s9)c8s7)cc6c(-c6ccc(CC(CC)CCCC)s6)c5s4)sc3c(-c3ccc(CC(CC)CCCC)s3)c3cc(/C=C4\SC(=S)N(CC)C4=O)sc23)s1,CCCCCCC1(CCCCCC)c2cc3c(cc2-c2sc(/C=C4\C(=O)c5ccccc5C4=C(C#N)C#N)cc21)C(CCCCCC)(CCCCCC)c1cc(/C=C2\C(=O)c4ccccc4C2=C(C#N)C#N)sc1-3,0.98,14.22,65.0,9.06,-5.51,-3.34,-5.69,-3.91,,,2019,10.1002/solr.201900528,"OPV-DB (Qiu, J., Zenodo, 2026, doi:10.5281/zenodo.20841543)"
PTBD-BZ,BDTB-Ph,CCCCCCCCC(CCCCCC)Cn1nc2c(-c3cccs3)c(F)c(F)c(-c3ccc(-c4cc5sc6c(-c7ccc(SCC(CCCC)CCCCCC)s7)c7ccsc7c(-c7ccc(SCC(CCCC)CCCCCC)s7)c6c5s4)s3)c2n1,CCCCCCc1ccc(C2(c3ccc(CCCCCC)cc3)c3cc(/C=C4/C(=O)c5ccccc5C4=C(C#N)C#N)sc3-c3sc4c(-c5ccc(SCC(CC)CCCC)cc5)c5c6c(sc5c(-c5ccc(SCC(CC)CCCC)cc5)c4c32)-c2sc(/C=C3/C(=O)c4ccccc4C3=C(C#N)C#N)cc2C6(c2ccc(CCCCCC)cc2)c2ccc(CCCCCC)cc2)cc1,0.926,16.54,58.5,9.04,-5.4,-3.59,-5.49,-3.76,,,2019,10.1021/acsami.9b14981,"OPV-DB (Qiu, J., Zenodo, 2026, doi:10.5281/zenodo.20841543)"
PBTZNT,m-ITIC,CCCCCCC(CCCC)Cn1nc2c(-c3cccs3)cc3c(cc(-c4ccc(-c5cc6c(-c7ccc(CC(CC)CCCC)s7)c7sccc7c(-c7ccc(CC(CC)CCCC)s7)c6s5)s4)c4nn(CC(CCCC)CCCCCC)nc43)c2n1,CCCCCCc1cccc(C2(c3cccc(CCCCCC)c3)c3cc4c(cc3-c3sc5cc(C=C6C(=O)c7ccccc7C6=C(C#N)C#N)sc5c32)C(c2cccc(CCCCCC)c2)(c2cccc(CCCCCC)c2)c2c-4sc3cc(C=C4C(=O)c5ccccc5C4=C(C#N)C#N)sc23)c1,0.89,15.19,66.37,9.02,-5.35,-3.02,-5.52,-3.82,,,2019,10.1039/c9tc00403c,"OPV-DB (Qiu, J., Zenodo, 2026, doi:10.5281/zenodo.20841543)"
PBTIBDTT,oF-ITIC,CCCCCCCCCCc1ccsc1-c1cc2c(=O)n(CC(CCCCCC)CCCCCCCC)c(=O)c3cc(-c4sc(-c5cc6c(-c7ccc(CC(CC)CCCC)s7)c7sccc7c(-c7ccc(CC(CC)CCCC)s7)c6s5)cc4CCCCCCCCCC)sc3c2s1,CCCCCCc1ccc(C2(c3ccc(CCCCCC)c(F)c3)c3cc4c(cc3-c3sc5cc(/C=C6\C(=O)c7ccccc7C6=C(C#N)C#N)sc5c32)C(c2ccc(CCCCCC)c(F)c2)(c2ccc(CCCCCC)c(F)c2)c2c-4sc3cc(/C=C4\C(=O)c5ccccc5C4=C(C#N)C#N)sc23)cc1F,0.94,13.49,71.0,9.01,-5.47,-3.6,-5.73,-3.93,,,2019,10.1039/c9tc02700a,"OPV-DB (Qiu, J., Zenodo, 2026, doi:10.5281/zenodo.20841543)"
PBN-Cl-B80,IT-4F,CCCCCCCCCCCCSc1cc2c(cc1SCCCCCCCCCCCC)C(=O)c1c(-c3ccc(-c4cc5c(-c6cc(Cl)c(CC(CC)CCCC)s6)c6sc(-c7ccc(-c8sc(-c9ccc(-c%10cc%11c(-c%12cc(Cl)c(CC(CC)CCCC)s%12)c%12sccc%12c(-c%12cc(Cl)c(CC(CC)CCCC)s%12)c%11s%10)s9)c9c8C(=O)c8c(CC(CC)CCCC)sc(CC(CC)CCCC)c8C9=O)s7)cc6c(-c6cc(Cl)c(CC(CC)CCCC)s6)c5s4)s3)sc(-c3cccs3)c1C2=O,CCCCCCc1ccc(C2(c3ccc(CCCCCC)cc3)c3cc4c(cc3-c3sc5cc(/C=C6\C(=O)c7cc(F)c(F)cc7C6=C(C#N)C#N)sc5c32)C(c2ccc(CCCCCC)cc2)(c2ccc(CCCCCC)cc2)c2c-4sc3cc(/C=C4\C(=O)c5cc(F)c(F)cc5C4=C(C#N)C#N)sc23)cc1,0.88,21.82,72.1,13.85,-5.55,-3.47,-5.66,-4.14,,,2019,10.1021/acsami.9b14133,"OPV-DB (Qiu, J., Zenodo, 2026, doi:10.5281/zenodo.20841543)"
PBDT-BZ,TBDB-Ph,CCCCCCCCC(CCCCCC)Cn1nc2c(-c3ccc(C)s3)c(F)c(F)c(-c3ccc(-c4cc5c(-c6ccc(SCC(CCCC)CCCCCC)s6)c6sc(C)cc6c(-c6ccc(SCC(CCCC)CCCCCC)s6)c5s4)s3)c2n1,CCCCCCc1ccc(C2(c3ccc(CCCCCC)cc3)c3cc(/C=C4/C(=O)c5ccccc5C4=C(C#N)C#N)sc3-c3sc4c(sc5c(-c6ccc(SCC(CC)CCCC)cc6)c6c7c(sc6c(-c6ccc(SCC(CC)CCCC)cc6)c54)-c4sc(/C=C5/C(=O)c6ccccc6C5=C(C#N)C#N)cc4C7(c4ccc(CCCCCC)cc4)c4ccc(CCCCCC)cc4)c32)cc1,0.921,9.81,42.8,4.04,-5.38,-3.56,-5.44,-3.74,,,2019,10.1021/acsami.9b14981,"OPV-DB (Qiu, J., Zenodo, 2026, doi:10.5281/zenodo.20841543)"
PDTBDT-BZ,TBDB-Ph,CCCCCCCCC(CCCCCC)Cn1nc2c(-c3ccc(C)s3)c(F)c(F)c(-c3ccc(-c4cc5sc6c(-c7ccc(SCC(CCCC)CCCCCC)s7)c7c(sc8cc(C)sc87)c(-c7ccc(SCC(CCCC)CCCCCC)s7)c6c5s4)s3)c2n1,CCCCCCc1ccc(C2(c3ccc(CCCCCC)cc3)c3cc(/C=C4/C(=O)c5ccccc5C4=C(C#N)C#N)sc3-c3sc4c(sc5c(-c6ccc(SCC(CC)CCCC)cc6)c6c7c(sc6c(-c6ccc(SCC(CC)CCCC)cc6)c54)-c4sc(/C=C5/C(=O)c6ccccc6C5=C(C#N)C#N)cc4C7(c4ccc(CCCCCC)cc4)c4ccc(CCCCCC)cc4)c32)cc1,0.911,13.18,50.5,6.2,-5.32,-3.51,-5.44,-3.74,,,2019,10.1021/acsami.9b14981,"OPV-DB (Qiu, J., Zenodo, 2026, doi:10.5281/zenodo.20841543)"
PDBT-2Cl,IT-4F,CCc1sc(-c2c3sc4cc(-c5ccc(-c6sc(-c7ccc(-c8cc9sc%10c(-c%11sc(CC)c(Cl)c%11Cl)c%11c(sc%12cc(-c%13ccc(-c%14sc(-c%15ccc(-c%16cc%17sc%18c(-c%19sc(CC)c(Cl)c%19Cl)c%19c(sc%20cc(-c%21ccc(-c%22sc(-c%23cccs%23)c%23c%22C(=O)c%22c(CC)sc(CC)c%22C%23=O)s%21)sc%20%19)c(-c%19sc(CC)c(Cl)c%19Cl)c%18c%17s%16)s%15)c%15c%14C(=O)c%14c(CC)sc(CC)c%14C%15=O)s%13)sc%12%11)c(-c%11sc(CC)c(Cl)c%11Cl)c%10c9s8)s7)c7c6C(=O)c6c(CC)sc(CC)c6C7=O)s5)sc4c3c(-c3sc(CC)c(Cl)c3Cl)c3sc4ccsc4c23)c(Cl)c1Cl,CCCCCCc1ccc(C2(c3ccc(CCCCCC)cc3)c3cc4c(cc3-c3sc5cc(/C=C6\C(=O)c7cc(F)c(F)cc7C6=C(C#N)C#N)sc5c32)C(c2ccc(CCCCCC)cc2)(c2ccc(CCCCCC)cc2)c2c-4sc3cc(/C=C4\C(=O)c5cc(F)c(F)cc5C4=C(C#N)C#N)sc23)cc1,0.99,15.1,42.0,6.2,-5.49,-3.59,-5.66,-4.14,,,2019,10.1039/c9qm00212j,"OPV-DB (Qiu, J., Zenodo, 2026, doi:10.5281/zenodo.20841543)"
PTB7-Th,IPY-T-ICCl,CCCCC(CC)COC(=O)c1sc2csc(-c3cc4c(-c5ccc(CC(CC)CCCC)s5)c5sccc5c(-c5ccc(CC(CC)CCCC)s5)c4s3)c2c1F,CCCCCCCCC1(CCCCCCCC)c2cc(-c3ccc(/C=C4\C(=O)c5cc(Cl)c(Cl)cc5C4=C(C#N)C#N)s3)ccc2-c2nc3c(nc21)-c1ccc(-c2ccc(/C=C4\C(=O)c5cc(Cl)c(Cl)cc5C4=C(C#N)C#N)s2)cc1C3(CCCCCCCC)CCCCCCCC,0.69,14.06,63.5,6.2,-5.29,-3.72,-5.72,-3.56,,,2019,10.1021/acsami.9b17185,"OPV-DB (Qiu, J., Zenodo, 2026, doi:10.5281/zenodo.20841543)"
PDTBDT-BZ,BDTB-Ph,CCCCCCCCC(CCCCCC)Cn1nc2c(-c3cccs3)c(F)c(F)c(-c3ccc(-c4cc5sc6c(-c7ccc(SCC(CCCC)CCCCCC)s7)c7c(sc8ccsc87)c(-c7ccc(SCC(CCCC)CCCCCC)s7)c6c5s4)s3)c2n1,CCCCCCc1ccc(C2(c3ccc(CCCCCC)cc3)c3cc(/C=C4/C(=O)c5ccccc5C4=C(C#N)C#N)sc3-c3sc4c(-c5ccc(SCC(CC)CCCC)cc5)c5c6c(sc5c(-c5ccc(SCC(CC)CCCC)cc5)c4c32)-c2sc(/C=C3/C(=O)c4ccccc4C3=C(C#N)C#N)cc2C6(c2ccc(CCCCCC)cc2)c2ccc(CCCCCC)cc2)cc1,0.883,13.2,53.9,6.19,-5.32,-3.51,-5.49,-3.76,,,2019,10.1021/acsami.9b14981,"OPV-DB (Qiu, J., Zenodo, 2026, doi:10.5281/zenodo.20841543)"
PTTEA,F-2Cl,CCCCCCCCCCC(CCCCCCCC)COC(=O)c1cc(-c2c(F)c(F)c(-c3cc(C(=O)OCC(CCCCCCCC)CCCCCCCCCC)c(-c4cc(CC(CCCCCC)CCCCCCCC)c(-c5ccc(-c6c(F)c(F)c(-c7ccc(C)s7)c7nsnc67)s5)s4)s3)c3nsnc23)sc1-c1cc(CC(CCCCCC)CCCCCCCC)c(C)s1,CCCCCCCCC1(CCCCCCCC)c2cc3c(cc2-c2cc4c(cc21)-c1sc(/C=C2\C(=O)c5cc(Cl)c(Cl)cc5C2=C(C#N)C#N)cc1C4(CCCCCCCC)CCCCCCCC)C(CCCCCCCC)(CCCCCCCC)c1cc(/C=C2\C(=O)c4cc(Cl)c(Cl)cc4C2=C(C#N)C#N)sc1-3,1.01,11.99,48.4,6.19,-5.4,-3.54,-5.85,-3.64,,,2019,10.1002/adfm.201906587,"OPV-DB (Qiu, J., Zenodo, 2026, doi:10.5281/zenodo.20841543)"
PBDTT-TPD,ITIC,CCCCCCCCCCCCc1ccc(-c2c3cc(-c4sc(C)c5c4C(=O)N(CCCCCCCC)C5=O)sc3c(-c3ccc(CCCCCCCCCCCC)s3)c3cc(C)sc23)s1,CCCCCCc1ccc(C2(c3ccc(CCCCCC)cc3)c3cc4c(cc3-c3sc5cc(/C=C6\C(=O)c7ccccc7C6=C(C#N)C#N)sc5c32)C(c2ccc(CCCCCC)cc2)(c2ccc(CCCCCC)cc2)c2c-4sc3cc(/C=C4\C(=O)c5ccccc5C4=C(C#N)C#N)sc23)cc1,0.96,12.98,48.0,6.17,-5.51,-3.09,-5.51,-3.71,,,2019,10.1016/j.reactfunctpolym.2019.104378,"OPV-DB (Qiu, J., Zenodo, 2026, doi:10.5281/zenodo.20841543)"
PM7(PBDB-T-2Cl),IT-4F,CCCCC(CC)Cc1sc(-c2c3cc(-c4ccc(-c5scc6c5C(=O)c5c(CC(CC)CCCC)sc(CC(CC)CCCC)c5C6=O)s4)sc3c(-c3cc(Cl)c(CC(CC)CCCC)s3)c3cc(-c4cccs4)sc23)cc1Cl,CCCCCCc1ccc(C2(c3ccc(CCCCCC)cc3)c3cc4c(cc3-c3sc5cc(/C=C6\C(=O)c7cc(F)c(F)cc7C6=C(C#N)C#N)sc5c32)C(c2ccc(CCCCCC)cc2)(c2ccc(CCCCCC)cc2)c2c-4sc3cc(/C=C4\C(=O)c5cc(F)c(F)cc5C4=C(C#N)C#N)sc23)cc1,0.889,21.4,73.8,14.05,-5.55,-3.45,-5.66,-4.14,,,2019,10.1021/acsami.9b14133,"OPV-DB (Qiu, J., Zenodo, 2026, doi:10.5281/zenodo.20841543)"
PBDB-TF,BTIC-BO-4Br,CCCCC(CC)Cc1sc(-c2c3cc(-c4ccc(-c5sc(-c6cccs6)c6c5C(=O)c5c(CC(CC)CCCC)sc(CC(CC)CCCC)c5C6=O)s4)sc3c(-c3cc(F)c(CC(CC)CCCC)s3)c3ccsc23)cc1F,CCCCCCCCCCCc1c(/C=C2\C(=O)c3cc(Br)c(Br)cc3C2=C(C#N)C#N)sc2c1sc1c3c4nsnc4c4c5sc6c(CCCCCCCCCCC)c(/C=C7\C(=O)c8cc(Br)c(Br)cc8C7=C(C#N)C#N)sc6c5n(CC(CCCC)CCCCCC)c4c3n(CC(CCCC)CCCCCC)c21,0.86,24.06,67.8,14.03,-5.49,-3.64,-5.53,-4.09,,,2019,10.1002/advs.201903784,"OPV-DB (Qiu, J., Zenodo, 2026, doi:10.5281/zenodo.20841543)"
PE4,Y6,CCCCCCCCC(CCCCCC)Cn1nc2c(-c3cc4sc(C)c(CCCCCC)c4s3)c(F)c(F)c(-c3cc4sc(-c5cc6c(-c7cc(Cl)c(CC(CC)CCCC)s7)c7sc(C)cc7c(-c7cc(Cl)c(CC(CC)CCCC)s7)c6s5)c(CCCCCC)c4s3)c2n1,CCCCCCCCCCCc1c(/C=C2\C(=O)c3cc(F)c(F)cc3C2=C(C#N)C#N)sc2c1sc1c3c4nsnc4c4c5sc6c(CCCCCCCCCCC)c(/C=C7\C(=O)c8cc(F)c(F)cc8C7=C(C#N)C#N)sc6c5n(CC(CC)CCCC)c4c3n(CC(CC)CCCC)c21,0.84,22.21,75.4,14.02,-5.42,-3.49,-5.6,-4.1,,,2019,10.1021/acs.macromol.9b01233,"OPV-DB (Qiu, J., Zenodo, 2026, doi:10.5281/zenodo.20841543)"
L2,TTPT-T-4F,CCCCCCCCC(CCCCCC)Cn1nc2c(-c3cccs3)c(F)c(F)c(-c3ccc(-c4cc5c(-c6cc(Cl)c(CC(CC)CCCC)s6)c6occc6c(-c6cc(Cl)c(CC(CC)CCCC)s6)c5o4)s3)c2n1,CCCCCCc1ccc(C2(c3ccc(CCCCCC)cc3)c3cc4c(cc3-c3sc(-c5ccc(/C=C6\C(=O)c7cc(F)c(F)cc7C6=C(C#N)C#N)s5)cc32)C(c2ccc(CCCCCC)cc2)(c2ccc(CCCCCC)cc2)c2c-4sc3cc(/C=C4\C(=O)c5cc(F)c(F)cc5C4=C(C#N)C#N)sc23)cc1,0.86,22.17,73.6,14.0,-5.5,-3.39,-5.63,-4.08,,,2019,10.1002/adfm.201906809,"OPV-DB (Qiu, J., Zenodo, 2026, doi:10.5281/zenodo.20841543)"
PM7,TfIF-4F,CC1=CC(=CC(=C1)C2=C3C=CC(=C4C5=C(C=C(S5)/C=C\6/C(=O)C7=CC(=CC(=C7)Cl)C(=O)/C6=C\C8=CC(=C(S8)C9=CC(=CC(=C9)C)C)C)SC4=C3S2)C)C,CCCCCCCCC1(CCCCCCCC)c2cc3c(cc2-c2cc4c(cc21)-c1sc(/C=C2\C(=O)c5cc(F)c(F)cc5C2=C(C#N)C#N)cc1C4(CCCCCCCC)CCCCCCCC)C(CCCCCCCC)(CCCCCCCC)c1cc2c(cc1-3)C(CCCCCCCC)(CCCCCCCC)c1cc(/C=C3\C(=O)c4cc(F)c(F)cc4C3=C(C#N)C#N)sc1-2,0.97,18.5,78.0,14.0,-5.63,-3.67,-5.67,-3.98,,,2019,10.1021/acs.chemmater.9b03694,"OPV-DB (Qiu, J., Zenodo, 2026, doi:10.5281/zenodo.20841543)"
PBTA-PSF,ITIC,CCCCCCC(CCC)CCSc1ccc(-c2c3cc(-c4ccc(-c5c(F)c(F)c(-c6cccs6)c6nn(CCC(CCC)CCCCCC)nc56)s4)sc3c(-c3ccc(SCCC(CCC)CCCCCC)c(F)c3)c3ccsc23)cc1F,CCCCCCc1ccc(C2(c3ccc(CCCCCC)cc3)c3cc4c(cc3-c3sc5cc(C=C6C(=O)c7ccccc7C6=C(C#N)C#N)sc5c32)C(c2ccc(CCCCCC)cc2)(c2ccc(CCCCCC)cc2)c2c-4sc3cc(C=C4C(=O)c5ccccc5C4=C(C#N)C#N)sc23)cc1,1.01,18.51,74.4,13.91,-5.52,-3.54,-5.49,-3.83,,,2019,10.1002/solr.201900005,"OPV-DB (Qiu, J., Zenodo, 2026, doi:10.5281/zenodo.20841543)"
PBDB-TF,BP-4F,CCCCC(CC)Cc1sc(-c2c3cc(-c4ccc(-c5sc(-c6cccs6)c6c5C(=O)c5c(CC(CC)CCCC)sc(CC(CC)CCCC)c5C6=O)s4)sc3c(-c3cc(F)c(CC(CC)CCCC)s3)c3ccsc23)cc1F,CCCCCCc1ccc(C2(c3ccc(CCCCCC)cc3)c3cc(/C=C4\C(=O)c5cc(F)c(F)cc5C4=C(C#N)C#N)sc3-c3sc4c(-c5ccc(CC(CC)CCCC)cc5)c5c6c(sc5c(-c5ccc(CC(CC)CCCC)cc5)c4c32)-c2sc(/C=C3\C(=O)c4cc(F)c(F)cc4C3=C(C#N)C#N)cc2C6(c2ccc(CCCCCC)cc2)c2ccc(CCCCCC)cc2)cc1,0.89,21.6,72.0,13.9,-5.48,-3.63,-5.63,-3.9,,,2019,10.1039/c9ta08636f,"OPV-DB (Qiu, J., Zenodo, 2026, doi:10.5281/zenodo.20841543)"
PM6,DTTC-4F,CCCCC(CC)Cc1sc(-c2c3cc(-c4ccc(-c5sc(-c6cccs6)c6c5C(=O)c5c(CC(CC)CCCC)sc(CC(CC)CCCC)c5C6=O)s4)sc3c(-c3cc(F)c(CC(CC)CCCC)s3)c3ccsc23)cc1F,CCc1ccc(C2(c3ccc(CC)cc3)c3cc4c5cc6c(cc5n(CC)c4cc3-c3sc4cc(/C=C5\C(=O)c7cc(F)c(F)cc7C5=C(C#N)C#N)sc4c32)-c2sc3cc(/C=C4\C(=O)c5cc(F)c(F)cc5C4=C(C#N)C#N)sc3c2C6(c2ccc(CC)cc2)c2ccc(CC)cc2)cc1,0.95,21.66,67.6,13.89,-5.56,-3.65,-5.69,-3.91,,,2019,10.1039/c9ta12605h,"OPV-DB (Qiu, J., Zenodo, 2026, doi:10.5281/zenodo.20841543)"
PTQ10,IDTPC-Me,CCCCCCCCC(CCCCCC)COc1cnc2c(-c3cccs3)c(F)c(F)cc2n1,CCCCCCC1(CCCCCC)c2cc3c(cc2-c2sc(/C=C4\C(=O)c5c(csc5C)C4=C(C#N)C#N)cc21)C(CCCCCC)(CCCCCC)c1cc(/C=C2\C(=O)c4c(csc4C)C2=C(C#N)C#N)sc1-3,0.95,13.5,70.3,9.2,-5.54,-2.92,-5.62,-3.92,,,2019,10.1016/j.dyepig.2019.01.018,"OPV-DB (Qiu, J., Zenodo, 2026, doi:10.5281/zenodo.20841543)"
PTBTz-Me,PC71BM,CCCCCCCCCCC(CCCCCCCC)COC(=O)c1cc2c(-c3nc(C)cs3)sc(-c3nc(C)c(-c4cc5c(-c6ccc(CC(CC)CCCC)s6)c6sccc6c(-c6ccc(CC(CC)CCCC)s6)c5s4)s3)c2s1,COC(=O)CCCC1(c2ccccc2)C23c4c5ccc6c7cc8c9c%10c(cc%11cc%12c%13c%14c(cc%15c%16ccc-5c2c%16c2c5c%16c%17c(c(c46)c7c9c%17c4c%10c%11c%13c4c%16c%14c%152)C513)C%12)C8,0.78,16.6,70.9,9.12,-5.36,-3.75,-5.9,-3.9,,,2019,10.1021/acsami.9b18278,"OPV-DB (Qiu, J., Zenodo, 2026, doi:10.5281/zenodo.20841543)"
J71,ZITI-S,CCCCCCCCC(CCCCCC)Cn1nc2c(-c3cccs3)c(F)c(F)c(-c3ccc(-c4cc5c(-c6ccc([Si](CCC)(CCC)CCC)s6)c6sccc6c(-c6ccc([Si](CCC)(CCC)CCC)s6)c5s4)s3)c2n1,CCCCCCC(CCCC)CC1(CC(CCCC)CCCCCC)C2=C(c3cc4sc5cc(/C=C6\C(=O)c7cc(F)c(F)cc7C6=C(C#N)C#N)sc5c4cc31)C(CC(CCCC)CCCCCC)(CC(CCCC)CCCCCC)c1cc3c(cc12)sc1cc(/C=C2\C(=O)c4cc(F)c(F)cc4C2=C(C#N)C#N)sc13,0.811,17.39,64.6,9.12,-5.4,-3.24,-5.8,-3.87,,,2019,10.1016/j.isci.2019.08.038,"OPV-DB (Qiu, J., Zenodo, 2026, doi:10.5281/zenodo.20841543)"
PBDTTF-FTTE,Ph(PDI)3,CCCCC(CC)COC(=O)c1sc2c(-c3cc4c(-c5cc(F)c(CC(CC)CCCC)s5)c5sccc5c(-c5cc(F)c(CC(CC)CCCC)s5)c4s3)scc2c1F,CCCCCC(CCCCC)n1c(=O)c2ccc3c4ccc5c(=O)n(C(CCCCC)CCCCC)c(=O)c6cc7c(c4c56)c4c(cc(c1=O)c2c34)c1c2c3cc4c(=O)n(C(CCCCC)CCCCC)c(=O)c5ccc6c8ccc9c(=O)n(C(CCCCC)CCCCC)c(=O)c%10cc(c(c8c9%10)c3c6c54)c2c2c3cc4c(=O)n(C(CCCCC)CCCCC)c(=O)c5ccc6c8ccc9c(=O)n(C(CCCCC)CCCCC)c(=O)c%10cc(c(c8c9%10)c3c6c54)c2c71,1.058,15.31,56.18,9.1,-5.485,-3.835,-5.92,-3.85,,,2019,10.1021/acsenergylett.9b02146,"OPV-DB (Qiu, J., Zenodo, 2026, doi:10.5281/zenodo.20841543)"
PBDE-DFDT,IT-4F,CCOC(=O)c1ccsc1-c1cc(F)c(-c2sc(-c3sc(-c4cc5c(-c6ccc(CC)s6)c6sc(-c7cc(C(=O)OCC)c(-c8cc(F)c(-c9sc(-c%10sc(-c%11cc%12c(-c%13ccc(CC)s%13)c%13sc(-c%14cc(C(=O)OCC)c(-c%15cc(F)c(-c%16sc(-c%17sc(-c%18cc%19c(-c%20ccc(CC)s%20)c%20sccc%20c(-c%20ccc(CC)s%20)c%19s%18)cc%17C(=O)OC)cc%16F)s%15)s%14)cc%13c(-c%13ccc(CC)s%13)c%12s%11)cc%10C(=O)OC)cc9F)s8)s7)cc6c(-c6ccc(CC)s6)c5s4)cc3C(=O)OC)cc2F)s1,CCCCCCc1ccc(C2(c3ccc(CCCCCC)cc3)c3cc4c(cc3-c3sc5cc(/C=C6\C(=O)c7cc(F)c(F)cc7C6=C(C#N)C#N)sc5c32)C(c2ccc(CCCCCC)cc2)(c2ccc(CCCCCC)cc2)c2c-4sc3cc(/C=C4\C(=O)c5cc(F)c(F)cc5C4=C(C#N)C#N)sc23)cc1,0.865,21.83,75.0,14.16,-5.5,-3.56,-5.66,-4.14,,,2019,10.1021/acs.chemmater.9b04971,"OPV-DB (Qiu, J., Zenodo, 2026, doi:10.5281/zenodo.20841543)"
PFT-EHp,Y6,CCCCCCCCN1C(=O)c2c(c(-c3ccc(-c4cc5c(-c6cc(F)c(CC(CC)CCCC)s6)c6sc(C)cc6c(-c6cc(F)c(CC(CC)CCCC)s6)c5s4)s3)c3nn(CCC(CC)CCCC)nc3c2-c2ccc(C)s2)C1=O,CCCCCCCCCCCc1c(/C=C2\C(=O)c3cc(F)c(F)cc3C2=C(C#N)C#N)sc2c1sc1c3c4nsnc4c4c5sc6c(CCCCCCCCCCC)c(/C=C7\C(=O)c8cc(F)c(F)cc8C7=C(C#N)C#N)sc6c5n(CC(CC)CCCC)c4c3n(CC(CC)CCCC)c21,0.78,25.01,71.2,14.16,-5.38,-3.24,-5.68,-4.06,,,2019,10.1021/acsenergylett.9b01447,"OPV-DB (Qiu, J., Zenodo, 2026, doi:10.5281/zenodo.20841543)"
PB[N][F],Y6,CCCCCCCCc1csc(-c2nc3sc(-c4sc(-c5cc6c(-c7cc(CCCCCC)c(CCCCCC)s7)c7sccc7c(-c7cc(CCCCCC)c(CCCCCC)s7)c6s5)c(CCCCCCCC)c4F)nc3s2)c1F,CCCCCCCCCCCc1c(/C=C2\C(=O)c3cc(F)c(F)cc3C2=C(C#N)C#N)sc2c1sc1c3c4nsnc4c4c5sc6c(CCCCCCCCCCC)c(/C=C7\C(=O)c8cc(F)c(F)cc8C7=C(C#N)C#N)sc6c5n(CC(CC)CCCC)c4c3n(CC(CC)CCCC)c21,0.85,25.0,68.1,14.1,-5.25,-3.32,-5.63,-4.28,,,2019,10.1021/acsami.9b22987,"OPV-DB (Qiu, J., Zenodo, 2026, doi:10.5281/zenodo.20841543)"
PM7,BDSe-2(BrCl),CCCCC(CC)Cc1sc(-c2c3ccsc3c(-c3cc(Cl)c(CC(CC)CCCC)s3)c3sc(-c4ccc(-c5sc(-c6cccs6)c6c5C(=O)c5c(CC(CC)CCCC)sc(CC(CC)CCCC)c5C6=O)s4)cc23)cc1Cl,CCCCCCc1ccc(C2(c3ccc(CCCCCC)cc3)C3=C(SC(/C=C4\C(=O)c5cc(Br)c(Cl)cc5C4=C(C#N)C#N)C3)c3[se]c4cc5c6c([se]c5cc4c32)-c2sc(/C=C3\C(=O)c4cc(Br)c(Cl)cc4C3=C(C#N)C#N)cc2C6(c2ccc(CCCCCC)cc2)c2ccc(CCCCCC)cc2)cc1,0.82,22.78,75.4,14.09,-5.52,-3.57,-5.64,-3.95,,,2019,10.1039/c9ta14070k,"OPV-DB (Qiu, J., Zenodo, 2026, doi:10.5281/zenodo.20841543)"
PBDB-T,DTCC-IC,CCCCC(CC)Cc1ccc(-c2c3cc(-c4ccc(-c5sc(-c6cccs6)c6c5C(=O)c5c(CC(CC)CCCC)sc(CC(CC)CCCC)c5C6=O)s4)sc3c(-c3ccc(CC(CC)CCCC)s3)c3ccsc23)s1,CCCCCCCCOc1ccc(C2(c3ccc(OCCCCCCCC)cc3)c3cc4c5cc6c(cc5n(CCCCCCCC)c4cc3-c3sc(/C=C4\C(=O)c5ccccc5C4=C(C#N)C#N)cc32)-c2sc(/C=C3\C(=O)c4ccccc4C3=C(C#N)C#N)cc2C6(c2ccc(OCCCCCCCC)cc2)c2ccc(OCCCCCCCC)cc2)cc1,0.97,14.26,64.1,9.25,-5.33,-3.48,-5.49,-3.85,,,2019,10.1021/acsami.9b08462,"OPV-DB (Qiu, J., Zenodo, 2026, doi:10.5281/zenodo.20841543)"
PBDB-T,DTCC-IC,CCCCC(CC)Cc1ccc(-c2c3cc(-c4ccc(-c5sc(-c6cccs6)c6c5C(=O)c5c(CC(CC)CCCC)sc(CC(CC)CCCC)c5C6=O)s4)sc3c(-c3ccc(CC(CC)CCCC)s3)c3ccsc23)s1,CCCCCCc1ccc(C2(c3ccc(CCCCCC)cc3)c3cc4c5cc6c(cc5n(C(CCCCCC)CCCCCC)c4cc3-c3sc(/C=C4\C(=O)c5ccccc5C4=C(C#N)C#N)cc32)-c2sc(/C=C3\C(=O)c4ccccc4C3=C(C#N)C#N)cc2C6(c2ccc(CCCCCC)cc2)c2ccc(CCCCCC)cc2)cc1,0.97,14.26,64.1,9.25,-5.36,-3.54,-5.47,-3.83,,,2019,10.1021/acsami.9b08462.s001,"OPV-DB (Qiu, J., Zenodo, 2026, doi:10.5281/zenodo.20841543)"
PNT2Th2Se-OD,PC71BM,CCCCCCCCCCC(CCCCCCCC)Cc1csc(-c2cc3c(cc(-c4cc(CC(CCCCCCCC)CCCCCCCCCC)c(-c5ccc(-c6ccc[se]6)[se]5)s4)c4nsnc43)c3nsnc23)c1,COC(=O)CCCC1(c2ccccc2)C23c4c5ccc6c7cc8c9c%10c(cc%11cc%12c%13c%14c(cc%15c%16ccc-5c2c%16c2c5c%16c%17c(c(c46)c7c9c%17c4c%10c%11c%13c4c%16c%14c%152)C513)C%12)C8,0.67,20.57,66.61,9.24,-5.44,-3.81,-6.0,-3.9,,,2019,10.1021/acsami.9b00083,"OPV-DB (Qiu, J., Zenodo, 2026, doi:10.5281/zenodo.20841543)"
PTQ10,TPT10,CCCCCCCCC(CCCCCC)COc1cnc2c(-c3cccs3)c(F)c(F)cc2n1,CCCCCCCCCCCc1c(/C=C2\C(=O)c3ccc(Br)cc3C2=C(C#N)C#N)sc2c1sc1c3c4nsnc4c4c5sc6c(CCCCCCCCCCC)c(/C=C7\C(=O)c8ccc(Br)cc8C7=C(C#N)C#N)sc6c5n(CC(CC)CCCC)c4c3n(CC(CC)CCCC)c21,0.92,17.25,58.2,9.24,-5.54,-2.92,-5.52,-3.99,,,2019,10.1021/jacs.9b09939,"OPV-DB (Qiu, J., Zenodo, 2026, doi:10.5281/zenodo.20841543)"
PTQ10,TPT10,CCCCCCCCC(CCCCCC)COc1cnc2c(C)c(F)c(F)c(-c3ccc(C)s3)c2n1,CCCCCCCCCCCc1c(/C=C2\C(=O)c3cc(Br)ccc3C2=C(C#N)C#N)sc2c1sc1c3c4nsnc4c4c5sc6c(CCCCCCCCCCC)c(/C=C7\C(=O)c8ccc(Br)cc8C7=C(C#N)C#N)sc6c5n(CC(CC)CCCC)c4c3n(CC(CC)CCCC)c21,0.92,17.25,58.2,9.24,-5.55,-2.9,-5.52,-3.99,,,2019,10.1021/jacs.9b09939,"OPV-DB (Qiu, J., Zenodo, 2026, doi:10.5281/zenodo.20841543)"
PBTZNT,m-ITIC,CCCCCCC(CCCC)Cn1nc2c(-c3ccc(C)s3)cc3c(cc(-c4ccc(-c5cc6c(-c7ccc(CC(CC)CCCC)s7)c7sc(C)cc7c(-c7ccc(CC(CC)CCCC)s7)c6s5)s4)c4nn(CC(CCCC)CCCCCC)nc43)c2n1,CCCCCCc1cccc(C2(c3cccc(CCCCCC)c3)c3cc4c(cc3-c3sc5cc(/C=C6\C(=O)c7ccccc7C6=C(C#N)C#N)sc5c32)C(c2cccc(CCCCCC)c2)(c2cccc(CCCCCC)c2)c2c-4sc3cc(/C=C4\C(=O)c5ccccc5C4=C(C#N)C#N)sc23)c1,0.89,15.19,66.4,9.23,-5.35,-3.02,-5.52,-3.82,,,2019,10.1039/c9tc00403c,"OPV-DB (Qiu, J., Zenodo, 2026, doi:10.5281/zenodo.20841543)"
PTB7-Th,COi6-2Cl-m,CCCCC(CC)COC(=O)c1sc2c(-c3cc4c(-c5ccc(CC(CC)CCCC)s5)c5sc(C)cc5c(-c5ccc(CC(CC)CCCC)s5)c4s3)sc(C)c2c1F,CCCCCCc1ccc(C2(c3ccc(CCCCCC)cc3)Oc3c(sc4c5c(sc34)-c3sc(/C=C4\C(=O)c6ccc(Cl)cc6C4=C(C#N)C#N)cc3C(c3ccc(CCCCCC)cc3)(c3ccc(CCCCCC)cc3)O5)-c3sc(/C=C4\C(=O)c5cc(Cl)ccc5C4=C(C#N)C#N)cc32)cc1,0.69,20.44,63.1,9.22,-5.27,-3.48,-5.47,-4.02,,,2019,10.1039/c9qm00327d,"OPV-DB (Qiu, J., Zenodo, 2026, doi:10.5281/zenodo.20841543)"
J52,IEICO-4F,CCCCCCCCC(CCCCCC)Cn1nc2c(-c3ccc(C)s3)c(F)c(F)c(-c3ccc(-c4cc5c(-c6ccc(CC(CC)CCCC)s6)c6sc(C)cc6c(-c6ccc(CC(CC)CCCC)s6)c5s4)s3)c2n1,CCCCCCc1ccc(C2(c3ccc(CCCCCC)cc3)c3cc4c(cc3-c3sc(-c5sc(/C=C6\C(=O)c7cc(F)c(F)cc7C6=C(C#N)C#N)cc5OCC(CC)CCCC)cc32)C(c2ccc(CCCCCC)cc2)(c2ccc(CCCCCC)cc2)c2cc(-c3sc(/C=C5\C(=O)c6cc(F)c(F)cc6C5=C(C#N)C#N)cc3OCC(CC)CCCC)sc2-4)cc1,0.675,22.27,61.3,9.21,-5.21,-2.99,-5.44,-4.19,,,2019,10.1002/aenm.201970016,"OPV-DB (Qiu, J., Zenodo, 2026, doi:10.5281/zenodo.20841543)"
PTB7-Th,Py-2,CCCCC(CC)COC(=O)c1sc2c(-c3cc4c(-c5ccc(CC(CC)CCCC)s5)c5sc(C)cc5c(-c5ccc(CC(CC)CCCC)s5)c4s3)sc(C)c2c1F,CCCCCCc1ccc(C2(c3ccc(CCCCCC)cc3)c3cc(/C=C4\C(=O)c5cc(F)c(F)cc5C4=C(C#N)C#N)sc3-c3cc4ccc5cc6c(c7ccc(c32)c4c57)C(c2ccc(CCCCCC)cc2)(c2ccc(CCCCCC)cc2)c2cc(/C=C3\C(=O)c4cc(F)c(F)cc4C3=C(C#N)C#N)sc2-6)cc1,0.75,9.67,47.0,3.72,-5.25,-3.59,-5.83,-3.78,,,2019,10.1002/chem.201900296,"OPV-DB (Qiu, J., Zenodo, 2026, doi:10.5281/zenodo.20841543)"
PBDB-TF,IT-2Cl,CCCCC(CC)Cc1sc(-c2c3cc(-c4ccc(-c5sc(-c6cccs6)c6c5C(=O)c5c(CC(CC)CCCC)sc(CC(CC)CCCC)c5C6=O)s4)sc3c(-c3cc(F)c(CC(CC)CCCC)s3)c3ccsc23)cc1F,CCCCCCc1ccc(C2(c3ccc(CCCCCC)cc3)c3cc4c(cc3-c3sc5cc(/C=C6\C(=O)c7ccc(Cl)cc7C6=C(C#N)C#N)sc5c32)C(c2ccc(CCCCCC)cc2)(c2ccc(CCCCCC)cc2)c2c-4sc3cc(/C=C4\C(=O)c5ccc(Cl)cc5C4=C(C#N)C#N)sc23)cc1,0.92,19.8,75.0,13.74,-5.48,-3.6,-5.7,-4.02,,,2019,10.1039/c9ta04789a,"OPV-DB (Qiu, J., Zenodo, 2026, doi:10.5281/zenodo.20841543)"
PBDB-T,IE4F-S,CCCCC(CC)Cc1ccc(-c2c3cc(-c4ccc(-c5sc(-c6cccs6)c6c5C(=O)c5c(CC(CC)CCCC)sc(CC(CC)CCCC)c5C6=O)s4)sc3c(-c3ccc(CC(CC)CCCC)s3)c3ccsc23)s1,CCCCCCc1ccc(C2(c3ccc(CCCCCC)cc3)c3cc4c(cc3-c3sc(-c5scc(/C=C6\C(=O)c7cc(F)c(F)cc7C6=C(C#N)C#N)c5SCC(CC)CCCC)cc32)C(c2ccc(CCCCCC)cc2)(c2ccc(CCCCCC)cc2)c2cc(-c3scc(/C=C5\C(=O)c6cc(F)c(F)cc6C5=C(C#N)C#N)c3SCC(CC)CCCC)sc2-4)cc1,0.868,22.88,69.1,13.72,-5.33,-2.92,-5.54,-3.89,,,2019,10.1021/acs.chemmater.9b01175,"OPV-DB (Qiu, J., Zenodo, 2026, doi:10.5281/zenodo.20841543)"
PBDB-T2Cl,ITC-2Cl,CCCCC(CC)Cc1sc(-c2c3cc(-c4ccc(-c5sc(-c6cccs6)c6c5C(=O)c5c(CC(CC)CCCC)sc(CC(CC)CCCC)c5C6=O)s4)sc3c(-c3cc(Cl)c(CC(CC)CCCC)s3)c3ccsc23)cc1Cl,CCCCCCc1ccc(C2(c3ccc(CCCCCC)cc3)c3cc4c(cc3-c3sc5cc(/C=C6\C(=O)c7c(csc7Cl)C6=C(C#N)C#N)sc5c32)C(c2ccc(CCCCCC)cc2)(c2ccc(CCCCCC)cc2)c2c-4sc3cc(/C=C4\C(=O)c5c(csc5Cl)C4=C(C#N)C#N)sc23)cc1,0.915,19.64,73.9,13.72,-5.51,-3.57,-5.58,-4.01,,,2019,10.1039/c9ee01030k,"OPV-DB (Qiu, J., Zenodo, 2026, doi:10.5281/zenodo.20841543)"
PM6,TSeTIC,CCCCC(CC)Cc1sc(-c2c3cc(-c4ccc(-c5sc(-c6cccs6)c6c5C(=O)c5c(CC(CC)CCCC)sc(CC(CC)CCCC)c5C6=O)s4)sc3c(-c3cc(F)c(CC(CC)CCCC)s3)c3ccsc23)cc1F,CCc1ccc(C2(c3ccc(CC)cc3)c3cc4c(cc3-c3sc5cc(/C=C6\C(=O)c7cscc7C6=C(C#N)C#N)[se]c5c32)C(c2ccc(CC)cc2)(c2ccc(CC)cc2)c2c-4sc3cc(/C=C4\C(=O)c5cscc5C4=C(C#N)C#N)[se]c23)cc1,0.93,19.42,75.9,13.71,-5.56,-3.65,-5.65,-3.91,,,2019,10.1039/c9ta08328f,"OPV-DB (Qiu, J., Zenodo, 2026, doi:10.5281/zenodo.20841543)"
PTB7-Th,AOIC,CCCCC(CC)COC(=O)c1sc2c(-c3cc4c(-c5ccc(CC(CC)CCCC)s5)c5sc(C)cc5c(-c5ccc(CC(CC)CCCC)s5)c4s3)sc(C)c2c1F,CCCCCCc1ccc(C2(c3ccc(CCCCCC)cc3)c3cc4c(cc3-c3sc(/C=C5\C(=O)c6cc(F)c(F)cc6C5=C(C#N)C#N)cc32)C(c2ccc(CCCCCC)cc2)(c2ccc(CCCCCC)cc2)c2c-4sc3c2C(c2ccc(CCCCCC)cc2)(c2ccc(CCCCCC)cc2)c2c-3sc3cc(/C=C4\C(=O)c5cc(F)c(F)cc5C4=C(C#N)C#N)sc23)cc1,0.742,24.32,74.3,13.7,-5.2,-3.59,-5.5,-3.93,,,2019,10.1021/jacs.9b08988,"OPV-DB (Qiu, J., Zenodo, 2026, doi:10.5281/zenodo.20841543)"
PBDD-CH-S,ITIC,CCCCC(CC)CSc1ccc(-c2c3cc(-c4sc(-c5sc(-c6cc(C7CCCCC7)c(C)s6)c6c5C(=O)c5c(CC(CC)CCCC)sc(CC(CC)CCCC)c5C6=O)cc4C4CCCCC4)sc3c(-c3ccc(SCC(CC)CCCC)s3)c3cc(C)sc23)s1,CCCCCCc1ccc(C2(c3ccc(CCCCCC)cc3)c3cc4c(cc3-c3sc5cc(/C=C6\C(=O)c7ccccc7C6=C(C#N)C#N)sc5c32)C(c2ccc(CCCCCC)cc2)(c2ccc(CCCCCC)cc2)c2c-4sc3cc(/C=C4\C(=O)c5ccccc5C4=C(C#N)C#N)sc23)cc1,0.96,14.73,65.8,9.63,-5.47,-3.62,-5.61,-4.02,,,2019,10.1039/c9tc02663k,"OPV-DB (Qiu, J., Zenodo, 2026, doi:10.5281/zenodo.20841543)"
PBDTTS-TzBI,ITIC,CCCCCCCCCCCCSc1ccc(-c2c3cc(-c4ccc(-c5c6c(c(-c7cccs7)c7nn(CC(CC)CCCC)nc57)C(=O)N(CCCCCCCC)C6=O)s4)sc3c(-c3ccc(SCCCCCCCCCCCC)s3)c3ccsc23)s1,CCCCCCc1ccc(C2(c3ccc(CCCCCC)cc3)c3cc4c(cc3-c3sc5cc(C=C6C(=O)c7ccccc7C6=C(C#N)C#N)sc5c32)C(c2ccc(CCCCCC)cc2)(c2ccc(CCCCCC)cc2)c2c-4sc3cc(C=C4C(=O)c5ccccc5C4=C(C#N)C#N)sc23)cc1,0.85,16.36,69.0,9.6,-5.38,-3.32,-5.576,-3.916,,,2019,10.1016/j.orgel.2019.105572,"OPV-DB (Qiu, J., Zenodo, 2026, doi:10.5281/zenodo.20841543)"
PBDB-T,IPIC,CCCCC(CC)Cc1ccc(-c2c3cc(-c4ccc(-c5sc(-c6cccs6)c6c5C(=O)c5c(CC(CC)CCCC)sc(CC(CC)CCCC)c5C6=O)s4)sc3c(-c3ccc(CC(CC)CCCC)s3)c3ccsc23)s1,CCCCCCc1ccc(C2(c3ccc(CCCCCC)cc3)c3cc4c(cc3-c3sc5c6sc(/C=C7\C(=O)c8ccccc8C7=C(C#N)C#N)cc6n(CC(CCCC)CCCCCC)c5c32)C(c2ccc(CCCCCC)cc2)(c2ccc(CCCCCC)cc2)c2c-4sc3c4sc(/C=C5\C(=O)c6ccccc6C5=C(C#N)C#N)cc4n(CC(CCCC)CCCCCC)c23)cc1,0.95,7.16,58.6,3.98,-5.33,-3.29,-5.47,-3.82,,,2019,10.1021/acsenergylett.9b00147,"OPV-DB (Qiu, J., Zenodo, 2026, doi:10.5281/zenodo.20841543)"
PBDT-PhI,IEICO-4F,CCCCC(CC)Cc1ccc(-c2c3cc(-c4ccc(-c5ccc(-c6cccs6)c6c5C(=O)N(CC(CC)CCCC)C6=O)s4)sc3c(-c3ccc(CC(CC)CCCC)s3)c3ccsc23)s1,CCCCCCc1ccc(C2(c3ccc(CCCCCC)cc3)c3cc4c(cc3-c3sc(-c5sc(/C=C6\C(=O)c7cc(F)c(F)cc7C6=C(C#N)C#N)cc5OCC(CC)CCCC)cc32)C(c2ccc(CCCCCC)cc2)(c2ccc(CCCCCC)cc2)c2cc(-c3scc(/C=C5/C(=O)c6cc(F)c(F)cc6C5=C(C#N)C#N)c3OCC(CC)CCCC)sc2-4)cc1,0.81,9.25,51.95,3.9,-5.5,-2.74,-5.44,-4.19,,,2019,10.1039/c9tc01932d,"OPV-DB (Qiu, J., Zenodo, 2026, doi:10.5281/zenodo.20841543)"
PBDT-BZ,TBDB-Ph,CCCCCCCCC(CCCCCC)Cn1nc2c(-c3cccs3)c(F)c(F)c(-c3ccc(-c4cc5c(-c6ccc(SCC(CCCC)CCCCCC)s6)c6sccc6c(-c6ccc(SCC(CCCC)CCCCCC)s6)c5s4)s3)c2n1,CCCCCCc1ccc(C2(c3ccc(CCCCCC)cc3)c3cc(/C=C4/C(=O)c5ccccc5C4=C(C#N)C#N)sc3-c3sc4c(sc5c(-c6ccc(SCC(CC)CCCC)cc6)c6c7c(sc6c(-c6ccc(SCC(CC)CCCC)cc6)c54)-c4sc(/C=C5/C(=O)c6ccccc6C5=C(C#N)C#N)cc4C7(c4ccc(CCCCCC)cc4)c4ccc(CCCCCC)cc4)c32)cc1,0.921,9.81,42.8,3.88,-5.38,-3.56,-5.44,-3.74,,,2019,10.1021/acsami.9b14981,"OPV-DB (Qiu, J., Zenodo, 2026, doi:10.5281/zenodo.20841543)"
PTQ10,9a,CCCCCCCCC(CCCCCC)COc1cnc2c(C)c(F)c(F)c(-c3ccc(C)s3)c2n1,ClB1N2/C3=N\\C(C4=C/5C=C(C=C(C(N(C6=C(C(C)C)C=CC=C6C(C)C)C7=O)=O)C7=C8)C8=C4)=NC5=N/C(N91)=C%10C(C=C(C=C(C(N(C%11=C(C(C)C)C=CC=C%11C(C)C)C%12=O)=O)C%12=C%13)C%13=C%10)=C9N=C2C%14=C3C=C(C=C(C(N(C%15=C(C(C)C)C=CC=C%15C(C)C)C%16=O)=O)C%16=C%17)C%17=C%14,1.02,9.52,39.8,3.88,-5.54,-2.98,-5.62,-3.9,,,2019,10.1039/c9tc06238f,"OPV-DB (Qiu, J., Zenodo, 2026, doi:10.5281/zenodo.20841543)"
PTB7-Th,P-1,CCCCC(CC)COC(=O)c1sc2c(-c3cc4c(-c5ccc(CC(CC)CCCC)s5)c5sc(C)cc5c(-c5ccc(CC(CC)CCCC)s5)c4s3)sc(C)c2c1F,O=C(C(C=C(F)C(F)=C1)=C1C/2=C(C#N)\\C#N)C2=C/C3=CC=C(/C(C(C=C/4)=NC4=C5\\C6=CC(OCCCCCCCCCCCC)=C(OCCCCCCCCCCCC)C(OCCCCCCCCCCCC)=C6)=C7C=C/C8=C(C9=CC(OCCCCCCCCCCCC)=C(OCCCCCCCCCCCC)C(OCCCCCCCCCCCC)=C9)/C%10=N/C(C=C%10)=C(C%11=CC=C(/C=C%12C(C(C=C(F)C(F)=C%13)=C%13C\\%12=C(C#N)\\C#N)=O)S%11)\\C%14=CC=C5N%14[Zn]N8\\7)S3,0.78,9.43,53.2,3.82,-5.24,-3.66,-5.79,-4.31,,,2019,10.1021/acsami.9b15975,"OPV-DB (Qiu, J., Zenodo, 2026, doi:10.5281/zenodo.20841543)"
PBDB-TF,IEIC,CCCCC(CC)Cc1sc(-c2c3cc(-c4ccc(-c5sc(-c6cccs6)c6c5C(=O)c5c(CC(CC)CCCC)sc(CC(CC)CCCC)c5C6=O)s4)sc3c(-c3cc(F)c(CC(CC)CCCC)s3)c3ccsc23)cc1F,CCCCCCc1ccc(C2(c3ccc(CCCCCC)cc3)c3cc4c(cc3-c3sc(-c5sc(/C=C6\C(=O)c7ccccc7C6=C(C#N)C#N)cc5CC(CC)CCCC)cc32)C(c2ccc(CCCCCC)cc2)(c2ccc(CCCCCC)cc2)c2cc(-c3sc(/C=C5\C(=O)c6ccccc6C5=C(C#N)C#N)cc3CC(CC)CCCC)sc2-4)cc1,1.11,7.65,45.0,3.8,-5.45,-3.65,-5.41,-3.84,,,2019,10.1021/acsami.9b10243,"OPV-DB (Qiu, J., Zenodo, 2026, doi:10.5281/zenodo.20841543)"
PTB7-Th,PNDI-BDT10,CCCCC(CC)COC(=O)c1sc2csc(-c3cc4c(-c5ccc(CC(CC)CCCC)s5)c5sccc5c(-c5ccc(CC(CC)CCCC)s5)c4s3)c2c1F,CCCCCCCCC(CCCCCC)CN1C(=O)c2ccc3c4c(c(-c5cc6c(-c7ccc(CC(CC)CCCC)s7)c7sccc7c(-c7ccc(CC(CC)CCCC)s7)c6s5)cc(c24)C1=O)C(=O)N(CC(CCCCCC)CCCCCCCC)C3=O,0.79,11.03,42.39,3.76,-5.29,-3.72,-6.07,-3.77,,,2019,10.1039/c9tc03142a,"OPV-DB (Qiu, J., Zenodo, 2026, doi:10.5281/zenodo.20841543)"
PDTS-DTffBT,PCBM,CCCCCCc1csc(-c2c(F)c(F)c(-c3cc(CCCCCC)c(-c4cc5c(s4)-c4sccc4[Si]5(CC(CC)CCCC)CC(CC)CCCC)s3)c3nsnc23)c1,COC(=O)CCCC1(c2ccccc2)C23c4c5c6c7c8c9c(c%10c%11c2c2c%12c4c4c%13c5c5c7c7c8c8c%14c9c%10c9c%10c%11c2c2c%11c%12c4c4c%12c%13c5c5c7c7c8c8c%14c9c9c%10c2c2c%11c4c4c%12c5c7c5c8c9c2c45)C613,0.59,9.874,64.2,3.76,-5.28,-3.66,-6.1,-3.7,,,2019,10.1016/j.ijleo.2019.164093,"OPV-DB (Qiu, J., Zenodo, 2026, doi:10.5281/zenodo.20841543)"
PBDB-T-SF,IDIC,CCCCC(CC)CSc1sc(-c2c3cc(-c4ccc(-c5sc(-c6ccc(C)s6)c6c5C(=O)c5c(CC(CC)CCCC)sc(CC(CC)CCCC)c5C6=O)s4)sc3c(-c3cc(F)c(SCC(CC)CCCC)s3)c3cc(C)sc23)cc1F,CCCCCCC1(CCCCCC)c2cc3c(cc2-c2sc(/C=C4\C(=O)c5ccccc5C4=C(C#N)C#N)cc21)C(CCCCCC)(CCCCCC)c1cc(/C=C2\C(=O)c4ccccc4C2=C(C#N)C#N)sc1-3,0.98,15.29,62.7,9.39,-5.4,-3.6,-5.66,-3.93,,,2019,10.1039/c9ta01003c,"OPV-DB (Qiu, J., Zenodo, 2026, doi:10.5281/zenodo.20841543)"
PTB7-Th,T2-ORH,CCCCC(CC)COC(=O)c1sc2c(-c3cc4c(-c5ccc(CC(CC)CCCC)s5)c5sc(C)cc5c(-c5ccc(CC(CC)CCCC)s5)c4s3)sc(C)c2c1F,CCCCCCCCN1C(=O)/C(=C/c2ccc(-c3ccc(/C=C4\SC(=S)N(CCCCCCCC)C4=O)s3)s2)SC1=S,1.06,14.43,58.0,9.39,-5.39,-3.41,-5.67,-3.57,,,2019,10.1039/c9ta07919j,"OPV-DB (Qiu, J., Zenodo, 2026, doi:10.5281/zenodo.20841543)"
J71,N2200,CCCCCCCCC(CCCCCC)Cn1nc2c(-c3cccs3)c(F)c(F)c(-c3ccc(-c4cc5c(-c6ccc([Si](CCC)(CCC)CCC)s6)c6sccc6c(-c6ccc([Si](CCC)(CCC)CCC)s6)c5s4)s3)c2n1,CCCCCCCCCCC(CCCCCCCC)CN1C(=O)c2ccc3c4c(c(-c5ccc(-c6cccs6)s5)cc(c24)C1=O)C(=O)N(CC(CCCCCCCC)CCCCCCCCCC)C3=O,0.909,13.19,77.86,9.34,-5.4,-3.24,-5.71,-4.02,,,2019,10.1039/c9nr10495j,"OPV-DB (Qiu, J., Zenodo, 2026, doi:10.5281/zenodo.20841543)"
PBDB-T,BN-T,CCCCC(CC)Cc1ccc(-c2c3cc(-c4ccc(-c5sc(-c6cccs6)c6c5C(=O)c5c(CC(CC)CCCC)sc(CC(CC)CCCC)c5C6=O)s4)sc3c(-c3ccc(CC(CC)CCCC)s3)c3ccsc23)s1,CCCCCCCCCCCCc1csc(-c2cnc(-c3sc(-c4cccs4)c(CCCCCCCCCCCC)c3B(c3ccccc3)c3ccccc3)cn2)c1B(c1ccccc1)c1ccccc1,0.928,8.019,48.7,4.032,-5.33,-3.48,-5.43,-3.85,,,2019,10.1002/adma.201904585,"OPV-DB (Qiu, J., Zenodo, 2026, doi:10.5281/zenodo.20841543)"
PTB7-Th,PTTbPDI,CCCCC(CC)COC(=O)c1sc2csc(-c3cc4c(-c5ccc(CC(CC)CCCC)s5)c5sccc5c(-c5ccc(CC(CC)CCCC)s5)c4s3)c2c1F,CCCCCC(CCCCC)N1C(=O)c2ccc3c4ccc5c6c(cc(-c7cc8c9c(cc(-c%10ccc(-c%11cccs%11)s%10)c%10c%11ccc%12c%13c(ccc(c7c9%10)c%13%11)C(=O)N(C(CCCCC)CCCCC)C%12=O)C(=O)N(C(CCCCC)CCCCC)C8=O)c(c7ccc(c2c37)C1=O)c64)C(=O)N(C(CCCCC)CCCCC)C5=O,0.72,9.8,55.0,4.03,-5.29,-3.72,-5.96,-4.23,,,2019,10.1016/j.solmat.2019.03.044,"OPV-DB (Qiu, J., Zenodo, 2026, doi:10.5281/zenodo.20841543)"
P3HT,SF-HR,CCCCCCc1ccsc1,CCN1C(=O)/C(=C/c2ccc(-c3ccc4c(c3)C3(c5cc(-c6ccc(/C=C7\SC(=S)N(CC)C7=O)s6)ccc5-4)c4cc(-c5ccc(/C=C6\SC(=S)N(CC)C6=O)s5)ccc4-c4ccc(-c5ccc(/C=C6\SC(=S)N(CC)C6=O)s5)cc43)s2)SC1=S,1.0,8.23,49.0,4.01,-5.01,-3.12,-5.53,-3.33,,,2019,10.1039/c9ra03188j,"OPV-DB (Qiu, J., Zenodo, 2026, doi:10.5281/zenodo.20841543)"
P(T4-TPD-M),ITIC,CCCCCCCCCCC(CCCCCCCC)Cc1csc(-c2sc(-c3cc(CC(CCCCCCCC)CCCCCCCCCC)c(-c4ccc(-c5cccs5)s4)s3)c3c2C(=O)N(C)C3=O)c1,CCCCCCc1ccc(C2(c3ccc(CCCCCC)cc3)c3cc4c(cc3-c3sc5cc(C=C6C(=O)c7ccccc7C6=C(C#N)C#N)sc5c32)C(c2ccc(CCCCCC)cc2)(c2ccc(CCCCCC)cc2)c2c-4sc3cc(C=C4C(=O)c5ccccc5C4=C(C#N)C#N)sc23)cc1,1.0,6.8,57.0,4.0,-5.6,-3.8,-5.49,-3.83,,,2019,10.1016/j.orgel.2019.02.020,"OPV-DB (Qiu, J., Zenodo, 2026, doi:10.5281/zenodo.20841543)"
PBDTTSi-TzBI,PC71BM,CCCCCCCCN1C(=O)c2c(c(-c3ccc(-c4cc5c(-c6ccc([Si](CCCC)(CCCC)CCCC)s6)c6sccc6c(-c6ccc([Si](CCCC)(CCCC)CCCC)s6)c5s4)s3)c3nn(CC(CC)CCCC)nc3c2-c2cccs2)C1=O,COC(=O)CCCC1(c2ccccc2)C23c4c5ccc6c7cc8c9c%10c(cc%11cc%12c%13c%14c(cc%15c%16ccc-5c2c%16c2c5c%16c%17c(c(c46)c7c9c%17c4c%10c%11c%13c4c%16c%14c%152)C513)C%12)C8,0.99,8.75,46.0,3.98,-5.46,-3.33,-5.9,-3.9,,,2019,10.1016/j.orgel.2019.105572,"OPV-DB (Qiu, J., Zenodo, 2026, doi:10.5281/zenodo.20841543)"
POBDFBT,ITIC,CCCCCCCCCCC(CCCCCCCCCC)Cc1cc(-c2c(F)c(F)c(-c3cc(CC(CCCCCCCCCC)CCCCCCCCCC)c(-c4ccc(-c5cc6c(OCC(CC)CCCC)c7sccc7c(OCC(CC)CCCC)c6s5)s4)s3)c3nsnc23)sc1-c1cccs1,CCCCCCc1ccc(C2(c3ccc(CCCCCC)cc3)c3cc4c(cc3-c3sc5cc(C=C6C(=O)c7ccccc7C6=C(C#N)C#N)sc5c32)C(c2ccc(CCCCCC)cc2)(c2ccc(CCCCCC)cc2)c2c-4sc3cc(C=C4C(=O)c5ccccc5C4=C(C#N)C#N)sc23)cc1,0.82,16.59,46.5,6.16,-5.43,-3.66,-5.576,-3.916,,,2019,10.1016/j.solener.2019.03.029,"OPV-DB (Qiu, J., Zenodo, 2026, doi:10.5281/zenodo.20841543)"
PBDD-CH,ITIC,CCCCC(CC)Cc1ccc(-c2c3cc(-c4sc(-c5sc(-c6cc(CC7CCCCC7)cs6)c6c5C(=O)c5c(CC(CC)CCCC)sc(CC(CC)CCCC)c5C6=O)cc4CC4CCCCC4)sc3c(-c3ccc(CC(CC)CCCC)s3)c3ccsc23)s1,CCCCCCc1ccc(C2(c3ccc(CCCCCC)cc3)c3cc4c(cc3-c3sc5cc(C=C6C(=O)c7ccccc7C6=C(C#N)C#N)sc5c32)C(c2ccc(CCCCCC)cc2)(c2ccc(CCCCCC)cc2)c2c-4sc3cc(C=C4C(=O)c5ccccc5C4=C(C#N)C#N)sc23)cc1,0.98,11.89,52.81,6.15,-5.52,-3.67,-5.61,-4.02,,,2019,10.1039/c9tc02663k,"OPV-DB (Qiu, J., Zenodo, 2026, doi:10.5281/zenodo.20841543)"
PTBTz-2,PBDTβNPDI,CCOC(=O)c1cc2c(-c3nccs3)sc(-c3ncc(-c4cc5c(-c6ccc(CC)s6)c6sc(-c7cnc(-c8sc(-c9ncc(-c%10cc%11c(-c%12ccc(CC)s%12)c%12sc(-c%13cnc(-c%14sc(-c%15ncc(-c%16cc%17c(-c%18ccc(CC)s%18)c%18sccc%18c(-c%18ccc(CC)s%18)c%17s%16)s%15)c%15sc(C(=O)OCC)cc%14%15)s%13)cc%12c(-c%12ccc(CC)s%12)c%11s%10)s9)c9sc(C(=O)OCC)cc89)s7)cc6c(-c6ccc(CC)s6)c5s4)s3)c2s1,CCCCCCCCCCC(CCCCCCCC)COc1c2cc(-c3cc4c5c(ccc6c7ccc8c9c(ccc(c3c56)c97)C(=O)N(C(CCC)CCC)C8=O)C(=O)N(C(CCC)CCC)C4=O)sc2c(-c2ccc3ccccc3c2)c2ccsc12,0.87,13.89,50.56,6.14,-5.48,-3.52,-5.93,-3.84,,,2019,10.1016/j.dyepig.2019.107608,"OPV-DB (Qiu, J., Zenodo, 2026, doi:10.5281/zenodo.20841543)"
PTPTI-T-FBT,PC71BM,CCCCCCCCCCC(CCCCCCCC)Cn1c(=O)c2cc3c(cc2c2sccc21)c(=O)n(CC(CCCCCCCC)CCCCCCCCCC)c1cc(-c2sc(-c4c(F)c(F)c(-c5cc(CCCCCC)cs5)c5nsnc45)cc2CCCCCC)sc31,COC(=O)CCCC1(c2ccccc2)C23c4c5ccc6c7cc8c9c%10c(cc%11cc%12c%13c%14c(cc%15c%16ccc-5c2c%16c2c5c%16c%17c(c(c46)c7c9c%17c4c%10c%11c%13c4c%16c%14c%152)C513)C%12)C8,0.86,16.3,43.7,6.13,-5.59,-3.74,-6.1,-4.2,,,2019,10.1016/j.polymer.2019.121850,"OPV-DB (Qiu, J., Zenodo, 2026, doi:10.5281/zenodo.20841543)"
J52-2F,CRIC,CCCCCCCCC(CCCCCC)Cn1nc2c(-c3cccs3)c(F)c(F)c(-c3ccc(-c4cc5c(-c6cc(F)c(CC(CC)CCCC)s6)c6sccc6c(-c6cc(F)c(CC(CC)CCCC)s6)c5s4)s3)c2n1,CCCCCCc1ccc(C2(c3ccc(CCCCCC)cc3)c3cc(/C=C4\C(=O)c5ccccc5C4=C(C#N)C#N)sc3-c3cc4c5cccc6c5c(cc4c4cccc2c34)-c2sc(/C=C3\C(=O)c4ccccc4C3=C(C#N)C#N)cc2C6(c2ccc(CCCCCC)cc2)c2ccc(CCCCCC)cc2)cc1,0.937,13.41,48.7,6.12,-5.36,-3.42,-5.44,-3.82,,,2019,10.1016/j.dyepig.2019.108012,"OPV-DB (Qiu, J., Zenodo, 2026, doi:10.5281/zenodo.20841543)"
PBDT-BZ,TBDB-Na,CCCCCCCCC(CCCCCC)Cn1nc2c(-c3cccs3)c(F)c(F)c(-c3ccc(-c4cc5c(-c6ccc(SCC(CCCC)CCCCCC)s6)c6sccc6c(-c6ccc(SCC(CCCC)CCCCCC)s6)c5s4)s3)c2n1,CCCCCCc1ccc(C2(c3ccc(CCCCCC)cc3)c3cc(/C=C4/C(=O)c5cc6ccccc6cc5C4=C(C#N)C#N)sc3-c3sc4c(sc5c(-c6ccc(SCC(CC)CCCC)cc6)c6c7c(sc6c(-c6ccc(SCC(CC)CCCC)cc6)c54)-c4sc(/C=C5/C(=O)c6cc8ccccc8cc6C5=C(C#N)C#N)cc4C7(c4ccc(CCCCCC)cc4)c4ccc(CCCCCC)cc4)c32)cc1,0.903,13.02,51.6,6.1,-5.38,-3.56,-5.45,-3.77,,,2019,10.1021/acsami.9b14981,"OPV-DB (Qiu, J., Zenodo, 2026, doi:10.5281/zenodo.20841543)"
PBDB-T,PNDI-T-TT,CCCCC(CC)Cc1ccc(-c2c3cc(-c4ccc(-c5sc(-c6cccs6)c6c5C(=O)c5c(CC(CC)CCCC)sc(CC(CC)CCCC)c5C6=O)s4)sc3c(-c3ccc(CC(CC)CCCC)s3)c3ccsc23)s1,CCCCCCCCCCC(CCCCCCCC)CN1C(=O)c2ccc3c4c(c(-c5ccc(-c6cc7sccc7s6)s5)cc(c24)C1=O)C(=O)N(CC(CCCCCCCC)CCCCCCCCCC)C3=O,0.84,11.72,62.0,6.09,-5.33,-3.48,-5.81,-3.76,,,2019,10.1021/acsami.9b12814,"OPV-DB (Qiu, J., Zenodo, 2026, doi:10.5281/zenodo.20841543)"
PBDB-T,IDT-ToFIC,CCCCC(CC)Cc1ccc(-c2c3cc(-c4ccc(-c5sc(-c6cccs6)c6c5C(=O)c5c(CC(CC)CCCC)sc(CC(CC)CCCC)c5C6=O)s4)sc3c(-c3ccc(CC(CC)CCCC)s3)c3ccsc23)s1,CCCCCCc1ccc(C2(c3ccc(CCCCCC)cc3)c3cc4c(cc3-c3sc(-c5cc(-c6ccc(CCCCCC)s6)c(/C=C6\C(=O)c7cc(F)c(F)cc7C6=C(C#N)C#N)s5)cc32)C(c2ccc(CCCCCC)cc2)(c2ccc(CCCCCC)cc2)c2cc(-c3cc(-c5ccc(CCCCCC)s5)c(/C=C5\C(=O)c6cc(F)c(F)cc6C5=C(C#N)C#N)s3)sc2-4)cc1,0.88,16.76,65.0,9.4,-5.33,-2.92,-5.55,-3.86,,,2019,10.1021/acsami.9b02964,"OPV-DB (Qiu, J., Zenodo, 2026, doi:10.5281/zenodo.20841543)"
CY1,IDIC,CCCCC(CC)Cc1sc(CC(CC)CCCC)c2c1C(=O)c1c(-c3cccs3)sc(-c3ccc(-c4cc5c(-c6ccc(SCCCCCC[Si](C)(O[Si](C)(C)C)O[Si](C)(C)C)s6)c6sccc6c(-c6ccc(SCCCCCC[Si](C)(O[Si](C)(C)C)O[Si](C)(C)C)s6)c5s4)s3)c1C2=O,CCCCCCC1(CCCCCC)c2cc3c(cc2-c2sc(/C=C4\C(=O)c5ccccc5C4=C(C#N)C#N)cc21)C(CCCCCC)(CCCCCC)c1cc(/C=C2\C(=O)c4ccccc4C2=C(C#N)C#N)sc1-3,0.89,15.56,70.7,9.79,-5.39,-3.55,-5.69,-3.91,,,2019,10.1016/j.synthmet.2019.116116,"OPV-DB (Qiu, J., Zenodo, 2026, doi:10.5281/zenodo.20841543)"
PBDB-T,m-ITIC-O-EH,CCCCC(CC)Cc1ccc(-c2c3cc(-c4ccc(-c5sc(-c6cccs6)c6c5C(=O)c5c(CC(CC)CCCC)sc(CC(CC)CCCC)c5C6=O)s4)sc3c(-c3ccc(CC(CC)CCCC)s3)c3ccsc23)s1,CCCCC(CC)COc1cccc(C2(c3cccc(OCC(CC)CCCC)c3)c3cc4c(cc3-c3sc5cc(/C=C6\C(=O)c7ccccc7C6=C(C#N)C#N)sc5c32)C(c2cccc(OCC(CC)CCCC)c2)(c2cccc(OCC(CC)CCCC)c2)c2c-4sc3cc(/C=C4\C(=O)c5ccccc5C4=C(C#N)C#N)sc23)c1,0.88,15.88,68.0,9.77,-4.89,-3.09,-5.25,-3.63,,,2019,10.1002/aenm.201900044,"OPV-DB (Qiu, J., Zenodo, 2026, doi:10.5281/zenodo.20841543)"
dFT-HTAZ,ITIC-Th1,CCCCCCC(CCCC)CCc1c2cc(-c3sc(-c4ccc(-c5scc(F)c5F)c5nn(CC(CCCC)CCCCCC)nc45)c(F)c3F)sc2c(CCC(CCCC)CCCCCC)c2ccsc12,CCCCCCc1ccc(C2(c3ccc(CCCCCC)s3)c3cc4c(cc3-c3sc5cc(C=C6C(=O)c7cc(F)ccc7C6=C(C#N)C#N)sc5c32)C(c2ccc(CCCCCC)s2)(c2ccc(CCCCCC)s2)c2c-4sc3cc(C=C4C(=O)c5cc(F)ccc5C4=C(C#N)C#N)sc23)s1,0.991,16.12,57.1,9.76,-5.78,-3.77,-5.74,-4.01,,,2019,10.1021/acs.macromol.9b01168,"OPV-DB (Qiu, J., Zenodo, 2026, doi:10.5281/zenodo.20841543)"
PBDTBPS-BDD,ITIC,CCCCCCCCC(CCCCCC)CSc1ccc(-c2ccc(-c3c4cc(-c5ccc(-c6sc(-c7cccs7)c7c6C(=O)c6c(CC(CC)CCCC)sc(CC(CC)CCCC)c6C7=O)s5)sc4c(-c4ccc(-c5ccc(SCC(CCCCCC)CCCCCCCC)cc5)cc4)c4ccsc34)cc2)cc1,CCCCCCc1ccc(C2(c3ccc(CCCCCC)cc3)c3cc4c(cc3-c3sc5cc(C=C6C(=O)c7ccccc7C6=C(C#N)C#N)sc5c32)C(c2ccc(CCCCCC)cc2)(c2ccc(CCCCCC)cc2)c2c-4sc3cc(C=C4C(=O)c5ccccc5C4=C(C#N)C#N)sc23)cc1,0.94,17.01,59.12,9.76,-5.3,-3.47,-5.576,-3.916,,,2019,10.1039/c9tc01082c,"OPV-DB (Qiu, J., Zenodo, 2026, doi:10.5281/zenodo.20841543)"
H11,IDIC,CCCCCCCCC(CCCCCC)Cn1nc2c(-c3ccc(/C=C(/C#N)C(=O)OCC(CC)CCCC)s3)c(F)c(F)c(-c3ccc(-c4cc5c(-c6ccc(CC(CC)CCCC)s6)c6sc(-c7ccc(-c8c(F)c(F)c(-c9ccc(/C=C(\C#N)C(=O)OCC(CC)CCCC)s9)c9nn(CC(CCCCCC)CCCCCCCC)nc89)s7)cc6c(-c6ccc(CC(CC)CCCC)s6)c5s4)s3)c2n1,CCCCCCC1(CCCCCC)c2cc3c(cc2-c2sc(/C=C4\C(=O)c5ccccc5C4=C(C#N)C#N)cc21)C(CCCCCC)(CCCCCC)c1cc(/C=C2\C(=O)c4ccccc4C2=C(C#N)C#N)sc1-3,0.98,15.21,65.46,9.73,-5.27,-3.45,-5.69,-3.91,,,2019,10.1002/solr.201900528,"OPV-DB (Qiu, J., Zenodo, 2026, doi:10.5281/zenodo.20841543)"
PBZ-3Si,IT-M,C[Si](C)(C)O[Si](C)(CCCCCCc1ccc(-c2c3cc(-c4ccc(-c5c(F)c(F)c(-c6cccs6)c6nn(CCCCCC[Si](C)(O[Si](C)(C)C)O[Si](C)(C)C)nc56)s4)sc3c(-c3ccc(CCCCCC[Si](C)(O[Si](C)(C)C)O[Si](C)(C)C)s3)c3ccsc23)s1)O[Si](C)(C)C,CCCCCCc1ccc(C2(c3ccc(CCCCCC)cc3)c3cc4c(cc3-c3sc5cc(/C=C6\C(=O)c7ccc(C)cc7C6=C(C#N)C#N)sc5c32)C(c2ccc(CCCCCC)cc2)(c2ccc(CCCCCC)cc2)c2c-4sc3cc(/C=C4\C(=O)c5ccc(C)cc5C4=C(C#N)C#N)sc23)cc1,0.92,15.56,67.69,9.7,-5.21,-3.27,-5.58,-3.98,,,2019,10.1021/acsami.9b08722,"OPV-DB (Qiu, J., Zenodo, 2026, doi:10.5281/zenodo.20841543)"
PBDB-T-SF,ITIC2,CCCCC(CC)CSc1sc(-c2c3cc(-c4ccc(-c5sc(-c6cccs6)c6c5C(=O)c5c(CC(CC)CCCC)sc(CC(CC)CCCC)c5C6=O)s4)sc3c(-c3cc(F)c(SCC(CC)CCCC)s3)c3ccsc23)cc1F,CCCCCCc1ccc(C2(c3ccc(CCCCCC)cc3)c3cc(C=C4C(=O)c5ccccc5C4=C(C#N)C#N)sc3-c3sc4c(-c5ccc(CC(CC)CCCC)s5)c5c6c(sc5c(-c5ccc(CC(CC)CCCC)s5)c4c32)-c2sc(C=C3C(=O)c4ccccc4C3=C(C#N)C#N)cc2C6(c2ccc(CCCCCC)cc2)c2ccc(CCCCCC)cc2)cc1,1.069,15.49,58.6,9.7,-5.4,-3.6,-5.48,-3.84,,,2019,10.1021/acsami.9b11700,"OPV-DB (Qiu, J., Zenodo, 2026, doi:10.5281/zenodo.20841543)"
PBDB-TF,IE-4Cl,CCCCC(CC)Cc1sc(-c2c3cc(-c4ccc(-c5sc(-c6cccs6)c6c5C(=O)c5c(CC(CC)CCCC)sc(CC(CC)CCCC)c5C6=O)s4)sc3c(-c3cc(F)c(CC(CC)CCCC)s3)c3ccsc23)cc1F,CCCCCCc1ccc(C2(c3ccc(CCCCCC)cc3)c3cc4c(cc3-c3sc(-c5sc(/C=C6\C(=O)c7cc(Cl)c(Cl)cc7C6=C(C#N)C#N)cc5CC(CC)CCCC)cc32)C(c2ccc(CCCCCC)cc2)(c2ccc(CCCCCC)cc2)c2cc(-c3sc(/C=C5\C(=O)c6cc(Cl)c(Cl)cc6C5=C(C#N)C#N)cc3CC(CC)CCCC)sc2-4)cc1,0.89,17.82,61.0,9.7,-5.49,-3.64,-5.54,-4.11,,,2019,10.1021/acsami.9b10243,"OPV-DB (Qiu, J., Zenodo, 2026, doi:10.5281/zenodo.20841543)"
PBDB-TF,COBDT-4Cl,CCCCC(CC)Cc1sc(-c2c3cc(-c4ccc(-c5sc(-c6cccs6)c6c5C(=O)c5c(CC(CC)CCCC)sc(CC(CC)CCCC)c5C6=O)s4)sc3c(-c3cc(F)c(CC(CC)CCCC)s3)c3ccsc23)cc1F,CCCCCCCCOc1c2sc3c(c2c(CCCCCCCC)c2sc4c(c12)C(c1ccc(CCCCCC)cc1)(c1ccc(CCCCCC)cc1)c1cc(/C=C2\C(=O)c5cc(Cl)c(Cl)cc5C2=C(C#N)C#N)sc1-4)C(c1ccc(CCCCCC)cc1)(c1ccc(CCCCCC)cc1)c1cc(/C=C2\C(=O)c4cc(Cl)c(Cl)cc4C2=C(C#N)C#N)sc1-3,0.86,21.6,70.0,13.5,-5.5,-3.68,-5.57,-3.98,,,2019,10.1016/j.nanoen.2019.104209,"OPV-DB (Qiu, J., Zenodo, 2026, doi:10.5281/zenodo.20841543)"
PBTA-PS-F,ITIC,CCCCCCCCC(CCCCCC)CSc1ccc(-c2c3cc(-c4ccc(-c5c(F)c(F)c(-c6ccc(-c7cc8c(-c9ccc(SCC(CCCCCC)CCCCCCCC)c(F)c9)c9sc(-c%10ccc(-c%11c(F)c(F)c(-c%12cccs%12)c%12nn(CC(CCCCCC)CCCCCCCC)nc%11%12)s%10)cc9c(-c9ccc(SCC(CCCCCC)CCCCCCCC)c(F)c9)c8s7)s6)c6nn(CC(CCCCCC)CCCCCCCC)nc56)s4)sc3c(-c3ccc(SCC(CCCCCC)CCCCCCCC)cc3)c3ccsc23)cc1,CCCCCCc1ccc(C2(c3ccc(CCCCCC)cc3)c3cc4c(cc3-c3sc5cc(C=C6C(=O)c7ccccc7C6=C(C#N)C#N)sc5c32)C(c2ccc(CCCCCC)cc2)(c2ccc(CCCCCC)cc2)c2c-4sc3cc(C=C4C(=O)c5ccccc5C4=C(C#N)C#N)sc23)cc1,0.97,18.46,75.29,13.48,-5.48,-3.53,-5.576,-3.916,,,2019,10.1039/c9ta10610c,"OPV-DB (Qiu, J., Zenodo, 2026, doi:10.5281/zenodo.20841543)"
J11,Y6-T,CCCCCCCCc1sc(-c2c3cc(-c4ccc(-c5c(F)c(F)c(-c6ccc(C)s6)c6nn(CC(CCCCCCCC)CCCCCCCC)nc56)s4)sc3c(-c3cc(Cl)c(CCCCCCCC)s3)c3cc(C)sc23)cc1Cl,CCCCCCCCCCCc1c(/C=C2\C(=O)c3cscc3C2=C(C#N)C#N)sc2c1sc1c3c4nsnc4c4c5sc6c(CCCCCCCCCCC)c(/C=C7\C(=O)c8cscc8C7=C(C#N)C#N)sc6c5n(CC(CC)CCCC)c4c3n(CC(CC)CCCC)c21,0.89,21.21,71.6,13.46,-5.48,-3.76,-5.56,-3.76,,,2019,10.1039/c9cp05015a,"OPV-DB (Qiu, J., Zenodo, 2026, doi:10.5281/zenodo.20841543)"
PBDB-T,IPIC-4Cl,CCCCC(CC)Cc1ccc(-c2c3cc(-c4ccc(-c5sc(-c6cccs6)c6c5C(=O)c5c(CC(CC)CCCC)sc(CC(CC)CCCC)c5C6=O)s4)sc3c(-c3ccc(CC(CC)CCCC)s3)c3ccsc23)s1,CCCCCCc1ccc(C2(c3ccc(CCCCCC)cc3)c3cc4c(cc3-c3sc5c6sc(/C=C7\C(=O)c8cc(Cl)c(Cl)cc8C7=C(C#N)C#N)cc6n(CC(CCCC)CCCCCC)c5c32)C(c2ccc(CCCCCC)cc2)(c2ccc(CCCCCC)cc2)c2c-4sc3c4sc(/C=C5\C(=O)c6cc(Cl)c(Cl)cc6C5=C(C#N)C#N)cc4n(CC(CCCC)CCCCCC)c23)cc1,0.813,22.2,74.0,13.4,-5.33,-3.48,-5.51,-3.95,,,2019,10.1021/acsenergylett.9b00147,"OPV-DB (Qiu, J., Zenodo, 2026, doi:10.5281/zenodo.20841543)"
PB3TCN-BO,IT-4F,CCCCCCCCc1csc(-c2sc(-c3cc(CCCCCCCC)c(-c4cc5c(-c6ccc(CC(CCCC)CCCCCC)s6)c6sccc6c(-c6ccc(CC(CCCC)CCCCCC)s6)c5s4)s3)c(C#N)c2C#N)c1,CCCCCCc1ccc(C2(c3ccc(CCCCCC)cc3)c3cc4c(cc3-c3sc5cc(/C=C6\C(=O)c7cc(F)c(F)cc7C6=C(C#N)C#N)sc5c32)C(c2ccc(CCCCCC)cc2)(c2ccc(CCCCCC)cc2)c2c-4sc3cc(/C=C4\C(=O)c5cc(F)c(F)cc5C4=C(C#N)C#N)sc23)cc1,0.91,21.2,69.0,13.4,-5.72,-3.52,-5.66,-4.14,,,2019,10.1002/aenm.201904247,"OPV-DB (Qiu, J., Zenodo, 2026, doi:10.5281/zenodo.20841543)"
PM6,DTC-4F,CCCCC(CC)Cc1sc(-c2c3cc(-c4ccc(-c5sc(-c6cccs6)c6c5C(=O)c5c(CC(CC)CCCC)sc(CC(CC)CCCC)c5C6=O)s4)sc3c(-c3cc(F)c(CC(CC)CCCC)s3)c3ccsc23)cc1F,CCc1ccc(C2(c3ccc(CC)cc3)c3cc4c5cc6c(cc5n(CC)c4cc3-c3sc(/C=C4\C(=O)c5cc(F)c(F)cc5C4=C(C#N)C#N)cc32)-c2sc(/C=C3\C(=O)c4cc(F)c(F)cc4C3=C(C#N)C#N)cc2C6(c2ccc(CC)cc2)c2ccc(CC)cc2)cc1,0.94,20.2,70.42,13.37,-5.56,-3.65,-5.79,-3.92,,,2019,10.1039/c9ta12605h,"OPV-DB (Qiu, J., Zenodo, 2026, doi:10.5281/zenodo.20841543)"
PTBD-BZ,BDTB-Na,CCCCCCCCC(CCCCCC)Cn1nc2c(-c3cccs3)c(F)c(F)c(-c3ccc(-c4cc5sc6c(-c7ccc(SCC(CCCC)CCCCCC)s7)c7ccsc7c(-c7ccc(SCC(CCCC)CCCCCC)s7)c6c5s4)s3)c2n1,CCCCCCc1ccc(C2(c3ccc(CCCCCC)cc3)c3cc(/C=C4/C(=O)c5cc6ccccc6cc5C4=C(C#N)C#N)sc3-c3sc4c(-c5ccc(SCC(CC)CCCC)cc5)c5c6c(sc5c(-c5ccc(SCC(CC)CCCC)cc5)c4c32)-c2sc(/C=C3/C(=O)c4cc5ccccc5cc4C3=C(C#N)C#N)cc2C6(c2ccc(CCCCCC)cc2)c2ccc(CCCCCC)cc2)cc1,0.875,18.25,61.0,9.85,-5.4,-3.59,-5.5,-3.8,,,2019,10.1021/acsami.9b14981,"OPV-DB (Qiu, J., Zenodo, 2026, doi:10.5281/zenodo.20841543)"
PBDB-T,CZTT-4F,CCCCC(CC)Cc1ccc(-c2c3cc(-c4ccc(-c5sc(-c6cccs6)c6c5C(=O)c5c(CC(CC)CCCC)sc(CC(CC)CCCC)c5C6=O)s4)sc3c(-c3ccc(CC(CC)CCCC)s3)c3ccsc23)s1,CCc1ccc(C2(c3ccc(CC)cc3)c3cc4c5cc6c(cc5n(CC)c4cc3-c3sc4cc(/C=C5\C(=O)c7cc(F)c(F)cc7C5=C(C#N)C#N)sc4c32)-c2sc3cc(/C=C4\C(=O)c5cc(F)c(F)cc5C4=C(C#N)C#N)sc3c2C6(c2ccc(CC)cc2)c2ccc(CC)cc2)cc1,0.88,19.06,58.47,9.81,-5.33,-3.48,-5.61,-4.11,,,2019,10.1039/c9ta08573d,"OPV-DB (Qiu, J., Zenodo, 2026, doi:10.5281/zenodo.20841543)"
P3HT,JC2,CCCCCCc1ccsc1,CCCCCCCCC1(CCCCCCCC)c2cc3c(cc2-c2sc(-c4c5cc(C(=O)OCC)sc5c(/C=c5\sc(=C(C#N)C#N)n(CC)c5=O)c5nn(CC(CC)CCCC)nc45)cc21)C(CCCCCCCC)(CCCCCCCC)c1cc(-c2c4cc(C(=O)OCC)sc4c(/C=c4\sc(=C(C#N)C#N)n(CC)c4=O)c4nn(CC(CC)CCCC)nc24)sc1-3,0.71,13.96,63.0,6.24,-5.01,-3.12,-5.48,-3.73,,,2019,10.1021/acsami.9b08007,"OPV-DB (Qiu, J., Zenodo, 2026, doi:10.5281/zenodo.20841543)"
POBDFBT,PC71BM,CCCCCCCCCCC(CCCCCCCCCC)Cc1cc(-c2c(F)c(F)c(-c3cc(CC(CCCCCCCCCC)CCCCCCCCCC)c(-c4ccc(-c5cc6c(OCC(CC)CCCC)c7sccc7c(OCC(CC)CCCC)c6s5)s4)s3)c3nsnc23)sc1-c1cccs1,COC(=O)CCCC1(c2ccccc2)C23c4c5ccc6c7cc8c9c%10c(cc%11cc%12c%13c%14c(cc%15c%16ccc-5c2c%16c2c5c%16c%17c(c(c46)c7c9c%17c4c%10c%11c%13c4c%16c%14c%152)C513)C%12)C8,0.71,13.67,64.0,6.23,-5.43,-3.66,-5.9,-3.9,,,2019,10.1016/j.solener.2019.03.029,"OPV-DB (Qiu, J., Zenodo, 2026, doi:10.5281/zenodo.20841543)"
PPDT2FBT,PC70BM,CCCCCCCCC(CCCCCC)COc1ccc(OCC(CCCCCC)CCCCCCCC)c(-c2ccc(-c3c(F)c(F)c(-c4cccs4)c4nsnc34)s2)c1,CCCCC(=O)OCC1(C2=CC=CC=C2)C3=CC=CC4=CC=CC5=CC=CC6=CC=C7C=CC=CC8=CC=CC1=C8C7=C6C5=C4C3,0.73,14.5,58.0,6.2,-5.43,-3.67,-6.1,-3.9,,,2019,10.1016/j.jmst.2019.07.027,"OPV-DB (Qiu, J., Zenodo, 2026, doi:10.5281/zenodo.20841543)"
J71,ZITI-N,CCCCCCCCC(CCCCCC)Cn1nc2c(-c3cccs3)c(F)c(F)c(-c3ccc(-c4cc5c(-c6ccc([Si](CCC)(CCC)CCC)s6)c6sccc6c(-c6ccc([Si](CCC)(CCC)CCC)s6)c5s4)s3)c2n1,CCCCCCC(CCCC)CC1(CC(CCCC)CCCCCC)C2=C(c3cc4c(cc31)c1sc(/C=C3\C(=O)c5cc(F)c(F)cc5C3=C(C#N)C#N)cc1n4C)C(CC(CCCC)CCCCCC)(CC(CCCC)CCCCCC)c1cc3c4sc(/C=C5\C(=O)c6cc(F)c(F)cc6C5=C(C#N)C#N)cc4n(C)c3cc12,0.876,21.78,72.0,13.68,-5.4,-3.24,-5.57,-3.82,,,2019,10.1016/j.isci.2019.08.038,"OPV-DB (Qiu, J., Zenodo, 2026, doi:10.5281/zenodo.20841543)"
PM7,BDSePhCl,CCCCC(CC)Cc1sc(-c2c3ccsc3c(-c3cc(Cl)c(CC(CC)CCCC)s3)c3sc(-c4ccc(-c5sc(-c6cccs6)c6c5C(=O)c5c(CC(CC)CCCC)sc(CC(CC)CCCC)c5C6=O)s4)cc23)cc1Cl,CCc1ccc(C2(c3ccc(CC)cc3)c3cc(/C=C4\C(=O)c5ccc(Cl)cc5C4=C(C#N)C#N)sc3-c3[se]c4cc5c6c([se]c5cc4c32)-c2sc(/C=C3/C(=O)c4ccc(Cl)cc4C3=C(C#N)C#N)cc2C6(c2ccc(CC)cc2)c2ccc(CC)cc2)cc1,0.92,20.35,73.1,13.68,-5.575,-3.67,-5.61,-3.96,,,2019,10.1039/c9ta03177d,"OPV-DB (Qiu, J., Zenodo, 2026, doi:10.5281/zenodo.20841543)"
PBDB-TF,ITIC-F,CCCCC(CC)Cc1sc(-c2c3cc(-c4ccc(-c5sc(-c6cccs6)c6c5C(=O)c5c(CC(CC)CCCC)sc(CC(CC)CCCC)c5C6=O)s4)sc3c(-c3cc(F)c(CC(CC)CCCC)s3)c3ccsc23)cc1F,CCCCCCc1ccc(C2(c3ccc(CCCCCC)cc3)c3cc4c(cc3-c3sc5cc(/C=C6\C(=O)c7ccc(F)cc7C6=C(C#N)C#N)sc5c32)C(c2ccc(CCCCCC)cc2)(c2ccc(CCCCCC)cc2)c2c-4sc3cc(/C=C4\C(=O)c5ccc(F)cc5C4=C(C#N)C#N)sc23)cc1,0.93,19.35,76.0,13.68,-5.48,-3.6,-5.69,-3.99,,,2019,10.1039/c9ta04789a,"OPV-DB (Qiu, J., Zenodo, 2026, doi:10.5281/zenodo.20841543)"
PBDB-T-2Cl,ITIC-4F,CCCCC(CC)Cc1sc(-c2c3cc(-c4ccc(-c5sc(-c6cccs6)c6c5C(=O)c5c(CC(CC)CCCC)sc(CC(CC)CCCC)c5C6=O)s4)sc3c(-c3cc(Cl)c(CC(CC)CCCC)s3)c3ccsc23)cc1Cl,CCCCCCc1ccc(C2(c3ccc(CCCCCC)cc3)c3cc4c(cc3-c3sc5cc(/C=C6/C(=O)c7cc(F)c(F)cc7C6=C(C#N)C#N)sc5c32)C(c2ccc(CCCCCC)cc2)(c2ccc(CCCCCC)cc2)c2c-4sc3cc(/C=C4/C(=O)c5cc(F)c(F)cc5C4=C(C#N)C#N)sc23)cc1,0.85,21.57,72.36,13.6,-5.52,-3.6,-5.82,-4.24,,,2019,10.1021/acsaem.9b02176,"OPV-DB (Qiu, J., Zenodo, 2026, doi:10.5281/zenodo.20841543)"
PBDB-T,a-BTTIC,CCCCC(CC)Cc1ccc(-c2c3cc(-c4ccc(-c5sc(-c6cccs6)c6c5C(=O)c5c(CC(CC)CCCC)sc(CC(CC)CCCC)c5C6=O)s4)sc3c(-c3ccc(CC(CC)CCCC)s3)c3ccsc23)s1,CCCCCCc1ccc(C2(c3ccc(CCCCCC)cc3)c3cc(/C=C4\C(=O)c5c(csc5C)C4=C(C#N)C#N)sc3-c3sc4c(-c5ccc(CC(CC)CCCC)s5)c5c6c(sc5c(-c5ccc(CC(CC)CCCC)s5)c4c32)-c2sc3cc(/C=C4\C(=O)c5c(csc5C)C4=C(C#N)C#N)sc3c2C6(c2ccc(CCCCCC)cc2)c2ccc(CCCCCC)cc2)cc1,0.904,20.31,74.0,13.6,-5.31,-3.5,-5.45,-3.83,,,2019,10.1039/c9ta02283j,"OPV-DB (Qiu, J., Zenodo, 2026, doi:10.5281/zenodo.20841543)"
PBDB-T,BTTIC-4M,CCCCC(CC)Cc1ccc(-c2c3cc(-c4ccc(-c5sc(-c6cccs6)c6c5C(=O)c5c(CC(CC)CCCC)sc(CC(CC)CCCC)c5C6=O)s4)sc3c(-c3ccc(CC(CC)CCCC)s3)c3ccsc23)s1,CCCCCCc1ccc(C2(c3ccc(CCCCCC)cc3)c3c(-c4ccc(CC(CC)CCCC)s4)c4c(c(-c5ccc(CC(CC)CCCC)s5)c3-c3sc5cc(/C=C6\C(=O)c7c(C)sc(C)c7C6=C(C#N)C#N)sc5c32)C(c2ccc(CCCCCC)cc2)(c2ccc(CCCCCC)cc2)c2c-4sc3cc(/C=C4\C(=O)c5c(C)sc(C)c5C4=C(C#N)C#N)sc23)cc1,0.968,15.67,63.7,9.6,-5.33,-3.53,-5.55,-3.79,,,2019,10.1039/c9ta00597h,"OPV-DB (Qiu, J., Zenodo, 2026, doi:10.5281/zenodo.20841543)"
PBDB-T,mO-ITIC,CCCCC(CC)Cc1ccc(-c2c3cc(-c4ccc(-c5sc(-c6cccs6)c6c5C(=O)c5c(CC(CC)CCCC)sc(CC(CC)CCCC)c5C6=O)s4)sc3c(-c3ccc(CC(CC)CCCC)s3)c3ccsc23)s1,CCCCCCOc1cccc(C2(c3cccc(OCCCCCC)c3)c3cc4c(cc3-c3sc5cc(/C=C6\C(=O)c7ccccc7C6=C(C#N)C#N)sc5c32)C(c2cccc(OCCCCCC)c2)(c2cccc(OCCCCCC)c2)c2c-4sc3cc(/C=C4\C(=O)c5ccccc5C4=C(C#N)C#N)sc23)c1,0.85,15.99,70.0,9.55,-4.89,-3.09,-5.25,-3.65,,,2019,10.1002/aenm.201900044,"OPV-DB (Qiu, J., Zenodo, 2026, doi:10.5281/zenodo.20841543)"
P-BO,ITIC-Th,CCCCCCCCC(CCCCCCCC)n1c2c3ccccc3sc2c2sc3cc(-c4c(F)c(F)cc5nn(CCCCCCCC)nc45)ccc3c21,CCCCCCc1ccc(C2(c3ccc(CCCCCC)s3)c3cc4c(cc3-c3sc5cc(/C=C6\C(=O)c7ccccc7C6=C(C#N)C#N)sc5c32)C(c2ccc(CCCCCC)s2)(c2ccc(CCCCCC)s2)c2c-4sc3cc(/C=C4\C(=O)c5ccccc5C4=C(C#N)C#N)sc23)s1,1.07,14.12,61.39,9.55,-5.69,-3.36,-5.673,-3.909,,,2019,10.1021/jacs.9b03770,"OPV-DB (Qiu, J., Zenodo, 2026, doi:10.5281/zenodo.20841543)"
PBDT-BTP-OD,IT-M,CCCCCCCCCCC(CCCCCCCC)Cn1c2c(cc(-c3cc4sc(-c5cccs5)cc4n(CC(CCCCCCCC)CCCCCCCCCC)c3=O)c1=O)CC(c1ccc(-c3cc4c(-c5ccc(CC(CC)CCCC)s5)c5sccc5c(-c5ccc(CC(CC)CCCC)s5)c4s3)s1)=C2,CCCCCCc1ccc(C2(c3ccc(CCCCCC)cc3)c3cc4c(cc3-c3sc5cc(/C=C6\C(=O)c7ccc(C)cc7C6=C(C#N)C#N)sc5c32)C(c2ccc(CCCCCC)cc2)(c2ccc(CCCCCC)cc2)c2c-4sc3cc(/C=C4\C(=O)c5ccc(C)cc5C4=C(C#N)C#N)sc23)cc1,0.91,14.38,72.66,9.54,-5.3,-3.05,-5.514,-3.808,,,2019,10.1039/c9tc04014e,"OPV-DB (Qiu, J., Zenodo, 2026, doi:10.5281/zenodo.20841543)"
PTTEA,Alq3-PDI2,CCCCCCCCCCC(CCCCCCCC)COC(=O)c1cc(-c2c(F)c(F)c(-c3cc(C(=O)OCC(CCCCCCCC)CCCCCCCCCC)c(-c4cc(CC(CCCCCC)CCCCCCCC)c(-c5ccc(-c6c(F)c(F)c(-c7ccc(C)s7)c7nsnc67)s5)s4)s3)c3nsnc23)sc1-c1cc(CC(CCCCCC)CCCCCCCC)c(C)s1,CCCCC(CCCC)n1c(=O)c2ccc3c4ccc5c(=O)n(C(CCCC)CCCC)c(=O)c6cc7c8c9cc%10c(=O)n(C(CCCC)CCCC)c(=O)c%11cc(-c%12ccc%13c%14c%12ccc[n+]%14[Al-3]%12%14(O%13)(Oc%13ccc(-c%15cc%16c(=O)n(C(CCCC)CCCC)c(=O)c%17cc%18c%19c%20cc%21c(=O)n(C(CCCC)CCCC)c(=O)c%22ccc%23c%24ccc%25c(=O)n(C(CCCC)CCCC)c(=O)c%26cc(c%19c%19cc%27c(=O)n(C(CCCC)CCCC)c(=O)c%28ccc%29c%15c(c%16%17)c%18c%19c%29c%28%27)c(c%24c%25%26)c%20c%23c%22%21)c%15ccc[n+]%12c%13%15)Oc%12ccc(-c%13cc%15c(=O)n(C(CCCC)CCCC)c(=O)c%16cc%17c%18c%19cc%20c(=O)n(C(CCCC)CCCC)c(=O)c%21ccc%22c%23ccc%24c(=O)n(C(CCCC)CCCC)c(=O)c%25cc(c%18c%18cc%26c(=O)n(C(CCCC)CCCC)c(=O)c%27ccc%28c%13c(c%15%16)c%17c%18c%28c%27%26)c(c%23c%24%25)c%19c%22c%21%20)c%13ccc[n+]%14c%12%13)c%12c%13ccc%14c(=O)n(C(CCCC)CCCC)c(=O)c%15cc(c8c8cc(c1=O)c2c3c8c7c4c56)c(c%13c%14%15)c9c%12c%11%10,0.85,15.74,71.3,9.54,-5.4,-3.54,-5.98,-3.88,,,2019,10.1002/adfm.201902079,"OPV-DB (Qiu, J., Zenodo, 2026, doi:10.5281/zenodo.20841543)"
PBTIBDTT,mF-ITIC,CCCCCCCCCCc1ccsc1-c1cc2c(=O)n(CC(CCCCCC)CCCCCCCC)c(=O)c3cc(-c4sc(-c5cc6c(-c7ccc(CC(CC)CCCC)s7)c7sccc7c(-c7ccc(CC(CC)CCCC)s7)c6s5)cc4CCCCCCCCCC)sc3c2s1,CCCCCCc1ccc(C2(c3ccc(CCCCCC)cc3F)c3cc4c(cc3-c3sc5cc(/C=C6\C(=O)c7ccccc7C6=C(C#N)C#N)sc5c32)C(c2ccc(CCCCCC)cc2F)(c2ccc(CCCCCC)cc2F)c2c-4sc3cc(/C=C4\C(=O)c5ccccc5C4=C(C#N)C#N)sc23)c(F)c1,0.96,14.53,68.1,9.5,-5.47,-3.6,-5.66,-3.88,,,2019,10.1039/c9tc02700a,"OPV-DB (Qiu, J., Zenodo, 2026, doi:10.5281/zenodo.20841543)"
PBDT-BTP-HD,IT-M,CCCCCCCCC(CCCCCC)Cn1c2c(cc(-c3cc4sc(-c5cccs5)cc4n(CC(CCCCCC)CCCCCCCC)c3=O)c1=O)CC(c1ccc(-c3cc4c(-c5ccc(CC(CC)CCCC)s5)c5sccc5c(-c5ccc(CC(CC)CCCC)s5)c4s3)s1)=C2,CCCCCCc1ccc(C2(c3ccc(CCCCCC)cc3)c3cc4c(cc3-c3sc5cc(/C=C6\C(=O)c7ccc(C)cc7C6=C(C#N)C#N)sc5c32)C(c2ccc(CCCCCC)cc2)(c2ccc(CCCCCC)cc2)c2c-4sc3cc(/C=C4\C(=O)c5ccc(C)cc5C4=C(C#N)C#N)sc23)cc1,0.89,14.82,71.78,9.47,-5.22,-3.03,-5.514,-3.808,,,2019,10.1039/c9tc04014e,"OPV-DB (Qiu, J., Zenodo, 2026, doi:10.5281/zenodo.20841543)"
PBDB-T,NDIC,CCCCC(CC)Cc1ccc(-c2c3cc(-c4ccc(-c5sc(-c6cccs6)c6c5C(=O)c5c(CC(CC)CCCC)sc(CC(CC)CCCC)c5C6=O)s4)sc3c(-c3ccc(CC(CC)CCCC)s3)c3ccsc23)s1,CCCCCCCCC1(CCCCCCCC)c2cc3cc4c(cc3cc2-c2sc(/C=C3\C(=O)c5ccccc5C3=C(C#N)C#N)cc21)C(CCCCCCCC)(CCCCCCCC)c1cc(/C=C2\C(=O)c3ccccc3C2=C(C#N)C#N)sc1-4,0.9,15.1,69.6,9.43,-5.33,-2.92,-5.71,-3.88,,,2019,10.1039/c9ra08092a,"OPV-DB (Qiu, J., Zenodo, 2026, doi:10.5281/zenodo.20841543)"
PBDB-T,BTTIC-2M,CCCCC(CC)Cc1ccc(-c2c3cc(-c4ccc(-c5sc(-c6cccs6)c6c5C(=O)c5c(CC(CC)CCCC)sc(CC(CC)CCCC)c5C6=O)s4)sc3c(-c3ccc(CC(CC)CCCC)s3)c3ccsc23)s1,CCCCCCc1ccc(C2(c3ccc(CCCCCC)cc3)c3c(-c4ccc(CC(CC)CCCC)s4)c4c(c(-c5ccc(CC(CC)CCCC)s5)c3-c3sc5cc(/C=C6\C(=O)c7c(csc7C)C6=C(C#N)C#N)sc5c32)C(c2ccc(CCCCCC)cc2)(c2ccc(CCCCCC)cc2)c2c-4sc3cc(/C=C4\C(=O)c5c(csc5C)C4=C(C#N)C#N)sc23)cc1,0.9,19.39,75.3,13.15,-5.33,-3.53,-5.6,-3.86,,,2019,10.1039/c9ta00597h,"OPV-DB (Qiu, J., Zenodo, 2026, doi:10.5281/zenodo.20841543)"
PBDB-TSCl,IT-4F,CCCCC(CC)CSc1sc(-c2c3cc(-c4ccc(-c5sc(-c6cccs6)c6c5C(=O)c5c(CC(CC)CCCC)sc(CC(CC)CCCC)c5C6=O)s4)sc3c(-c3cc(Cl)c(SCC(CC)CCCC)s3)c3ccsc23)cc1Cl,CCCCCCc1ccc(C2(c3ccc(CCCCCC)cc3)c3cc4c(cc3-c3sc5cc(/C=C6\C(=O)c7cc(F)c(F)cc7C6=C(C#N)C#N)sc5c32)C(c2ccc(CCCCCC)cc2)(c2ccc(CCCCCC)cc2)c2c-4sc3cc(/C=C4\C(=O)c5cc(F)c(F)cc5C4=C(C#N)C#N)sc23)cc1,0.834,21.17,74.4,13.13,-5.61,-3.8,-5.66,-4.14,,,2019,10.1021/acsenergylett.9b01819,"OPV-DB (Qiu, J., Zenodo, 2026, doi:10.5281/zenodo.20841543)"
PM6,ITC-2Br2,CCCCC(CC)Cc1sc(-c2c3cc(-c4ccc(-c5sc(-c6cccs6)c6c5C(=O)c5c(CC(CC)CCCC)sc(CC(CC)CCCC)c5C6=O)s4)sc3c(-c3cc(F)c(CC(CC)CCCC)s3)c3ccsc23)cc1F,CCCCCCc1ccc(C2(c3ccc(CCCCCC)cc3)c3cc4c(cc3-c3sc5cc(/C=C6\C(=O)c7c(csc7Br)C6=C(C#N)C#N)sc5c32)C(c2ccc(CCCCCC)cc2)(c2ccc(CCCCCC)cc2)c2c-4sc3cc(/C=C4\C(=O)c5c(csc5Br)C4=C(C#N)C#N)sc23)cc1,0.9,19.8,73.8,13.1,-5.56,-3.65,-5.59,-4.02,,,2019,10.1016/j.nanoen.2019.104146,"OPV-DB (Qiu, J., Zenodo, 2026, doi:10.5281/zenodo.20841543)"
PE63,Y6,CCCCCCCCOc1cccc(-c2nc3c(-c4ccc(C)s4)c(F)c(F)c(-c4ccc(-c5cc6c(-c7cc(F)c(SCC(CC)CCCC)s7)c7sc(C)cc7c(-c7cc(F)c(SCC(CC)CCCC)s7)c6s5)s4)c3nc2-c2cccc(OCCCCCCCC)c2)c1,CCCCCCCCCCCc1c(/C=C2\C(=O)c3cc(F)c(F)cc3C2=C(C#N)C#N)sc2c1sc1c3c4nsnc4c4c5sc6c(CCCCCCCCCCC)c(/C=C7\C(=O)c8cc(F)c(F)cc8C7=C(C#N)C#N)sc6c5n(CC(CC)CCCC)c4c3n(CC(CC)CCCC)c21,0.83,24.68,63.7,13.1,-5.41,-3.5,-5.65,-4.1,,,2019,10.1021/acsmacrolett.9b00368,"OPV-DB (Qiu, J., Zenodo, 2026, doi:10.5281/zenodo.20841543)"
PBDB-T-SF,IT-4F,CCCCC(CC)CSc1sc(-c2c3cc(-c4ccc(-c5sc(-c6ccc(C)s6)c6c5C(=O)c5c(CC(CC)CCCC)sc(CC(CC)CCCC)c5C6=O)s4)sc3c(-c3cc(F)c(SCC(CC)CCCC)s3)c3cc(C)sc23)cc1F,CCCCCCc1ccc(C2(c3ccc(CCCCCC)cc3)c3cc4c(cc3-c3sc5cc(/C=C6\C(=O)c7cc(F)c(F)cc7C6=C(C#N)C#N)sc5c32)C(c2ccc(CCCCCC)cc2)(c2ccc(CCCCCC)cc2)c2c-4sc3cc(/C=C4\C(=O)c5cc(F)c(F)cc5C4=C(C#N)C#N)sc23)cc1,0.9,19.4,72.0,13.1,-5.42,-3.64,-5.7,-4.1,,,2019,10.1002/adma.201902965,"OPV-DB (Qiu, J., Zenodo, 2026, doi:10.5281/zenodo.20841543)"
P3TCO-1,ITIC,CCCCCCCCSc1ccc(-c2c3cc(-c4cc(C(=O)CC(CC)CCCC)c(-c5ccc(-c6sccc6C(=O)CC(CC)CCCC)s5)s4)sc3c(-c3ccc(SCCCCCCCC)s3)c3ccsc23)s1,CCCCCCc1ccc(C2(c3ccc(CCCCCC)cc3)c3cc4c(cc3-c3sc5cc(C=C6C(=O)c7ccccc7C6=C(C#N)C#N)sc5c32)C(c2ccc(CCCCCC)cc2)(c2ccc(CCCCCC)cc2)c2c-4sc3cc(C=C4C(=O)c5ccccc5C4=C(C#N)C#N)sc23)cc1,0.943,17.05,62.89,10.11,-5.39,-3.17,-5.576,-3.916,,,2019,10.1002/marc.201900246,"OPV-DB (Qiu, J., Zenodo, 2026, doi:10.5281/zenodo.20841543)"
SM1,IDIC,CCCCCCCCc1cc(/C=C(/C#N)C(=O)OCC(CC)CCCC)sc1-c1ccc(-c2sc(-c3cc4c(-c5ccc(CC(CC)CCCC)s5)c5sc(-c6cc(CCCCCCCC)c(-c7ccc(-c8sc(/C=C(\C#N)C(=O)OCC(CC)CCCC)cc8CCCCCCCC)s7)s6)cc5c(-c5ccc(CC(CC)CCCC)s5)c4s3)cc2CCCCCCCC)s1,CCCCCCC1(CCCCCC)c2cc3c(cc2-c2sc(/C=C4\C(=O)c5ccccc5C4=C(C#N)C#N)cc21)C(CCCCCC)(CCCCCC)c1cc(/C=C2\C(=O)c4ccccc4C2=C(C#N)C#N)sc1-3,0.91,15.18,73.55,10.11,-5.25,-2.8,-5.69,-3.91,,,2019,10.1002/solr.201900528,"OPV-DB (Qiu, J., Zenodo, 2026, doi:10.5281/zenodo.20841543)"
PBDB-T,BSS10,CCCCC(CC)Cc1ccc(-c2c3cc(-c4ccc(-c5sc(-c6cccs6)c6c5C(=O)c5c(CC(CC)CCCC)sc(CC(CC)CCCC)c5C6=O)s4)sc3c(-c3ccc(CC(CC)CCCC)s3)c3ccsc23)s1,CCCCCCCCCCC(CCCCCCCC)CN1C(=O)c2ccc3c4c(c(-c5ccc(-c6ccc(-c7cc8c9c(c(-c%10ccc[se]%10)cc%10c9c7C(=O)N(CC(CCCCCCCC)CCCCCCCCCC)C%10=O)C(=O)N(CC(CCCCCCCC)CCCCCCCCCC)C8=O)[se]6)[se]5)cc(c24)C1=O)C(=O)N(CC(CCCCCCCC)CCCCCCCCCC)C3=O,0.86,18.55,64.0,10.1,-5.33,-3.48,-5.83,-3.9,,,2019,10.1021/acsenergylett.9b00460,"OPV-DB (Qiu, J., Zenodo, 2026, doi:10.5281/zenodo.20841543)"
PM7,BDSe-4Cl,CCCCC(CC)Cc1sc(-c2c3ccsc3c(-c3cc(Cl)c(CC(CC)CCCC)s3)c3sc(-c4ccc(-c5sc(-c6cccs6)c6c5C(=O)c5c(CC(CC)CCCC)sc(CC(CC)CCCC)c5C6=O)s4)cc23)cc1Cl,CCCCCCc1ccc(C2(c3ccc(CCCCCC)cc3)C3=C(SC(/C=C4\C(=O)c5cc(Cl)c(Cl)cc5C4=C(C#N)C#N)C3)c3[se]c4cc5c6c([se]c5cc4c32)-c2sc(/C=C3\C(=O)c4cc(Cl)c(Cl)cc4C3=C(C#N)C#N)cc2C6(c2ccc(CCCCCC)cc2)c2ccc(CCCCCC)cc2)cc1,0.82,22.34,73.4,13.34,-5.52,-3.57,-5.63,-3.94,,,2019,10.1039/c9ta14070k,"OPV-DB (Qiu, J., Zenodo, 2026, doi:10.5281/zenodo.20841543)"
PBDB-TF,AQx,CCCCC(CC)Cc1sc(-c2c3cc(-c4ccc(-c5sc(-c6cccs6)c6c5C(=O)c5c(CC(CC)CCCC)sc(CC(CC)CCCC)c5C6=O)s4)sc3c(-c3cc(F)c(CC(CC)CCCC)s3)c3ccsc23)cc1F,CCCCCCCCCCCc1c(/C=C2\C(=O)c3cc(F)c(F)cc3C2=C(C#N)C#N)sc2c1sc1c3c4nc(C)c(C)nc4c4c5sc6c(CCCCCCCCCCC)c(/C=C7\C(=O)c8cc(F)c(F)cc8C7=C(C#N)C#N)sc6c5n(CC)c4c3n(CC)c21,0.89,22.18,67.1,13.31,-5.49,-3.64,-5.59,-3.85,,,2019,10.1002/adma.201906324,"OPV-DB (Qiu, J., Zenodo, 2026, doi:10.5281/zenodo.20841543)"
PBDB-TF,IDT6CN-M,CCCCC(CC)Cc1sc(-c2c3cc(-c4ccc(-c5sc(-c6cccs6)c6c5C(=O)c5c(CC(CC)CCCC)sc(CC(CC)CCCC)c5C6=O)s4)sc3c(-c3cc(F)c(CC(CC)CCCC)s3)c3ccsc23)cc1F,CCCCCCc1ccc(C2(c3ccc(CCCCCC)cc3)c3cc4c(cc3-c3sc(/C=C5/C(=O)c6cc(C)ccc6C5=C(C#N)C#N)cc32)C(c2ccc(CCCCCC)cc2)(c2ccc(CCCCCC)cc2)c2c-4sc3cc(/C=C4\C(=O)c5cc(C)ccc5C4=C(C#N)C#N)sc23)cc1,1.04,16.6,77.1,13.3,-5.49,-3.64,-5.6,-3.87,,,2019,10.1039/c9ta02243k,"OPV-DB (Qiu, J., Zenodo, 2026, doi:10.5281/zenodo.20841543)"
PBDB-T-2Cl,IDT6CN-M,CCCCC(CC)Cc1sc(-c2c3cc(-c4ccc(-c5sc(-c6cccs6)c6c5C(=O)c5c(CC(CC)CCCC)sc(CC(CC)CCCC)c5C6=O)s4)sc3c(-c3cc(Cl)c(CC(CC)CCCC)s3)c3ccsc23)cc1Cl,CCCCCCc1ccc(C2(c3ccc(CCCCCC)cc3)c3cc4c(cc3-c3sc(/C=C5/C(=O)c6cc(C)ccc6C5=C(C#N)C#N)cc32)C(c2ccc(CCCCCC)cc2)(c2ccc(CCCCCC)cc2)c2c-4sc3cc(/C=C4\C(=O)c5cc(C)ccc5C4=C(C#N)C#N)sc23)cc1,1.05,16.4,77.5,13.3,-5.52,-3.6,-5.6,-3.87,,,2019,10.1039/c9ta02243k,"OPV-DB (Qiu, J., Zenodo, 2026, doi:10.5281/zenodo.20841543)"
PFBDB-T,C8-ITIC,CCCCC(CC)Cc1ccc(-c2c3cc(-c4sc(-c5sc(-c6cc(F)cs6)c6c5C(=O)c5c(CC(CC)CCCC)sc(CC(CC)CCCC)c5C6=O)cc4F)sc3c(-c3ccc(CC(CC)CCCC)s3)c3ccsc23)s1,CCCCCCCCC1(CCCCCCCC)c2cc3c(cc2-c2sc4cc(/C=C5\C(=O)c6ccccc6C5=C(C#N)C#N)sc4c21)C(CCCCCCCC)(CCCCCCCC)c1c-3sc2cc(/C=C3\C(=O)c4ccccc4C3=C(C#N)C#N)sc12,0.93,19.3,69.0,13.2,-5.47,-3.46,-5.63,-3.91,,,2019,10.1002/solr.201900342,"OPV-DB (Qiu, J., Zenodo, 2026, doi:10.5281/zenodo.20841543)"
J71,ZITI-C,CCCCCCCCC(CCCCCC)Cn1nc2c(-c3cccs3)c(F)c(F)c(-c3ccc(-c4cc5c(-c6ccc([Si](CCC)(CCC)CCC)s6)c6sccc6c(-c6ccc([Si](CCC)(CCC)CCC)s6)c5s4)s3)c2n1,CCCCCCC(CCCC)CC1(CC(CCCC)CCCCCC)C2=C(c3cc4c(cc31)-c1sc(/C=C3\C(=O)c5cc(F)c(F)cc5C3=C(C#N)C#N)cc1C4)C(CC(CCCC)CCCCCC)(CC(CCCC)CCCCCC)c1cc3c(cc12)Cc1cc(/C=C2\C(=O)c4cc(F)c(F)cc4C2=C(C#N)C#N)sc1-3,0.851,21.3,72.8,13.18,-5.4,-3.24,-5.65,-3.81,,,2019,10.1016/j.isci.2019.08.038,"OPV-DB (Qiu, J., Zenodo, 2026, doi:10.5281/zenodo.20841543)"
m-PBDTPS-FTAZ,ITIC,CCCCCCCCC(CCCCCC)Cn1nc2c(-c3ccc(C)s3)c(F)c(F)c(-c3ccc(-c4cc5c(-c6cccc(SCC(CC)CCCC)c6)c6sc(C)cc6c(-c6cccc(SCC(CC)CCCC)c6)c5s4)s3)c2n1,CCCCCCc1ccc(C2(c3ccc(CCCCCC)cc3)c3cc4c(cc3-c3sc5cc(/C=C6\C(=O)c7ccccc7C6=C(C#N)C#N)sc5c32)C(c2ccc(CCCCCC)cc2)(c2ccc(CCCCCC)cc2)c2c-4sc3cc(/C=C4\C(=O)c5ccccc5C4=C(C#N)C#N)sc23)cc1,0.95,18.02,71.5,13.16,-5.4,-3.4,-5.6,-3.85,,,2019,10.1021/acsami.9b07112.s001,"OPV-DB (Qiu, J., Zenodo, 2026, doi:10.5281/zenodo.20841543)"
m-PBDTPS-FTAZ,ITIC,CCCCCCCCC(CCCCCC)Cn1nc2c(-c3cccs3)c(F)c(F)c(-c3ccc(-c4cc5c(-c6cccc(SCC(CC)CCCC)c6)c6sccc6c(-c6cccc(SCC(CC)CCCC)c6)c5s4)s3)c2n1,CCCCCCc1ccc(C2(c3ccc(CCCCCC)cc3)c3cc4c(cc3-c3sc5cc(C=C6C(=O)c7ccccc7C6=C(C#N)C#N)sc5c32)C(c2ccc(CCCCCC)cc2)(c2ccc(CCCCCC)cc2)c2c-4sc3cc(C=C4C(=O)c5ccccc5C4=C(C#N)C#N)sc23)cc1,0.95,18.76,73.9,13.16,-5.4,-3.4,-5.49,-3.83,,,2019,10.1021/acsami.9b07112,"OPV-DB (Qiu, J., Zenodo, 2026, doi:10.5281/zenodo.20841543)"
PBDB-T,m-IDTV-PhIC,CCCCC(CC)Cc1ccc(-c2c3cc(-c4ccc(-c5sc(-c6cccs6)c6c5C(=O)c5c(CC(CC)CCCC)sc(CC(CC)CCCC)c5C6=O)s4)sc3c(-c3ccc(CC(CC)CCCC)s3)c3ccsc23)s1,CCCCC(CC)COc1cccc(C(=C2c3cc4c(cc3-c3sc(/C=C5\C(=O)c6ccccc6C5=C(C#N)C#N)cc32)C(=C(c2cccc(OCC(CC)CCCC)c2)c2cccc(OCC(CC)CCCC)c2)c2cc(/C=C3\C(=O)c5ccccc5C3=C(C#N)C#N)sc2-4)c2cccc(OCC(CC)CCCC)c2)c1,0.99,11.58,50.9,5.85,-5.54,-3.65,-5.63,-3.78,,,2019,10.1039/c9tc02237f,"OPV-DB (Qiu, J., Zenodo, 2026, doi:10.5281/zenodo.20841543)"
PTPTI-T-FBT,ITIC,CCCCCCCCCCC(CCCCCCCC)Cn1c(=O)c2cc3c(cc2c2sccc21)c(=O)n(CC(CCCCCCCC)CCCCCCCCCC)c1cc(-c2sc(-c4c(F)c(F)c(-c5cc(CCCCCC)cs5)c5nsnc45)cc2CCCCCC)sc31,CCCCCCc1ccc(C2(c3ccc(CCCCCC)cc3)c3cc4c(cc3-c3sc5cc(C=C6C(=O)c7ccccc7C6=C(C#N)C#N)sc5c32)C(c2ccc(CCCCCC)cc2)(c2ccc(CCCCCC)cc2)c2c-4sc3cc(C=C4C(=O)c5ccccc5C4=C(C#N)C#N)sc23)cc1,0.98,14.8,41.6,5.82,-5.59,-3.74,-5.61,-4.02,,,2019,10.1016/j.polymer.2019.121850,"OPV-DB (Qiu, J., Zenodo, 2026, doi:10.5281/zenodo.20841543)"
P3HT,SF(DPPB)4,CCCCCCc1ccsc1,CCCCC(CC)CN1C(=O)C2=C(c3ccc(-c4ccc5c(c4)C4(c6cc(-c7ccc(C8=C9C(=O)N(CC(CC)CCCC)C(c%10ccc(-c%11ccccc%11)s%10)=C9C(=O)N8CC(CC)CCCC)s7)ccc6-5)c5cc(-c6ccc(C7=C8C(=O)N(CC(CC)CCCC)C(c9ccc(-c%10ccccc%10)s9)=C8C(=O)N7CC(CC)CCCC)s6)ccc5-c5ccc(-c6ccc(C7=C8C(=O)N(CC(CC)CCCC)C(c9ccc(-c%10ccccc%10)s9)=C8C(=O)N7CC(CC)CCCC)s6)cc54)s3)N(CC(CC)CCCC)C(=O)C2=C1c1ccc(-c2ccccc2)s1,1.12,8.49,61.0,5.82,-5.01,-3.12,-5.26,-3.51,,,2019,10.1039/c9se01149h,"OPV-DB (Qiu, J., Zenodo, 2026, doi:10.5281/zenodo.20841543)"
PBDB-T-ClS,PBIBDT-ClS,CCCCC(CC)CSc1sc(-c2c3cc(-c4ccc(-c5sc(-c6ccc(C)s6)c6c5C(=O)c5c(CC(CC)CCCC)sc(CC(CC)CCCC)c5C6=O)s4)sc3c(-c3cc(Cl)c(SCC(CC)CCCC)s3)c3cc(C)sc23)cc1Cl,CCCCCC(CCCCC)n1c(=O)c2ccc3c4ccc5c(=O)n(C(CCCCC)CCCCC)c(=O)c6cc7c8c(sc9c(-c%10cc(Cl)c(SCC(CC)CCCC)s%10)c%10c(sc%11c%12cc%13c(=O)n(C(CCCCC)CCCCC)c(=O)c%14ccc%15c%16ccc%17c(=O)n(C(CCCCC)CCCCC)c(=O)c%18cc(c%11%10)c(c%16c%17%18)c%12c%15c%14%13)c(-c%10cc(Cl)c(SCC(CC)CCC)s%10)c98)c8cc(c1=O)c2c3c8c7c4c56,1.1,9.75,54.0,5.82,-5.82,-3.64,-5.88,-3.65,,,2019,10.1002/cphc.201900309,"OPV-DB (Qiu, J., Zenodo, 2026, doi:10.5281/zenodo.20841543)"
P-o-NT,ITIC-4F,CCCCCCCCCCCCC(CCCCCCCCCC)Cc1csc(-c2cc3c(cc(-c4cc(CC(CCCCCCCCCC)CCCCCCCCCCCC)c(-c5ccc(/C(C#N)=C/c6cc(OCC(CC)CCCC)c(/C=C(\C#N)c7cccs7)cc6OCC(CC)CCCC)s5)s4)c4nsnc43)c3nsnc23)c1,CCCCCCc1ccc(C2(c3ccc(CCCCCC)cc3)c3cc4c(cc3-c3sc5cc(/C=C6/C(=O)c7cc(F)c(F)cc7C6=C(C#N)C#N)sc5c32)C(c2ccc(CCCCCC)cc2)(c2ccc(CCCCCC)cc2)c2c-4sc3cc(/C=C4/C(=O)c5cc(F)c(F)cc5C4=C(C#N)C#N)sc23)cc1,0.83,17.66,66.76,9.95,-5.39,-3.13,-5.82,-4.24,,,2019,10.1039/c9py01781j,"OPV-DB (Qiu, J., Zenodo, 2026, doi:10.5281/zenodo.20841543)"
PBDB-T,TACIC,CCCCC(CC)Cc1ccc(-c2c3cc(-c4ccc(-c5sc(-c6cccs6)c6c5C(=O)c5c(CC(CC)CCCC)sc(CC(CC)CCCC)c5C6=O)s4)sc3c(-c3ccc(CC(CC)CCCC)s3)c3ccsc23)s1,CCCCCCc1ccc(C2(c3ccc(CCCCCC)cc3)c3cc(/C=C4\C(=O)c5ccccc5C4=C(C#N)C#N)sc3-c3sc4c(c32)c2ccc3nc(OCC(CCCC)CCCCCC)c5c6sc7c(c6c6ccc8nc(OCC(CCCC)CCCCCC)c4c4c8c6c5c3c24)C(c2ccc(CCCCCC)cc2)(c2ccc(CCCCCC)cc2)c2cc(/C=C3\C(=O)c4ccccc4C3=C(C#N)C#N)sc2-7)cc1,0.984,16.17,60.5,9.92,-5.33,-2.92,-5.44,-3.72,,,2019,10.1039/c9sc06456g,"OPV-DB (Qiu, J., Zenodo, 2026, doi:10.5281/zenodo.20841543)"
PBDB-T,Y1-4F,CCCCC(CC)Cc1ccc(-c2c3cc(-c4ccc(-c5sc(-c6cccs6)c6c5C(=O)c5c(CC(CC)CCCC)sc(CC(CC)CCCC)c5C6=O)s4)sc3c(-c3ccc(CC(CC)CCCC)s3)c3ccsc23)s1,CCCCC(CC)Cn1nc2c(n1)c1c3sc4cc(/C=C5\C(=O)c6cc(F)c(F)cc6C5=C(C#N)C#N)sc4c3n(CC(CC)CCCC)c1c1c2c2sc3cc(/C=C4\C(=O)c5cc(F)c(F)cc5C4=C(C#N)C#N)sc3c2n1CC(CC)CCCC,0.74,22.7,57.4,9.9,-5.33,-3.48,-5.56,-4.11,,,2019,10.1002/adma.201904215,"OPV-DB (Qiu, J., Zenodo, 2026, doi:10.5281/zenodo.20841543)"
PBDB-T,CZTT-IC,CCCCC(CC)Cc1ccc(-c2c3cc(-c4ccc(-c5sc(-c6cccs6)c6c5C(=O)c5c(CC(CC)CCCC)sc(CC(CC)CCCC)c5C6=O)s4)sc3c(-c3ccc(CC(CC)CCCC)s3)c3ccsc23)s1,CCc1ccc(C2(c3ccc(CC)cc3)c3cc4c5cc6c(cc5n(CC)c4cc3-c3sc4cc(/C=C5\C(=O)c7ccccc7C5=C(C#N)C#N)sc4c32)-c2sc3cc(/C=C4\C(=O)c5ccccc5C4=C(C#N)C#N)sc3c2C6(c2ccc(CC)cc2)c2ccc(CC)cc2)cc1,0.97,17.26,58.97,9.87,-5.33,-3.48,-5.54,-3.97,,,2019,10.1039/c9ta08573d,"OPV-DB (Qiu, J., Zenodo, 2026, doi:10.5281/zenodo.20841543)"
PTTEA,TPS-PDI,CCCCCCCCCCC(CCCCCCCC)COC(=O)c1cc(-c2c(F)c(F)c(-c3cc(C(=O)OCC(CCCCCCCC)CCCCCCCCCC)c(-c4cc(CC(CCCCCC)CCCCCCCC)c(-c5ccc(-c6c(F)c(F)c(-c7ccc(C)s7)c7nsnc67)s5)s4)s3)c3nsnc23)sc1-c1cc(CC(CCCCCC)CCCCCCCC)c(C)s1,CCCCC(CCCC)N1C(=O)c2ccc3c4ccc5c6c(cc(-c7ccc(P(=S)(c8ccc(-c9cc%10c%11c(ccc%12c%13ccc%14c%15c(ccc(c9c%11%12)c%15%13)C(=O)N(C(CCCC)CCCC)C%14=O)C(=O)N(C(CCCC)CCCC)C%10=O)cc8)c8ccc(-c9cc%10c%11c(ccc%12c%13ccc%14c%15c(ccc(c9c%11%12)c%15%13)C(=O)N(C(CCCC)CCCC)C%14=O)C(=O)N(C(CCCC)CCCC)C%10=O)cc8)cc7)c(c7ccc(c2c37)C1=O)c64)C(=O)N(C(CCCC)CCCC)C5=O,0.96,13.98,69.4,9.67,-5.4,-3.54,-5.89,-3.74,,,2019,10.1002/adfm.201906587,"OPV-DB (Qiu, J., Zenodo, 2026, doi:10.5281/zenodo.20841543)"
PBDB-T,DBTIC,CCCCC(CC)Cc1ccc(-c2c3cc(-c4ccc(-c5sc(-c6cccs6)c6c5C(=O)c5c(CC(CC)CCCC)sc(CC(CC)CCCC)c5C6=O)s4)sc3c(-c3ccc(CC(CC)CCCC)s3)c3ccsc23)s1,CCCCCCCC(CCCC)Cc1ccc(C2(c3ccc(CC(CCCC)CCCCCC)cc3)c3cc4c(cc3-c3sc(/C=C5\C(=O)c6ccccc6C5=C(C#N)C#N)cc32)sc2cc3c(cc24)C(c2ccc(CC(CCCC)CCCCCC)cc2)(c2ccc(CC(CCCC)CCCCCC)cc2)c2cc(/C=C4\C(=O)c5ccccc5C4=C(C#N)C#N)sc2-3)cc1,1.004,15.48,62.2,9.66,-5.28,-3.48,-5.91,-4.0,,,2019,10.1039/c9ta02544h,"OPV-DB (Qiu, J., Zenodo, 2026, doi:10.5281/zenodo.20841543)"
PNTz4T-5MTC,PC71BM,CCCCCCCCCCCCC(CCCCCCCCCC)Cc1csc(-c2cc3c(cc(-c4cc(CC(CCCCCCCCCC)CCCCCCCCCCCC)c(-c5ccc(-c6ccc(-c7sc(-c8ccc(-c9cccs9)s8)cc7C(=O)OC)s6)s5)s4)c4nsnc43)c3nsnc23)c1,COC(=O)CCCC1(c2ccccc2)C23c4c5ccc6c7cc8c9c%10c(cc%11cc%12c%13c%14c(cc%15c%16ccc-5c2c%16c2c5c%16c%17c(c(c46)c7c9c%17c4c%10c%11c%13c4c%16c%14c%152)C513)C%12)C8,0.736,17.89,71.0,9.66,-5.27,-3.71,-5.9,-3.9,,,2019,10.1002/aenm.201900168,"OPV-DB (Qiu, J., Zenodo, 2026, doi:10.5281/zenodo.20841543)"
PDTBDT-BZ,TBDB-Ph,CCCCCCCCC(CCCCCC)Cn1nc2c(-c3cccs3)c(F)c(F)c(-c3ccc(-c4cc5sc6c(-c7ccc(SCC(CCCC)CCCCCC)s7)c7c(sc8ccsc87)c(-c7ccc(SCC(CCCC)CCCCCC)s7)c6c5s4)s3)c2n1,CCCCCCc1ccc(C2(c3ccc(CCCCCC)cc3)c3cc(/C=C4/C(=O)c5ccccc5C4=C(C#N)C#N)sc3-c3sc4c(sc5c(-c6ccc(SCC(CC)CCCC)cc6)c6c7c(sc6c(-c6ccc(SCC(CC)CCCC)cc6)c54)-c4sc(/C=C5/C(=O)c6ccccc6C5=C(C#N)C#N)cc4C7(c4ccc(CCCCCC)cc4)c4ccc(CCCCCC)cc4)c32)cc1,0.911,13.18,50.5,5.97,-5.32,-3.51,-5.44,-3.74,,,2019,10.1021/acsami.9b14981,"OPV-DB (Qiu, J., Zenodo, 2026, doi:10.5281/zenodo.20841543)"
PBDTTS-FTTE,ITIC-Th,CCCCC(CC)COC(=O)c1sc2c(-c3cc4c(-c5cc(F)c(CSC(CC)CCCC)s5)c5sc(C)cc5c(-c5cc(F)c(CSC(CC)CCCC)s5)c4s3)sc(C)c2c1F,CCCCCCc1cc(C2(c3ccc(CCCCCC)s3)c3cc4c(cc3-c3sc5cc(/C=C6\C(=O)c7ccccc7C6=C(C#N)C#N)sc5c32)C(c2ccc(CCCCCC)s2)(c2ccc(CCCCCC)s2)c2c-4sc3cc(/C=C4\C(=O)c5ccccc5C4=C(C#N)C#N)sc23)cs1,0.86,12.1,53.4,5.95,-5.49,-3.9,-5.81,-4.01,,,2019,10.1021/acs.chemmater.9b01741,"OPV-DB (Qiu, J., Zenodo, 2026, doi:10.5281/zenodo.20841543)"
PBDTT-FTTE,Ph(PDI)3,CCCCCC(CC)OC(=O)c1sc2c(-c3cc4c(-c5ccc(CC(CC)CCCC)s5)c5sccc5c(-c5ccc(CC(CC)CCCC)s5)c4s3)scc2c1F,CCCCCC(CCCCC)n1c(=O)c2ccc3c4ccc5c(=O)n(C(CCCCC)CCCCC)c(=O)c6cc7c(c4c56)c4c(cc(c1=O)c2c34)c1c2c3cc4c(=O)n(C(CCCCC)CCCCC)c(=O)c5ccc6c8ccc9c(=O)n(C(CCCCC)CCCCC)c(=O)c%10cc(c(c8c9%10)c3c6c54)c2c2c3cc4c(=O)n(C(CCCCC)CCCCC)c(=O)c5ccc6c8ccc9c(=O)n(C(CCCCC)CCCCC)c(=O)c%10cc(c(c8c9%10)c3c6c54)c2c71,0.853,14.31,48.59,5.93,-5.24,-3.45,-5.92,-3.85,,,2019,10.1021/acsenergylett.9b02146,"OPV-DB (Qiu, J., Zenodo, 2026, doi:10.5281/zenodo.20841543)"
PBDB-T,PNDI-BDT10,CCCCC(CC)Cc1ccc(-c2c3cc(-c4ccc(-c5sc(-c6cccs6)c6c5C(=O)c5c(CC(CC)CCCC)sc(CC(CC)CCCC)c5C6=O)s4)sc3c(-c3ccc(CC(CC)CCCC)s3)c3ccsc23)s1,CCCCCCCCC(CCCCCC)CN1C(=O)c2ccc3c4c(c(-c5cc6c(-c7ccc(CC(CC)CCCC)s7)c7sccc7c(-c7ccc(CC(CC)CCCC)s7)c6s5)cc(c24)C1=O)C(=O)N(CC(CCCCCC)CCCCCCCC)C3=O,0.87,10.13,67.58,5.91,-5.33,-3.48,-6.07,-3.77,,,2019,10.1039/c9tc03142a,"OPV-DB (Qiu, J., Zenodo, 2026, doi:10.5281/zenodo.20841543)"
PDPPF2T2DPP-T2,PC71BM,CCCCCCCCCCCCC(CCCCCCCCCCCC)CN1C(=O)C2=C(c3ccc(-c4cc(F)c(-c5sc(-c6ccc(C7=C8C(=O)N(CC(CCCCCCCCCC)CCCCCCCCCCCC)C(c9ccc(-c%10ccc(-c%11cccs%11)s%10)s9)=C8C(=O)N7CC(CCCCCCCCCC)CCCCCCCCCCCC)s6)cc5F)s4)s3)N(CC(CCCCCCCCCCCC)CCCCCCCCCCCC)C(=O)C2=C1c1cccs1,COC(=O)CCCC1(c2ccccc2)C23c4c5ccc6c7cc8c9c%10c(cc%11cc%12c%13c%14c(cc%15c%16ccc-5c2c%16c2c5c%16c%17c(c(c46)c7c9c%17c4c%10c%11c%13c4c%16c%14c%152)C513)C%12)C8,0.7,12.2,69.0,5.89,-5.1,-3.67,-5.9,-3.9,,,2019,10.1039/c9ra08858j,"OPV-DB (Qiu, J., Zenodo, 2026, doi:10.5281/zenodo.20841543)"
PBDB-T,CNDTBT-IDTT-FINCN,CCCCC(CC)Cc1ccc(-c2c3cc(-c4ccc(-c5sc(-c6cccs6)c6c5C(=O)c5c(CC(CC)CCCC)sc(CC(CC)CCCC)c5C6=O)s4)sc3c(-c3ccc(CC(CC)CCCC)s3)c3ccsc23)s1,CCCCCCc1ccc(C2(c3ccc(CCCCCC)cc3)c3cc4c(cc3-c3sc5cc(/C=C6\C(=O)c7cc(F)c(F)cc7C6=C(C#N)C#N)sc5c32)C(c2ccc(CCCCCC)cc2)(c2ccc(CCCCCC)cc2)c2c-4sc3cc(-c4ccc(-c5c(C#N)c(C#N)c(-c6ccc(-c7cc8sc9c(c8s7)C(c7ccc(CCCCCC)cc7)(c7ccc(CCCCCC)cc7)c7cc8c(cc7-9)C(c7ccc(CCCCCC)cc7)(c7ccc(CCCCCC)cc7)c7c-8sc8cc(/C=C9\C(=O)c%10cc(F)c(F)cc%10C9=C(C#N)C#N)sc78)s6)c6nsnc56)s4)sc23)cc1,0.85,20.7,70.8,12.8,-5.33,-3.53,-5.38,-4.0,,,2019,10.1021/acsenergylett.9b01630,"OPV-DB (Qiu, J., Zenodo, 2026, doi:10.5281/zenodo.20841543)"
CD1,P1,CCCCCCCC(CCCCC)CCn1nc2c(-c3cccs3)c(F)c(F)c(-c3ccc(-c4cc5c(-c6ccc(SCC(CCCC)CCCCCC)s6)c6sccc6c(-c6ccc(SCC(CCCC)CCCCCC)s6)c5s4)s3)c2n1,CCCCCCCCCCCCC(CCCCCCCCCC)CN(B(F)F)c1cccnc1-c1ncc(-c2ccc(-c3cccs3)s2)cc1N(CC(CCCCCCCCCC)CCCCCCCCCCCC)B(F)F,1.16,9.51,47.0,4.48,-5.28,-2.91,-5.92,-3.43,,,2019,10.1021/acs.chemmater.9b04997,"OPV-DB (Qiu, J., Zenodo, 2026, doi:10.5281/zenodo.20841543)"
QX3,tPDI2N-EH,CCCCC(CC)Cc1ccc(-c2c3cc(-c4ccc(-c5c(F)c(F)c(-c6ccc(C)s6)c6nc(-c7cc(F)c(CC(CC)CCCC)c(F)c7)c(-c7cc(F)c(CC(CC)CCCC)c(F)c7)nc56)s4)sc3c(-c3ccc(CC(CC)CCCC)s3)c3cc(C)sc23)s1,CCCCC(CC)Cn1c2cc3c(=O)n(C(CC)CC)c(=O)c4ccc5c6c(-c7cc8c(=O)n(C(CC)CC)c(=O)c9cc%10c%11c(c7c7ccc%12c(=O)n(C(CC)CC)c(=O)c%13cc(c%11c7c%12%13)n%10CC(CC)CCCC)c89)cc7c(=O)n(C(CC)CC)c(=O)c8cc1c(c6c78)c2c5c43,1.05,6.96,54.0,4.47,-5.4,-3.1,-5.9,-3.7,,,2019,10.1021/acsapm.9b00433,"OPV-DB (Qiu, J., Zenodo, 2026, doi:10.5281/zenodo.20841543)"
J71,PNDI-T-TT,CCCCCCCCC(CCCCCC)Cn1nc2c(-c3cccs3)c(F)c(F)c(-c3ccc(-c4cc5c(-c6ccc([Si](CCC)(CCC)CCC)s6)c6sccc6c(-c6ccc([Si](CCC)(CCC)CCC)s6)c5s4)s3)c2n1,CCCCCCCCCCC(CCCCCCCC)CN1C(=O)c2ccc3c4c(c(-c5ccc(-c6cc7sccc7s6)s5)cc(c24)C1=O)C(=O)N(CC(CCCCCCCC)CCCCCCCCCC)C3=O,0.88,8.21,62.0,4.47,-5.4,-3.24,-5.81,-3.76,,,2019,10.1021/acsami.9b12814,"OPV-DB (Qiu, J., Zenodo, 2026, doi:10.5281/zenodo.20841543)"
44TT,ITIC,CCCCN(CCCC)C(=O)c1ccsc1-c1cc(C(=O)N(CCCC)CCCC)c(-c2cc3sccc3s2)s1,CCCCCCc1ccc(C2(c3ccc(CCCCCC)cc3)c3cc4c(cc3-c3sc5cc(C=C6C(=O)c7ccccc7C6=C(C#N)C#N)sc5c32)C(c2ccc(CCCCCC)cc2)(c2ccc(CCCCCC)cc2)c2c-4sc3cc(C=C4C(=O)c5ccccc5C4=C(C#N)C#N)sc23)cc1,0.87,13.2,39.0,4.47,-5.4,-3.35,-5.576,-3.916,,,2019,10.1039/c9ra06909g,"OPV-DB (Qiu, J., Zenodo, 2026, doi:10.5281/zenodo.20841543)"
PBDT-TPD,ITIC,CCCCCCCCN1C(=O)c2c(C)sc(-c3cc4c(OCC(CC)CCCC)c5sc(C)cc5c(OCC(CC)CCCC)c4s3)c2C1=O,CCCCCCc1ccc(C2(c3ccc(CCCCCC)cc3)c3cc4c(cc3-c3sc5cc(/C=C6\C(=O)c7ccccc7C6=C(C#N)C#N)sc5c32)C(c2ccc(CCCCCC)cc2)(c2ccc(CCCCCC)cc2)c2c-4sc3cc(/C=C4\C(=O)c5ccccc5C4=C(C#N)C#N)sc23)cc1,0.96,10.51,43.7,4.43,-5.36,-3.06,-5.51,-3.71,,,2019,10.1016/j.reactfunctpolym.2019.104378,"OPV-DB (Qiu, J., Zenodo, 2026, doi:10.5281/zenodo.20841543)"
HTAZ,PCBM,CCCCCCC(CCCC)CCc1c2cc(-c3ccc(-c4ccc(-c5cccs5)c5nn(CC(CCCC)CCCCCC)nc45)s3)sc2c(CCC(CCCC)CCCCCC)c2ccsc12,COC(=O)CCCC1(c2ccccc2)C23c4c5c6c7c8c9c(c%10c%11c2c2c%12c4c4c%13c5c5c7c7c8c8c%14c9c%10c9c%10c%11c2c2c%11c%12c4c4c%12c%13c5c5c7c7c8c8c%14c9c9c%10c2c2c%11c4c4c%12c5c7c5c8c9c2c45)C613,0.741,11.1,53.3,4.4,-5.42,-3.44,-6.1,-3.7,,,2019,10.1021/acs.macromol.9b01168,"OPV-DB (Qiu, J., Zenodo, 2026, doi:10.5281/zenodo.20841543)"
PBDT-TPD,IDIC,CCCCCCCCN1C(=O)c2c(C)sc(-c3cc4c(OCC(CC)CCCC)c5sc(C)cc5c(OCC(CC)CCCC)c4s3)c2C1=O,CCCCCCC1(CCCCCC)c2cc3c(cc2-c2sc(/C=C4\C(=O)c5ccccc5C4=C(C#N)C#N)cc21)C(CCCCCC)(CCCCCC)c1cc(/C=C2\C(=O)c4ccccc4C2=C(C#N)C#N)sc1-3,0.88,10.04,48.1,4.36,-5.36,-3.06,-5.59,-3.91,,,2019,10.1016/j.reactfunctpolym.2019.104378,"OPV-DB (Qiu, J., Zenodo, 2026, doi:10.5281/zenodo.20841543)"
PNT4Se-DT,PC71BM,CCCCCCCCCCCCC(CCCCCCCCCC)Cc1c[se]c(-c2cc3c(cc(-c4cc(CC(CCCCCCCCCC)CCCCCCCCCCCC)c(-c5ccc(-c6ccc[se]6)[se]5)[se]4)c4nsnc43)c3nsnc23)c1,COC(=O)CCCC1(c2ccccc2)C23c4c5ccc6c7cc8c9c%10c(cc%11cc%12c%13c%14c(cc%15c%16ccc-5c2c%16c2c5c%16c%17c(c(c46)c7c9c%17c4c%10c%11c%13c4c%16c%14c%152)C513)C%12)C8,0.61,17.92,54.81,6.02,-5.24,-3.83,-6.0,-3.9,,,2019,10.1021/acsami.9b00083,"OPV-DB (Qiu, J., Zenodo, 2026, doi:10.5281/zenodo.20841543)"
PTB7-Th,o-IO1,CCCCC(CC)COC(=O)c1sc2csc(-c3cc4c(-c5ccc(CC(CC)CCCC)s5)c5sccc5c(-c5ccc(CC(CC)CCCC)s5)c4s3)c2c1F,CCCCCCCCC1(CCCCCCCC)c2cc3c(cc2-c2sc(-c4sc(/C=C5\C(=O)c6cc(F)c(F)cc6C5=C(C#N)C#N)cc4CC(CC)CCCC)cc21)C(CCCCCCCC)(CCCCCCCC)c1cc(-c2sc(/C=C4\C(=O)c5cc(F)c(F)cc5C4=C(C#N)C#N)cc2OCC(CC)CCCC)sc1-3,0.74,26.3,67.0,13.1,-5.21,-3.6,-5.44,-4.15,,,2019,10.1021/acsmaterialslett.9b00512,"OPV-DB (Qiu, J., Zenodo, 2026, doi:10.5281/zenodo.20841543)"
PBDB-TF,SRID-4F,CCCCC(CC)Cc1sc(-c2c3cc(-c4ccc(-c5sc(-c6cccs6)c6c5C(=O)c5c(CC(CC)CCCC)sc(CC(CC)CCCC)c5C6=O)s4)sc3c(-c3cc(F)c(CC(CC)CCCC)s3)c3ccsc23)cc1F,CCCCCCc1ccc(C2(c3ccc(CCCCCC)cc3)c3cc4c(cc3-c3sc5cc(/C=C6\C(=O)c7cc(F)c(F)cc7C6=C(C#N)C#N)[se]c5c32)C(c2ccc(CCCCCC)cc2)(c2ccc(CCCCCC)cc2)c2c-4sc3cc(/C=C4\C(=O)c5cc(F)c(F)cc5C4=C(C#N)C#N)[se]c23)cc1,0.843,20.29,74.7,13.05,-5.45,-3.65,-5.52,-3.9,,,2019,10.1021/acs.chemmater.9b01242,"OPV-DB (Qiu, J., Zenodo, 2026, doi:10.5281/zenodo.20841543)"
PTQ10,IT-4Cl,CCCCCCCCC(CCCCCC)COc1cnc2c(C)c(F)c(F)c(-c3ccc(C)s3)c2n1,CCCCCCc1ccc(C2(c3ccc(CCCCCC)cc3)c3cc4c(cc3-c3sc5cc(/C=C6\C(=O)c7cc(Cl)c(Cl)cc7C6=C(C#N)C#N)sc5c32)C(c2ccc(CCCCCC)cc2)(c2ccc(CCCCCC)cc2)c2c-4sc3cc(/C=C4\C(=O)c5cc(Cl)c(Cl)cc5C4=C(C#N)C#N)sc23)cc1,0.91,19.61,73.0,13.04,-5.54,-3.64,-5.75,-4.27,,,2019,10.1039/c9ta10887d,"OPV-DB (Qiu, J., Zenodo, 2026, doi:10.5281/zenodo.20841543)"
PM6,DO-IDIC-2F,CCCCC(CC)Cc1sc(-c2c3cc(-c4ccc(-c5sc(-c6cccs6)c6c5C(=O)c5c(CC(CC)CCCC)sc(CC(CC)CCCC)c5C6=O)s4)sc3c(-c3cc(F)c(CC(CC)CCCC)s3)c3ccsc23)cc1F,CCCCCCCCCCOc1c2c(c(OCCCCCCCCCC)c3c1C(CCCCCC)(CCCCCC)c1cc(/C=C4\C(=O)c5cc(F)ccc5C4=C(C#N)C#N)sc1-3)C(CCCCCC)(CCCCCC)c1cc(/C=C3\C(=O)c4cc(F)ccc4C3=C(C#N)C#N)sc1-2,0.864,19.63,76.5,13.02,-5.56,-3.65,-5.79,-3.88,,,2019,10.1002/adfm.201906855,"OPV-DB (Qiu, J., Zenodo, 2026, doi:10.5281/zenodo.20841543)"
PBDB-T,IEICF-DMOT,CCCCC(CC)Cc1ccc(-c2c3cc(-c4ccc(-c5sc(-c6cccs6)c6c5C(=O)c5c(CC(CC)CCCC)sc(CC(CC)CCCC)c5C6=O)s4)sc3c(-c3ccc(CC(CC)CCCC)s3)c3ccsc23)s1,CCCCCCc1ccc(C2(c3ccc(CCCCCC)cc3)c3cc4c(cc3-c3sc(-c5sc(/C=C6\C(=O)c7cc(F)c(F)cc7C6=C(C#N)C#N)c(OC)c5OC)cc32)C(c2ccc(CCCCCC)cc2)(c2ccc(CCCCCC)cc2)c2cc(-c3sc(/C=C5\C(=O)c6cc(F)c(F)cc6C5=C(C#N)C#N)c(OC)c3OC)sc2-4)cc1,0.87,21.98,66.2,13.01,-5.33,-3.53,-5.49,-3.85,,,2019,10.1016/j.nanoen.2019.103934,"OPV-DB (Qiu, J., Zenodo, 2026, doi:10.5281/zenodo.20841543)"
SM1-S,Y6,CCCCCCCCc1cc(/C=C(/C#N)C(=O)OCC(CC)CCCC)sc1-c1ccc(-c2sc(-c3cc4c(-c5ccc(SCC(CC)CCCC)s5)c5sc(-c6cc(CCCCCCCC)c(-c7ccc(-c8sc(/C=C(\C#N)C(=O)OCC(CC)CCCC)cc8CCCCCCCC)s7)s6)cc5c(-c5ccc(SCC(CC)CCCC)s5)c4s3)cc2CCCCCCCC)s1,CCCCCCCCCCCc1c(/C=C2\C(=O)c3cc(F)c(F)cc3C2=C(C#N)C#N)sc2c1sc1c3c4nsnc4c4c5sc6c(CCCCCCCCCCC)c(/C=C7\C(=O)c8cc(F)c(F)cc8C7=C(C#N)C#N)sc6c5n(CC(CC)CCCC)c4c3n(CC(CC)CCCC)c21,0.825,23.23,67.7,12.94,-5.32,-2.81,-5.65,-4.09,,,2019,10.1002/adma.201908373,"OPV-DB (Qiu, J., Zenodo, 2026, doi:10.5281/zenodo.20841543)"
J52,i-IEICO-2F,CCCCCCCCC(CCCCCC)Cn1nc2c(-c3cccs3)c(F)c(F)c(-c3ccc(-c4cc5c(-c6ccc(CC(CC)CCCC)s6)c6sccc6c(-c6ccc(CC(CC)CCCC)s6)c5s4)s3)c2n1,CCCCCCc1ccc(C2(c3ccc(CCCCCC)cc3)c3cc4c(cc3-c3sc(-c5scc(/C=C6\C(=O)c7cc(F)ccc7C6=C(C#N)C#N)c5OCC(CC)CCCC)cc32)C(c2ccc(CCCCCC)cc2)(c2ccc(CCCCCC)cc2)c2cc(-c3scc(/C=C5\C(=O)c6cc(F)ccc6C5=C(C#N)C#N)c3OCC(CC)CCCC)sc2-4)cc1,0.909,20.9,67.7,12.86,-5.2,-3.05,-5.29,-3.73,,,2019,10.1021/acsami.9b18301,"OPV-DB (Qiu, J., Zenodo, 2026, doi:10.5281/zenodo.20841543)"
PBDT-BZ,BDTB-Na,CCCCCCCCC(CCCCCC)Cn1nc2c(-c3cccs3)c(F)c(F)c(-c3ccc(-c4cc5c(-c6ccc(SCC(CCCC)CCCCCC)s6)c6sccc6c(-c6ccc(SCC(CCCC)CCCCCC)s6)c5s4)s3)c2n1,CCCCCCc1ccc(C2(c3ccc(CCCCCC)cc3)c3cc(/C=C4/C(=O)c5cc6ccccc6cc5C4=C(C#N)C#N)sc3-c3sc4c(-c5ccc(SCC(CC)CCCC)cc5)c5c6c(sc5c(-c5ccc(SCC(CC)CCCC)cc5)c4c32)-c2sc(/C=C3/C(=O)c4cc5ccccc5cc4C3=C(C#N)C#N)cc2C6(c2ccc(CCCCCC)cc2)c2ccc(CCCCCC)cc2)cc1,0.888,17.66,62.6,10.01,-5.38,-3.56,-5.5,-3.8,,,2019,10.1021/acsami.9b14981,"OPV-DB (Qiu, J., Zenodo, 2026, doi:10.5281/zenodo.20841543)"
PBTIBDTT,ITIC-F,CCCCCCCCCCc1ccsc1-c1cc2c(=O)n(CC(CCCCCC)CCCCCCCC)c(=O)c3cc(-c4sc(-c5cc6c(-c7ccc(CC(CC)CCCC)s7)c7sccc7c(-c7ccc(CC(CC)CCCC)s7)c6s5)cc4CCCCCCCCCC)sc3c2s1,CCCCCCc1ccc(C2(c3ccc(CCCCCC)cc3)c3cc4c(cc3-c3sc5cc(/C=C6\C(=O)c7cc(F)c(F)cc7C6=C(C#N)C#N)sc5c32)C(c2ccc(CCCCCC)cc2)(c2ccc(CCCCCC)cc2)c2c-4sc3cc(/C=C4\C(=O)c5cc(F)c(F)cc5C4=C(C#N)C#N)sc23)cc1,0.893,17.5,64.0,10.0,-5.47,-3.6,-5.66,-4.14,,,2019,10.1039/c9ee04020j,"OPV-DB (Qiu, J., Zenodo, 2026, doi:10.5281/zenodo.20841543)"
PDBT-F,IT-4F,CCCCC(CC)Cc1sc(-c2c3sc4cc(-c5ccc(-c6sc(-c7cccs7)c7c6C(=O)c6c(CC(CC)CCCC)sc(CC(CC)CCCC)c6C7=O)s5)sc4c3c(-c3cc(F)c(CC(CC)CCCC)s3)c3sc4ccsc4c23)cc1F,CCCCCCc1ccc(C2(c3ccc(CCCCCC)cc3)c3cc4c(cc3-c3sc5cc(/C=C6\C(=O)c7cc(F)c(F)cc7C6=C(C#N)C#N)sc5c32)C(c2ccc(CCCCCC)cc2)(c2ccc(CCCCCC)cc2)c2c-4sc3cc(/C=C4\C(=O)c5cc(F)c(F)cc5C4=C(C#N)C#N)sc23)cc1,0.81,20.9,59.0,10.0,-5.39,-3.57,-5.66,-4.14,,,2019,10.1039/c9qm00212j,"OPV-DB (Qiu, J., Zenodo, 2026, doi:10.5281/zenodo.20841543)"
PDBT-2F,IT-4F,CCCCCCCCc1sc(-c2c3sc4cc(-c5ccc(-c6sc(-c7cccs7)c7c6C(=O)c6c(CC(CC)CCCC)sc(CC(CC)CCCC)c6C7=O)s5)sc4c3c(-c3sc(CCCCCCCC)c(F)c3F)c3sc4ccsc4c23)c(F)c1F,CCCCCCc1ccc(C2(c3ccc(CCCCCC)cc3)c3cc4c(cc3-c3sc5cc(/C=C6\C(=O)c7cc(F)c(F)cc7C6=C(C#N)C#N)sc5c32)C(c2ccc(CCCCCC)cc2)(c2ccc(CCCCCC)cc2)c2c-4sc3cc(/C=C4\C(=O)c5cc(F)c(F)cc5C4=C(C#N)C#N)sc23)cc1,0.87,20.6,57.0,10.0,-5.43,-3.61,-5.69,-4.07,,,2019,10.1039/c9qm00212j,"OPV-DB (Qiu, J., Zenodo, 2026, doi:10.5281/zenodo.20841543)"
P-o-DFBT,ITIC-4F,CCCCCCCCCCC(CCCCCCCC)Cc1csc(-c2c(F)c(F)c(-c3cc(CC(CCCCCCCC)CCCCCCCCCC)c(-c4ccc(/C(C#N)=C/c5cc(OCC(CC)CCCC)c(/C=C(\C#N)c6cccs6)cc5OCC(CC)CCCC)s4)s3)c3nsnc23)c1,CCCCCCc1ccc(C2(c3ccc(CCCCCC)cc3)c3cc4c(cc3-c3sc5cc(/C=C6/C(=O)c7cc(F)c(F)cc7C6=C(C#N)C#N)sc5c32)C(c2ccc(CCCCCC)cc2)(c2ccc(CCCCCC)cc2)c2c-4sc3cc(/C=C4/C(=O)c5cc(F)c(F)cc5C4=C(C#N)C#N)sc23)cc1,0.84,18.25,65.45,10.0,-5.56,-3.26,-5.82,-4.24,,,2019,10.1039/c9py01781j,"OPV-DB (Qiu, J., Zenodo, 2026, doi:10.5281/zenodo.20841543)"
PBDB-T,NIDT,CCCCC(CC)Cc1ccc(-c2c3cc(-c4ccc(-c5sc(-c6cccs6)c6c5C(=O)c5c(CC(CC)CCCC)sc(CC(CC)CCCC)c5C6=O)s4)sc3c(-c3ccc(CC(CC)CCCC)s3)c3ccsc23)s1,CCc1ccc(C2(c3ccc(CC)cc3)c3cc4c(cc3-c3sc5cc(/C=c6\c(=O)c7ccc8c9c(ccc6c97)C(=O)N(CC(C)C)C8=O)sc5c32)C(c2ccc(CC)cc2)(c2ccc(CC)cc2)c2c-4sc3cc(/C=c4\c(=O)c5ccc6c7c(ccc4c75)C(=O)N(CC(C)C)C6=O)sc23)cc1,1.14,13.28,66.0,10.0,-5.33,-3.53,-5.34,-3.58,,,2019,10.1021/acs.chemmater.9b03329,"OPV-DB (Qiu, J., Zenodo, 2026, doi:10.5281/zenodo.20841543)"
PTPTI-T-FBT,ITIC,CCCCCCCCCCC(CCCCCCCC)CN1C(=O)c2cc3c(cc2C2SC(C)=CC21)c(=O)n(CC(CCCCCCCC)CCCCCCCCCC)c1cc(-c2ccc(-c4sc(-c5ccc(C)s5)c5c4C(=O)c4c(CC(CC)CCCC)sc(CC(CC)CCCC)c4C5=O)s2)sc31,CCCCCCc1ccc(C2(c3ccc(CCCCCC)cc3)c3cc4c(cc3-c3sc5cc(/C=C6\C(=O)c7ccccc7C6=C(C#N)C#N)sc5c32)C(c2ccc(CCCCCC)cc2)(c2ccc(CCCCCC)cc2)c2c-4sc3cc(/C=C4\C(=O)c5ccccc5C4=C(C#N)C#N)sc23)cc1,0.98,14.8,41.6,6.03,-5.55,-3.85,-5.61,-4.02,,,2019,10.1016/j.polymer.2019.121850,"OPV-DB (Qiu, J., Zenodo, 2026, doi:10.5281/zenodo.20841543)"
J55,ITIC,CCCCC(CC)Cc1ccc(-c2c3cc(-c4ccc(-c5c(F)c(F)c(-c6cccs6)c6nn(CCCCCC[Si](C)(O[Si](C)(C)C)O[Si](C)(C)C)nc56)s4)sc3c(-c3ccc(CC(CC)CCCC)s3)c3ccsc23)s1,CCCCCCc1ccc(C2(c3ccc(CCCCCC)cc3)c3cc4c(cc3-c3sc5cc(C=C6C(=O)c7ccccc7C6=C(C#N)C#N)sc5c32)C(c2ccc(CCCCCC)cc2)(c2ccc(CCCCCC)cc2)c2c-4sc3cc(C=C4C(=O)c5ccccc5C4=C(C#N)C#N)sc23)cc1,0.81,12.84,58.02,6.03,-5.325,-3.535,-5.576,-3.916,,,2019,10.1016/j.orgel.2019.105603,"OPV-DB (Qiu, J., Zenodo, 2026, doi:10.5281/zenodo.20841543)"
PBDB-T-SF,ITIC2,CCCCC(CC)CSc1sc(-c2c3cc(-c4ccc(-c5sc(-c6cccs6)c6c5C(=O)c5c(CC(CC)CCCC)sc(CC(CC)CCCC)c5C6=O)s4)sc3c(-c3cc(F)c(SCC(CC)CCCC)s3)c3ccsc23)cc1F,CCCCCCc1ccc(C2(c3ccc(CCCCCC)cc3)c3cc(/C=C4\C(=O)c5ccccc5C4=C(C#N)C#N)sc3-c3sc4c(-c5ccc(CC(CC)CCCC)s5)c5c6c(sc5c(-c5ccc(CC(CC)CCCC)s5)c4c32)-c2sc(/C=C3\C(=O)c4ccccc4C3=C(C#N)C#N)cc2C6(c2ccc(CCCCCC)cc2)c2ccc(CCCCCC)cc2)cc1,1.069,15.49,58.6,10.1,-5.4,-3.6,-5.48,-3.84,,,2019,10.1021/acsami.9b11700,"OPV-DB (Qiu, J., Zenodo, 2026, doi:10.5281/zenodo.20841543)"
PBDB-T,FTTCN-M,CCCCC(CC)Cc1ccc(-c2c3cc(-c4ccc(-c5sc(-c6cccs6)c6c5C(=O)c5c(CC(CC)CCCC)sc(CC(CC)CCCC)c5C6=O)s4)sc3c(-c3ccc(CC(CC)CCCC)s3)c3ccsc23)s1,CCCCCCc1ccc(C2(c3ccc(CCCCCC)cc3)c3cc4c(cc3-c3sc5cc(/C=C6\C(=O)c7c(csc7C)C6=C(C#N)C#N)sc5c32)C(CCCCCC)(CCCCCC)c2cc3c(cc2-4)C(c2ccc(CCCCCC)cc2)(c2ccc(CCCCCC)cc2)c2c-3sc3cc(/C=C4\C(=O)c5c(csc5C)C4=C(C#N)C#N)sc23)cc1,0.93,15.19,71.37,10.08,-5.33,-3.48,-5.53,-3.91,,,2019,10.1039/c9qm00013e,"OPV-DB (Qiu, J., Zenodo, 2026, doi:10.5281/zenodo.20841543)"
PBDB-TF,BTT-MIC,CCCCC(CC)Cc1sc(-c2c3cc(-c4ccc(-c5sc(-c6cccs6)c6c5C(=O)c5c(CC(CC)CCCC)sc(CC(CC)CCCC)c5C6=O)s4)sc3c(-c3cc(F)c(CC(CC)CCCC)s3)c3ccsc23)cc1F,CCCCCCc1ccc(C2(c3ccc(CCCCCC)cc3)c3cc(/C=C4\C(=O)c5ccc(C)cc5C4=C(C#N)C#N)sc3-c3sc4c(-c5cc6sc(CC(CC)CCCC)cc6s5)c5c6c(sc5c(-c5cc7sc(CC(CC)CCCC)cc7s5)c4c32)-c2sc(/C=C3\C(=O)c4ccc(C)cc4C3=C(C#N)C#N)cc2C6(c2ccc(CCCCCC)cc2)c2ccc(CCCCCC)cc2)cc1,1.027,15.9,61.5,10.04,-5.5,-3.61,-5.55,-3.76,,,2019,10.1039/c9ta01888c,"OPV-DB (Qiu, J., Zenodo, 2026, doi:10.5281/zenodo.20841543)"
PDTPO-BDTT,NNFA-4F,CCCCCCCCCCC(CCCCCCCC)Cn1c(=O)c2cc(C)sc2c2sc(-c3cc4c(-c5ccc(CC(CC)CCCC)s5)c5sc(C)cc5c(-c5ccc(CC(CC)CCCC)s5)c4s3)cc21,CCCCCCc1ccc(C2(c3ccc(CCCCCC)cc3)c3c(sc4cc5c6c(sc5cc34)-c3sc4cc(/C=C5\C(=O)c7cc(F)c(F)cc7C5=C(C#N)C#N)sc4c3C6(c3ccc(CCCCCC)cc3)c3ccc(CCCCCC)cc3)-c3sc4cc(/C=C5\C(=O)c6cc(F)c(F)cc6C5=C(C#N)C#N)sc4c32)cc1,0.83,19.3,62.8,10.04,-5.2,-2.93,-5.29,-3.9,,,2019,10.1021/acsomega.9b01363,"OPV-DB (Qiu, J., Zenodo, 2026, doi:10.5281/zenodo.20841543)"
PTB7-Th,IFIC-i-4F,CCCCC(CC)COC(=O)c1sc2csc(-c3cc4c(-c5ccc(CC(CC)CCCC)s5)c5sccc5c(-c5ccc(CC(CC)CCCC)s5)c4s3)c2c1F,CCCCCCc1ccc(C2(c3ccc(CCCCCC)cc3)c3cc4c(cc3-c3sc(-c5sc(/C=C6\C(=O)c7cc(F)ccc7C6=C(C#N)C#N)c6sc(C(=O)OCC(CC)CCCC)c(F)c56)cc32)C(c2ccc(CCCCCC)cc2)(c2ccc(CCCCCC)cc2)c2cc(-c3sc(/C=C5\C(=O)c6cc(F)ccc6C5=C(C#N)C#N)c5sc(C(=O)OCC(CC)CCCC)c(F)c35)sc2-4)cc1,0.66,23.56,65.0,10.03,-5.21,-3.6,-5.42,-3.91,,,2019,10.1016/j.nanoen.2019.06.003,"OPV-DB (Qiu, J., Zenodo, 2026, doi:10.5281/zenodo.20841543)"
PTBD-BZ,BDTB-Na,CCCCCCCCC(CCCCCC)Cn1nc2c(-c3ccc(C)s3)c(F)c(F)c(-c3ccc(-c4cc5sc6c(-c7ccc(SCC(CCCC)CCCCCC)s7)c7cc(C)sc7c(-c7ccc(SCC(CCCC)CCCCCC)s7)c6c5s4)s3)c2n1,CCCCCCc1ccc(C2(c3ccc(CCCCCC)cc3)c3cc(/C=C4/C(=O)c5cc6ccccc6cc5C4=C(C#N)C#N)sc3-c3sc4c(-c5ccc(SCC(CC)CCCC)cc5)c5c6c(sc5c(-c5ccc(SCC(CC)CCCC)cc5)c4c32)-c2sc(/C=C3/C(=O)c4cc5ccccc5cc4C3=C(C#N)C#N)cc2C6(c2ccc(CCCCCC)cc2)c2ccc(CCCCCC)cc2)cc1,0.875,18.25,61.0,10.03,-5.4,-3.59,-5.5,-3.8,,,2019,10.1021/acsami.9b14981,"OPV-DB (Qiu, J., Zenodo, 2026, doi:10.5281/zenodo.20841543)"
P1,ITIC,CCCCCCCCC(CCCCCC)COc1ccc2cc(-c3ccc(-c4c5cc(C)sc5c(-c5ccc(-c6ccc7cc(CC(CCCCCC)CCCCCCCC)ccc7c6)s5)c5cc(-c6sc(-c7sc(-c8cc(CC(CC)CCCC)c(C)s8)c8c7C(=O)c7c(CC(CC)CCCC)sc(CC(CC)CCCC)c7C8=O)cc6CC(CC)CCCC)sc45)s3)ccc2c1,CCCCCCc1ccc(C2(c3ccc(CCCCCC)cc3)c3cc4c(cc3-c3sc5cc(/C=C6\C(=O)c7ccccc7C6=C(C#N)C#N)sc5c32)C(c2ccc(CCCCCC)cc2)(c2ccc(CCCCCC)cc2)c2c-4sc3cc(/C=C4\C(=O)c5ccccc5C4=C(C#N)C#N)sc23)cc1,0.943,15.16,70.1,10.02,-5.3,-3.5,-5.51,-3.84,,,2019,10.1021/acsaem.9b00365,"OPV-DB (Qiu, J., Zenodo, 2026, doi:10.5281/zenodo.20841543)"
CD1,PBN-12,CCCCCCCC(CCCCC)CCn1nc2c(-c3cccs3)c(F)c(F)c(-c3ccc(-c4cc5c(-c6ccc(SCC(CCCC)CCCCCC)s6)c6sccc6c(-c6ccc(SCC(CCCC)CCCCCC)s6)c5s4)s3)c2n1,CCCCCCCCCCCCC(CCCCCCCCCC)CN(B(F)F)c1cccnc1-c1ncc(-c2ccc(-c3ccc(-c4cccs4)c4nsnc34)s2)cc1N(CC(CCCCCCCCCC)CCCCCCCCCCCC)B(F)F,1.17,13.39,64.0,10.01,-5.28,-2.91,-5.52,-3.45,,,2019,10.1021/acs.chemmater.9b04997,"OPV-DB (Qiu, J., Zenodo, 2026, doi:10.5281/zenodo.20841543)"
PDB-1,IT-4F,CCCCC(CC)Cc1ccc(-c2c3cc(-c4sc(C)c5c4C(=O)c4c(CC(CC)CCCC)sc(CC(CC)CCCC)c4C5=O)sc3c(-c3ccc(CC(CC)CCCC)s3)c3cc(C)sc23)s1,CCCCCCc1ccc(C2(c3ccc(CCCCCC)cc3)c3cc4c(cc3-c3sc5cc(/C=C6\C(=O)c7cc(F)c(F)cc7C6=C(C#N)C#N)sc5c32)C(c2ccc(CCCCCC)cc2)(c2ccc(CCCCCC)cc2)c2c-4sc3cc(/C=C4\C(=O)c5cc(F)c(F)cc5C4=C(C#N)C#N)sc23)cc1,0.89,11.5,46.0,5.68,-5.65,-3.68,-5.66,-4.21,,,2019,10.1021/acs.macromol.9b01742,"OPV-DB (Qiu, J., Zenodo, 2026, doi:10.5281/zenodo.20841543)"
PDCBT-2Cl,ITIC-Th1,CCCCCCCCC(CCCCCC)COC(=O)c1csc(-c2cc(C(=O)OCC(CCCCCC)CCCCCCCC)c(-c3cc(Cl)c(-c4sccc4Cl)s3)s2)c1,CCCCCCc1ccc(C2(c3ccc(CCCCCC)s3)c3cc4c(cc3-c3sc5cc(C=C6C(=O)c7cc(F)ccc7C6=C(C#N)C#N)sc5c32)C(c2ccc(CCCCCC)s2)(c2ccc(CCCCCC)s2)c2c-4sc3cc(C=C4C(=O)c5cc(F)ccc5C4=C(C#N)C#N)sc23)s1,1.0,12.84,44.1,5.64,-5.44,-3.0,-5.74,-4.01,,,2019,10.1021/acs.macromol.9b00793,"OPV-DB (Qiu, J., Zenodo, 2026, doi:10.5281/zenodo.20841543)"
PBDTTFTQ-DO,ITIC-Th1,CCCCCCCCOc1cccc(-c2nc3c(-c4cccs4)cc(F)c(-c4ccc(-c5cc6c(-c7cc(CCCCCCCC)c(CCCCCCCC)s7)c7sccc7c(-c7cc(CCCCCCCC)c(CCCCCCCC)s7)c6s5)s4)c3nc2-c2cccc(OCCCCCCCC)c2)c1,CCCCCCc1ccc(C2(c3ccc(CCCCCC)s3)c3cc4c(cc3-c3sc5cc(C=C6C(=O)c7cc(F)ccc7C6=C(C#N)C#N)sc5c32)C(c2ccc(CCCCCC)s2)(c2ccc(CCCCCC)s2)c2c-4sc3cc(C=C4C(=O)c5cc(F)ccc5C4=C(C#N)C#N)sc23)s1,0.88,10.56,62.0,5.64,-5.37,-3.03,-5.74,-4.01,,,2019,10.1016/j.orgel.2019.06.007,"OPV-DB (Qiu, J., Zenodo, 2026, doi:10.5281/zenodo.20841543)"
PTB7-Th,IDIC-4F,CCCCC(CC)COC(=O)c1sc2c(-c3cc4c(-c5ccc(CC(CC)CCCC)s5)c5sc(C)cc5c(-c5ccc(CC(CC)CCCC)s5)c4s3)sc(C)c2c1F,CCCCCCc1ccc(C2(c3ccc(CCCCCC)cc3)c3cc4c(cc3-c3sc(/C=C5\C(=O)c6cc(F)c(F)cc6C5=C(C#N)C#N)cc32)C(c2ccc(CCCCCC)cc2)(c2ccc(CCCCCC)cc2)c2cc(/C=C3\C(=O)c5cc(F)c(F)cc5C3=C(C#N)C#N)sc2-4)cc1,0.641,13.43,62.1,5.61,-5.2,-3.59,-5.82,-4.05,,,2019,10.1021/jacs.9b08988,"OPV-DB (Qiu, J., Zenodo, 2026, doi:10.5281/zenodo.20841543)"
J52-2F,CRIC-4F,CCCCCCCCC(CCCCCC)Cn1nc2c(-c3cccs3)c(F)c(F)c(-c3ccc(-c4cc5c(-c6cc(F)c(CC(CC)CCCC)s6)c6sccc6c(-c6cc(F)c(CC(CC)CCCC)s6)c5s4)s3)c2n1,CCCCCCc1ccc(C2(c3ccc(CCCCCC)cc3)c3cc(/C=C4\C(=O)c5cc(F)c(F)cc5C4=C(C#N)C#N)sc3-c3cc4c5cccc6c5c(cc4c4cccc2c34)-c2sc(/C=C3\C(=O)c4cc(F)c(F)cc4C3=C(C#N)C#N)cc2C6(c2ccc(CCCCCC)cc2)c2ccc(CCCCCC)cc2)cc1,0.887,13.12,48.2,5.61,-5.36,-3.42,-5.67,-3.9,,,2019,10.1016/j.dyepig.2019.108012,"OPV-DB (Qiu, J., Zenodo, 2026, doi:10.5281/zenodo.20841543)"
PDBT-2Cl,IT-4F,CCCCCCCCc1sc(-c2c3sc4cc(-c5ccc(-c6sc(-c7cccs7)c7c6C(=O)c6c(CC(CC)CCCC)sc(CC(CC)CCCC)c6C7=O)s5)sc4c3c(-c3sc(CCCCCCCC)c(Cl)c3Cl)c3sc4ccsc4c23)c(Cl)c1Cl,CCCCCCc1ccc(C2(c3ccc(CCCCCC)cc3)c3cc4c(cc3-c3sc5cc(/C=C6\C(=O)c7cc(F)c(F)cc7C6=C(C#N)C#N)sc5c32)C(c2ccc(CCCCCC)cc2)(c2ccc(CCCCCC)cc2)c2c-4sc3cc(/C=C4\C(=O)c5cc(F)c(F)cc5C4=C(C#N)C#N)sc23)cc1,0.99,15.1,42.0,5.6,-5.49,-3.59,-5.69,-4.07,,,2019,10.1039/c9qm00212j,"OPV-DB (Qiu, J., Zenodo, 2026, doi:10.5281/zenodo.20841543)"
PBDTTS-FTTE,ITIC-Th,CCCCC(CC)COC(=O)c1sc2c(-c3cc4c(-c5ccc(SCC(CC)CCCC)s5)c5sccc5c(-c5ccc(SCC(CC)CCCC)s5)c4s3)scc2c1F,CCCCCCc1ccc(C2(c3ccc(CCCCCC)s3)c3cc4c(cc3-c3sc5cc(/C=C6\C(=O)c7ccccc7C6=C(C#N)C#N)sc5c32)C(c2ccc(CCCCCC)s2)(c2ccc(CCCCCC)s2)c2c-4sc3cc(/C=C4\C(=O)c5ccccc5C4=C(C#N)C#N)sc23)s1,0.86,12.1,53.4,5.57,-5.49,-3.9,-5.81,-4.01,,,2019,10.1021/acs.chemmater.9b01741,"OPV-DB (Qiu, J., Zenodo, 2026, doi:10.5281/zenodo.20841543)"
J71,HCN-C16,CCCCCCCCC(CCCCCC)Cn1nc2c(-c3cccs3)c(F)c(F)c(-c3ccc(-c4cc5c(-c6ccc([Si](CCC)(CCC)CCC)s6)c6sccc6c(-c6ccc([Si](CCC)(CCC)CCC)s6)c5s4)s3)c2n1,CCCCCCCCC(CCCCCC)Cn1c2cc3c(cc2c2cc4c(cc21)-c1sc(/C=C2\C(=O)c5ccccc5C2=C(C#N)C#N)cc1C4(c1ccc(CCCCCC)cc1)c1ccc(CCCCCC)cc1)C(c1ccc(CCCCCC)cc1)(c1ccc(CCCCCC)cc1)c1cc(/C=C2\C(=O)c4ccccc4C2=C(C#N)C#N)sc1-3,1.03,12.3,43.5,5.51,-5.35,-3.4,-5.63,-3.57,,,2019,10.1021/acs.chemmater.9b02355,"OPV-DB (Qiu, J., Zenodo, 2026, doi:10.5281/zenodo.20841543)"
L68,TTPT-T-4F,CCCCCCCCC(CCCCCC)Cn1nc2c(-c3cccs3)c(F)c(F)c(-c3ccc(-c4cc5c(-c6cc(Cl)c(CC(CC)CCCC)s6)c6sccc6c(-c6cc(Cl)c(CC(CC)CCCC)s6)c5s4)s3)c2n1,CCCCCCc1ccc(C2(c3ccc(CCCCCC)cc3)c3cc4c(cc3-c3sc(-c5ccc(/C=C6\C(=O)c7cc(F)c(F)cc7C6=C(C#N)C#N)s5)cc32)C(c2ccc(CCCCCC)cc2)(c2ccc(CCCCCC)cc2)c2c-4sc3cc(/C=C4\C(=O)c5cc(F)c(F)cc5C4=C(C#N)C#N)sc23)cc1,0.85,21.25,70.1,12.72,-5.495,-3.465,-5.63,-4.08,,,2019,10.1002/adfm.201906809,"OPV-DB (Qiu, J., Zenodo, 2026, doi:10.5281/zenodo.20841543)"
SM1,Y6,CCCCCCCCc1cc(/C=C(/C#N)C(=O)OCC(CC)CCCC)sc1-c1ccc(-c2sc(-c3cc4c(-c5ccc(CC(CC)CCCC)s5)c5sc(-c6cc(CCCCCCCC)c(-c7ccc(-c8sc(/C=C(\C#N)C(=O)OCC(CC)CCCC)cc8CCCCCCCC)s7)s6)cc5c(-c5ccc(CC(CC)CCCC)s5)c4s3)cc2CCCCCCCC)s1,CCCCCCCCCCCc1c(/C=C2\C(=O)c3cc(F)c(F)cc3C2=C(C#N)C#N)sc2c1sc1c3c4nsnc4c4c5sc6c(CCCCCCCCCCC)c(/C=C7\C(=O)c8cc(F)c(F)cc8C7=C(C#N)C#N)sc6c5n(CC(CC)CCCC)c4c3n(CC(CC)CCCC)c21,0.805,23.59,67.0,12.72,-5.25,-2.8,-5.65,-4.09,,,2019,10.1002/adma.201908373,"OPV-DB (Qiu, J., Zenodo, 2026, doi:10.5281/zenodo.20841543)"
PBT1-C,TTPT-T-2F,CCCCCCC(CCCC)Cc1ccc(-c2c3cc(-c4ccc(-c5sc(-c6cccs6)c6c5C(=O)c5c(CC(CC)CCCC)sc(CC(CC)CCCC)c5C6=O)s4)sc3c(-c3ccc(CC(CCCC)CCCCCC)cc3)c3ccsc23)cc1,CCCCCCc1ccc(C2(c3ccc(CCCCCC)cc3)c3cc4c(cc3-c3sc(-c5ccc(/C=C6\C(=O)c7ccc(F)cc7C6=C(C#N)C#N)s5)cc32)C(c2ccc(CCCCCC)cc2)(c2ccc(CCCCCC)cc2)c2c-4sc3cc(/C=C4\C(=O)c5ccc(F)cc5C4=C(C#N)C#N)sc23)cc1,0.915,17.7,75.1,12.71,-5.43,-3.36,-5.6,-4.0,,,2019,10.1039/c9ta06476a,"OPV-DB (Qiu, J., Zenodo, 2026, doi:10.5281/zenodo.20841543)"
PBDB-TF,C8-ITCC-Cl,CCCCC(CC)Cc1sc(-c2c3cc(-c4ccc(-c5sc(-c6cccs6)c6c5C(=O)c5c(CC(CC)CCCC)sc(CC(CC)CCCC)c5C6=O)s4)sc3c(-c3cc(F)c(CC(CC)CCCC)s3)c3ccsc23)cc1F,CCCCCCCCC1(CCCCCCCC)c2cc3c(cc2-c2sc4cc(/C=C5\C(=O)c6sc(Cl)cc6C5=C(C#N)C#N)sc4c21)C(CCCCCCCC)(CCCCCCCC)c1c-3sc2cc(/C=C3\C(=O)c4cc(Cl)sc4C3=C(C#N)C#N)sc12,0.95,17.9,73.0,12.7,-5.4,-3.64,-5.5,-3.93,,,2019,10.1021/acs.chemmater.9b00980.s001,"OPV-DB (Qiu, J., Zenodo, 2026, doi:10.5281/zenodo.20841543)"
PBT1-C-2Cl,IT-4F,CCCCCCC(CCCC)Cc1ccc(-c2c3cc(-c4sc(-c5sc(-c6cc(Cl)cs6)c6c5C(=O)c5c(CC(CC)CCCC)sc(CC(CC)CCCC)c5C6=O)cc4Cl)sc3c(-c3ccc(CC(CCCC)CCCCCC)cc3)c3ccsc23)cc1,CCCCCCc1ccc(C2(c3ccc(CCCCCC)cc3)c3cc4c(cc3-c3sc5cc(/C=C6\C(=O)c7cc(F)c(F)cc7C6=C(C#N)C#N)sc5c32)C(c2ccc(CCCCCC)cc2)(c2ccc(CCCCCC)cc2)c2c-4sc3cc(/C=C4\C(=O)c5cc(F)c(F)cc5C4=C(C#N)C#N)sc23)cc1,0.85,19.74,76.0,12.7,-5.59,-3.53,-5.677,-4.105,,,2019,10.1016/j.nanoen.2019.01.039,"OPV-DB (Qiu, J., Zenodo, 2026, doi:10.5281/zenodo.20841543)"
PBDB-TF,C8-ITCC-Cl,CCCCC(CC)Cc1sc(-c2c3cc(-c4ccc(-c5sc(-c6cccs6)c6c5C(=O)c5c(CC(CC)CCCC)sc(CC(CC)CCCC)c5C6=O)s4)sc3c(-c3cc(F)c(CC(CC)CCCC)s3)c3ccsc23)cc1F,CCCCCCCCC1(CCCCCCCC)c2cc3c(cc2-c2sc4cc(/C=C5\C(=O)c6sc(Cl)cc6C5=C(C#N)C#N)sc4c21)C(CCCCCCCC)(CCCCCCCC)c1c-3sc2cc(/C=C3\C(=O)c4sc(Cl)cc4C3=C(C#N)C#N)sc12,0.95,17.9,73.0,12.7,-5.49,-3.64,-5.5,-3.93,,,2019,10.1021/acs.chemmater.9b00980,"OPV-DB (Qiu, J., Zenodo, 2026, doi:10.5281/zenodo.20841543)"
PBDB-TF,BTT-FIC,CCCCC(CC)Cc1sc(-c2c3cc(-c4ccc(-c5sc(-c6cccs6)c6c5C(=O)c5c(CC(CC)CCCC)sc(CC(CC)CCCC)c5C6=O)s4)sc3c(-c3cc(F)c(CC(CC)CCCC)s3)c3ccsc23)cc1F,CCCCCCc1ccc(C2(c3ccc(CCCCCC)cc3)c3cc(/C=C4\C(=O)c5ccc(F)cc5C4=C(C#N)C#N)sc3-c3sc4c(-c5cc6sc(CC(CC)CCCC)cc6s5)c5c6c(sc5c(-c5cc7sc(CC(CC)CCCC)cc7s5)c4c32)-c2sc(/C=C3\C(=O)c4ccc(F)cc4C3=C(C#N)C#N)cc2C6(c2ccc(CCCCCC)cc2)c2ccc(CCCCCC)cc2)cc1,0.953,18.54,71.6,12.65,-5.5,-3.61,-5.64,-3.87,,,2019,10.1039/c9ta01888c,"OPV-DB (Qiu, J., Zenodo, 2026, doi:10.5281/zenodo.20841543)"
P2F-EHp,IT-4F,CCc1c(F)cc(-c2c3cc(-c4ccc(-c5c6c(c(-c7ccc(-c8cc9c(-c%10cc(F)c(CC)c(F)c%10)c%10sc(-c%11ccc(-c%12c%13c(c(-c%14ccc(-c%15cc%16c(-c%17cc(F)c(CC)c(F)c%17)c%17sc(-c%18ccc(-c%19c%20c(c(-c%21cccs%21)c%21nn(CC)nc%19%21)C(=O)N(CC)C%20=O)s%18)cc%17c(-c%17cc(F)c(CC)c(F)c%17)c%16s%15)s%14)c%14nn(CC)nc%12%14)C(=O)N(CC)C%13=O)s%11)cc%10c(-c%10cc(F)c(CC)c(F)c%10)c9s8)s7)c7nn(CC)nc57)C(=O)N(CC)C6=O)s4)sc3c(-c3cc(F)c(CC)c(F)c3)c3ccsc23)cc1F,CCCCCCc1ccc(C2(c3ccc(CCCCCC)cc3)c3cc4c(cc3-c3sc5cc(/C=C6\C(=O)c7cc(F)c(F)cc7C6=C(C#N)C#N)sc5c32)C(c2ccc(CCCCCC)cc2)(c2ccc(CCCCCC)cc2)c2c-4sc3cc(/C=C4\C(=O)c5cc(F)c(F)cc5C4=C(C#N)C#N)sc23)cc1,0.9,19.56,71.4,12.64,-5.38,-3.06,-5.66,-4.14,,,2019,10.1039/c9tc05358a,"OPV-DB (Qiu, J., Zenodo, 2026, doi:10.5281/zenodo.20841543)"
PBDB-T,X1-PCIC,CCCCC(CC)Cc1ccc(-c2c3cc(-c4ccc(-c5sc(-c6cccs6)c6c5C(=O)c5c(CC(CC)CCCC)sc(CC(CC)CCCC)c5C6=O)s4)sc3c(-c3ccc(CC(CC)CCCC)s3)c3ccsc23)s1,CCCCCCc1nc2c(-c3cc4c(s3)C3SC(/C=C5\C(=O)c6cscc6C5C(C#N)C#N)=CC3C4(CC(CC)CCCC)CC(CC)CCCC)c3sc(CCCCCC)nc3c(-c3cc4c(s3)-c3sc(/C=C5\C(=O)c6cscc6C5C(C#N)C#N)cc3C4(CC(CC)CCCC)CC(CC)CCCC)c2s1,0.85,17.97,66.8,10.17,-5.33,-3.48,-5.35,-3.77,,,2019,10.1002/smtd.201900531,"OPV-DB (Qiu, J., Zenodo, 2026, doi:10.5281/zenodo.20841543)"
PBDT-PhI,ITCT,CCCCC(CC)Cc1ccc(-c2c3cc(-c4ccc(-c5ccc(-c6cccs6)c6c5C(=O)N(CC(CC)CCCC)C6=O)s4)sc3c(-c3ccc(CC(CC)CCCC)s3)c3ccsc23)s1,CCCCCCc1ccc(C2(c3ccc(CCCCCC)cc3)c3cc4c(cc3-c3sc5cc(/C=C6\C(=O)c7cscc7C6=C(C#N)C#N)sc5c32)C(c2ccc(CCCCCC)cc2)(c2ccc(CCCCCC)cc2)c2c-4sc3cc(/C=C4\C(=O)c5cscc5C4=C(C#N)C#N)sc23)cc1,0.92,16.67,66.3,10.17,-5.5,-2.74,-5.585,-3.826,,,2019,10.1039/c9tc01932d,"OPV-DB (Qiu, J., Zenodo, 2026, doi:10.5281/zenodo.20841543)"
PBDT-BZ,BDTB-Na,CCCCCCCCC(CCCCCC)Cn1nc2c(-c3ccc(C)s3)c(F)c(F)c(-c3ccc(-c4cc5c(-c6ccc(SCC(CCCC)CCCCCC)s6)c6sc(C)cc6c(-c6ccc(SCC(CCCC)CCCCCC)s6)c5s4)s3)c2n1,CCCCCCc1ccc(C2(c3ccc(CCCCCC)cc3)c3cc(/C=C4/C(=O)c5cc6ccccc6cc5C4=C(C#N)C#N)sc3-c3sc4c(-c5ccc(SCC(CC)CCCC)cc5)c5c6c(sc5c(-c5ccc(SCC(CC)CCCC)cc5)c4c32)-c2sc(/C=C3/C(=O)c4cc5ccccc5cc4C3=C(C#N)C#N)cc2C6(c2ccc(CCCCCC)cc2)c2ccc(CCCCCC)cc2)cc1,0.888,17.66,62.6,10.14,-5.38,-3.56,-5.5,-3.8,,,2019,10.1021/acsami.9b14981,"OPV-DB (Qiu, J., Zenodo, 2026, doi:10.5281/zenodo.20841543)"
PTQ10,PC71BM,CCCCCCCCC(CCCCCC)COc1cnc2c(-c3cccs3)c(F)c(F)cc2n1,COC(=O)CCCC1(c2ccccc2)C23c4c5ccc6c7cc8c9c%10c(cc%11cc%12c%13c%14c(cc%15c%16ccc-5c2c%16c2c5c%16c%17c(c(c46)c7c9c%17c4c%10c%11c%13c4c%16c%14c%152)C513)C%12)C8,0.94,8.32,55.12,4.31,-5.54,-2.92,-5.9,-3.9,,,2019,10.1002/solr.201900540,"OPV-DB (Qiu, J., Zenodo, 2026, doi:10.5281/zenodo.20841543)"
P6T-F00,EH-IDTBR,CCCCCCCCCCCCC(CCCCCCCCCC)Cc1cc(-c2ccc(-c3ccc(-c4cc(CC(CCCCCCCCCC)CCCCCCCCCCCC)c(-c5ccc(-c6ccc(C)s6)s5)s4)s3)s2)sc1C,CCCCC(CC)CC1(CC(CC)CCCC)c2cc3c(cc2-c2sc(-c4ccc(/C=C5\SC(=S)N(CC)C5=O)c5nsnc45)cc21)C(CC(CC)CCCC)(CC(CC)CCCC)c1cc(-c2ccc(/C=C4\SC(=S)N(CC)C4=O)c4nsnc24)sc1-3,1.07,6.7,56.0,4.3,-5.28,-3.28,-5.57,-3.91,,,2019,10.1021/acsaem.9b01532,"OPV-DB (Qiu, J., Zenodo, 2026, doi:10.5281/zenodo.20841543)"
PM6,BTP-M,CCCCC(CC)Cc1sc(-c2c3cc(-c4ccc(-c5sc(-c6cccs6)c6c5C(=O)c5c(CC(CC)CCCC)sc(CC(CC)CCCC)c5C6=O)s4)sc3c(-c3cc(F)c(CC(CC)CCCC)s3)c3ccsc23)cc1F,CCc1c(/C=C2\C(=O)c3ccc(C)cc3C2=C(C#N)C#N)sc2c1sc1c3c4nsnc4c4c5sc6c(CC)c(/C=C7\C(=O)c8ccc(C)cc8C7=C(C#N)C#N)sc6c5n(CC)c4c3n(CC)c21,0.975,8.43,51.8,4.26,-5.56,-3.65,-5.48,-3.81,,,2019,10.1039/c9ee03710a,"OPV-DB (Qiu, J., Zenodo, 2026, doi:10.5281/zenodo.20841543)"
PTB7-Th,PBDTbPDI,CCCCC(CC)COC(=O)c1sc2csc(-c3cc4c(-c5ccc(CC(CC)CCCC)s5)c5sccc5c(-c5ccc(CC(CC)CCCC)s5)c4s3)c2c1F,CCCCCC(CCCCC)N1C(=O)c2ccc3c4ccc5c6c(cc(-c7cc8c9c(cc(-c%10cc%11c(OCC(CC)CCCC)c%12sccc%12c(OCC(CC)CCCC)c%11s%10)c%10c%11ccc%12c%13c(ccc(c7c9%10)c%13%11)C(=O)N(C(CCCCC)CCCCC)C%12=O)C(=O)N(C(CCCCC)CCCCC)C8=O)c(c7ccc(c2c37)C1=O)c64)C(=O)N(C(CCCCC)CCCCC)C5=O,0.71,10.11,56.0,4.16,-5.29,-3.72,-6.05,-4.25,,,2019,10.1016/j.solmat.2019.03.044,"OPV-DB (Qiu, J., Zenodo, 2026, doi:10.5281/zenodo.20841543)"
P6T-F00,EH-IDTBR,CCCCCCCCCCCCC(CCCCCCCCCC)Cc1csc(-c2ccc(-c3ccc(-c4cc(CC(CCCCCCCCCC)CCCCCCCCCCCC)c(-c5ccc(-c6cccs6)s5)s4)s3)s2)c1,CCCCC(CC)CC1(CC(CC)CCCC)c2cc3c(cc2-c2sc(-c4ccc(/C=C5\SC(=S)N(CC)C5=O)c5nsnc45)cc21)C(CC(CC)CCCC)(CC(CC)CCCC)c1cc(-c2ccc(/C=C4\SC(=S)N(CC)C4=O)c4nsnc24)sc1-3,1.07,6.7,56.0,4.1,-5.28,-3.28,-5.57,-3.91,,,2019,10.1021/acsaem.9b01532,"OPV-DB (Qiu, J., Zenodo, 2026, doi:10.5281/zenodo.20841543)"
PBDT-BZ,BDTB-Ph,CCCCCCCCC(CCCCCC)Cn1nc2c(-c3cccs3)c(F)c(F)c(-c3ccc(-c4cc5c(-c6ccc(SCC(CCCC)CCCCCC)s6)c6sccc6c(-c6ccc(SCC(CCCC)CCCCCC)s6)c5s4)s3)c2n1,CCCCCCc1ccc(C2(c3ccc(CCCCCC)cc3)c3cc(/C=C4/C(=O)c5ccccc5C4=C(C#N)C#N)sc3-c3sc4c(-c5ccc(SCC(CC)CCCC)cc5)c5c6c(sc5c(-c5ccc(SCC(CC)CCCC)cc5)c4c32)-c2sc(/C=C3/C(=O)c4ccccc4C3=C(C#N)C#N)cc2C6(c2ccc(CCCCCC)cc2)c2ccc(CCCCCC)cc2)cc1,0.918,17.52,64.5,10.38,-5.38,-3.56,-5.49,-3.76,,,2019,10.1021/acsami.9b14981,"OPV-DB (Qiu, J., Zenodo, 2026, doi:10.5281/zenodo.20841543)"
PTBTz-Cl,PC71BM,CCCCCCCCCCC(CCCCCCCC)COC(=O)c1cc2c(-c3nc(Cl)cs3)sc(-c3nc(Cl)c(-c4cc5c(-c6ccc(CC(CC)CCCC)s6)c6sccc6c(-c6ccc(CC(CC)CCCC)s6)c5s4)s3)c2s1,COC(=O)CCCC1(c2ccccc2)C23c4c5ccc6c7cc8c9c%10c(cc%11cc%12c%13c%14c(cc%15c%16ccc-5c2c%16c2c5c%16c%17c(c(c46)c7c9c%17c4c%10c%11c%13c4c%16c%14c%152)C513)C%12)C8,0.94,15.81,70.0,10.35,-5.56,-3.97,-5.9,-3.9,,,2019,10.1021/acsami.9b18278,"OPV-DB (Qiu, J., Zenodo, 2026, doi:10.5281/zenodo.20841543)"
PBDB-TF,HBDT-4Cl,CCCCC(CC)Cc1sc(-c2c3cc(-c4ccc(-c5sc(-c6cccs6)c6c5C(=O)c5c(CC(CC)CCCC)sc(CC(CC)CCCC)c5C6=O)s4)sc3c(-c3cc(F)c(CC(CC)CCCC)s3)c3ccsc23)cc1F,CCCCCCc1ccc(C2(c3ccc(CCCCCC)cc3)c3cc(/C=C4\C(=O)c5cc(Cl)c(Cl)cc5C4=C(C#N)C#N)sc3-c3sc4c(-c5ccc(CC(CC)CCCC)s5)c5c6c(sc5c(-c5ccc(CC(CC)CCCC)s5)c4c32)-c2sc(/C=C3\C(=O)c4cc(Cl)c(Cl)cc4C3=C(C#N)C#N)cc2C6(c2ccc(CCCCCC)cc2)c2ccc(CCCCCC)cc2)cc1,0.899,17.6,64.1,10.35,-5.5,-3.61,-5.67,-3.9,,,2019,10.1039/c9ta06311k,"OPV-DB (Qiu, J., Zenodo, 2026, doi:10.5281/zenodo.20841543)"
PTB7-Th,i-FUIC,CCCCC(CC)COC(=O)c1sc2c(-c3cc4c(-c5ccc(CC(CC)CCCC)s5)c5sc(C)cc5c(-c5ccc(CC(CC)CCCC)s5)c4s3)sc(C)c2c1F,CCCCCCc1ccc(C2(c3ccc(CCCCCC)cc3)c3c(sc4cc(/C=C5\C(=O)c6cc(F)c(F)cc6C5=C(C#N)C#N)sc34)-c3sc4c5c(sc4c32)-c2sc3c4c(sc3c2C5(c2ccc(CCCCCC)cc2)c2ccc(CCCCCC)cc2)-c2sc3c(/C=C5\C(=O)c6cc(F)c(F)cc6C5=C(C#N)C#N)csc3c2C4(c2ccc(CCCCCC)cc2)c2ccc(CCCCCC)cc2)cc1,0.779,20.2,63.4,10.3,-5.2,-3.6,-5.31,-3.99,,,2019,10.1039/c9ta07917c,"OPV-DB (Qiu, J., Zenodo, 2026, doi:10.5281/zenodo.20841543)"
PBDT-TzBI,ITIC,CCCCCCCCN1C(=O)c2c(c(-c3ccc(-c4cc5c(-c6ccc(CC(CC)CCCC)s6)c6sccc6c(-c6ccc(CC(CC)CCCC)s6)c5s4)s3)c3nn(CC(CC)CCCC)nc3c2-c2cccs2)C1=O,CCCCCCc1ccc(C2(c3ccc(CCCCCC)cc3)c3cc4c(cc3-c3sc5cc(C=C6C(=O)c7ccccc7C6=C(C#N)C#N)sc5c32)C(c2ccc(CCCCCC)cc2)(c2ccc(CCCCCC)cc2)c2c-4sc3cc(C=C4C(=O)c5ccccc5C4=C(C#N)C#N)sc23)cc1,0.84,17.78,69.0,10.24,-5.9,-3.6,-5.576,-3.916,,,2019,10.1039/c9ta06385d,"OPV-DB (Qiu, J., Zenodo, 2026, doi:10.5281/zenodo.20841543)"
PDBT-2F,IT-4F,CCc1sc(-c2c3sc4cc(-c5ccc(-c6sc(-c7ccc(-c8cc9sc%10c(-c%11sc(CC)c(F)c%11F)c%11c(sc%12cc(-c%13ccc(-c%14sc(-c%15ccc(-c%16cc%17sc%18c(-c%19sc(CC)c(F)c%19F)c%19c(sc%20cc(-c%21ccc(-c%22sc(-c%23cccs%23)c%23c%22C(=O)c%22c(CC)sc(CC)c%22C%23=O)s%21)sc%20%19)c(-c%19sc(CC)c(F)c%19F)c%18c%17s%16)s%15)c%15c%14C(=O)c%14c(CC)sc(CC)c%14C%15=O)s%13)sc%12%11)c(-c%11sc(CC)c(F)c%11F)c%10c9s8)s7)c7c6C(=O)c6c(CC)sc(CC)c6C7=O)s5)sc4c3c(-c3sc(CC)c(F)c3F)c3sc4ccsc4c23)c(F)c1F,CCCCCCc1ccc(C2(c3ccc(CCCCCC)cc3)c3cc4c(cc3-c3sc5cc(/C=C6\C(=O)c7cc(F)c(F)cc7C6=C(C#N)C#N)sc5c32)C(c2ccc(CCCCCC)cc2)(c2ccc(CCCCCC)cc2)c2c-4sc3cc(/C=C4\C(=O)c5cc(F)c(F)cc5C4=C(C#N)C#N)sc23)cc1,0.87,20.6,57.0,10.2,-5.43,-3.61,-5.66,-4.14,,,2019,10.1039/c9qm00212j,"OPV-DB (Qiu, J., Zenodo, 2026, doi:10.5281/zenodo.20841543)"
P(Cl-Cl),IT-4F,CCCCC(CC)Cc1sc(-c2c3cc(-c4sc(C)c(C)c4Cl)sc3c(-c3cc(Cl)c(CC(CC)CCCC)s3)c3cc(C)sc23)cc1Cl,CCCCCCc1ccc(C2(c3ccc(CCCCCC)cc3)c3cc4c(cc3-c3sc5cc(/C=C6\C(=O)c7cc(F)c(F)cc7C6=C(C#N)C#N)sc5c32)C(c2ccc(CCCCCC)cc2)(c2ccc(CCCCCC)cc2)c2c-4sc3cc(/C=C4\C(=O)c5cc(F)c(F)cc5C4=C(C#N)C#N)sc23)cc1,0.899,20.3,56.1,10.2,-5.7,-3.68,-5.71,-4.15,,,2019,10.1002/smll.201902598,"OPV-DB (Qiu, J., Zenodo, 2026, doi:10.5281/zenodo.20841543)"
PBDT-Cl-3T2C,IT-4F,CCCCCCCCCCOC(=O)c1ccsc1-c1ccc(-c2sc(-c3cc4c(-c5cc(Cl)c(CC(CC)CCCC)s5)c5sccc5c(-c5cc(Cl)c(CC(CC)CCCC)s5)c4s3)cc2C(=O)OCCCCCCCCCC)s1,CCCCCCc1ccc(C2(c3ccc(CCCCCC)cc3)c3cc4c(cc3-c3sc5cc(/C=C6\C(=O)c7cc(F)c(F)cc7C6=C(C#N)C#N)sc5c32)C(c2ccc(CCCCCC)cc2)(c2ccc(CCCCCC)cc2)c2c-4sc3cc(/C=C4\C(=O)c5cc(F)c(F)cc5C4=C(C#N)C#N)sc23)cc1,0.871,18.63,62.8,10.18,-5.56,-3.58,-5.66,-4.14,,,2019,10.1016/j.orgel.2019.04.011,"OPV-DB (Qiu, J., Zenodo, 2026, doi:10.5281/zenodo.20841543)"
PDBT-Cl,IT-4F,CCc1sc(-c2c3sc4cc(-c5ccc(-c6sc(-c7ccc(-c8cc9sc%10c(-c%11cc(Cl)c(CC)s%11)c%11c(sc%12cc(-c%13ccc(-c%14sc(-c%15ccc(-c%16cc%17sc%18c(-c%19cc(Cl)c(CC)s%19)c%19c(sc%20cc(-c%21ccc(-c%22sc(-c%23cccs%23)c%23c%22C(=O)c%22c(CC)sc(CC)c%22C%23=O)s%21)sc%20%19)c(-c%19cc(Cl)c(CC)s%19)c%18c%17s%16)s%15)c%15c%14C(=O)c%14c(CC)sc(CC)c%14C%15=O)s%13)sc%12%11)c(-c%11cc(Cl)c(CC)s%11)c%10c9s8)s7)c7c6C(=O)c6c(CC)sc(CC)c6C7=O)s5)sc4c3c(-c3cc(Cl)c(CC)s3)c3sc4ccsc4c23)cc1Cl,CCCCCCc1ccc(C2(c3ccc(CCCCCC)cc3)c3cc4c(cc3-c3sc5cc(/C=C6\C(=O)c7cc(F)c(F)cc7C6=C(C#N)C#N)sc5c32)C(c2ccc(CCCCCC)cc2)(c2ccc(CCCCCC)cc2)c2c-4sc3cc(/C=C4\C(=O)c5cc(F)c(F)cc5C4=C(C#N)C#N)sc23)cc1,0.82,22.3,69.0,12.6,-5.41,-3.56,-5.66,-4.14,,,2019,10.1039/c9qm00212j,"OPV-DB (Qiu, J., Zenodo, 2026, doi:10.5281/zenodo.20841543)"
PM6,HO-IDIC-2F,CCCCC(CC)Cc1sc(-c2c3cc(-c4ccc(-c5sc(-c6cccs6)c6c5C(=O)c5c(CC(CC)CCCC)sc(CC(CC)CCCC)c5C6=O)s4)sc3c(-c3cc(F)c(CC(CC)CCCC)s3)c3ccsc23)cc1F,CCCCCCOc1c2c(c(OCCCCCC)c3c1C(CCCCCC)(CCCCCC)c1cc(/C=C4\C(=O)c5cc(F)ccc5C4=C(C#N)C#N)sc1-3)C(CCCCCC)(CCCCCC)c1cc(/C=C3\C(=O)c4cc(F)ccc4C3=C(C#N)C#N)sc1-2,0.863,19.05,76.3,12.53,-5.56,-3.65,-5.81,-3.91,,,2019,10.1002/adfm.201906855,"OPV-DB (Qiu, J., Zenodo, 2026, doi:10.5281/zenodo.20841543)"
PBDB-T-2Cl,BT2FIDT-4Cl,CCCCC(CC)Cc1sc(-c2c3cc(-c4ccc(-c5sc(-c6cccs6)c6c5C(=O)c5c(CC(CC)CCCC)sc(CC(CC)CCCC)c5C6=O)s4)sc3c(-c3cc(Cl)c(CC(CC)CCCC)s3)c3ccsc23)cc1Cl,CCc1ccc(C2(c3ccc(CC)cc3)c3cc4c(cc3-c3sc(/C=C5\C(=O)c6cc(Cl)c(Cl)cc6C5=C(C#N)C#N)cc32)C(c2ccc(CC)cc2)(c2ccc(CC)cc2)c2cc(-c3c(F)c(F)c(-c5cc6c(s5)-c5cc7c(cc5C6(c5ccc(CC)cc5)c5ccc(CC)cc5)-c5sc(/C=C6\C(=O)c8cc(Cl)c(Cl)cc8C6=C(C#N)C#N)cc5C7(c5ccc(CC)cc5)c5cccc(CC)c5)c5nsnc35)sc2-4)cc1,0.97,18.1,71.5,12.5,-5.52,-3.6,-5.7,-3.88,,,2019,10.1002/smll.201907681,"OPV-DB (Qiu, J., Zenodo, 2026, doi:10.5281/zenodo.20841543)"
PBDB-TF,IT-DOH,CCCCC(CC)Cc1sc(-c2c3cc(-c4ccc(-c5sc(-c6cccs6)c6c5C(=O)c5c(CC(CC)CCCC)sc(CC(CC)CCCC)c5C6=O)s4)sc3c(-c3cc(F)c(CC(CC)CCCC)s3)c3ccsc23)cc1F,CCCCCCc1ccc(C2(c3ccc(CCCCCC)cc3)c3cc4c(cc3-c3sc5cc(/C=C6\C(=O)c7c(O)cccc7C6=C(C#N)C#N)sc5c32)C(c2ccc(CCCCCC)cc2)(c2ccc(CCCCCC)cc2)c2c-4sc3cc(/C=C4\C(=O)c5c(O)cccc5C4=C(C#N)C#N)sc23)cc1,0.96,17.78,73.0,12.5,-5.49,-3.64,-5.58,-3.93,,,2019,10.1002/aenm.201903650,"OPV-DB (Qiu, J., Zenodo, 2026, doi:10.5281/zenodo.20841543)"
PM7,BT2FIDT-4Cl,CCCCC(CC)Cc1sc(-c2c3ccsc3c(-c3cc(Cl)c(CC(CC)CCCC)s3)c3sc(-c4ccc(-c5sc(-c6cccs6)c6c5C(=O)c5c(CC(CC)CCCC)sc(CC(CC)CCCC)c5C6=O)s4)cc23)cc1Cl,CCc1ccc(C2(c3ccc(CC)cc3)c3cc4c(cc3-c3sc(/C=C5\C(=O)c6cc(Cl)c(Cl)cc6C5=C(C#N)C#N)cc32)C(c2ccc(CC)cc2)(c2ccc(CC)cc2)c2cc(-c3c(F)c(F)c(-c5cc6c(s5)-c5cc7c(cc5C6(c5ccc(CC)cc5)c5ccc(CC)cc5)-c5sc(/C=C6\C(=O)c8cc(Cl)c(Cl)cc8C6=C(C#N)C#N)cc5C7(c5ccc(CC)cc5)c5cccc(CC)c5)c5nsnc35)sc2-4)cc1,0.97,18.1,71.5,12.5,-5.575,-3.67,-5.7,-3.88,,,2019,10.1002/smll.201907681,"OPV-DB (Qiu, J., Zenodo, 2026, doi:10.5281/zenodo.20841543)"
PTBSi25,IEICO-4F,CCCCC(CC)COC(=O)c1sc2c(-c3cc4c(-c5ccc(CC(CC)CCCC)s5)c5sc(-c6sc(-c7cc8c(-c9ccc(CCCCC[Si](C)(O[Si](C)(C)C)O[Si](C)(C)C)s9)c9sccc9c(-c9ccc(CCCCC[Si](C)(O[Si](C)(C)C)O[Si](C)(C)C)s9)c8s7)c7sc(C(=O)OCC(CC)CCCC)c(F)c67)cc5c(-c5ccc(CC(CC)CCCC)s5)c4s3)scc2c1F,CCCCCCc1ccc(C2(c3ccc(CCCCCC)cc3)c3cc4c(cc3-c3sc(-c5sc(/C=C6\C(=O)c7cc(F)c(F)cc7C6=C(C#N)C#N)cc5OCC(CC)CCCC)cc32)C(c2ccc(CCCCCC)cc2)(c2ccc(CCCCCC)cc2)c2cc(-c3scc(/C=C5/C(=O)c6cc(F)c(F)cc6C5=C(C#N)C#N)c3OCC(CC)CCCC)sc2-4)cc1,0.7,25.19,68.07,12.49,-5.22,-3.65,-5.44,-4.19,,,2019,10.1021/acsami.9b18963,"OPV-DB (Qiu, J., Zenodo, 2026, doi:10.5281/zenodo.20841543)"
PTBD-BZ,TBDB-Na,CCCCCCCCC(CCCCCC)Cn1nc2c(-c3ccc(C)s3)c(F)c(F)c(-c3ccc(-c4cc5sc6c(-c7ccc(SCC(CCCC)CCCCCC)s7)c7cc(C)sc7c(-c7ccc(SCC(CCCC)CCCCCC)s7)c6c5s4)s3)c2n1,CCCCCCc1ccc(C2(c3ccc(CCCCCC)cc3)c3cc(/C=C4/C(=O)c5cc6ccccc6cc5C4=C(C#N)C#N)sc3-c3sc4c(sc5c(-c6ccc(SCC(CC)CCCC)cc6)c6c7c(sc6c(-c6ccc(SCC(CC)CCCC)cc6)c54)-c4sc(/C=C5/C(=O)c6cc8ccccc8cc6C5=C(C#N)C#N)cc4C7(c4ccc(CCCCCC)cc4)c4ccc(CCCCCC)cc4)c32)cc1,0.905,19.5,69.2,12.47,-5.4,-3.59,-5.45,-3.77,,,2019,10.1021/acsami.9b14981,"OPV-DB (Qiu, J., Zenodo, 2026, doi:10.5281/zenodo.20841543)"
J101 (actually J100),ITIC,CCn1nc2c(-c3cccs3)c(Cl)c(Cl)c(-c3ccc(-c4cc5c(-c6ccc([Si](CC)(CC)CC)s6)c6sc(-c7ccc(-c8c(Cl)c(Cl)c(-c9ccc(-c%10cc%11c(-c%12ccc([Si](CC)(CC)CC)s%12)c%12sc(-c%13ccc(-c%14c(Cl)c(Cl)c(-c%15ccc(-c%16cc%17c(-c%18ccc([Si](CC)(CC)CC)s%18)c%18sccc%18c(-c%18ccc([Si](CC)(CC)CC)s%18)c%17s%16)s%15)c%15nn(CC)nc%14%15)s%13)cc%12c(-c%12ccc([Si](CC)(CC)CC)s%12)c%11s%10)s9)c9nn(CC)nc89)s7)cc6c(-c6ccc([Si](CC)(CC)CC)s6)c5s4)s3)c2n1,CCCCCCc1ccc(C2(c3ccc(CCCCCC)cc3)c3cc4c(cc3-c3sc5cc(C=C6C(=O)c7ccccc7C6=C(C#N)C#N)sc5c32)C(c2ccc(CCCCCC)cc2)(c2ccc(CCCCCC)cc2)c2c-4sc3cc(C=C4C(=O)c5ccccc5C4=C(C#N)C#N)sc23)cc1,0.951,17.7,73.7,12.47,-5.3,-3.5,-5.49,-3.83,,,2019,10.1039/c9ta03272j,"OPV-DB (Qiu, J., Zenodo, 2026, doi:10.5281/zenodo.20841543)"
PffBT4T-4T2C-9/1,PC61BM,CCCCCCCCCCC(CCCCCCCC)Cc1csc(-c2c(F)c(F)c(-c3cc(CC(CCCCCCCC)CCCCCCCCCC)c(-c4ccc(-c5ccc(-c6cc(C(=O)OCC(CCCCCC)CCCCCCCC)c(-c7cc8sc(-c9sc(-c%10ccc(-c%11cccs%11)s%10)cc9C(=O)OCC(CCCCCC)CCCCCCCC)cc8s7)s6)s5)s4)s3)c3nsnc23)c1,COC(=O)CCCC1(c2ccccc2)C23c4c5c6c7c8c9c(c%10c%11c2c2c%12c4c4c%13c5c5c7c7c8c8c%14c9c%10c9c%10c%11c2c2c%11c%12c4c4c%12c%13c5c5c7c7c8c8c%14c9c9c%10c2c2c%11c4c4c%12c5c7c5c8c9c2c45)C613,0.745,18.6,75.2,10.42,-5.39,-3.74,-6.1,-3.7,,,2019,10.1016/j.nanoen.2019.04.048,"OPV-DB (Qiu, J., Zenodo, 2026, doi:10.5281/zenodo.20841543)"
PBDB-T,IT-DOH,CCCCC(CC)Cc1ccc(-c2c3cc(-c4ccc(-c5sc(-c6cccs6)c6c5C(=O)c5c(CC(CC)CCCC)sc(CC(CC)CCCC)c5C6=O)s4)sc3c(-c3ccc(CC(CC)CCCC)s3)c3ccsc23)s1,CCCCCCc1ccc(C2(c3ccc(CCCCCC)cc3)c3cc4c(cc3-c3sc5cc(/C=C6\C(=O)c7c(O)cccc7C6=C(C#N)C#N)sc5c32)C(c2ccc(CCCCCC)cc2)(c2ccc(CCCCCC)cc2)c2c-4sc3cc(/C=C4\C(=O)c5c(O)cccc5C4=C(C#N)C#N)sc23)cc1,0.87,18.04,70.0,10.4,-5.33,-3.48,-5.58,-3.93,,,2019,10.1002/aenm.201903650,"OPV-DB (Qiu, J., Zenodo, 2026, doi:10.5281/zenodo.20841543)"
PBDTTTPD,PNT-OD,CCCCCCCCN1C(=O)c2csc(-c3cc4c(-c5ccc(CC(CC)CCCC)s5)c5sccc5c(-c5ccc(CC(CC)CCCC)s5)c4s3)c2C1=O,CCCCCCCCCCC(CCCCCCCC)CN1C(=O)c2ccc3c4c(c(-c5ccc(-c6sc(-c7cccs7)c7c6C(=O)N(CCCCCCCC)C7=O)s5)cc(c24)C1=O)C(=O)N(CC(CCCCCCCC)CCCCCCCCCC)C3=O,1.0,10.19,57.0,5.78,-5.49,-3.64,-6.03,-3.95,,,2019,10.1021/acsami.9b05537,"OPV-DB (Qiu, J., Zenodo, 2026, doi:10.5281/zenodo.20841543)"
PTQ7,Y6,CCCCCCCCC(CCCCCC)COc1cnc2c(C)ccc(-c3ccc(C)s3)c2n1,CCCCCCCCCCCc1c(/C=C2\C(=O)c3cc(F)c(F)cc3C2=C(C#N)C#N)sc2c1sc1c3c4nsnc4c4c5sc6c(CCCCCCCCCCC)c(/C=C7\C(=O)c8cc(F)c(F)cc8C7=C(C#N)C#N)sc6c5n(CC(CC)CCCC)c4c3n(CC(CC)CCCC)c21,0.71,18.65,43.4,5.75,-5.38,-2.82,-5.66,-4.08,,,2019,10.1002/adma.201905480,"OPV-DB (Qiu, J., Zenodo, 2026, doi:10.5281/zenodo.20841543)"
QX1,tPDI2N-EH,CCCCC(CC)Cc1ccc(-c2c3cc(-c4ccc(-c5c(F)c(F)c(-c6ccc(C)s6)c6nc(-c7cc(F)c(CC(CC)CCCC)s7)c(-c7cc(F)c(CC(CC)CCCC)s7)nc56)s4)sc3c(-c3ccc(CC(CC)CCCC)s3)c3cc(C)sc23)s1,CCCCC(CC)Cn1c2cc3c(=O)n(C(CC)CC)c(=O)c4ccc5c6c(-c7cc8c(=O)n(C(CC)CC)c(=O)c9cc%10c%11c(c7c7ccc%12c(=O)n(C(CC)CC)c(=O)c%13cc(c%11c7c%12%13)n%10CC(CC)CCCC)c89)cc7c(=O)n(C(CC)CC)c(=O)c8cc1c(c6c78)c2c5c43,1.03,8.61,59.0,5.74,-5.4,-3.1,-5.9,-3.7,,,2019,10.1021/acsapm.9b00433,"OPV-DB (Qiu, J., Zenodo, 2026, doi:10.5281/zenodo.20841543)"
QX4,tPDI2N-EH,CCCCC(CC)COc1c(F)cc(-c2nc3c(-c4ccc(C)s4)c(F)c(F)c(-c4ccc(-c5cc6c(-c7ccc(CC(CC)CCCC)s7)c7sc(C)cc7c(-c7ccc(CC(CC)CCCC)s7)c6s5)s4)c3nc2-c2cc(F)c(OCC(CC)CCCC)c(F)c2)cc1F,CCCCC(CC)Cn1c2cc3c(=O)n(C(CC)CC)c(=O)c4ccc5c6c(-c7cc8c(=O)n(C(CC)CC)c(=O)c9cc%10c%11c(c7c7ccc%12c(=O)n(C(CC)CC)c(=O)c%13cc(c%11c7c%12%13)n%10CC(CC)CCCC)c89)cc7c(=O)n(C(CC)CC)c(=O)c8cc1c(c6c78)c2c5c43,1.04,9.02,58.0,5.74,-5.4,-3.1,-5.9,-3.7,,,2019,10.1021/acsapm.9b00433,"OPV-DB (Qiu, J., Zenodo, 2026, doi:10.5281/zenodo.20841543)"
PM7,BDSe-4Br,CCCCC(CC)Cc1sc(-c2c3ccsc3c(-c3cc(Cl)c(CC(CC)CCCC)s3)c3sc(-c4ccc(-c5sc(-c6cccs6)c6c5C(=O)c5c(CC(CC)CCCC)sc(CC(CC)CCCC)c5C6=O)s4)cc23)cc1Cl,CCCCCCc1ccc(C2(c3ccc(CCCCCC)cc3)C3=C(SC(/C=C4\C(=O)c5cc(Br)c(Br)cc5C4=C(C#N)C#N)C3)c3[se]c4cc5c6c([se]c5cc4c32)-c2sc(/C=C3\C(=O)c4cc(Br)c(Br)cc4C3=C(C#N)C#N)cc2C6(c2ccc(CCCCCC)cc2)c2ccc(CCCCCC)cc2)cc1,0.82,22.18,69.6,12.62,-5.52,-3.57,-5.65,-3.96,,,2019,10.1039/c9ta14070k,"OPV-DB (Qiu, J., Zenodo, 2026, doi:10.5281/zenodo.20841543)"
PBDB-TF,POBDT-4Cl,CCCCC(CC)Cc1sc(-c2c3cc(-c4ccc(-c5sc(-c6cccs6)c6c5C(=O)c5c(CC(CC)CCCC)sc(CC(CC)CCCC)c5C6=O)s4)sc3c(-c3cc(F)c(CC(CC)CCCC)s3)c3ccsc23)cc1F,CCCCCCCCOc1c2sc3c(c2c(-c2ccc(CCCCCC)cc2)c2sc4c(c12)C(c1ccc(CCCCCC)cc1)(c1ccc(CCCCCC)cc1)c1cc(/C=C2\C(=O)c5cc(Cl)c(Cl)cc5C2=C(C#N)C#N)sc1-4)C(c1ccc(CCCCCC)cc1)(c1ccc(CCCCCC)cc1)c1cc(/C=C2\C(=O)c4cc(Cl)c(Cl)cc4C2=C(C#N)C#N)sc1-3,0.87,20.7,67.0,12.6,-5.5,-3.68,-5.58,-3.97,,,2019,10.1016/j.nanoen.2019.104209,"OPV-DB (Qiu, J., Zenodo, 2026, doi:10.5281/zenodo.20841543)"
PBDT-BZ,BDTB-Ph,CCCCCCCCC(CCCCCC)Cn1nc2c(-c3ccc(C)s3)c(F)c(F)c(-c3ccc(-c4cc5c(-c6ccc(SCC(CCCC)CCCCCC)s6)c6sc(C)cc6c(-c6ccc(SCC(CCCC)CCCCCC)s6)c5s4)s3)c2n1,CCCCCCc1ccc(C2(c3ccc(CCCCCC)cc3)c3cc(/C=C4/C(=O)c5ccccc5C4=C(C#N)C#N)sc3-c3sc4c(-c5ccc(SCC(CC)CCCC)cc5)c5c6c(sc5c(-c5ccc(SCC(CC)CCCC)cc5)c4c32)-c2sc(/C=C3/C(=O)c4ccccc4C3=C(C#N)C#N)cc2C6(c2ccc(CCCCCC)cc2)c2ccc(CCCCCC)cc2)cc1,0.918,17.52,64.5,10.59,-5.38,-3.56,-5.49,-3.76,,,2019,10.1021/acsami.9b14981,"OPV-DB (Qiu, J., Zenodo, 2026, doi:10.5281/zenodo.20841543)"
PBDB-T,FTTCN,CCCCC(CC)Cc1ccc(-c2c3cc(-c4ccc(-c5sc(-c6cccs6)c6c5C(=O)c5c(CC(CC)CCCC)sc(CC(CC)CCCC)c5C6=O)s4)sc3c(-c3ccc(CC(CC)CCCC)s3)c3ccsc23)s1,CCCCCCc1ccc(C2(c3ccc(CCCCCC)cc3)c3cc4c(cc3-c3sc5cc(/C=C6\C(=O)c7cscc7C6=C(C#N)C#N)sc5c32)C(CCCCCC)(CCCCCC)c2cc3c(cc2-4)C(c2ccc(CCCCCC)cc2)(c2ccc(CCCCCC)cc2)c2c-3sc3cc(/C=C4\C(=O)c5cscc5C4=C(C#N)C#N)sc23)cc1,0.9,15.89,73.82,10.56,-5.33,-3.48,-5.54,-3.95,,,2019,10.1039/c9qm00013e,"OPV-DB (Qiu, J., Zenodo, 2026, doi:10.5281/zenodo.20841543)"
p-PBDTPS-FTAZ,ITIC,CCCCCCCCC(CCCCCC)Cn1nc2c(-c3cccs3)c(F)c(F)c(-c3ccc(-c4cc5c(-c6ccc(SCC(CC)CCCC)cc6)c6sccc6c(-c6ccc(SCC(CC)CCCC)cc6)c5s4)s3)c2n1,CCCCCCc1ccc(C2(c3ccc(CCCCCC)cc3)c3cc4c(cc3-c3sc5cc(C=C6C(=O)c7ccccc7C6=C(C#N)C#N)sc5c32)C(c2ccc(CCCCCC)cc2)(c2ccc(CCCCCC)cc2)c2c-4sc3cc(C=C4C(=O)c5ccccc5C4=C(C#N)C#N)sc23)cc1,0.88,17.91,66.11,10.54,-5.32,-3.36,-5.6,-3.85,,,2019,10.1021/acsami.9b07112,"OPV-DB (Qiu, J., Zenodo, 2026, doi:10.5281/zenodo.20841543)"
PTQ9,Y6,CCCCCCCCC(CCCCCC)COc1cnc2c(C)cc(F)c(-c3ccc(C)s3)c2n1,CCCCCCCCCCCc1c(/C=C2\C(=O)c3cc(F)c(F)cc3C2=C(C#N)C#N)sc2c1sc1c3c4nsnc4c4c5sc6c(CCCCCCCCCCC)c(/C=C7\C(=O)c8cc(F)c(F)cc8C7=C(C#N)C#N)sc6c5n(CC(CC)CCCC)c4c3n(CC(CC)CCCC)c21,0.82,23.72,54.0,10.5,-5.41,-2.87,-5.66,-4.08,,,2019,10.1002/adma.201905480,"OPV-DB (Qiu, J., Zenodo, 2026, doi:10.5281/zenodo.20841543)"
PEHTT,IT-2F,CCCCCCCCc1csc2cc(-c3sc(-c4cc5sc(-c6cc7c(-c8ccc(SCC(CC)CCCC)s8)c8sccc8c(-c8ccc(SCC(CC)CCCC)s8)c7s6)c(CCCCCCCC)c5s4)c4c3C(=O)N(CC(CCCCCC)CCCCCCCC)C4=O)sc12,CCCCCCc1ccc(C2(c3ccc(CCCCCC)cc3)c3cc4c(cc3-c3sc5cc(/C=C6\C(=O)c7cc(F)ccc7C6=C(C#N)C#N)sc5c32)C(c2ccc(CCCCCC)cc2)(c2ccc(CCCCCC)cc2)c2c-4sc3cc(/C=C4\C(=O)c5cc(F)ccc5C4=C(C#N)C#N)sc23)cc1,0.889,18.6,63.8,10.5,-5.35,-3.39,-5.52,-3.96,,,2019,10.1021/acs.chemmater.9b00926,"OPV-DB (Qiu, J., Zenodo, 2026, doi:10.5281/zenodo.20841543)"
PM6,PN1,CCCCC(CC)Cc1sc(-c2c3cc(-c4ccc(-c5sc(-c6cccs6)c6c5C(=O)c5c(CC(CC)CCCC)sc(CC(CC)CCCC)c5C6=O)s4)sc3c(-c3cc(F)c(CC(CC)CCCC)s3)c3ccsc23)cc1F,CCCCC(CC)COc1cccc(C2(c3cccc(OCC(CC)CCCC)c3)c3cc4c(cc3-c3sc5cc(/C=C6\C(=O)c7ccccc7C6=C(C#N)C#N)sc5c32)C(c2cccc(OCC(CC)CCCC)c2)(c2cccc(OCC(CC)CCCC)c2)c2c-4sc3cc(/C=C4\C(=O)c5cc(-c6cccs6)ccc5C4=C(C#N)C#N)sc23)c1,1.0,15.2,69.0,10.5,-5.56,-3.65,-5.71,-3.85,,,2019,10.1039/c9ta04611a,"OPV-DB (Qiu, J., Zenodo, 2026, doi:10.5281/zenodo.20841543)"
J52,i-IEICO,CCCCCCCCC(CCCCCC)Cn1nc2c(-c3cccs3)c(F)c(F)c(-c3ccc(-c4cc5c(-c6ccc(CC(CC)CCCC)s6)c6sccc6c(-c6ccc(CC(CC)CCCC)s6)c5s4)s3)c2n1,CCCCCCc1ccc(C2(c3ccc(CCCCCC)cc3)c3cc4c(cc3-c3sc(-c5cc(/C=C6\C(=O)c7ccccc7C6=C(C#N)C#N)cs5)cc32)C(c2ccc(CCCCCC)cc2)(c2ccc(CCCCCC)cc2)c2cc(-c3cc(/C=C5\C(=O)c6ccccc6C5=C(C#N)C#N)cs3)sc2-4)cc1,0.96,18.76,58.2,10.48,-5.21,-2.9,-5.31,-3.68,,,2019,10.1021/acsami.9b03499,"OPV-DB (Qiu, J., Zenodo, 2026, doi:10.5281/zenodo.20841543)"
PCE10,Y14,CCCCC(CC)COC(=O)c1sc2c(-c3cc4c(-c5ccc(CC(CC)CCCC)s5)c5sccc5c(-c5ccc(CC(CC)CCCC)s5)c4s3)scc2c1F,CCCCCCCCCCCc1c(/C=C2\C(=O)c3cc(F)ccc3C2=C(C#N)C#N)sc2c1sc1c3c4nn(CC(CC)CCCC)nc4c4c5sc6c(CCCCCCCCCCC)c(/C=C7\C(=O)c8cc(F)ccc8C7=C(C#N)C#N)sc6c5n(CC(CC)CCCC)c4c3n(CC(CC)CCCC)c21,0.788,21.28,62.24,10.44,-5.21,-3.6,-5.56,-4.01,,,2019,10.1039/c9qm00499h,"OPV-DB (Qiu, J., Zenodo, 2026, doi:10.5281/zenodo.20841543)"
PITPh-DfQx,PC71BM,CCCCCCCCOc1cccc(-c2nc3c(-c4cccs4)c(F)c(F)c(-c4ccc(-c5cc6c(s5)-c5ccc(-c7cccs7)cc5C6(c5ccc(OCC(CC)CCCC)cc5)c5ccc(OCC(CC)CCCC)cc5)s4)c3nc2-c2cccc(OCCCCCCCC)c2)c1,COC(=O)CCCC1(c2ccccc2)C23c4c5ccc6c7cc8c9c%10c(cc%11cc%12c%13c%14c(cc%15c%16ccc-5c2c%16c2c5c%16c%17c(c(c46)c7c9c%17c4c%10c%11c%13c4c%16c%14c%152)C513)C%12)C8,0.91,10.58,57.1,5.5,-5.32,-3.49,-5.9,-3.9,,,2019,10.1016/j.dyepig.2019.108044,"OPV-DB (Qiu, J., Zenodo, 2026, doi:10.5281/zenodo.20841543)"
PTAZ-TPD10-C6,ITIC,CCCCCCCCN1C(=O)c2csc(-c3cc4c(-c5cc(CCCCCC)c(CCCCCC)s5)c5sc(-c6ccc(-c7c(F)c(F)c(-c8ccc(-c9cc%10c(-c%11cc(CCCCCC)c(CCCCCC)s%11)c%11sccc%11c(-c%11cc(CCCCCC)c(CCCCCC)s%11)c%10s9)s8)c8nn(CC(CC)CCCC)nc78)s6)cc5c(-c5cc(CCCCCC)c(CCCCCC)s5)c4s3)c2C1=O,CCCCCCc1ccc(C2(c3ccc(CCCCCC)cc3)c3cc4c(cc3-c3sc5cc(C=C6C(=O)c7ccccc7C6=C(C#N)C#N)sc5c32)C(c2ccc(CCCCCC)cc2)(c2ccc(CCCCCC)cc2)c2c-4sc3cc(C=C4C(=O)c5ccccc5C4=C(C#N)C#N)sc23)cc1,0.86,10.6,60.0,5.5,-5.27,-3.23,-5.576,-3.916,,,2019,10.1002/aenm.201901740,"OPV-DB (Qiu, J., Zenodo, 2026, doi:10.5281/zenodo.20841543)"
P3TE-C8,ITIC,CCCCCCCCOC(=O)c1c(-c2cccs2)sc(-c2ccc(-c3cc4c(-c5ccc(CC(CC)CCCC)s5)c5sccc5c(-c5ccc(CC(CC)CCCC)s5)c4s3)s2)c1C(=O)OCCCCCCCC,CCCCCCc1ccc(C2(c3ccc(CCCCCC)cc3)c3cc4c(cc3-c3sc5cc(C=C6C(=O)c7ccccc7C6=C(C#N)C#N)sc5c32)C(c2ccc(CCCCCC)cc2)(c2ccc(CCCCCC)cc2)c2c-4sc3cc(C=C4C(=O)c5ccccc5C4=C(C#N)C#N)sc23)cc1,0.814,12.86,52.84,5.49,-5.22,-3.3,-5.576,-3.916,,,2019,10.1039/c9nj02484k,"OPV-DB (Qiu, J., Zenodo, 2026, doi:10.5281/zenodo.20841543)"
PTB7-Th,P-3,CCCCC(CC)COC(=O)c1sc2c(-c3cc4c(-c5ccc(CC(CC)CCCC)s5)c5sc(C)cc5c(-c5ccc(CC(CC)CCCC)s5)c4s3)sc(C)c2c1F,O=C(C(C=C(F)C(F)=C1)=C1C/2=C(C#N)\\C#N)C2=C/C3=CC=C(/C(C(C=C/4)=NC4=C5\\C6=CC(C(C)(C)C)=CC(C(C)(C)C)=C6)=C7C=C/C8=C(C9=CC(C(C)(C)C)=CC(C(C)(C)C)=C9)/C%10=N/C(C=C%10)=C(C%11=CC=C(/C=C%12C(C(C=C(F)C(F)=C%13)=C%13C\\%12=C(C#N)\\C#N)=O)S%11)\\C%14=CC=C5N%14[Zn]N8\\7)S3,0.77,12.07,56.7,5.48,-5.24,-3.66,-5.82,-4.32,,,2019,10.1021/acsami.9b15975,"OPV-DB (Qiu, J., Zenodo, 2026, doi:10.5281/zenodo.20841543)"
PM7,BO2FIDT-4Cl,CCCCC(CC)Cc1sc(-c2c3ccsc3c(-c3cc(Cl)c(CC(CC)CCCC)s3)c3sc(-c4ccc(-c5sc(-c6cccs6)c6c5C(=O)c5c(CC(CC)CCCC)sc(CC(CC)CCCC)c5C6=O)s4)cc23)cc1Cl,CCc1ccc(C2(c3ccc(CC)cc3)c3cc4c(cc3-c3sc(/C=C5\C(=O)c6cc(Cl)c(Cl)cc6C5=C(C#N)C#N)cc32)C(c2ccc(CC)cc2)(c2ccc(CC)cc2)c2cc(-c3c(F)c(F)c(-c5cc6c(s5)-c5cc7c(cc5C6(c5ccc(CC)cc5)c5ccc(CC)cc5)-c5sc(/C=C6\C(=O)c8cc(Cl)c(Cl)cc8C6=C(C#N)C#N)cc5C7(c5ccc(CC)cc5)c5cccc(CC)c5)c5nonc35)sc2-4)cc1,0.96,16.1,61.3,10.4,-5.575,-3.67,-5.73,-3.89,,,2019,10.1002/smll.201907681,"OPV-DB (Qiu, J., Zenodo, 2026, doi:10.5281/zenodo.20841543)"
PBDB-T,IT-OH,CCCCC(CC)Cc1ccc(-c2c3cc(-c4ccc(-c5sc(-c6cccs6)c6c5C(=O)c5c(CC(CC)CCCC)sc(CC(CC)CCCC)c5C6=O)s4)sc3c(-c3ccc(CC(CC)CCCC)s3)c3ccsc23)s1,CCCCCCc1ccc(C2(c3ccc(CCCCCC)cc3)c3cc4c(cc3-c3sc5cc(/C=C6\C(=O)c7ccccc7C6=C(C#N)C#N)sc5c32)C(c2ccc(CCCCCC)cc2)(c2ccc(CCCCCC)cc2)c2c-4sc3cc(/C=C4\C(=O)c5c(O)cccc5C4=C(C#N)C#N)sc23)cc1,0.89,16.71,70.0,10.4,-5.33,-3.48,-5.57,-3.92,,,2019,10.1002/aenm.201903650,"OPV-DB (Qiu, J., Zenodo, 2026, doi:10.5281/zenodo.20841543)"
PBDB-T-2Cl,BO2FIDT-4Cl,CCCCC(CC)Cc1sc(-c2c3cc(-c4ccc(-c5sc(-c6cccs6)c6c5C(=O)c5c(CC(CC)CCCC)sc(CC(CC)CCCC)c5C6=O)s4)sc3c(-c3cc(Cl)c(CC(CC)CCCC)s3)c3ccsc23)cc1Cl,CCc1ccc(C2(c3ccc(CC)cc3)c3cc4c(cc3-c3sc(/C=C5\C(=O)c6cc(Cl)c(Cl)cc6C5=C(C#N)C#N)cc32)C(c2ccc(CC)cc2)(c2ccc(CC)cc2)c2cc(-c3c(F)c(F)c(-c5cc6c(s5)-c5cc7c(cc5C6(c5ccc(CC)cc5)c5ccc(CC)cc5)-c5sc(/C=C6\C(=O)c8cc(Cl)c(Cl)cc8C6=C(C#N)C#N)cc5C7(c5ccc(CC)cc5)c5cccc(CC)c5)c5nonc35)sc2-4)cc1,0.96,16.1,61.3,10.4,-5.52,-3.6,-5.73,-3.89,,,2019,10.1002/smll.201907681,"OPV-DB (Qiu, J., Zenodo, 2026, doi:10.5281/zenodo.20841543)"
PMOT39,IT-2F,CCCCCCCCc1csc2cc(-c3sc(-c4cc5sc(-c6cc7c(-c8cc(OC)c(CC(CC)CCCC)s8)c8sccc8c(-c8cc(OC)c(CC(CC)CCCC)s8)c7s6)c(CCCCCCCC)c5s4)c4c3C(=O)N(CC(CCCCCC)CCCCCCCC)C4=O)sc12,CCCCCCc1ccc(C2(c3ccc(CCCCCC)cc3)c3cc4c(cc3-c3sc5cc(/C=C6\C(=O)c7cc(F)ccc7C6=C(C#N)C#N)sc5c32)C(c2ccc(CCCCCC)cc2)(c2ccc(CCCCCC)cc2)c2c-4sc3cc(/C=C4\C(=O)c5cc(F)ccc5C4=C(C#N)C#N)sc23)cc1,0.895,17.6,65.0,10.4,-5.34,-3.38,-5.52,-3.96,,,2019,10.1021/acs.chemmater.9b00926,"OPV-DB (Qiu, J., Zenodo, 2026, doi:10.5281/zenodo.20841543)"
QX2,tPDI2N-EH,CCCCC(CC)Cc1ccc(-c2c3cc(-c4ccc(-c5c(F)c(F)c(-c6ccc(C)s6)c6nc(-c7sc(CC(CC)CCCC)c(F)c7F)c(-c7sc(CC(CC)CCCC)c(F)c7F)nc56)s4)sc3c(-c3ccc(CC(CC)CCCC)s3)c3cc(C)sc23)s1,CCCCC(CC)Cn1c2cc3c(=O)n(C(CC)CC)c(=O)c4ccc5c6c(-c7cc8c(=O)n(C(CC)CC)c(=O)c9cc%10c%11c(c7c7ccc%12c(=O)n(C(CC)CC)c(=O)c%13cc(c%11c7c%12%13)n%10CC(CC)CCCC)c89)cc7c(=O)n(C(CC)CC)c(=O)c8cc1c(c6c78)c2c5c43,1.03,8.33,55.0,4.68,-5.4,-3.1,-5.9,-3.7,,,2019,10.1021/acsapm.9b00433,"OPV-DB (Qiu, J., Zenodo, 2026, doi:10.5281/zenodo.20841543)"
PTB7-Th,PTbPDI,CCCCC(CC)COC(=O)c1sc2csc(-c3cc4c(-c5ccc(CC(CC)CCCC)s5)c5sccc5c(-c5ccc(CC(CC)CCCC)s5)c4s3)c2c1F,CCCCCC(CCCCC)N1C(=O)c2ccc3c4ccc5c6c(cc(-c7cc8c9c(cc(-c%10cccs%10)c%10c%11ccc%12c%13c(ccc(c7c9%10)c%13%11)C(=O)N(C(CCCCC)CCCCC)C%12=O)C(=O)N(C(CCCCC)CCCCC)C8=O)c(c7ccc(c2c37)C1=O)c64)C(=O)N(C(CCCCC)CCCCC)C5=O,0.71,11.73,54.0,4.65,-5.29,-3.72,-6.03,-4.22,,,2019,10.1016/j.solmat.2019.03.044,"OPV-DB (Qiu, J., Zenodo, 2026, doi:10.5281/zenodo.20841543)"
PBDTTTPD,PNT-DT,CCCCCCCCN1C(=O)c2csc(-c3cc4c(-c5ccc(CC(CC)CCCC)s5)c5sccc5c(-c5ccc(CC(CC)CCCC)s5)c4s3)c2C1=O,CCCCCCCCCCCCC(CCCCCCCCCC)CN1C(=O)c2ccc3c4c(c(-c5ccc(-c6sc(-c7cccs7)c7c6C(=O)N(CCCCCCCC)C7=O)s5)cc(c24)C1=O)C(=O)N(CC(CCCCCCCCCC)CCCCCCCCCCCC)C3=O,1.01,7.67,59.0,4.55,-5.49,-3.64,-6.06,-3.94,,,2019,10.1021/acsami.9b05537,"OPV-DB (Qiu, J., Zenodo, 2026, doi:10.5281/zenodo.20841543)"
PTB7-Th,3TT-OCIC,CCCCC(CC)COC(=O)c1sc2csc(-c3cc4c(-c5ccc(CC(CC)CCCC)s5)c5sccc5c(-c5ccc(CC(CC)CCCC)s5)c4s3)c2c1F,CCCCCCCCc1c(/C=C2\C(=O)c3cc(Cl)c(Cl)cc3C2=C(C#N)C#N)sc2c3c(sc12)-c1sc2c4c(sc2c1C3(c1ccc(CCCCCC)cc1)c1ccc(CCCCCC)cc1)-c1sc2c(CCCCCCCC)c(/C=C3\C(=O)c5cc(Cl)c(Cl)cc5C3=C(C#N)C#N)sc2c1C4(c1ccc(CCCCCC)cc1)c1ccc(CCCCCC)cc1,0.68,26.49,69.0,12.43,-5.21,-3.6,-5.22,-3.91,,,2019,10.1002/aenm.201901024,"OPV-DB (Qiu, J., Zenodo, 2026, doi:10.5281/zenodo.20841543)"
PMTT56,IT-2F,CCCCCCCCc1csc2cc(-c3sc(-c4cc5sc(-c6cc7c(-c8cc(SC)c(CC(CC)CCCC)s8)c8sccc8c(-c8cc(SC)c(CC(CC)CCCC)s8)c7s6)c(CCCCCCCC)c5s4)c4c3C(=O)N(CC(CCCCCC)CCCCCCCC)C4=O)sc12,CCCCCCc1ccc(C2(c3ccc(CCCCCC)cc3)c3cc4c(cc3-c3sc5cc(/C=C6\C(=O)c7cc(F)ccc7C6=C(C#N)C#N)sc5c32)C(c2ccc(CCCCCC)cc2)(c2ccc(CCCCCC)cc2)c2c-4sc3cc(/C=C4\C(=O)c5cc(F)ccc5C4=C(C#N)C#N)sc23)cc1,0.942,18.5,70.5,12.4,-5.39,-3.4,-5.52,-3.96,,,2019,10.1021/acs.chemmater.9b00926,"OPV-DB (Qiu, J., Zenodo, 2026, doi:10.5281/zenodo.20841543)"
PM7,IDT6CN-M,CCCCC(CC)Cc1sc(-c2c3ccsc3c(-c3cc(Cl)c(CC(CC)CCCC)s3)c3sc(-c4ccc(-c5sc(-c6cccs6)c6c5C(=O)c5c(CC(CC)CCCC)sc(CC(CC)CCCC)c5C6=O)s4)cc23)cc1Cl,CCCCCCc1ccc(C2(c3ccc(CCCCCC)cc3)c3cc4c(cc3-c3sc(/C=C5/C(=O)c6cc(C)ccc6C5=C(C#N)C#N)cc32)C(c2ccc(CCCCCC)cc2)(c2ccc(CCCCCC)cc2)c2c-4sc3cc(/C=C4\C(=O)c5cc(C)ccc5C4=C(C#N)C#N)sc23)cc1,1.05,16.4,77.5,12.4,-5.52,-3.57,-5.6,-3.87,,,2019,10.1039/c9ta02243k,"OPV-DB (Qiu, J., Zenodo, 2026, doi:10.5281/zenodo.20841543)"
PDCBT-Cl,ITIC-Th1,CCCCCCCCC(CCCCCC)CCOC(=O)c1csc(-c2cc(C(=O)OCCC(CCCCCC)CCCCCCCC)c(-c3ccc(-c4sccc4Cl)s3)s2)c1,CCCCCCc1ccc(C2(c3ccc(CCCCCC)s3)c3cc4c(cc3-c3sc5cc(C=C6C(=O)c7cc(F)ccc7C6=C(C#N)C#N)sc5c32)C(c2ccc(CCCCCC)s2)(c2ccc(CCCCCC)s2)c2c-4sc3cc(C=C4C(=O)c5cc(F)ccc5C4=C(C#N)C#N)sc23)s1,0.94,18.5,71.2,12.38,-5.34,-3.01,-5.74,-4.01,,,2019,10.1021/acs.macromol.9b00793,"OPV-DB (Qiu, J., Zenodo, 2026, doi:10.5281/zenodo.20841543)"
P2F-EHp,IT-4Cl,CCc1c(F)cc(-c2c3cc(-c4ccc(-c5c6c(c(-c7ccc(-c8cc9c(-c%10cc(F)c(CC)c(F)c%10)c%10sc(-c%11ccc(-c%12c%13c(c(-c%14ccc(-c%15cc%16c(-c%17cc(F)c(CC)c(F)c%17)c%17sc(-c%18ccc(-c%19c%20c(c(-c%21cccs%21)c%21nn(CC)nc%19%21)C(=O)N(CC)C%20=O)s%18)cc%17c(-c%17cc(F)c(CC)c(F)c%17)c%16s%15)s%14)c%14nn(CC)nc%12%14)C(=O)N(CC)C%13=O)s%11)cc%10c(-c%10cc(F)c(CC)c(F)c%10)c9s8)s7)c7nn(CC)nc57)C(=O)N(CC)C6=O)s4)sc3c(-c3cc(F)c(CC)c(F)c3)c3ccsc23)cc1F,CCCCCCc1ccc(C2(c3ccc(CCCCCC)cc3)c3cc4c(cc3-c3sc5cc(/C=C6\C(=O)c7cc(Cl)c(Cl)cc7C6=C(C#N)C#N)sc5c32)C(c2ccc(CCCCCC)cc2)(c2ccc(CCCCCC)cc2)c2c-4sc3cc(/C=C4\C(=O)c5cc(Cl)c(Cl)cc5C4=C(C#N)C#N)sc23)cc1,0.87,20.06,70.69,12.37,-5.38,-3.06,-5.75,-4.09,,,2019,10.1039/c9tc05358a,"OPV-DB (Qiu, J., Zenodo, 2026, doi:10.5281/zenodo.20841543)"
PBDB-T,IT-2Br,CCCCC(CC)Cc1ccc(-c2c3cc(-c4ccc(-c5sc(-c6cccs6)c6c5C(=O)c5c(CC(CC)CCCC)sc(CC(CC)CCCC)c5C6=O)s4)sc3c(-c3ccc(CC(CC)CCCC)s3)c3ccsc23)s1,CCCCCCc1ccc(C2(c3ccc(CCCCCC)cc3)c3cc4c(cc3-c3sc5cc(/C=C6\C(=O)c7cc(Br)ccc7C6=C(C#N)C#N)sc5c32)C(c2ccc(CCCCCC)cc2)(c2ccc(CCCCCC)cc2)c2c-4sc3cc(/C=C4\C(=O)c5cc(Br)ccc5C4=C(C#N)C#N)sc23)cc1,0.83,17.93,71.0,10.66,-5.33,-3.48,-5.51,-3.98,,,2019,10.1016/j.solener.2019.11.074,"OPV-DB (Qiu, J., Zenodo, 2026, doi:10.5281/zenodo.20841543)"
P105,ITIC-F,CCCCCCCCCCC(CCCCCCCC)Cn1c(=O)n(CC(CCCCCCCC)CCCCCCCCCC)c2cc3c(cc21)c1ccsc1c1sc(-c2ccc(-c4c(F)c(F)c(-c5cccs5)c5nsnc45)s2)cc31,CCCCCCc1ccc(C2(c3ccc(CCCCCC)cc3)c3cc4c(cc3-c3sc5cc(/C=C6\C(=O)c7cc(F)c(F)cc7C6=C(C#N)C#N)sc5c32)C(c2ccc(CCCCCC)cc2)(c2ccc(CCCCCC)cc2)c2c-4sc3cc(/C=C4\C(=O)c5cc(F)c(F)cc5C4=C(C#N)C#N)sc23)cc1,0.91,17.47,67.0,10.65,-5.38,-3.62,-5.66,-4.14,,,2019,10.1021/acsaem.9b01726,"OPV-DB (Qiu, J., Zenodo, 2026, doi:10.5281/zenodo.20841543)"
PBDB-T,p-INPOIC,CCCCC(CC)Cc1ccc(-c2c3cc(-c4ccc(-c5sc(-c6cccs6)c6c5C(=O)c5c(CC(CC)CCCC)sc(CC(CC)CCCC)c5C6=O)s4)sc3c(-c3ccc(CC(CC)CCCC)s3)c3ccsc23)s1,CCCCCCCCn1c2cc(/C=C3\C(=O)c4cc(F)c(F)cc4C3=C(C#N)C#N)sc2c2sc3c(c21)C(c1ccc(OCCCCCC)cc1)(c1ccc(OCCCCCC)cc1)c1cc2c(cc1-3)C(c1ccc(OCCCCCC)cc1)(c1ccc(OCCCCCC)cc1)c1c-2sc2c3sc(/C=C4\C(=O)c5cc(F)c(F)cc5C4=C(C#N)C#N)cc3n(CCCCCCCC)c12,0.846,19.0,66.1,10.6,-5.33,-3.29,-5.38,-4.0,,,2019,10.1002/adfm.201903269,"OPV-DB (Qiu, J., Zenodo, 2026, doi:10.5281/zenodo.20841543)"
PBDB-T,IDTCN-S,CCCCC(CC)Cc1ccc(-c2c3cc(-c4ccc(-c5sc(-c6cccs6)c6c5C(=O)c5c(CC(CC)CCCC)sc(CC(CC)CCCC)c5C6=O)s4)sc3c(-c3ccc(CC(CC)CCCC)s3)c3ccsc23)s1,CCCCCCSc1cc(-c2cc3c(s2)-c2cc4c(cc2C3(c2ccc(CCCCCC)cc2)c2ccc(CCCCCC)cc2)-c2sc(-c3cc(SCCCCCC)c(/C=C5\C(=O)c6ccccc6C5=C(C#N)C#N)s3)cc2C4(c2ccc(CCCCCC)cc2)c2ccc(CCCCCC)cc2)sc1/C=C1\C(=O)c2ccccc2C1=C(C#N)C#N,0.85,19.04,65.7,10.6,-5.23,-3.42,-5.57,-3.9,,,2019,10.1002/aenm.201901280,"OPV-DB (Qiu, J., Zenodo, 2026, doi:10.5281/zenodo.20841543)"
PBDB-T,NITV,CCCCC(CC)Cc1ccc(-c2c3cc(-c4ccc(-c5sc(-c6cccs6)c6c5C(=O)c5c(CC(CC)CCCC)sc(CC(CC)CCCC)c5C6=O)s4)sc3c(-c3ccc(CC(CC)CCCC)s3)c3ccsc23)s1,CC(C)Cc1cc(/C=c2\c(=O)c3ccc4c5c(ccc2c53)C(=O)N(CC(C)C)C4=O)sc1/C=C/c1sc(/C=c2\c(=O)c3ccc4c5c(ccc2c53)C(=O)N(CC(C)C)C4=O)cc1CC(C)C,1.12,8.08,53.0,4.8,-5.33,-3.53,-5.4,-3.62,,,2019,10.1021/acs.chemmater.9b03329,"OPV-DB (Qiu, J., Zenodo, 2026, doi:10.5281/zenodo.20841543)"
P7,ITIC,CCCCCCCCC(CCCCCC)Cn1c2ccccc2c2ccc(-c3c4cc(-c5ccc(-c6sc(-c7cccs7)c7c6C(=O)c6c(CC(CC)CCCC)sc(CC(CC)CCCC)c6C7=O)s5)sc4c(-c4ccc5c6ccccc6n(CC(CCCCCC)CCCCCCCC)c5c4)c4ccsc34)cc21,CCCCCCc1ccc(C2(c3ccc(CCCCCC)cc3)c3cc4c(cc3-c3sc5cc(C=C6C(=O)c7ccccc7C6=C(C#N)C#N)sc5c32)C(c2ccc(CCCCCC)cc2)(c2ccc(CCCCCC)cc2)c2c-4sc3cc(C=C4C(=O)c5ccccc5C4=C(C#N)C#N)sc23)cc1,1.01,9.74,48.7,4.79,-5.47,-3.62,-5.576,-3.916,,,2019,10.1016/j.dyepig.2019.107548,"OPV-DB (Qiu, J., Zenodo, 2026, doi:10.5281/zenodo.20841543)"
PDPP2DT-F2T2,PC71BM,CCCCCCCCCCCCC(CCCCCCCCCCCC)CN1C(=O)C2=C(c3ccc(-c4cc(F)c(-c5sccc5F)s4)s3)N(CC(CCCCCCCCCCCC)CCCCCCCCCCCC)C(=O)C2=C1c1cccs1,COC(=O)CCCC1(c2ccccc2)C23c4c5ccc6c7cc8c9c%10c(cc%11cc%12c%13c%14c(cc%15c%16ccc-5c2c%16c2c5c%16c%17c(c(c46)c7c9c%17c4c%10c%11c%13c4c%16c%14c%152)C513)C%12)C8,0.79,8.29,73.0,4.78,-5.38,-3.9,-5.9,-3.9,,,2019,10.1039/c9ra08858j,"OPV-DB (Qiu, J., Zenodo, 2026, doi:10.5281/zenodo.20841543)"
P2TIF,PC61BM,CCCCCCCCCCCCC(CCCCCCCCCC)CN1C(=O)/C(=C2/C(=O)N(CC(CCCCCCCCCC)CCCCCCCCCCCC)c3cc(-c4cc(F)c(-c5sccc5F)s4)ccc32)c2ccccc21,COC(=O)CCCC1(c2ccccc2)C23c4c5c6c7c8c9c(c%10c%11c2c2c%12c4c4c%13c5c5c7c7c8c8c%14c9c%10c9c%10c%11c2c2c%11c%12c4c4c%12c%13c5c5c7c7c8c8c%14c9c9c%10c2c2c%11c4c4c%12c5c7c5c8c9c2c45)C613,1.01,9.5,49.28,4.73,-5.69,-3.82,-6.1,-3.7,,,2019,10.1039/c9ta06719a,"OPV-DB (Qiu, J., Zenodo, 2026, doi:10.5281/zenodo.20841543)"
PBDB-TF,ITIC,CCCCC(CC)Cc1sc(-c2c3cc(-c4ccc(-c5sc(-c6cccs6)c6c5C(=O)c5c(CC(CC)CCCC)sc(CC(CC)CCCC)c5C6=O)s4)sc3c(-c3cc(F)c(CC(CC)CCCC)s3)c3ccsc23)cc1F,CCCCCCc1ccc(C2(c3ccc(CCCCCC)cc3)c3cc4c(cc3-c3sc5cc(/C=C6\C(=O)c7ccccc7C6=C(C#N)C#N)sc5c32)C(c2ccc(CCCCCC)cc2)(c2ccc(CCCCCC)cc2)c2c-4sc3cc(/C=C4\C(=O)c5ccccc5C4=C(C#N)C#N)sc23)cc1,1.0,16.42,65.0,10.75,-5.48,-3.6,-5.66,-3.93,,,2019,10.1039/c9ta04789a,"OPV-DB (Qiu, J., Zenodo, 2026, doi:10.5281/zenodo.20841543)"
PBDB-T,DTCC-BC,CCCCC(CC)Cc1ccc(-c2c3cc(-c4ccc(-c5sc(-c6cccs6)c6c5C(=O)c5c(CC(CC)CCCC)sc(CC(CC)CCCC)c5C6=O)s4)sc3c(-c3ccc(CC(CC)CCCC)s3)c3ccsc23)s1,CCCCCCCCc1ccc(C2(c3ccc(CCCCCCCC)cc3)c3cc4c5cc6c(cc5n(C(CCCCCCCC)CCCCCCCC)c4cc3-c3sc(/C=C4\C(=O)c5c(sc7ccccc57)C4=C(C#N)C#N)cc32)-c2sc(/C=C3\C(=O)c4c(sc5ccccc45)C3=C(C#N)C#N)cc2C6(c2ccc(CCCCCCCC)cc2)c2ccc(CCCCCCCC)cc2)cc1,0.98,17.22,63.6,10.74,-5.33,-3.48,-5.46,-3.81,,,2019,10.1021/acsami.9b08462,"OPV-DB (Qiu, J., Zenodo, 2026, doi:10.5281/zenodo.20841543)"
PBDB-T,DTCC-BC,CCCCC(CC)Cc1ccc(-c2c3cc(-c4ccc(-c5sc(-c6cccs6)c6c5C(=O)c5c(CC(CC)CCCC)sc(CC(CC)CCCC)c5C6=O)s4)sc3c(-c3ccc(CC(CC)CCCC)s3)c3ccsc23)s1,CCCCCCc1ccc(C2(c3ccc(CCCCCC)cc3)c3cc4c5cc6c(cc5n(C(CCCCCC)CCCCCC)c4cc3-c3sc(/C=C4\C(=O)c5c(sc7ccccc57)C4=C(C#N)C#N)cc32)-c2sc(/C=C3\C(=O)c4c(sc5ccccc45)C3=C(C#N)C#N)cc2C6(c2ccc(CCCCCC)cc2)c2ccc(CCCCCC)cc2)cc1,0.98,17.22,63.6,10.74,-5.36,-3.54,-5.46,-3.81,,,2019,10.1021/acsami.9b08462.s001,"OPV-DB (Qiu, J., Zenodo, 2026, doi:10.5281/zenodo.20841543)"
PBDB-T,DTCC-BC,CCCCC(CC)Cc1ccc(-c2c3cc(-c4ccc(-c5sc(-c6cccs6)c6c5C(=O)c5c(CC(CC)CCCC)sc(CC(CC)CCCC)c5C6=O)s4)sc3c(-c3ccc(CC(CC)CCCC)s3)c3ccsc23)s1,CCCCCCCCc1ccc(C2(c3ccc(CCCCCCCC)cc3)c3cc4c5cc6c(cc5n(C(CCCCCCCC)CCCCCCCC)c4cc3-c3sc(/C=C4\C(=O)c5ccccc5C4=C(C#N)C#N)cc32)-c2sc(/C=C3\C(=O)c4ccccc4C3=C(C#N)C#N)cc2C6(c2ccc(CCCCCCCC)cc2)c2cccc(CCCCCCCC)c2)cc1,0.98,17.16,61.5,10.74,-5.36,-3.54,-5.47,-3.83,,,2019,10.1021/acsami.9b08462.s001,"OPV-DB (Qiu, J., Zenodo, 2026, doi:10.5281/zenodo.20841543)"
PBT1-C,T-TPT-T-2F,CCCCCCC(CCCC)Cc1ccc(-c2c3cc(-c4ccc(-c5sc(-c6cccs6)c6c5C(=O)c5c(CC(CC)CCCC)sc(CC(CC)CCCC)c5C6=O)s4)sc3c(-c3ccc(CC(CCCC)CCCCCC)cc3)c3ccsc23)cc1,CCCCCCc1ccc(C2(c3ccc(CCCCCC)cc3)c3cc4c(cc3-c3sc(-c5ccc(/C=C6\C(=O)c7ccc(F)cc7C6=C(C#N)C#N)s5)cc32)C(c2ccc(CCCCCC)cc2)(c2ccc(CCCCCC)cc2)c2cc(-c3ccc(/C=C5\C(=O)c6ccc(F)cc6C5=C(C#N)C#N)s3)sc2-4)cc1,0.933,16.57,67.1,10.71,-5.43,-3.36,-5.5,-3.99,,,2019,10.1039/c9ta06476a,"OPV-DB (Qiu, J., Zenodo, 2026, doi:10.5281/zenodo.20841543)"
PTQ10,ZITI-S,CCCCCCCCC(CCCCCC)COc1cnc2c(-c3cccs3)c(F)c(F)cc2n1,CCCCCCC(CCCC)CC1(CC(CCCC)CCCCCC)C2=C(c3cc4sc5cc(/C=C6\C(=O)c7cc(F)c(F)cc7C6=C(C#N)C#N)sc5c4cc31)C(CC(CCCC)CCCCCC)(CC(CCCC)CCCCCC)c1cc3c(cc12)sc1cc(/C=C2\C(=O)c4cc(F)c(F)cc4C2=C(C#N)C#N)sc13,0.96,16.94,65.8,10.69,-5.54,-2.92,-5.8,-3.87,,,2019,10.1002/aenm.201903298,"OPV-DB (Qiu, J., Zenodo, 2026, doi:10.5281/zenodo.20841543)"
P4TIF,PC61BM,CCCCCCCCCCCCc1csc(-c2ccc3c(c2)/C(=C2\C(=O)N(CC(CCCCCCCCCC)CCCCCCCCCCCC)c4cc(-c5cc(CCCCCCCCCCCC)c(-c6cc(F)c(-c7sccc7F)s6)s5)ccc42)C(=O)N3CC(CCCCCCCCCC)CCCCCCCCCCCC)c1,COC(=O)CCCC1(c2ccccc2)C23c4c5c6c7c8c9c(c%10c%11c2c2c%12c4c4c%13c5c5c7c7c8c8c%14c9c%10c9c%10c%11c2c2c%11c%12c4c4c%12c%13c5c5c7c7c8c8c%14c9c9c%10c2c2c%11c4c4c%12c5c7c5c8c9c2c45)C613,0.8,21.97,60.82,10.69,-5.41,-3.82,-6.1,-3.7,,,2019,10.1039/c9ta06719a,"OPV-DB (Qiu, J., Zenodo, 2026, doi:10.5281/zenodo.20841543)"
PTQ10,ZITI-S,CCCCCCCCC(CCCCCC)COc1cnc2c(C)c(F)c(F)c(-c3ccc(C)s3)c2n1,CCCCCCC(CCCC)CC1(CC(CCCC)CCCCCC)C2=C(c3cc4c(cc31)sc1cc(/C=C3\C(=O)c5cc(F)c(F)cc5C3=C(C#N)C#N)sc14)C(CC(CCCC)CCCCCC)(CC(CCCC)CCCCCC)c1cc3sc4cc(/C=C5\C(=O)c6cc(F)c(F)cc6C5=C(C#N)C#N)sc4c3cc12,0.958,16.97,64.7,10.69,-5.6,-3.52,-5.8,-3.87,,,2019,10.1002/aenm.201903298,"OPV-DB (Qiu, J., Zenodo, 2026, doi:10.5281/zenodo.20841543)"
J101,ITIC,CCCCCCCCC(CCCCCC)Cn1nc2c(-c3cccs3)c(Cl)c(Cl)c(-c3ccc(-c4cc5c(-c6ccc([Si](CCC)(CCC)CCC)s6)c6sccc6c(-c6ccc([Si](CCC)(CCC)CCC)s6)c5s4)s3)c2n1,CCCCCCc1ccc(C2(c3ccc(CCCCCC)cc3)c3cc4c(cc3-c3sc5cc(C=C6C(=O)c7ccccc7C6=C(C#N)C#N)sc5c32)C(c2ccc(CCCCCC)cc2)(c2ccc(CCCCCC)cc2)c2c-4sc3cc(C=C4C(=O)c5ccccc5C4=C(C#N)C#N)sc23)cc1,0.951,17.7,73.7,12.47,-5.3,-3.5,-5.576,-3.916,,,2019,10.1039/c9ta03272j,"OPV-DB (Qiu, J., Zenodo, 2026, doi:10.5281/zenodo.20841543)"
TBFCl50-BDD,ITIC,CCCCC(CC)Cc1ccc(-c2c3cc(-c4ccc(-c5sc(-c6ccc(-c7cc8c(-c9cc(Cl)c(CC(CC)CCCC)s9)c9oc(-c%10ccc(-c%11sc(-c%12cccs%12)c%12c%11C(=O)c%11c(CC(CC)CCCC)sc(CC(CC)CCCC)c%11C%12=O)s%10)cc9c(-c9cc(Cl)c(CC(CC)CCCC)s9)c8s7)s6)c6c5C(=O)c5c(CC(CC)CCCC)sc(CC(CC)CCCC)c5C6=O)s4)sc3c(-c3ccc(CC(CC)CCCC)s3)c3ccsc23)s1,CCCCCCc1ccc(C2(c3ccc(CCCCCC)cc3)c3cc4c(cc3-c3sc5cc(C=C6C(=O)c7ccccc7C6=C(C#N)C#N)sc5c32)C(c2ccc(CCCCCC)cc2)(c2ccc(CCCCCC)cc2)c2c-4sc3cc(C=C4C(=O)c5ccccc5C4=C(C#N)C#N)sc23)cc1,0.961,18.17,71.3,12.46,-5.45,-3.26,-5.48,-3.83,,,2019,10.1021/acs.chemmater.9b01957,"OPV-DB (Qiu, J., Zenodo, 2026, doi:10.5281/zenodo.20841543)"
PBDB-TF,8c,CCCCC(CC)Cc1sc(-c2c3cc(-c4ccc(-c5sc(-c6cccs6)c6c5C(=O)c5c(CC(CC)CCCC)sc(CC(CC)CCCC)c5C6=O)s4)sc3c(-c3cc(F)c(CC(CC)CCCC)s3)c3ccsc23)cc1F,O=C(c(c1cc23)cc2c4nc5n6[B-]7(F)[n+]4c3nc(c(cc8c(n9CCCC)=O)c%10cc8c9=O)n7c%10nc6c%11cc(C(N(C%12=O)CCCC)=O)c%12cc5%11)N(C1=O)CCCC,0.84,9.69,59.9,4.92,-5.41,-3.74,-5.84,-3.91,,,2019,10.1021/acs.orglett.9b01130,"OPV-DB (Qiu, J., Zenodo, 2026, doi:10.5281/zenodo.20841543)"
PBDB-T,IOPC,CCCCC(CC)Cc1ccc(-c2c3cc(-c4ccc(-c5sc(-c6cccs6)c6c5C(=O)c5c(CC(CC)CCCC)sc(CC(CC)CCCC)c5C6=O)s4)sc3c(-c3ccc(CC(CC)CCCC)s3)c3ccsc23)s1,CCCCCCCCc1ccc(C2(c3ccc(CCCCCCCC)cc3)c3cc(-c4ccc(-c5sc(/C=C6\C(=O)c7ccccc7C6=C(C#N)C#N)cc5CC(CC)CCCC)s4)ccc3-c3sc(-c4sc(/C=C5\C(=O)c6ccccc6C5=C(C#N)C#N)cc4CC(CC)CCCC)cc32)cc1,1.01,10.69,44.9,4.86,-5.33,-3.48,-5.71,-3.95,,,2019,10.1016/j.dyepig.2019.107555,"OPV-DB (Qiu, J., Zenodo, 2026, doi:10.5281/zenodo.20841543)"
PBDB-T,IE-4F,CCCCC(CC)Cc1ccc(-c2c3cc(-c4ccc(-c5sc(-c6cccs6)c6c5C(=O)c5c(CC(CC)CCCC)sc(CC(CC)CCCC)c5C6=O)s4)sc3c(-c3ccc(CC(CC)CCCC)s3)c3ccsc23)s1,CCCCCCc1ccc(C2(c3ccc(CCCCCC)cc3)c3cc4c(cc3-c3sc(-c5sc(/C=C6\C(=O)c7cc(F)c(F)cc7C6=C(C#N)C#N)cc5CC(CC)CCCC)cc32)C(c2ccc(CCCCCC)cc2)(c2ccc(CCCCCC)cc2)c2cc(-c3sc(/C=C5\C(=O)c6cc(F)c(F)cc6C5=C(C#N)C#N)cc3CC(CC)CCCC)sc2-4)cc1,0.87,21.35,58.0,10.8,-5.33,-3.48,-5.51,-4.07,,,2019,10.1021/acsami.9b10243,"OPV-DB (Qiu, J., Zenodo, 2026, doi:10.5281/zenodo.20841543)"
PBDB-TF,C8-ITCC,CCCCC(CC)Cc1sc(-c2c3cc(-c4ccc(-c5sc(-c6cccs6)c6c5C(=O)c5c(CC(CC)CCCC)sc(CC(CC)CCCC)c5C6=O)s4)sc3c(-c3cc(F)c(CC(CC)CCCC)s3)c3ccsc23)cc1F,CCCCCCCCC1(CCCCCCCC)c2cc3c(cc2-c2sc4cc(/C=C5\C(=O)c6sccc6C5=C(C#N)C#N)sc4c21)C(CCCCCCCC)(CCCCCCCC)c1c-3sc2cc(/C=C3\C(=O)c4ccsc4C3=C(C#N)C#N)sc12,1.04,16.1,63.0,10.8,-5.4,-3.64,-5.45,-3.85,,,2019,10.1021/acs.chemmater.9b00980.s001,"OPV-DB (Qiu, J., Zenodo, 2026, doi:10.5281/zenodo.20841543)"
PBDB-T,IT-2Cl,CCCCC(CC)Cc1ccc(-c2c3cc(-c4ccc(-c5sc(-c6cccs6)c6c5C(=O)c5c(CC(CC)CCCC)sc(CC(CC)CCCC)c5C6=O)s4)sc3c(-c3ccc(CC(CC)CCCC)s3)c3ccsc23)s1,CCCCCCc1ccc(C2(c3ccc(CCCCCC)cc3)c3cc4c(cc3-c3sc5cc(/C=C6\C(=O)c7cc(Cl)ccc7C6=C(C#N)C#N)sc5c32)C(c2ccc(CCCCCC)cc2)(c2ccc(CCCCCC)cc2)c2c-4sc3cc(/C=C4\C(=O)c5cc(Cl)ccc5C4=C(C#N)C#N)sc23)cc1,0.81,18.07,70.0,10.77,-5.33,-3.48,-5.42,-3.9,,,2019,10.1016/j.solener.2019.11.074,"OPV-DB (Qiu, J., Zenodo, 2026, doi:10.5281/zenodo.20841543)"
PBDB-T,BT-IC,CCCCC(CC)Cc1ccc(-c2c3cc(-c4ccc(-c5sc(-c6cccs6)c6c5C(=O)c5c(CC(CC)CCCC)sc(CC(CC)CCCC)c5C6=O)s4)sc3c(-c3ccc(CC(CC)CCCC)s3)c3ccsc23)s1,CCCCCCc1ccc(C2(c3ccc(CCCCCC)cc3)c3cc(/C=C4\C(=O)c5ccccc5C4=C(C#N)C#N)sc3-c3sc4c(OCC(CC)CCCC)c5c6c(sc5c(OCC(CC)CCCC)c4c32)-c2sc(/C=C3\C(=O)c4ccccc4C3=C(C#N)C#N)cc2C6(c2ccc(CCCCCC)cc2)c2ccc(CCCCCC)cc2)cc1,0.85,17.72,70.1,10.76,-5.33,-3.53,-5.39,-3.96,,,2019,10.1039/c9tc01214a,"OPV-DB (Qiu, J., Zenodo, 2026, doi:10.5281/zenodo.20841543)"
PBDB-Na,ITCPTC,CCCCCCCCC(CCCCCC)CSc1ccc2cc(-c3c4cc(-c5ccc(-c6sc(-c7cccs7)c7c6C(=O)c6c(CC(CC)CCCC)sc(CC(CC)CCCC)c6C7=O)s5)sc4c(-c4ccc5cc(SCC(CCCCCC)CCCCCCCC)ccc5c4)c4ccsc34)ccc2c1,CCCCCCc1ccc(C2(c3ccc(CCCCCC)cc3)c3cc4c(cc3-c3sc5cc(/C=C6\C(=O)c7cscc7C6=C(C#N)C#N)sc5c32)C(c2ccc(CCCCCC)cc2)(c2ccc(CCCCCC)cc2)c2c-4sc3cc(/C=C4\C(=O)c5cscc5C4=C(C#N)C#N)sc23)cc1,0.91,18.01,73.15,12.26,-5.35,-3.51,-5.62,-3.96,,,2019,10.1021/acsami.9b23499,"OPV-DB (Qiu, J., Zenodo, 2026, doi:10.5281/zenodo.20841543)"
PTBD-BZ,TBDB-Na,CCCCCCCCC(CCCCCC)Cn1nc2c(-c3cccs3)c(F)c(F)c(-c3ccc(-c4cc5sc6c(-c7ccc(SCC(CCCC)CCCCCC)s7)c7ccsc7c(-c7ccc(SCC(CCCC)CCCCCC)s7)c6c5s4)s3)c2n1,CCCCCCc1ccc(C2(c3ccc(CCCCCC)cc3)c3cc(/C=C4/C(=O)c5cc6ccccc6cc5C4=C(C#N)C#N)sc3-c3sc4c(sc5c(-c6ccc(SCC(CC)CCCC)cc6)c6c7c(sc6c(-c6ccc(SCC(CC)CCCC)cc6)c54)-c4sc(/C=C5/C(=O)c6cc8ccccc8cc6C5=C(C#N)C#N)cc4C7(c4ccc(CCCCCC)cc4)c4ccc(CCCCCC)cc4)c32)cc1,0.905,19.5,69.2,12.25,-5.4,-3.59,-5.45,-3.77,,,2019,10.1021/acsami.9b14981,"OPV-DB (Qiu, J., Zenodo, 2026, doi:10.5281/zenodo.20841543)"
PBDB-TF,ITIC-Cl-γ-Th,CCCCC(CC)Cc1sc(-c2c3cc(-c4ccc(-c5sc(-c6cccs6)c6c5C(=O)c5c(CC(CC)CCCC)sc(CC(CC)CCCC)c5C6=O)s4)sc3c(-c3cc(F)c(CC(CC)CCCC)s3)c3ccsc23)cc1F,CCCCCCc1ccc(C2(c3ccc(CCCCCC)cc3)c3cc4c(cc3-c3sc5cc(/C=C6\C(=O)c7cc(Cl)ccc7C6=C(C#N)C#N)sc5c32)C(c2ccc(CCCCCC)cc2)(c2ccc(CCCCCC)cc2)c2c-4sc3cc(/C=C4\C(=O)c5cscc5C4=C(C#N)C#N)sc23)cc1,0.91,18.02,72.6,12.25,-5.5,-3.61,-5.3,-3.66,,,2019,10.1021/acsaem.9b01667,"OPV-DB (Qiu, J., Zenodo, 2026, doi:10.5281/zenodo.20841543)"
PBDB-T2Cl,a-ITIC-2Cl,CCCCC(CC)Cc1sc(-c2c3cc(-c4ccc(-c5sc(-c6cccs6)c6c5C(=O)c5c(CC(CC)CCCC)sc(CC(CC)CCCC)c5C6=O)s4)sc3c(-c3cc(Cl)c(CC(CC)CCCC)s3)c3ccsc23)cc1Cl,CCCCCCc1ccc(C2(c3ccc(CCCCCC)cc3)c3cc4c(cc3-c3sc5cc(/C=C6\C(=O)c7ccccc7C6=C(C#N)C#N)sc5c32)C(c2ccc(CCCCCC)cc2)(c2ccc(CCCCCC)cc2)c2c-4sc3cc(/C=C4\C(=O)c5cc(Cl)c(Cl)cc5C4=C(C#N)C#N)sc23)cc1,0.88,18.91,73.5,12.23,-5.5,-3.6,-5.29,-3.77,,,2019,10.1021/acs.jpclett.9b01931,"OPV-DB (Qiu, J., Zenodo, 2026, doi:10.5281/zenodo.20841543)"
PM6,MO-IDIC-2F,CCCCC(CC)Cc1sc(-c2c3cc(-c4ccc(-c5sc(-c6cccs6)c6c5C(=O)c5c(CC(CC)CCCC)sc(CC(CC)CCCC)c5C6=O)s4)sc3c(-c3cc(F)c(CC(CC)CCCC)s3)c3ccsc23)cc1F,CCCCCCC1(CCCCCC)c2cc(/C=C3\C(=O)c4cc(F)ccc4C3=C(C#N)C#N)sc2-c2c(OC)c3c(c(OC)c21)-c1sc(/C=C2\C(=O)c4cc(F)ccc4C2=C(C#N)C#N)cc1C3(CCCCCC)CCCCCC,0.843,18.92,76.7,12.23,-5.56,-3.65,-5.8,-3.93,,,2019,10.1002/adfm.201906855,"OPV-DB (Qiu, J., Zenodo, 2026, doi:10.5281/zenodo.20841543)"
PTQ10,IE4F-S,CCCCCCCCC(CCCCCC)COc1cnc2c(C)c(F)c(F)c(-c3ccc(C)s3)c2n1,CCCCCCc1ccc(C2(c3ccc(CCCCCC)cc3)c3cc4c(cc3-c3sc(-c5scc(/C=C6\C(=O)c7cc(F)c(F)cc7C6=C(C#N)C#N)c5SCC(CC)CCCC)cc32)C(c2ccc(CCCCCC)cc2)(c2ccc(CCCCCC)cc2)c2cc(-c3scc(/C=C5\C(=O)c6cc(F)c(F)cc6C5=C(C#N)C#N)c3SCC(CC)CCCC)sc2-4)cc1,0.996,19.67,62.3,12.2,-5.54,-2.98,-5.54,-3.89,,,2019,10.1021/acs.chemmater.9b01175,"OPV-DB (Qiu, J., Zenodo, 2026, doi:10.5281/zenodo.20841543)"
PTQ10,IDTPC,CCCCCCCCC(CCCCCC)COc1cnc2c(-c3cccs3)c(F)c(F)cc2n1,CCCCCCC1(CCCCCC)c2cc3c(cc2-c2sc(/C=C4\C(=O)c5cscc5C4=C(C#N)C#N)cc21)C(CCCCCC)(CCCCCC)c1cc(/C=C2\C(=O)c4cscc4C2=C(C#N)C#N)sc1-3,0.93,16.8,74.6,12.2,-5.54,-2.92,-5.755,-3.96,,,2019,10.1016/j.dyepig.2019.01.018,"OPV-DB (Qiu, J., Zenodo, 2026, doi:10.5281/zenodo.20841543)"
J71,Br-ITIC,CCCCCCCCC(CCCCCC)Cn1nc2c(-c3cccs3)c(F)c(F)c(-c3ccc(-c4cc5c(-c6ccc([Si](CCC)(CCC)CCC)s6)c6sccc6c(-c6ccc([Si](CCC)(CCC)CCC)s6)c5s4)s3)c2n1,CCCCCCc1ccc(C2(c3ccc(CCCCCC)cc3)c3cc4c(cc3-c3sc5cc(C=C6C(=O)c7cc(Br)ccc7C6=C(C#N)C#N)sc5c32)C(c2ccc(CCCCCC)cc2)(c2ccc(CCCCCC)cc2)c2c-4sc3cc(C=C4C(=O)c5cc(Br)ccc5C4=C(C#N)C#N)sc23)cc1,0.876,18.27,76.2,12.19,-5.4,-3.24,-5.73,-4.2,,,2019,10.1016/j.nanoen.2019.04.018,"OPV-DB (Qiu, J., Zenodo, 2026, doi:10.5281/zenodo.20841543)"
PTB7-Th,p-IO1,CCCCC(CC)COC(=O)c1sc2csc(-c3cc4c(-c5ccc(CC(CC)CCCC)s5)c5sccc5c(-c5ccc(CC(CC)CCCC)s5)c4s3)c2c1F,CCCCCCc1ccc(C2(c3ccc(CCCCCC)cc3)c3cc4c(cc3-c3sc(-c5sc(/C=C6\C(=O)c7cc(F)c(F)cc7C6=C(C#N)C#N)cc5CC(CC)CCCC)cc32)C(c2ccc(CCCCCC)cc2)(c2ccc(CCCCCC)cc2)c2cc(-c3sc(/C=C5\C(=O)c6cc(F)c(F)cc6C5=C(C#N)C#N)cc3OCC(CC)CCCC)sc2-4)cc1,0.78,22.3,62.0,10.8,-5.21,-3.6,-5.46,-4.13,,,2019,10.1021/acsmaterialslett.9b00512,"OPV-DB (Qiu, J., Zenodo, 2026, doi:10.5281/zenodo.20841543)"
PBDB-T,NIBT,CCCCC(CC)Cc1ccc(-c2c3cc(-c4ccc(-c5sc(-c6cccs6)c6c5C(=O)c5c(CC(CC)CCCC)sc(CC(CC)CCCC)c5C6=O)s4)sc3c(-c3ccc(CC(CC)CCCC)s3)c3ccsc23)s1,CCc1ccc(C2(c3ccc(CC)cc3)c3cc4c(cc3-c3sc(-c5ccc(/C=c6\c(=O)c7ccc8c9c(ccc6c97)C(=O)N(CC(C)C)C8=O)c6nsnc56)cc32)C(c2ccc(CC)cc2)(c2ccc(CC)cc2)c2cc(-c3ccc(/C=c5\c(=O)c6ccc7c8c(ccc5c86)C(=O)N(CC(C)C)C7=O)c5nsnc35)sc2-4)cc1,1.04,17.34,60.0,10.8,-5.33,-3.53,-5.38,-3.68,,,2019,10.1021/acs.chemmater.9b03329,"OPV-DB (Qiu, J., Zenodo, 2026, doi:10.5281/zenodo.20841543)"
PBDB-TF,C8-ITCC,CCCCC(CC)Cc1sc(-c2c3cc(-c4ccc(-c5sc(-c6cccs6)c6c5C(=O)c5c(CC(CC)CCCC)sc(CC(CC)CCCC)c5C6=O)s4)sc3c(-c3cc(F)c(CC(CC)CCCC)s3)c3ccsc23)cc1F,CCCCCCCCC1(CCCCCCCC)c2cc3c(cc2-c2sc4cc(/C=C5\C(=O)c6sccc6C5=C(C#N)C#N)sc4c21)C(CCCCCCCC)(CCCCCCCC)c1c-3sc2cc(/C=C3\C(=O)c4sccc4C3=C(C#N)C#N)sc12,1.04,16.1,63.0,10.8,-5.49,-3.64,-5.45,-3.85,,,2019,10.1021/acs.chemmater.9b00980,"OPV-DB (Qiu, J., Zenodo, 2026, doi:10.5281/zenodo.20841543)"
PBDB-T,FOC6-IC,CCCCC(CC)Cc1ccc(-c2c3cc(-c4ccc(-c5sc(-c6cccs6)c6c5C(=O)c5c(CC(CC)CCCC)sc(CC(CC)CCCC)c5C6=O)s4)sc3c(-c3ccc(CC(CC)CCCC)s3)c3ccsc23)s1,CCCCCCOc1cc(-c2cc3c(s2)-c2sc(/C=C4\C(=O)c5ccccc5C4=C(C#N)C#N)cc2C3(CC(CC)CCCC)CC(CC)CCCC)c(F)cc1-c1cc2c(s1)-c1sc(/C=C3\C(=O)c4ccccc4C3=C(C#N)C#N)cc1C2(CC(CC)CCCC)CC(CC)CCCC,0.93,17.64,65.8,10.8,-5.33,-3.48,-5.42,-3.77,,,2019,10.1021/acsami.9b18076,"OPV-DB (Qiu, J., Zenodo, 2026, doi:10.5281/zenodo.20841543)"
PBDB-TF,TRID-4F,CCCCC(CC)Cc1sc(-c2c3cc(-c4ccc(-c5sc(-c6cccs6)c6c5C(=O)c5c(CC(CC)CCCC)sc(CC(CC)CCCC)c5C6=O)s4)sc3c(-c3cc(F)c(CC(CC)CCCC)s3)c3ccsc23)cc1F,CCCCCCc1ccc(C2(c3ccc(CCCCCC)cc3)c3cc4c(cc3-c3[se]c5cc(/C=C6\C(=O)c7cc(F)c(F)cc7C6=C(C#N)C#N)sc5c32)C(c2ccc(CCCCCC)cc2)(c2ccc(CCCCCC)cc2)c2c-4[se]c3cc(/C=C4\C(=O)c5cc(F)c(F)cc5C4=C(C#N)C#N)sc23)cc1,0.873,18.37,73.9,12.33,-5.45,-3.65,-5.52,-3.9,,,2019,10.1021/acs.chemmater.9b01242,"OPV-DB (Qiu, J., Zenodo, 2026, doi:10.5281/zenodo.20841543)"
J52-Cl,Y6,CCCCCCCCC(CCCCCC)Cn1nc2c(-c3cccs3)c(F)c(F)c(-c3ccc(-c4cc5c(-c6cc(Cl)c(CC(CC)CCCC)s6)c6sccc6c(-c6cc(Cl)c(CC(CC)CCCC)s6)c5s4)s3)c2n1,CCCCCCCCCCCc1c(/C=C2\C(=O)c3cc(F)c(F)cc3C2=C(C#N)C#N)sc2c1sc1c3c4nsnc4c4c5sc6c(CCCCCCCCCCC)c(/C=C7\C(=O)c8cc(F)c(F)cc8C7=C(C#N)C#N)sc6c5n(CC(CC)CCCC)c4c3n(CC(CC)CCCC)c21,0.84,23.77,61.4,12.31,-5.39,-3.45,-5.65,-4.09,,,2019,10.1021/acs.macromol.9b01233,"OPV-DB (Qiu, J., Zenodo, 2026, doi:10.5281/zenodo.20841543)"
PBDB-T,IPTTT-2F,CCCCC(CC)Cc1ccc(-c2c3cc(-c4ccc(-c5sc(-c6cccs6)c6c5C(=O)c5c(CC(CC)CCCC)sc(CC(CC)CCCC)c5C6=O)s4)sc3c(-c3ccc(CC(CC)CCCC)s3)c3ccsc23)s1,CCc1ccc(C2(c3ccc(CC)cc3)c3cc4c(cc3-c3sc5c(sc6cc(/C=C7\C(=O)c8cc(F)ccc8C7=C(C#N)C#N)sc65)c32)C(c2ccc(CC)cc2)(c2ccc(CC)cc2)c2c-4sc3c4sc(/C=C5\C(=O)c6cc(F)ccc6C5=C(C#N)C#N)cc4n(CC)c23)cc1,0.894,20.0,69.3,12.3,-5.33,-3.48,-5.4,-4.07,,,2019,10.1039/c9ta07634d,"OPV-DB (Qiu, J., Zenodo, 2026, doi:10.5281/zenodo.20841543)"
PDBT-Cl,IT-4F,CCCCCCCCc1sc(-c2c3sc4cc(-c5ccc(-c6sc(-c7cccs7)c7c6C(=O)c6c(CC(CC)CCCC)sc(CC(CC)CCCC)c6C7=O)s5)sc4c3c(-c3cc(Cl)c(CCCCCCCC)s3)c3sc4ccsc4c23)cc1Cl,CCCCCCc1ccc(C2(c3ccc(CCCCCC)cc3)c3cc4c(cc3-c3sc5cc(/C=C6\C(=O)c7cc(F)c(F)cc7C6=C(C#N)C#N)sc5c32)C(c2ccc(CCCCCC)cc2)(c2ccc(CCCCCC)cc2)c2c-4sc3cc(/C=C4\C(=O)c5cc(F)c(F)cc5C4=C(C#N)C#N)sc23)cc1,0.82,22.3,69.0,12.3,-5.41,-3.56,-5.69,-4.07,,,2019,10.1039/c9qm00212j,"OPV-DB (Qiu, J., Zenodo, 2026, doi:10.5281/zenodo.20841543)"
PTQ10,ITIC,CCCCCCCCC(CCCCCC)COc1cnc2c(C)c(F)c(F)c(-c3ccc(C)s3)c2n1,CCCCCCc1ccc(C2(c3ccc(CCCCCC)cc3)c3cc4c(cc3-c3sc5cc(/C=C6\C(=O)c7ccccc7C6=C(C#N)C#N)sc5c32)C(c2ccc(CCCCCC)cc2)(c2ccc(CCCCCC)cc2)c2c-4sc3cc(/C=C4\C(=O)c5ccccc5C4=C(C#N)C#N)sc23)cc1,1.026,17.3,59.3,10.9,-5.54,-2.98,-5.51,-3.84,,,2019,10.1021/acsami.9b22666,"OPV-DB (Qiu, J., Zenodo, 2026, doi:10.5281/zenodo.20841543)"
PBZ-2Si,IT-M,CCCCCCCCC(CCCCCC)Cn1nc2c(-c3cccs3)c(F)c(F)c(-c3ccc(-c4cc5c(-c6ccc(CCCCCC[Si](C)(O[Si](C)(C)C)O[Si](C)(C)C)s6)c6sccc6c(-c6ccc(CCCCCC[Si](C)(O[Si](C)(C)C)O[Si](C)(C)C)s6)c5s4)s3)c2n1,CCCCCCc1ccc(C2(c3ccc(CCCCCC)cc3)c3cc4c(cc3-c3sc5cc(/C=C6\C(=O)c7ccc(C)cc7C6=C(C#N)C#N)sc5c32)C(c2ccc(CCCCCC)cc2)(c2ccc(CCCCCC)cc2)c2c-4sc3cc(/C=C4\C(=O)c5ccc(C)cc5C4=C(C#N)C#N)sc23)cc1,0.88,17.5,71.01,10.88,-5.26,-3.32,-5.58,-3.98,,,2019,10.1021/acsami.9b08722,"OPV-DB (Qiu, J., Zenodo, 2026, doi:10.5281/zenodo.20841543)"
PTzBI,N2200,CCCCCCCCN1C(=O)c2c(c(-c3ccc(-c4cc5c(-c6ccc(CC(CC)CCCC)s6)c6sccc6c(-c6ccc(CC(CC)CCCC)s6)c5s4)s3)c3nn(CCCCCCCC)nc3c2-c2cccs2)C1=O,CCCCCCCCCCC(CCCCCCCC)CN1C(=O)c2ccc3c4c(c(-c5ccc(-c6cccs6)s5)cc(c24)C1=O)C(=O)N(CC(CCCCCCCC)CCCCCCCCCC)C3=O,0.83,17.4,75.0,10.86,-5.34,-3.46,-5.71,-4.02,,,2019,10.1002/solr.201900385,"OPV-DB (Qiu, J., Zenodo, 2026, doi:10.5281/zenodo.20841543)"
p-PBDTPS-FTAZ,ITIC,CCCCCCCCC(CCCCCC)Cn1nc2c(-c3ccc(C)s3)c(F)c(F)c(-c3ccc(-c4cc5c(-c6ccc(SCC(CC)CCCC)cc6)c6sc(C)cc6c(-c6ccc(SCC(CC)CCCC)cc6)c5s4)s3)c2n1,CCCCCCc1ccc(C2(c3ccc(CCCCCC)cc3)c3cc4c(cc3-c3sc5cc(/C=C6\C(=O)c7ccccc7C6=C(C#N)C#N)sc5c32)C(c2ccc(CCCCCC)cc2)(c2ccc(CCCCCC)cc2)c2c-4sc3cc(/C=C4\C(=O)c5ccccc5C4=C(C#N)C#N)sc23)cc1,0.88,17.91,66.1,10.86,-5.32,-3.36,-5.6,-3.85,,,2019,10.1021/acsami.9b07112.s001,"OPV-DB (Qiu, J., Zenodo, 2026, doi:10.5281/zenodo.20841543)"
PDCBT-F,ITIC-Th1,CCOC(=O)c1csc(-c2cc(C(=O)OCC)c(-c3cc(F)c(-c4ccc(-c5sc(-c6cc(C(=O)OCC)c(-c7cc(F)c(-c8ccc(-c9sc(-c%10cc(C(=O)OCC)c(-c%11cc(F)c(-c%12cccs%12)s%11)s%10)cc9C(=O)OCC)s8)s7)s6)cc5C(=O)OCC)s4)s3)s2)c1,CCCCCCc1ccc(C2(c3ccc(CCCCCC)s3)c3cc4c(cc3-c3sc5cc(C=C6C(=O)c7cc(F)ccc7C6=C(C#N)C#N)sc5c32)C(c2ccc(CCCCCC)s2)(c2ccc(CCCCCC)s2)c2c-4sc3cc(C=C4C(=O)c5cc(F)ccc5C4=C(C#N)C#N)sc23)s1,0.93,17.52,66.2,10.85,-5.32,-2.98,-5.74,-4.01,,,2019,10.1021/acs.macromol.9b00793,"OPV-DB (Qiu, J., Zenodo, 2026, doi:10.5281/zenodo.20841543)"
PFBTZNT,m-ITIC,CCCCCCC(CCCC)Cn1nc2c(-c3cccs3)cc3c(cc(-c4ccc(-c5cc6c(-c7cc(F)c(CC(CC)CCCC)s7)c7sccc7c(-c7cc(F)c(CC(CC)CCCC)s7)c6s5)s4)c4nn(CC(CCCC)CCCCCC)nc43)c2n1,CCCCCCc1cccc(C2(c3cccc(CCCCCC)c3)c3cc4c(cc3-c3sc5cc(C=C6C(=O)c7ccccc7C6=C(C#N)C#N)sc5c32)C(c2cccc(CCCCCC)c2)(c2cccc(CCCCCC)c2)c2c-4sc3cc(C=C4C(=O)c5ccccc5C4=C(C#N)C#N)sc23)c1,0.91,16.98,68.72,10.85,-5.47,-3.2,-5.52,-3.82,,,2019,10.1039/c9tc00403c,"OPV-DB (Qiu, J., Zenodo, 2026, doi:10.5281/zenodo.20841543)"
PBDB-T,BDCPDT-BC,CCCCC(CC)Cc1ccc(-c2c3cc(-c4ccc(-c5sc(-c6cccs6)c6c5C(=O)c5c(CC(CC)CCCC)sc(CC(CC)CCCC)c5C6=O)s4)sc3c(-c3ccc(CC(CC)CCCC)s3)c3ccsc23)s1,CCCCCCc1ccc(C2(c3ccc(CCCCCC)cc3)c3cc(/C=C4\C(=O)c5c(sc6ccccc56)C4=C(C#N)C#N)sc3-c3sc4cc5c6c(sc5cc4c32)-c2sc(/C=C3\C(=O)c4c(sc5ccccc45)C3=C(C#N)C#N)cc2C6(c2ccc(CCCCCC)cc2)c2ccc(CCCCCC)cc2)cc1,0.92,18.31,62.5,10.82,-5.36,-3.54,-5.4,-3.85,,,2019,10.1021/acsami.9b08462.s001,"OPV-DB (Qiu, J., Zenodo, 2026, doi:10.5281/zenodo.20841543)"
J76,m-ITIC,CCCCCCCCC(CCCCCC)Cn1nc2c(-c3ccc[se]3)c(F)c(F)c(-c3ccc(-c4cc5c(-c6ccc([Si](CCC)(CCC)CCC)s6)c6sccc6c(-c6ccc([Si](CCC)(CCC)CCC)s6)c5s4)[se]3)c2n1,CCCCCCc1cccc(C2(c3cccc(CCCCCC)c3)c3cc4c(cc3-c3sc5cc(C=C6C(=O)c7ccccc7C6=C(C#N)C#N)sc5c32)C(c2cccc(CCCCCC)c2)(c2cccc(CCCCCC)c2)c2c-4sc3cc(C=C4C(=O)c5ccccc5C4=C(C#N)C#N)sc23)c1,0.91,17.04,71.17,10.81,-5.41,-3.66,-5.52,-3.82,,,2019,10.1021/acs.macromol.9b00484,"OPV-DB (Qiu, J., Zenodo, 2026, doi:10.5281/zenodo.20841543)"
PBDB-T,ATT-5,CCCCC(CC)Cc1ccc(-c2c3cc(-c4ccc(-c5sc(-c6cccs6)c6c5C(=O)c5c(CC(CC)CCCC)sc(CC(CC)CCCC)c5C6=O)s4)sc3c(-c3ccc(CC(CC)CCCC)s3)c3ccsc23)s1,CCCCCCC1(CCCCCC)c2cc3c(cc2-c2sc(-c4sc(/C=c5\sc(=C(C#N)C#N)n(CC)c5=O)c5sc(C(=O)OCC(CC)CCCC)cc45)cc21)C(CCCCCC)(CCCCCC)c1cc(-c2sc(/C=c4\sc(=C(C#N)C#N)n(CC)c4=O)c4sc(C(=O)OCC(CC)CCCC)cc24)sc1-3,0.927,18.56,70.0,12.36,-5.33,-2.92,-5.41,-3.6,,,2019,10.1021/acsami.9b10641,"OPV-DB (Qiu, J., Zenodo, 2026, doi:10.5281/zenodo.20841543)"
PBDB-T,FOC2C6-2FIC,CCCCC(CC)Cc1ccc(-c2c3cc(-c4ccc(-c5sc(-c6cccs6)c6c5C(=O)c5c(CC(CC)CCCC)sc(CC(CC)CCCC)c5C6=O)s4)sc3c(-c3ccc(CC(CC)CCCC)s3)c3ccsc23)s1,CCCCC(CC)COc1cc(-c2cc3c(s2)-c2sc(/C=C4\C(=O)c5cc(F)c(F)cc5C4=C(C#N)C#N)cc2C3(CC(CC)CCCC)CC(CC)CCCC)c(F)cc1-c1cc2c(s1)-c1sc(/C=C3\C(=O)c4cc(F)c(F)cc4C3=C(C#N)C#N)cc1C2(CC(CC)CCCC)CC(CC)CCCC,0.87,19.66,72.1,12.36,-5.33,-3.48,-5.51,-3.84,,,2019,10.1021/acsami.9b18076,"OPV-DB (Qiu, J., Zenodo, 2026, doi:10.5281/zenodo.20841543)"
PBDB-TF,FBDT-4Cl,CCCCC(CC)Cc1sc(-c2c3cc(-c4ccc(-c5sc(-c6cccs6)c6c5C(=O)c5c(CC(CC)CCCC)sc(CC(CC)CCCC)c5C6=O)s4)sc3c(-c3cc(F)c(CC(CC)CCCC)s3)c3ccsc23)cc1F,CCCCCCc1ccc(C2(c3ccc(CCCCCC)cc3)c3cc(/C=C4\C(=O)c5cc(Cl)c(Cl)cc5C4=C(C#N)C#N)sc3-c3sc4c(-c5cc(F)c(CC(CC)CCCC)s5)c5c6c(sc5c(-c5cc(F)c(CC(CC)CCCC)s5)c4c32)-c2sc(/C=C3\C(=O)c4cc(Cl)c(Cl)cc4C3=C(C#N)C#N)cc2C6(c2ccc(CCCCCC)cc2)c2ccc(CCCCCC)cc2)cc1,0.884,19.51,70.0,12.36,-5.5,-3.61,-5.7,-3.91,,,2019,10.1039/c9ta06311k,"OPV-DB (Qiu, J., Zenodo, 2026, doi:10.5281/zenodo.20841543)"
PTBD-BZ,TBDB-Ph,CCCCCCCCC(CCCCCC)Cn1nc2c(-c3cccs3)c(F)c(F)c(-c3ccc(-c4cc5sc6c(-c7ccc(SCC(CCCC)CCCCCC)s7)c7ccsc7c(-c7ccc(SCC(CCCC)CCCCCC)s7)c6c5s4)s3)c2n1,CCCCCCc1ccc(C2(c3ccc(CCCCCC)cc3)c3cc(/C=C4/C(=O)c5ccccc5C4=C(C#N)C#N)sc3-c3sc4c(sc5c(-c6ccc(SCC(CC)CCCC)cc6)c6c7c(sc6c(-c6ccc(SCC(CC)CCCC)cc6)c54)-c4sc(/C=C5/C(=O)c6ccccc6C5=C(C#N)C#N)cc4C7(c4ccc(CCCCCC)cc4)c4ccc(CCCCCC)cc4)c32)cc1,0.923,17.94,65.0,10.92,-5.4,-3.59,-5.44,-3.74,,,2019,10.1021/acsami.9b14981,"OPV-DB (Qiu, J., Zenodo, 2026, doi:10.5281/zenodo.20841543)"
PBDB-T-SF,ITCC,CCCCC(CC)CSc1sc(-c2c3cc(-c4ccc(-c5sc(-c6ccc(C)s6)c6c5C(=O)c5c(CC(CC)CCCC)sc(CC(CC)CCCC)c5C6=O)s4)sc3c(-c3cc(F)c(SCC(CC)CCCC)s3)c3cc(C)sc23)cc1F,CCCCCCc1ccc(C2(c3ccc(CCCCCC)cc3)c3cc4c(cc3-c3sc5cc(/C=C6\C(=O)c7sccc7C6=C(C#N)C#N)sc5c32)C(c2ccc(CCCCCC)cc2)(c2ccc(CCCCCC)cc2)c2c-4sc3cc(/C=C4\C(=O)c5sccc5C4=C(C#N)C#N)sc23)cc1,0.981,18.11,61.5,10.92,-5.57,-3.67,-5.6,-3.92,,,2019,10.1039/c9mh00844f,"OPV-DB (Qiu, J., Zenodo, 2026, doi:10.5281/zenodo.20841543)"
PM6,ITC-2Br,CCCCC(CC)Cc1sc(-c2c3cc(-c4ccc(-c5sc(-c6cccs6)c6c5C(=O)c5c(CC(CC)CCCC)sc(CC(CC)CCCC)c5C6=O)s4)sc3c(-c3cc(F)c(CC(CC)CCCC)s3)c3ccsc23)cc1F,CCCCCCc1ccc(C2(c3ccc(CCCCCC)cc3)c3cc4c(cc3-c3sc5cc(/C=C6\C(=O)c7sc(Br)cc7C6=C(C#N)C#N)sc5c32)C(c2ccc(CCCCCC)cc2)(c2ccc(CCCCCC)cc2)c2c-4sc3cc(/C=C4\C(=O)c5sc(Br)cc5C4=C(C#N)C#N)sc23)cc1,1.03,15.4,68.8,10.9,-5.56,-3.65,-5.73,-3.93,,,2019,10.1016/j.nanoen.2019.104146,"OPV-DB (Qiu, J., Zenodo, 2026, doi:10.5281/zenodo.20841543)"
PB3TCN-EH-DMO,IT-4F,CCCCC(CC)Cc1ccc(-c2c3cc(-c4sc(-c5sc(-c6cc(CCC(C)CCCC(C)C)cs6)c(C#N)c5C#N)cc4CCC(C)CCCC(C)C)sc3c(-c3ccc(CC(CC)CCCC)s3)c3ccsc23)s1,CCCCCCc1ccc(C2(c3ccc(CCCCCC)cc3)c3cc4c(cc3-c3sc5cc(/C=C6\C(=O)c7cc(F)c(F)cc7C6=C(C#N)C#N)sc5c32)C(c2ccc(CCCCCC)cc2)(c2ccc(CCCCCC)cc2)c2c-4sc3cc(/C=C4\C(=O)c5cc(F)c(F)cc5C4=C(C#N)C#N)sc23)cc1,0.92,19.5,62.0,10.9,-5.55,-3.55,-5.66,-4.14,,,2019,10.1002/aenm.201904247,"OPV-DB (Qiu, J., Zenodo, 2026, doi:10.5281/zenodo.20841543)"
PBT1-C,IT-4F,CCCCCCC(CCCC)Cc1ccc(-c2c3cc(-c4ccc(-c5sc(-c6cccs6)c6c5C(=O)c5c(CC(CC)CCCC)sc(CC(CC)CCCC)c5C6=O)s4)sc3c(-c3ccc(CC(CCCC)CCCCCC)cc3)c3ccsc23)cc1,CCCCCCc1ccc(C2(c3ccc(CCCCCC)cc3)c3cc4c(cc3-c3sc5cc(/C=C6\C(=O)c7cc(F)c(F)cc7C6=C(C#N)C#N)sc5c32)C(c2ccc(CCCCCC)cc2)(c2ccc(CCCCCC)cc2)c2c-4sc3cc(/C=C4\C(=O)c5cc(F)c(F)cc5C4=C(C#N)C#N)sc23)cc1,0.79,19.03,70.5,10.9,-5.43,-3.37,-5.66,-4.14,,,2019,10.1016/j.nanoen.2019.01.039,"OPV-DB (Qiu, J., Zenodo, 2026, doi:10.5281/zenodo.20841543)"
PT-68,ITIC,CCCCCCCCCCCCC(CCCCCCCCCC)Cn1nc2c(-c3ccc(C)s3)c(F)c(F)c(-c3ccc(-c4ccc(/C(C#N)=C/c5cc(OCC(CCCCCC)CCCCCCCC)c(/C=C(\C#N)c6ccc(C)s6)cc5OCC(CCCCCC)CCCCCCCC)s4)s3)c2n1,CCCCCCc1ccc(C2(c3ccc(CCCCCC)cc3)c3cc4c(cc3-c3sc5cc(/C=C6\C(=O)c7ccccc7C6=C(C#N)C#N)sc5c32)C(c2ccc(CCCCCC)cc2)(c2ccc(CCCCCC)cc2)c2c-4sc3cc(/C=C4\C(=O)c5ccccc5C4=C(C#N)C#N)sc23)cc1,1.02,11.49,46.1,5.44,-5.48,-3.76,-5.6,-3.99,,,2019,10.1016/j.polymer.2019.121580,"OPV-DB (Qiu, J., Zenodo, 2026, doi:10.5281/zenodo.20841543)"
PNT4Se-OD,PC71BM,CCCCCCCCCCC(CCCCCCCC)Cc1c[se]c(-c2cc3c(cc(-c4cc(CC(CCCCCCCC)CCCCCCCCCC)c(-c5ccc(-c6ccc[se]6)[se]5)[se]4)c4nsnc43)c3nsnc23)c1,COC(=O)CCCC1(c2ccccc2)C23c4c5ccc6c7cc8c9c%10c(cc%11cc%12c%13c%14c(cc%15c%16ccc-5c2c%16c2c5c%16c%17c(c(c46)c7c9c%17c4c%10c%11c%13c4c%16c%14c%152)C513)C%12)C8,0.56,15.84,61.36,5.44,-5.18,-3.79,-6.0,-3.9,,,2019,10.1021/acsami.9b00083,"OPV-DB (Qiu, J., Zenodo, 2026, doi:10.5281/zenodo.20841543)"
PTAZ-TPD10-C8,[70]PCBM,CCCCCCCCc1cc(-c2c3cc(-c4ccc(-c5c(F)c(F)c(-c6ccc(-c7cc8c(-c9cc(CCCCCCCC)c(CCCCCCCC)s9)c9sc(-c%10scc%11c%10C(=O)N(CCCCCCCC)C%11=O)cc9c(-c9cc(CCCCCCCC)c(CCCCCCCC)s9)c8s7)s6)c6nn(CC(CC)CCCC)nc56)s4)sc3c(-c3cc(CCCCCCCC)c(CCCCCCCC)s3)c3ccsc23)sc1CCCCCCCC,CCCCC(=O)OCC1(C2=CC=CC=C2)C3=CC=CC4=CC=CC5=CC=CC6=CC=C7C=CC=CC8=CC=CC1=C8C7=C6C5=C4C3,0.82,10.3,64.0,5.4,-5.27,-3.23,-6.1,-3.9,,,2019,10.1002/aenm.201901740,"OPV-DB (Qiu, J., Zenodo, 2026, doi:10.5281/zenodo.20841543)"
PDTBDT-BZ,TBDB-Na,CCCCCCCCC(CCCCCC)Cn1nc2c(-c3ccc(C)s3)c(F)c(F)c(-c3ccc(-c4cc5sc6c(-c7ccc(SCC(CCCC)CCCCCC)s7)c7c(sc8cc(C)sc87)c(-c7ccc(SCC(CCCC)CCCCCC)s7)c6c5s4)s3)c2n1,CCCCCCc1ccc(C2(c3ccc(CCCCCC)cc3)c3cc(/C=C4/C(=O)c5cc6ccccc6cc5C4=C(C#N)C#N)sc3-c3sc4c(sc5c(-c6ccc(SCC(CC)CCCC)cc6)c6c7c(sc6c(-c6ccc(SCC(CC)CCCC)cc6)c54)-c4sc(/C=C5/C(=O)c6cc8ccccc8cc6C5=C(C#N)C#N)cc4C7(c4ccc(CCCCCC)cc4)c4ccc(CCCCCC)cc4)c32)cc1,0.878,11.08,52.8,5.38,-5.32,-3.51,-5.45,-3.77,,,2019,10.1021/acsami.9b14981,"OPV-DB (Qiu, J., Zenodo, 2026, doi:10.5281/zenodo.20841543)"
SM2,IDIC,CCCCCCCCCCCCN1C(=O)c2cccc3c(-c4ccc(-c5ccc(-c6ccc(-c7ccc8c9c(cccc79)C(=O)N(CCCCCCCCCCCC)C8=O)s6)c(F)c5)s4)ccc(c23)C1=O,CCCCCCC1(CCCCCC)c2cc3c(cc2-c2sc(/C=C4\C(=O)c5ccccc5C4=C(C#N)C#N)cc21)C(CCCCCC)(CCCCCC)c1cc(/C=C2\C(=O)c4ccccc4C2=C(C#N)C#N)sc1-3,0.77,10.77,64.4,5.32,-5.98,-3.62,-5.69,-3.91,,,2019,10.1002/solr.201900528,"OPV-DB (Qiu, J., Zenodo, 2026, doi:10.5281/zenodo.20841543)"
PBDB-T,IEPC,CCCCC(CC)Cc1ccc(-c2c3cc(-c4ccc(-c5sc(-c6cccs6)c6c5C(=O)c5c(CC(CC)CCCC)sc(CC(CC)CCCC)c5C6=O)s4)sc3c(-c3ccc(CC(CC)CCCC)s3)c3ccsc23)s1,CCCCC(CC)Cc1ccc(C2(c3ccc(CC(CC)CCCC)cc3)c3cc(-c4ccc(-c5sc(/C=C6\C(=O)c7ccccc7C6=C(C#N)C#N)cc5CC(CC)CCCC)s4)ccc3-c3sc(-c4sc(/C=C5\C(=O)c6ccccc6C5=C(C#N)C#N)cc4CC(CC)CCCC)cc32)cc1,1.0,11.55,45.54,5.26,-5.33,-3.48,-5.72,-3.96,,,2019,10.1016/j.dyepig.2019.107555,"OPV-DB (Qiu, J., Zenodo, 2026, doi:10.5281/zenodo.20841543)"
PNT2Se2Th-OD,PC71BM,CCCCCCCCCCC(CCCCCCCC)Cc1c[se]c(-c2cc3c(cc(-c4cc(CC(CCCCCCCC)CCCCCCCCCC)c(-c5ccc(-c6cccs6)s5)[se]4)c4nsnc43)c3nsnc23)c1,COC(=O)CCCC1(c2ccccc2)C23c4c5ccc6c7cc8c9c%10c(cc%11cc%12c%13c%14c(cc%15c%16ccc-5c2c%16c2c5c%16c%17c(c(c46)c7c9c%17c4c%10c%11c%13c4c%16c%14c%152)C513)C%12)C8,0.65,15.39,52.04,5.23,-5.28,-3.82,-6.0,-3.9,,,2019,10.1021/acsami.9b00083,"OPV-DB (Qiu, J., Zenodo, 2026, doi:10.5281/zenodo.20841543)"
PTTTz,PC71BM,CCCCCCCCCCC(CCCCCCCC)Cc1ccsc1-c1cc(F)c(-c2sc(-c3sc(-c4nncnn4)cc3CC(CCCCCCCC)CCCCCCCCCC)cc2F)s1,COC(=O)CCCC1(c2ccccc2)C23c4c5ccc6c7cc8c9c%10c(cc%11cc%12c%13c%14c(cc%15c%16ccc-5c2c%16c2c5c%16c%17c(c(c46)c7c9c%17c4c%10c%11c%13c4c%16c%14c%152)C513)C%12)C8,1.02,8.04,62.9,5.16,-5.63,-3.75,-5.9,-3.9,,,2019,10.1016/j.dyepig.2019.107717,"OPV-DB (Qiu, J., Zenodo, 2026, doi:10.5281/zenodo.20841543)"
PBDT-F-TzBI,ITIC,CCCCCCCCN1C(=O)c2c(c(-c3ccc(-c4cc5c(-c6cc(F)c(CC(CC)CCCC)s6)c6sccc6c(-c6cc(F)c(CC(CC)CCCC)s6)c5s4)s3)c3nn(CC(CC)CCCC)nc3c2-c2cccs2)C1=O,CCCCCCc1ccc(C2(c3ccc(CCCCCC)cc3)c3cc4c(cc3-c3sc5cc(C=C6C(=O)c7ccccc7C6=C(C#N)C#N)sc5c32)C(c2ccc(CCCCCC)cc2)(c2ccc(CCCCCC)cc2)c2c-4sc3cc(C=C4C(=O)c5ccccc5C4=C(C#N)C#N)sc23)cc1,0.93,18.1,72.0,12.12,-5.97,-3.63,-5.576,-3.916,,,2019,10.1039/c9ta06385d,"OPV-DB (Qiu, J., Zenodo, 2026, doi:10.5281/zenodo.20841543)"
TPD-3,IT-4F,CCCCCCCCC(CCCCCC)Cc1ccc(-c2c3cc(-c4ccc(-c5sc(-c6cccs6)c6c5C(=O)N(CCCCCCCC)C6=O)s4)sc3c(-c3ccc(CC(CCCCCC)CCCCCCCC)s3)c3ccsc23)s1,CCCCCCc1ccc(C2(c3ccc(CCCCCC)cc3)c3cc4c(cc3-c3sc5cc(/C=C6\C(=O)c7cc(F)c(F)cc7C6=C(C#N)C#N)sc5c32)C(c2ccc(CCCCCC)cc2)(c2ccc(CCCCCC)cc2)c2c-4sc3cc(/C=C4\C(=O)c5cc(F)c(F)cc5C4=C(C#N)C#N)sc23)cc1,0.8,20.1,75.3,12.1,-5.14,-3.32,-5.66,-4.14,,,2019,10.1016/j.joule.2019.11.006,"OPV-DB (Qiu, J., Zenodo, 2026, doi:10.5281/zenodo.20841543)"
PBDB-T,IT-2F,CCCCC(CC)Cc1ccc(-c2c3cc(-c4ccc(-c5sc(-c6cccs6)c6c5C(=O)c5c(CC(CC)CCCC)sc(CC(CC)CCCC)c5C6=O)s4)sc3c(-c3ccc(CC(CC)CCCC)s3)c3ccsc23)s1,CCc1ccc(C2(c3ccc(CC)cc3)c3cc4c(cc3-c3sc5cc(/C=C6\C(=O)c7cc(F)c(F)cc7C6=C(C#N)C#N)sc5c32)C(c2ccc(CC)cc2)(c2ccc(CC)cc2)c2c-4sc3cc(/C=C4\C(=O)c5cc(F)c(F)cc5C4=C(C#N)C#N)sc23)cc1,0.83,18.62,71.0,12.08,-5.33,-3.48,-5.64,-4.05,,,2019,10.1016/j.solener.2019.11.074,"OPV-DB (Qiu, J., Zenodo, 2026, doi:10.5281/zenodo.20841543)"
PBDB-T,FOC6-FIC,CCCCC(CC)Cc1ccc(-c2c3cc(-c4ccc(-c5sc(-c6cccs6)c6c5C(=O)c5c(CC(CC)CCCC)sc(CC(CC)CCCC)c5C6=O)s4)sc3c(-c3ccc(CC(CC)CCCC)s3)c3ccsc23)s1,CCCCCCOc1cc(-c2cc3c(s2)-c2sc(/C=C4\C(=O)c5ccc(F)cc5C4=C(C#N)C#N)cc2C3(CC(CC)CCCC)CC(CC)CCCC)c(F)cc1-c1cc2c(s1)-c1sc(/C=C3\C(=O)c4ccc(F)cc4C3=C(C#N)C#N)cc1C2(CC(CC)CCCC)CC(CC)CCCC,0.89,19.18,70.9,12.08,-5.33,-3.48,-5.47,-3.81,,,2019,10.1021/acsami.9b18076,"OPV-DB (Qiu, J., Zenodo, 2026, doi:10.5281/zenodo.20841543)"
PBDB-T,ITBC,CCCCC(CC)Cc1ccc(-c2c3cc(-c4ccc(-c5sc(-c6cccs6)c6c5C(=O)c5c(CC(CC)CCCC)sc(CC(CC)CCCC)c5C6=O)s4)sc3c(-c3ccc(CC(CC)CCCC)s3)c3ccsc23)s1,CCCCCCc1ccc(C2(c3ccc(CCCCCC)cc3)c3cc4c(cc3-c3sc5cc(/C=C6\C(=O)c7c(sc8ccccc78)C6=C(C#N)C#N)sc5c32)C(c2ccc(CCCCCC)cc2)(c2ccc(CCCCCC)cc2)c2c-4sc3cc(/C=C4\C(=O)c5c(sc6ccccc56)C4=C(C#N)C#N)sc23)cc1,0.94,19.9,64.5,12.07,-5.36,-3.54,-5.49,-3.9,,,2019,10.1021/acsami.9b08462.s001,"OPV-DB (Qiu, J., Zenodo, 2026, doi:10.5281/zenodo.20841543)"
PBDS-T,ITIC-Th1,CCCCC(CC)Cc1sc(CC(CC)CCCC)c2c1C(=O)c1c(-c3cccs3)sc(-c3ccc(-c4cc5c(-c6ccc([Si](CCC)(CCC)CCC)s6)c6sccc6c(-c6ccc([Si](CCC)(CCC)CCC)s6)c5s4)s3)c1C2=O,CCCCCCc1ccc(C2(c3ccc(CCCCCC)s3)c3cc4c(cc3-c3sc5cc(C=C6C(=O)c7cc(F)ccc7C6=C(C#N)C#N)sc5c32)C(c2ccc(CCCCCC)s2)(c2ccc(CCCCCC)s2)c2c-4sc3cc(C=C4C(=O)c5cc(F)ccc5C4=C(C#N)C#N)sc23)s1,0.88,19.55,70.0,12.04,-5.35,-3.67,-5.72,-4.065,,,2019,10.1039/c9ta00114j,"OPV-DB (Qiu, J., Zenodo, 2026, doi:10.5281/zenodo.20841543)"
PE62,Y6,CCCCCCCCOc1cccc(-c2nc3c(-c4ccc(C)s4)c(F)c(F)c(-c4ccc(-c5cc6c(-c7cc(F)c(CC(CC)CCCC)s7)c7sc(C)cc7c(-c7cc(F)c(CC(CC)CCCC)s7)c6s5)s4)c3nc2-c2cccc(OCCCCCCCC)c2)c1,CCCCCCCCCCCc1c(/C=C2\C(=O)c3cc(F)c(F)cc3C2=C(C#N)C#N)sc2c1sc1c3c4nsnc4c4c5sc6c(CCCCCCCCCCC)c(/C=C7\C(=O)c8cc(F)c(F)cc8C7=C(C#N)C#N)sc6c5n(CC(CC)CCCC)c4c3n(CC(CC)CCCC)c21,0.78,24.64,62.2,12.02,-5.37,-3.48,-5.65,-4.1,,,2019,10.1021/acsmacrolett.9b00368,"OPV-DB (Qiu, J., Zenodo, 2026, doi:10.5281/zenodo.20841543)"
PBDB-T2Cl,IXIC-4Cl,CCCCC(CC)Cc1sc(-c2c3cc(-c4ccc(-c5sc(-c6cccs6)c6c5C(=O)c5c(CC(CC)CCCC)sc(CC(CC)CCCC)c5C6=O)s4)sc3c(-c3cc(Cl)c(CC(CC)CCCC)s3)c3ccsc23)cc1Cl,CCCCCCc1ccc(C2(c3ccc(CCCCCC)cc3)c3c(sc4cc(/C=C5\C(=O)c6cc(Cl)c(Cl)cc6C5=C(C#N)C#N)sc34)-c3sc4c5c(sc4c32)-c2sc3cc(/C=C4\C(=O)c6cc(Cl)c(Cl)cc6C4=C(C#N)C#N)sc3c2C5(c2ccc(CCCCCC)cc2)c2ccc(CCCCCC)cc2)cc1,0.795,21.19,69.9,12.01,-5.51,-3.57,-5.52,-4.13,,,2019,10.1039/c9ee01030k,"OPV-DB (Qiu, J., Zenodo, 2026, doi:10.5281/zenodo.20841543)"
J76,m-ITIC,CCCCCCCCC(CCCCCC)Cn1nc2c(-c3ccc(C)[se]3)c(F)c(F)c(-c3ccc(-c4cc5c(-c6ccc([Si](CCC)(CCC)CCC)s6)c6sc(C)cc6c(-c6ccc([Si](CCC)(CCC)CCC)s6)c5s4)[se]3)c2n1,CCCCCCc1cccc(C2(c3cccc(CCCCCC)c3)c3cc4c(cc3-c3sc5cc(/C=C6\C(=O)c7ccccc7C6=C(C#N)C#N)sc5c32)C(c2cccc(CCCCCC)c2)(c2cccc(CCCCCC)c2)c2c-4sc3cc(/C=C4\C(=O)c5ccccc5C4=C(C#N)C#N)sc23)c1,0.91,17.04,71.2,11.04,-5.41,-3.66,-5.53,-3.95,,,2019,10.1021/acs.macromol.9b00484,"OPV-DB (Qiu, J., Zenodo, 2026, doi:10.5281/zenodo.20841543)"
PBDB-BPh,ITCPTC,CCCCCCCCC(CCCCCC)CSc1ccc(-c2ccc(-c3c4cc(-c5ccc(-c6sc(-c7cccs7)c7c6C(=O)c6c(CC(CC)CCCC)sc(CC(CC)CCCC)c6C7=O)s5)sc4c(-c4ccc(-c5ccc(SCC(CCCCCC)CCCCCCCC)cc5)cc4)c4ccsc34)cc2)cc1,CCCCCCc1ccc(C2(c3ccc(CCCCCC)cc3)c3cc4c(cc3-c3sc5cc(/C=C6\C(=O)c7cscc7C6=C(C#N)C#N)sc5c32)C(c2ccc(CCCCCC)cc2)(c2ccc(CCCCCC)cc2)c2c-4sc3cc(/C=C4\C(=O)c5cscc5C4=C(C#N)C#N)sc23)cc1,0.91,17.21,68.66,11.03,-5.3,-3.47,-5.62,-3.96,,,2019,10.1021/acsami.9b23499,"OPV-DB (Qiu, J., Zenodo, 2026, doi:10.5281/zenodo.20841543)"
PFBTZNT,m-ITIC,CCCCCCC(CCCC)Cn1nc2c(-c3ccc(C)s3)cc3c(cc(-c4ccc(-c5cc6c(-c7cc(F)c(CC(CC)CCCC)s7)c7sc(C)cc7c(-c7cc(F)c(CC(CC)CCCC)s7)c6s5)s4)c4nn(CC(CCCC)CCCCCC)nc43)c2n1,CCCCCCc1cccc(C2(c3cccc(CCCCCC)c3)c3cc4c(cc3-c3sc5cc(/C=C6\C(=O)c7ccccc7C6=C(C#N)C#N)sc5c32)C(c2cccc(CCCCCC)c2)(c2cccc(CCCCCC)c2)c2c-4sc3cc(/C=C4\C(=O)c5ccccc5C4=C(C#N)C#N)sc23)c1,0.91,16.98,68.7,11.02,-5.47,-3.2,-5.52,-3.82,,,2019,10.1039/c9tc00403c,"OPV-DB (Qiu, J., Zenodo, 2026, doi:10.5281/zenodo.20841543)"
P-EH,ITIC-Th,CCCCCCCCc1csc2cc(-c3sc(-c4cc5sc(-c6cc7c(-c8ccc(CC(CC)CCCC)s8)c8sccc8c(-c8ccc(CC(CC)CCCC)s8)c7s6)c(CCCCCCCC)c5s4)c4c3C(=O)N(CC(CCCCCC)CCCCCCCC)C4=O)sc12,CCCCCCc1ccc(C2(c3ccc(CCCCCC)s3)c3cc4c(cc3-c3sc5cc(/C=C6\C(=O)c7ccccc7C6=C(C#N)C#N)sc5c32)C(c2ccc(CCCCCC)s2)(c2ccc(CCCCCC)s2)c2c-4sc3cc(/C=C4\C(=O)c5ccccc5C4=C(C#N)C#N)sc23)s1,1.0,17.35,62.05,11.01,-5.35,-3.48,-5.673,-3.909,,,2019,10.1021/jacs.9b03770,"OPV-DB (Qiu, J., Zenodo, 2026, doi:10.5281/zenodo.20841543)"
PTTEA,TPO-PDI,CCCCCCCCCCC(CCCCCCCC)COC(=O)c1cc(-c2c(F)c(F)c(-c3cc(C(=O)OCC(CCCCCCCC)CCCCCCCCCC)c(-c4cc(CC(CCCCCC)CCCCCCCC)c(-c5ccc(-c6c(F)c(F)c(-c7ccc(C)s7)c7nsnc67)s5)s4)s3)c3nsnc23)sc1-c1cc(CC(CCCCCC)CCCCCCCC)c(C)s1,CCCCC(CCCC)N1C(=O)c2ccc3c4ccc5c6c(cc(-c7ccc(P(=O)(c8ccc(-c9cc%10c%11c(ccc%12c%13ccc%14c%15c(ccc(c9c%11%12)c%15%13)C(=O)N(C(CCCC)CCCC)C%14=O)C(=O)N(C(CCCC)CCCC)C%10=O)cc8)c8ccc(-c9cc%10c%11c(ccc%12c%13ccc%14c%15c(ccc(c9c%11%12)c%15%13)C(=O)N(C(CCCC)CCCC)C%14=O)C(=O)N(C(CCCC)CCCC)C%10=O)cc8)cc7)c(c7ccc(c2c37)C1=O)c64)C(=O)N(C(CCCC)CCCC)C5=O,0.98,14.71,74.1,11.01,-5.4,-3.54,-5.88,-3.7,,,2019,10.1002/adfm.201906587,"OPV-DB (Qiu, J., Zenodo, 2026, doi:10.5281/zenodo.20841543)"
PBDB-T,IEICO-4F,CCCCC(CC)Cc1ccc(-c2c3cc(-c4ccc(-c5sc(-c6cccs6)c6c5C(=O)c5c(CC(CC)CCCC)sc(CC(CC)CCCC)c5C6=O)s4)sc3c(-c3ccc(CC(CC)CCCC)s3)c3ccsc23)s1,CCCCCCc1ccc(C2(c3ccc(CCCCCC)cc3)c3cc4c(cc3-c3sc(-c5sc(/C=C6\C(=O)c7cc(F)c(F)cc7C6=C(C#N)C#N)cc5OCC(CC)CCCC)cc32)C(c2ccc(CCCCCC)cc2)(c2ccc(CCCCCC)cc2)c2cc(-c3sc(/C=C5\C(=O)c6cc(F)c(F)cc6C5=C(C#N)C#N)cc3OCC(CC)CCCC)sc2-4)cc1,0.92,19.1,60.6,11.0,-5.33,-3.53,-5.44,-4.19,,,2019,10.1021/acsami.9b12522,"OPV-DB (Qiu, J., Zenodo, 2026, doi:10.5281/zenodo.20841543)"
PBDB-T,ITBTC,CCCCC(CC)Cc1ccc(-c2c3cc(-c4ccc(-c5sc(-c6cccs6)c6c5C(=O)c5c(CC(CC)CCCC)sc(CC(CC)CCCC)c5C6=O)s4)sc3c(-c3ccc(CC(CC)CCCC)s3)c3ccsc23)s1,CCCCCCc1ccc(C2(c3ccc(CCCCCC)cc3)c3cc4c(cc3-c3sc5cc(/C=C6\C(=O)c7sc8ccccc8c7C6=C(C#N)C#N)sc5c32)C(c2ccc(CCCCCC)cc2)(c2ccc(CCCCCC)cc2)c2c-4sc3cc(/C=C4\C(=O)c5sc6ccccc6c5C4=C(C#N)C#N)sc23)cc1,0.941,16.37,71.3,10.99,-5.33,-3.53,-5.38,-3.78,,,2019,10.1039/c9ta01111k,"OPV-DB (Qiu, J., Zenodo, 2026, doi:10.5281/zenodo.20841543)"
PDTPO-BDTT,IT-4F,CCCCCCCCCCC(CCCCCCCC)Cn1c(=O)c2cc(C)sc2c2sc(-c3cc4c(-c5ccc(CC(CC)CCCC)s5)c5sc(C)cc5c(-c5ccc(CC(CC)CCCC)s5)c4s3)cc21,CCCCCCc1ccc(C2(c3ccc(CCCCCC)cc3)c3cc4c(cc3-c3sc5cc(/C=C6\C(=O)c7cc(F)c(F)cc7C6=C(C#N)C#N)sc5c32)C(c2ccc(CCCCCC)cc2)(c2ccc(CCCCCC)cc2)c2c-4sc3cc(/C=C4\C(=O)c5cc(F)c(F)cc5C4=C(C#N)C#N)sc23)cc1,0.81,19.18,70.4,10.96,-5.2,-2.93,-5.49,-3.89,,,2019,10.1021/acsomega.9b01363,"OPV-DB (Qiu, J., Zenodo, 2026, doi:10.5281/zenodo.20841543)"
PTAZ-CH-S,ITIC,CCCCCCCCC(CCCCCC)Cn1nc2c(-c3cc(CC4CCCCC4)c(C)s3)c(F)c(F)c(-c3cc(CC4CCCCC4)c(-c4cc5c(-c6ccc(SCC(CC)CCCC)s6)c6sc(C)cc6c(-c6ccc(SCC(CC)CCCC)s6)c5s4)s3)c2n1,CCCCCCc1ccc(C2(c3ccc(CCCCCC)cc3)c3cc4c(cc3-c3sc5cc(/C=C6\C(=O)c7ccccc7C6=C(C#N)C#N)sc5c32)C(c2ccc(CCCCCC)cc2)(c2ccc(CCCCCC)cc2)c2c-4sc3cc(/C=C4\C(=O)c5ccccc5C4=C(C#N)C#N)sc23)cc1,0.94,17.61,73.2,12.15,-5.33,-3.36,-5.61,-4.02,,,2019,10.1039/c9ta02384d,"OPV-DB (Qiu, J., Zenodo, 2026, doi:10.5281/zenodo.20841543)"
PTB7-Th,CPDT-4Cl,CCCCC(CC)COC(=O)c1sc2csc(-c3cc4c(-c5ccc(CC(CC)CCCC)s5)c5sccc5c(-c5ccc(CC(CC)CCCC)s5)c4s3)c2c1F,CCCCCCC1(CCCCCC)c2cc(/C=C3\C(=O)c4cc(Cl)c(Cl)cc4C3=C(C#N)C#N)sc2-c2sc(-c3cc4c(s3)-c3sc(/C=C5\C(=O)c6cc(Cl)c(Cl)cc6C5=C(C#N)C#N)cc3C4(CCCCCC)CCCCCC)cc21,0.74,23.24,69.1,12.15,-5.21,-3.6,-5.29,-3.93,,,2019,10.1039/c9qm00754g,"OPV-DB (Qiu, J., Zenodo, 2026, doi:10.5281/zenodo.20841543)"
PBDE-TT,IT-4F,CCOC(=O)c1ccsc1-c1cc2sc(-c3sc(-c4cc5c(-c6ccc(CC)s6)c6sc(-c7cc(C(=O)OCC)c(-c8cc9sc(-c%10sc(-c%11cc%12c(-c%13ccc(CC)s%13)c%13sc(-c%14cc(C(=O)OCC)c(-c%15cc%16sc(-c%17sc(-c%18cc%19c(-c%20ccc(CC)s%20)c%20sccc%20c(-c%20ccc(CC)s%20)c%19s%18)cc%17C(=O)OCC)cc%16s%15)s%14)cc%13c(-c%13ccc(CC)s%13)c%12s%11)cc%10C(=O)OCC)cc9s8)s7)cc6c(-c6ccc(CC)s6)c5s4)cc3C(=O)OCC)cc2s1,CCCCCCc1ccc(C2(c3ccc(CCCCCC)cc3)c3cc4c(cc3-c3sc5cc(/C=C6\C(=O)c7cc(F)c(F)cc7C6=C(C#N)C#N)sc5c32)C(c2ccc(CCCCCC)cc2)(c2ccc(CCCCCC)cc2)c2c-4sc3cc(/C=C4\C(=O)c5cc(F)c(F)cc5C4=C(C#N)C#N)sc23)cc1,0.883,19.34,65.0,11.1,-5.49,-3.52,-5.66,-4.14,,,2019,10.1021/acs.chemmater.9b04971,"OPV-DB (Qiu, J., Zenodo, 2026, doi:10.5281/zenodo.20841543)"
PBDB-T,IE-4Cl,CCCCC(CC)Cc1ccc(-c2c3cc(-c4ccc(-c5sc(-c6cccs6)c6c5C(=O)c5c(CC(CC)CCCC)sc(CC(CC)CCCC)c5C6=O)s4)sc3c(-c3ccc(CC(CC)CCCC)s3)c3ccsc23)s1,CCCCCCc1ccc(C2(c3ccc(CCCCCC)cc3)c3cc4c(cc3-c3sc(-c5sc(/C=C6\C(=O)c7cc(Cl)c(Cl)cc7C6=C(C#N)C#N)cc5CC(CC)CCCC)cc32)C(c2ccc(CCCCCC)cc2)(c2ccc(CCCCCC)cc2)c2cc(-c3sc(/C=C5\C(=O)c6cc(Cl)c(Cl)cc6C5=C(C#N)C#N)cc3CC(CC)CCCC)sc2-4)cc1,0.86,21.49,60.0,11.1,-5.33,-3.48,-5.54,-4.11,,,2019,10.1021/acsami.9b10243,"OPV-DB (Qiu, J., Zenodo, 2026, doi:10.5281/zenodo.20841543)"
PBFTT,IT-4Cl,CCCCCCCCOC(=O)c1sc2c(-c3cc4c(-c5cc(F)c(CC(CC)CCCC)s5)c5sccc5c(-c5cc(F)c(CC(CC)CCCC)s5)c4s3)scc2c1F,CCCCCCc1ccc(C2(c3ccc(CCCCCC)cc3)c3cc4c(cc3-c3sc5cc(/C=C6\C(=O)c7cc(Cl)c(Cl)cc7C6=C(C#N)C#N)sc5c32)C(c2ccc(CCCCCC)cc2)(c2ccc(CCCCCC)cc2)c2c-4sc3cc(/C=C4\C(=O)c5cc(Cl)c(Cl)cc5C4=C(C#N)C#N)sc23)cc1,0.76,19.7,73.9,11.1,-5.47,-3.56,-5.75,-4.09,,,2019,10.1039/c9cp01101c,"OPV-DB (Qiu, J., Zenodo, 2026, doi:10.5281/zenodo.20841543)"
J75,ITIC,CCCCCCCCC(CCCCCC)Cn1nc2c(-c3cccs3)c(F)c(F)c(-c3ccc(-c4cc5c(-c6ccc([Si](CCC)(CCC)CCC)[se]6)c6sccc6c(-c6ccc([Si](CCC)(CCC)CCC)[se]6)c5s4)s3)c2n1,CCCCCCc1ccc(C2(c3ccc(CCCCCC)cc3)c3cc4c(cc3-c3sc5cc(C=C6C(=O)c7ccccc7C6=C(C#N)C#N)sc5c32)C(c2ccc(CCCCCC)cc2)(c2ccc(CCCCCC)cc2)c2c-4sc3cc(C=C4C(=O)c5ccccc5C4=C(C#N)C#N)sc23)cc1,0.94,16.99,69.29,11.07,-5.49,-3.66,-5.576,-3.916,,,2019,10.1016/j.orgel.2019.105603,"OPV-DB (Qiu, J., Zenodo, 2026, doi:10.5281/zenodo.20841543)"
PTBD-BZ,TBDB-Ph,CCCCCCCCC(CCCCCC)Cn1nc2c(-c3ccc(C)s3)c(F)c(F)c(-c3ccc(-c4cc5sc6c(-c7ccc(SCC(CCCC)CCCCCC)s7)c7cc(C)sc7c(-c7ccc(SCC(CCCC)CCCCCC)s7)c6c5s4)s3)c2n1,CCCCCCc1ccc(C2(c3ccc(CCCCCC)cc3)c3cc(/C=C4/C(=O)c5ccccc5C4=C(C#N)C#N)sc3-c3sc4c(sc5c(-c6ccc(SCC(CC)CCCC)cc6)c6c7c(sc6c(-c6ccc(SCC(CC)CCCC)cc6)c54)-c4sc(/C=C5/C(=O)c6ccccc6C5=C(C#N)C#N)cc4C7(c4ccc(CCCCCC)cc4)c4ccc(CCCCCC)cc4)c32)cc1,0.923,17.94,65.0,11.06,-5.4,-3.59,-5.44,-3.74,,,2019,10.1021/acsami.9b14981,"OPV-DB (Qiu, J., Zenodo, 2026, doi:10.5281/zenodo.20841543)"
PIDTTDTffBTA,Y6,CCCCCCc1ccc(C2(c3ccc(CCCCCC)cc3)c3cc4c(cc3-c3sc5ccsc5c32)C(c2ccc(CCCCCC)cc2)(c2ccc(CCCCCC)cc2)c2c-4sc3cc(-c4ccc(-c5c(F)c(F)c(-c6cccs6)c6nn(CC(CCCC)CCCCCC)nc56)s4)sc23)cc1,CCCCCCCCCCCc1c(/C=C2\C(=O)c3cc(F)c(F)cc3C2=C(C#N)C#N)sc2c1sc1c3c4nsnc4c4c5sc6c(CCCCCCCCCCC)c(/C=C7\C(=O)c8cc(F)c(F)cc8C7=C(C#N)C#N)sc6c5n(CC(CC)CCCC)c4c3n(CC(CC)CCCC)c21,0.74,22.7,66.7,11.05,-5.25,-3.63,-5.65,-4.09,,,2019,10.1021/acsmacrolett.9b00704,"OPV-DB (Qiu, J., Zenodo, 2026, doi:10.5281/zenodo.20841543)"
PBTA-PS,ITIC,CCCCCCCCC(CCCCCC)CSc1ccc(-c2c3cc(-c4ccc(-c5c(F)c(F)c(-c6cccs6)c6nn(CC(CCCCCC)CCCCCCCC)nc56)s4)sc3c(-c3ccc(SCC(CCCCCC)CCCCCCCC)cc3)c3ccsc23)cc1,CCCCCCc1ccc(C2(c3ccc(CCCCCC)cc3)c3cc4c(cc3-c3sc5cc(C=C6C(=O)c7ccccc7C6=C(C#N)C#N)sc5c32)C(c2ccc(CCCCCC)cc2)(c2ccc(CCCCCC)cc2)c2c-4sc3cc(C=C4C(=O)c5ccccc5C4=C(C#N)C#N)sc23)cc1,0.94,18.23,69.2,11.85,-5.34,-3.4,-5.49,-3.83,,,2019,10.1002/solr.201900005,"OPV-DB (Qiu, J., Zenodo, 2026, doi:10.5281/zenodo.20841543)"
PDB-2,IT-4F,CCCCC(CC)Cc1ccc(-c2c3cc(-c4cc5c(-c6ccc(CC(CC)CCCC)s6)c6sc(-c7sc(C)c8c7C(=O)c7c(CC(CC)CCCC)sc(CC(CC)CCCC)c7C8=O)cc6c(-c6ccc(CC(CC)CCCC)s6)c5s4)sc3c(-c3ccc(CC(CC)CCCC)s3)c3cc(C)sc23)s1,CCCCCCc1ccc(C2(c3ccc(CCCCCC)cc3)c3cc4c(cc3-c3sc5cc(/C=C6\C(=O)c7cc(F)c(F)cc7C6=C(C#N)C#N)sc5c32)C(c2ccc(CCCCCC)cc2)(c2ccc(CCCCCC)cc2)c2c-4sc3cc(/C=C4\C(=O)c5cc(F)c(F)cc5C4=C(C#N)C#N)sc23)cc1,0.89,18.51,63.0,11.82,-5.52,-3.55,-5.66,-4.21,,,2019,10.1021/acs.macromol.9b01742,"OPV-DB (Qiu, J., Zenodo, 2026, doi:10.5281/zenodo.20841543)"
PDTBDT-BZ,TBDB-Na,CCCCCCCCC(CCCCCC)Cn1nc2c(-c3cccs3)c(F)c(F)c(-c3ccc(-c4cc5sc6c(-c7ccc(SCC(CCCC)CCCCCC)s7)c7c(sc8ccsc87)c(-c7ccc(SCC(CCCC)CCCCCC)s7)c6c5s4)s3)c2n1,CCCCCCc1ccc(C2(c3ccc(CCCCCC)cc3)c3cc(/C=C4/C(=O)c5cc6ccccc6cc5C4=C(C#N)C#N)sc3-c3sc4c(sc5c(-c6ccc(SCC(CC)CCCC)cc6)c6c7c(sc6c(-c6ccc(SCC(CC)CCCC)cc6)c54)-c4sc(/C=C5/C(=O)c6cc8ccccc8cc6C5=C(C#N)C#N)cc4C7(c4ccc(CCCCCC)cc4)c4ccc(CCCCCC)cc4)c32)cc1,0.878,11.08,52.8,5.13,-5.32,-3.51,-5.45,-3.77,,,2019,10.1021/acsami.9b14981,"OPV-DB (Qiu, J., Zenodo, 2026, doi:10.5281/zenodo.20841543)"
J52,IEICO,CCCCCCCCC(CCCCCC)Cn1nc2c(-c3cccs3)c(F)c(F)c(-c3ccc(-c4cc5c(-c6ccc(CC(CC)CCCC)s6)c6sccc6c(-c6ccc(CC(CC)CCCC)s6)c5s4)s3)c2n1,CCCCCCc1ccc(C2(c3ccc(CCCCCC)cc3)c3cc4c(cc3-c3sc(-c5sc(/C=C6/C(=O)c7ccccc7C6=C(C#N)C#N)cc5OCC(CC)CCCC)cc32)C(c2ccc(CCCCCC)cc2)(c2ccc(CCCCCC)cc2)c2cc(-c3sc(/C=C5/C(=O)c6ccccc6C5=C(C#N)C#N)cc3OCC(CC)CCCC)sc2-4)cc1,0.872,11.39,51.7,5.13,-5.21,-2.9,-5.31,-3.91,,,2019,10.1021/acsami.9b03499,"OPV-DB (Qiu, J., Zenodo, 2026, doi:10.5281/zenodo.20841543)"
PBDB-T,IDT-PhIC,CCCCC(CC)Cc1ccc(-c2c3cc(-c4ccc(-c5sc(-c6cccs6)c6c5C(=O)c5c(CC(CC)CCCC)sc(CC(CC)CCCC)c5C6=O)s4)sc3c(-c3ccc(CC(CC)CCCC)s3)c3ccsc23)s1,CCCCCCOc1ccc(C2(c3ccc(OCCCCCC)cc3)c3cc4c(cc3-c3sc(/C=C5\C(=O)c6ccccc6C5=C(C#N)C#N)cc32)C(c2ccc(OCCCCCC)cc2)(c2ccc(OCCCCCC)cc2)c2cc(/C=C3\C(=O)c5ccccc5C3=C(C#N)C#N)sc2-4)cc1,0.93,9.99,54.7,5.11,-5.54,-3.65,-5.67,-3.89,,,2019,10.1039/c9tc02237f,"OPV-DB (Qiu, J., Zenodo, 2026, doi:10.5281/zenodo.20841543)"
PBDB-TF,ClBDT-4Cl,CCCCC(CC)Cc1sc(-c2c3cc(-c4ccc(-c5sc(-c6cccs6)c6c5C(=O)c5c(CC(CC)CCCC)sc(CC(CC)CCCC)c5C6=O)s4)sc3c(-c3cc(F)c(CC(CC)CCCC)s3)c3ccsc23)cc1F,CCCCCCc1ccc(C2(c3ccc(CCCCCC)cc3)c3cc(/C=C4\C(=O)c5cc(Cl)c(Cl)cc5C4=C(C#N)C#N)sc3-c3sc4c(-c5cc(Cl)c(CC(CC)CCCC)s5)c5c6c(sc5c(-c5cc(Cl)c(CC(CC)CCCC)s5)c4c32)-c2sc(/C=C3\C(=O)c4cc(Cl)c(Cl)cc4C3=C(C#N)C#N)cc2C6(c2ccc(CCCCCC)cc2)c2ccc(CCCCCC)cc2)cc1,0.875,18.98,67.7,11.65,-5.5,-3.61,-5.72,-3.92,,,2019,10.1039/c9ta06311k,"OPV-DB (Qiu, J., Zenodo, 2026, doi:10.5281/zenodo.20841543)"
PBDB-T-SF,ITIC-S,CCCCC(CC)CSc1sc(-c2c3cc(-c4ccc(-c5sc(-c6cccs6)c6c5C(=O)c5c(CC(CC)CCCC)sc(CC(CC)CCCC)c5C6=O)s4)sc3c(-c3cc(F)c(SCC(CC)CCCC)s3)c3ccsc23)cc1F,CCCCCCc1ccc(C2(c3ccc(CCCCCC)cc3)c3cc(/C=C4\C(=O)c5ccccc5C4=C(C#N)C#N)sc3-c3sc4c(-c5ccc(SCC(CC)CCCC)s5)c5c6c(sc5c(-c5ccc(SCC(CC)CCCC)s5)c4c32)-c2sc(/C=C3\C(=O)c4ccccc4C3=C(C#N)C#N)cc2C6(c2ccc(CCCCCC)cc2)c2ccc(CCCCCC)cc2)cc1,1.046,16.4,66.3,11.6,-5.4,-3.6,-5.5,-3.86,,,2019,10.1021/acsami.9b11700,"OPV-DB (Qiu, J., Zenodo, 2026, doi:10.5281/zenodo.20841543)"
PM6,IDIC-2F,CCCCC(CC)Cc1sc(-c2c3cc(-c4ccc(-c5sc(-c6cccs6)c6c5C(=O)c5c(CC(CC)CCCC)sc(CC(CC)CCCC)c5C6=O)s4)sc3c(-c3cc(F)c(CC(CC)CCCC)s3)c3ccsc23)cc1F,CCCCCCC1(CCCCCC)c2cc3c(cc2-c2sc(/C=C4\C(=O)c5cc(F)ccc5C4=C(C#N)C#N)cc21)C(CCCCCC)(CCCCCC)c1cc(/C=C2\C(=O)c4cc(F)ccc4C2=C(C#N)C#N)sc1-3,0.846,17.95,75.8,11.52,-5.56,-3.65,-5.75,-3.95,,,2019,10.1002/adfm.201906855,"OPV-DB (Qiu, J., Zenodo, 2026, doi:10.5281/zenodo.20841543)"
PBDB-T,DTFT5-FIC,CCCCC(CC)Cc1ccc(-c2c3cc(-c4ccc(-c5sc(-c6cccs6)c6c5C(=O)c5c(CC(CC)CCCC)sc(CC(CC)CCCC)c5C6=O)s4)sc3c(-c3ccc(CC(CC)CCCC)s3)c3ccsc23)s1,CCCCCCCCC1(CCCCCCCC)c2cc3cc(-c4sc(/C=C5\C(=O)c6cc(F)c(F)cc6C5=C(C#N)C#N)cc4CC(CC)CCCC)sc3cc2-c2cc3sc(-c4sc(/C=C5\C(=O)c6cc(F)c(F)cc6C5=C(C#N)C#N)cc4CC(CC)CCCC)cc3cc21,0.9,11.64,52.0,5.45,-5.36,-3.54,-5.52,-3.87,,,2019,10.1039/c9ta05116c,"OPV-DB (Qiu, J., Zenodo, 2026, doi:10.5281/zenodo.20841543)"
PTQ10,IE4F-S,CCCCCCCCC(CCCCCC)COc1cnc2c(-c3cccs3)c(F)c(F)cc2n1,CCCCCCc1ccc(C2(c3ccc(CCCCCC)cc3)c3cc4c(cc3-c3sc(-c5scc(/C=C6\C(=O)c7cc(F)c(F)cc7C6=C(C#N)C#N)c5SCC(CC)CCCC)cc32)C(c2ccc(CCCCCC)cc2)(c2ccc(CCCCCC)cc2)c2cc(-c3scc(/C=C5\C(=O)c6cc(F)c(F)cc6C5=C(C#N)C#N)c3SCC(CC)CCCC)sc2-4)cc1,0.99,19.59,61.8,11.98,-5.54,-2.98,-5.54,-3.89,,,2019,10.1021/acs.chemmater.9b01175,"OPV-DB (Qiu, J., Zenodo, 2026, doi:10.5281/zenodo.20841543)"
PTB7-Th,3TT-CIC,CCCCC(CC)COC(=O)c1sc2csc(-c3cc4c(-c5ccc(CC(CC)CCCC)s5)c5sccc5c(-c5ccc(CC(CC)CCCC)s5)c4s3)c2c1F,CCCCCCc1ccc(C2(c3ccc(CCCCCC)cc3)c3c(sc4cc(/C=C5\C(=O)c6cc(Cl)c(Cl)cc6C5=C(C#N)C#N)sc34)-c3sc4c5c(sc4c32)-c2sc3cc(/C=C4\C(=O)c6cc(Cl)c(Cl)cc6C4=C(C#N)C#N)sc3c2C5(c2ccc(CCCCCC)cc2)c2ccc(CCCCCC)cc2)cc1,0.65,26.67,69.0,11.96,-5.21,-3.6,-5.24,-3.95,,,2019,10.1002/aenm.201901024,"OPV-DB (Qiu, J., Zenodo, 2026, doi:10.5281/zenodo.20841543)"
TBFCl50-FTAZ,ITIC,CCCCCCC(CCCC)Cn1nc2c(-c3cccs3)c(F)c(F)c(-c3ccc(-c4cc5c(-c6cc(Cl)c(CC(CC)CCCC)s6)c6sc(-c7ccc(-c8c(F)c(F)c(-c9ccc(-c%10cc%11c(-c%12ccc(CC(CC)CCCC)s%12)c%12sccc%12c(-c%12ccc(CC(CC)CCCC)s%12)c%11s%10)s9)c9nn(CC(CCCC)CCCCCC)nc89)s7)cc6c(-c6cc(Cl)c(CC(CC)CCCC)s6)c5o4)s3)c2n1,CCCCCCc1ccc(C2(c3ccc(CCCCCC)cc3)c3cc4c(cc3-c3sc5cc(C=C6C(=O)c7ccccc7C6=C(C#N)C#N)sc5c32)C(c2ccc(CCCCCC)cc2)(c2ccc(CCCCCC)cc2)c2c-4sc3cc(C=C4C(=O)c5ccccc5C4=C(C#N)C#N)sc23)cc1,0.876,18.45,73.8,11.94,-5.39,-2.93,-5.48,-3.83,,,2019,10.1021/acs.chemmater.9b01957,"OPV-DB (Qiu, J., Zenodo, 2026, doi:10.5281/zenodo.20841543)"
PBDB-T,IDTCN-C,CCCCC(CC)Cc1ccc(-c2c3cc(-c4ccc(-c5sc(-c6cccs6)c6c5C(=O)c5c(CC(CC)CCCC)sc(CC(CC)CCCC)c5C6=O)s4)sc3c(-c3ccc(CC(CC)CCCC)s3)c3ccsc23)s1,CCCCCCc1ccc(C2(c3ccc(CCCCCC)cc3)c3cc4c(cc3-c3sc(-c5cc(CCCCCC)c(/C=C6\C(=O)c7ccccc7C6=C(C#N)C#N)s5)cc32)C(c2ccc(CCCCCC)cc2)(c2ccc(CCCCCC)cc2)c2cc(-c3cc(CCCCCC)c(/C=C5\C(=O)c6ccccc6C5=C(C#N)C#N)s3)sc2-4)cc1,0.84,20.33,69.6,11.92,-5.23,-3.42,-5.59,-3.92,,,2019,10.1002/aenm.201901280,"OPV-DB (Qiu, J., Zenodo, 2026, doi:10.5281/zenodo.20841543)"
PM7,BDSeThCl,CCCCC(CC)Cc1sc(-c2c3ccsc3c(-c3cc(Cl)c(CC(CC)CCCC)s3)c3sc(-c4ccc(-c5sc(-c6cccs6)c6c5C(=O)c5c(CC(CC)CCCC)sc(CC(CC)CCCC)c5C6=O)s4)cc23)cc1Cl,CCc1ccc(C2(c3ccc(CC)cc3)c3cc(/C=C4\C(=O)c5sc(Cl)cc5C4=C(C#N)C#N)sc3-c3[se]c4cc5c6c([se]c5cc4c32)-c2sc(/C=C3\C(=O)c4sc(Cl)cc4C3=C(C#N)C#N)cc2C6(c2ccc(CC)cc2)c2ccc(CC)cc2)cc1,0.97,17.85,68.8,11.91,-5.575,-3.67,-5.58,-3.82,,,2019,10.1039/c9ta03177d,"OPV-DB (Qiu, J., Zenodo, 2026, doi:10.5281/zenodo.20841543)"
PBDB-T,BTTIC-0M,CCCCC(CC)Cc1ccc(-c2c3cc(-c4ccc(-c5sc(-c6cccs6)c6c5C(=O)c5c(CC(CC)CCCC)sc(CC(CC)CCCC)c5C6=O)s4)sc3c(-c3ccc(CC(CC)CCCC)s3)c3ccsc23)s1,CCCCCCc1ccc(C2(c3ccc(CCCCCC)cc3)c3c(-c4ccc(CC(CC)CCCC)s4)c4c(c(-c5ccc(CC(CC)CCCC)s5)c3-c3sc5cc(/C=C6\C(=O)c7cscc7C6=C(C#N)C#N)sc5c32)C(c2ccc(CCCCCC)cc2)(c2ccc(CCCCCC)cc2)c2c-4sc3cc(/C=C4\C(=O)c5cscc5C4=C(C#N)C#N)sc23)cc1,0.86,18.95,72.9,11.87,-5.33,-3.53,-5.62,-3.89,,,2019,10.1039/c9ta00597h,"OPV-DB (Qiu, J., Zenodo, 2026, doi:10.5281/zenodo.20841543)"
PTAZ-CH-S,ITIC,CCCCCCCCC(CCCCCC)Cn1nc2c(-c3cc(CC4CCCCC4)cs3)c(F)c(F)c(-c3cc(CC4CCCCC4)c(-c4cc5c(-c6ccc(SCC(CC)CCCC)s6)c6sccc6c(-c6ccc(SCC(CC)CCCC)s6)c5s4)s3)c2n1,CCCCCCc1ccc(C2(c3ccc(CCCCCC)cc3)c3cc4c(cc3-c3sc5cc(C=C6C(=O)c7ccccc7C6=C(C#N)C#N)sc5c32)C(c2ccc(CCCCCC)cc2)(c2ccc(CCCCCC)cc2)c2c-4sc3cc(C=C4C(=O)c5ccccc5C4=C(C#N)C#N)sc23)cc1,0.95,17.36,72.26,11.86,-5.33,-3.36,-5.61,-4.02,,,2019,10.1039/c9ta02384d,"OPV-DB (Qiu, J., Zenodo, 2026, doi:10.5281/zenodo.20841543)"
PBDB-T,ATT-4,CCCCC(CC)Cc1ccc(-c2c3cc(-c4ccc(-c5sc(-c6cccs6)c6c5C(=O)c5c(CC(CC)CCCC)sc(CC(CC)CCCC)c5C6=O)s4)sc3c(-c3ccc(CC(CC)CCCC)s3)c3ccsc23)s1,CCCCCCCCOC(=O)c1cc2c(-c3cc4c(s3)-c3cc5c(cc3C4(CCCCCC)CCCCCC)-c3sc(-c4sc(/C=c6\sc(=C(C#N)C#N)n(CC)c6=O)c6sc(C(=O)OCCCCCCCC)cc46)cc3C5(CCCCCC)CCCCCC)sc(/C=c3\sc(=C(C#N)C#N)n(CC)c3=O)c2s1,0.925,17.13,68.0,11.22,-5.33,-2.92,-5.41,-3.62,,,2019,10.1021/acsami.9b10641,"OPV-DB (Qiu, J., Zenodo, 2026, doi:10.5281/zenodo.20841543)"
PBDB-T2F,ITIC-2Cl-beta,CCCCC(CC)Cc1sc(-c2c3cc(-c4ccc(-c5sc(-c6cccs6)c6c5C(=O)c5c(CC(CC)CCCC)sc(CC(CC)CCCC)c5C6=O)s4)sc3c(-c3cc(Cl)c(CC(CC)CCCC)s3)c3ccsc23)cc1Cl,CCCCCCc1ccc(C2(c3ccc(CCCCCC)cc3)c3cc4c(cc3-c3sc5cc(/C=C6\C(=O)c7c(Cl)cccc7C6=C(C#N)C#N)sc5c32)C(c2ccc(CCCCCC)cc2)(c2ccc(CCCCCC)cc2)c2c-4sc3cc(/C=C4\C(=O)c5c(Cl)cccc5C4=C(C#N)C#N)sc23)cc1,0.94,18.47,64.6,11.21,-5.5,-3.6,-5.3,-3.71,,,2019,10.1021/acs.jpclett.9b01931,"OPV-DB (Qiu, J., Zenodo, 2026, doi:10.5281/zenodo.20841543)"
PB[N],Y6,CCCCCCCCc1csc(-c2nc3sc(-c4cc(CCCCCCCC)c(-c5cc6c(-c7cc(CCCCCC)c(CCCCCC)s7)c7sccc7c(-c7cc(CCCCCC)c(CCCCCC)s7)c6s5)s4)nc3s2)c1,CCCCCCCCCCCc1c(/C=C2\C(=O)c3cc(F)c(F)cc3C2=C(C#N)C#N)sc2c1sc1c3c4nsnc4c4c5sc6c(CCCCCCCCCCC)c(/C=C7\C(=O)c8cc(F)c(F)cc8C7=C(C#N)C#N)sc6c5n(CC(CC)CCCC)c4c3n(CC(CC)CCCC)c21,0.78,25.5,59.3,11.2,-5.2,-3.29,-5.63,-4.28,,,2019,10.1021/acsami.9b22987,"OPV-DB (Qiu, J., Zenodo, 2026, doi:10.5281/zenodo.20841543)"
PB3TCN-C66,IT-4F,CCCCCCCCc1csc(-c2sc(-c3cc(CCCCCCCC)c(-c4cc5c(-c6cc(CCCCCC)c(CCCCCC)s6)c6sccc6c(-c6cc(CCCCCC)c(CCCCCC)s6)c5s4)s3)c(C#N)c2C#N)c1,CCCCCCc1ccc(C2(c3ccc(CCCCCC)cc3)c3cc4c(cc3-c3sc5cc(/C=C6\C(=O)c7cc(F)c(F)cc7C6=C(C#N)C#N)sc5c32)C(c2ccc(CCCCCC)cc2)(c2ccc(CCCCCC)cc2)c2c-4sc3cc(/C=C4\C(=O)c5cc(F)c(F)cc5C4=C(C#N)C#N)sc23)cc1,0.92,18.9,64.0,11.2,-5.62,-3.5,-5.66,-4.14,,,2019,10.1002/aenm.201904247,"OPV-DB (Qiu, J., Zenodo, 2026, doi:10.5281/zenodo.20841543)"
PTB7-Th,FUIC,CCCCC(CC)COC(=O)c1sc2c(-c3cc4c(-c5ccc(CC(CC)CCCC)s5)c5sc(C)cc5c(-c5ccc(CC(CC)CCCC)s5)c4s3)sc(C)c2c1F,CCCCCCc1ccc(C2(c3ccc(CCCCCC)cc3)c3c(sc4cc(/C=C5\C(=O)c6cc(F)c(F)cc6C5=C(C#N)C#N)sc34)-c3sc4c5c(sc4c32)-c2sc3c4c(sc3c2C5(c2ccc(CCCCCC)cc2)c2ccc(CCCCCC)cc2)-c2sc3cc(/C=C5\C(=O)c6cc(F)c(F)cc6C5=C(C#N)C#N)sc3c2C4(c2ccc(CCCCCC)cc2)c2ccc(CCCCCC)cc2)cc1,0.692,23.3,68.9,11.2,-5.2,-3.6,-5.31,-4.06,,,2019,10.1039/c9ta07917c,"OPV-DB (Qiu, J., Zenodo, 2026, doi:10.5281/zenodo.20841543)"
PBDS-T,IT-F,CCCCC(CC)Cc1sc(CC(CC)CCCC)c2c1C(=O)c1c(-c3cccs3)sc(-c3ccc(-c4cc5c(-c6ccc([Si](CCC)(CCC)CCC)s6)c6sccc6c(-c6ccc([Si](CCC)(CCC)CCC)s6)c5s4)s3)c1C2=O,CCCCCCc1ccc(C2(c3ccc(CCCCCC)cc3)c3cc4c(cc3-c3sc5cc(C=C6C(=O)c7cc(F)ccc7C6=C(C#N)C#N)sc5c32)C(c2ccc(CCCCCC)cc2)(c2ccc(CCCCCC)cc2)c2c-4sc3cc(C=C4C(=O)c5cc(F)ccc5C4=C(C#N)C#N)sc23)cc1,0.9,18.64,66.7,11.19,-5.35,-3.67,-5.62,-4.019,,,2019,10.1039/c9ta00114j,"OPV-DB (Qiu, J., Zenodo, 2026, doi:10.5281/zenodo.20841543)"
PDB-3,IT-4F,CCCCC(CC)Cc1ccc(-c2c3cc(-c4cc5c(-c6ccc(CC(CC)CCCC)s6)c6sc(-c7cc8c(-c9ccc(CC(CC)CCCC)s9)c9sc(-c%10sc(C)c%11c%10C(=O)c%10c(CC(CC)CCCC)sc(CC(CC)CCCC)c%10C%11=O)cc9c(-c9ccc(CC(CC)CCCC)s9)c8s7)cc6c(-c6ccc(CC(CC)CCCC)s6)c5s4)sc3c(-c3ccc(CC(CC)CCCC)s3)c3cc(C)sc23)s1,CCCCCCc1ccc(C2(c3ccc(CCCCCC)cc3)c3cc4c(cc3-c3sc5cc(/C=C6\C(=O)c7cc(F)c(F)cc7C6=C(C#N)C#N)sc5c32)C(c2ccc(CCCCCC)cc2)(c2ccc(CCCCCC)cc2)c2c-4sc3cc(/C=C4\C(=O)c5cc(F)c(F)cc5C4=C(C#N)C#N)sc23)cc1,0.85,17.71,70.0,11.19,-5.41,-3.45,-5.66,-4.21,,,2019,10.1021/acs.macromol.9b01742,"OPV-DB (Qiu, J., Zenodo, 2026, doi:10.5281/zenodo.20841543)"
PTAZ-CH,ITIC,CCCCCCCCC(CCCCCC)Cn1nc2c(-c3cc(CC4CCCCC4)cs3)c(F)c(F)c(-c3cc(CC4CCCCC4)c(-c4cc5c(-c6ccc(CC(CC)CCCC)s6)c6sccc6c(-c6ccc(CC(CC)CCCC)s6)c5s4)s3)c2n1,CCCCCCc1ccc(C2(c3ccc(CCCCCC)cc3)c3cc4c(cc3-c3sc5cc(C=C6C(=O)c7ccccc7C6=C(C#N)C#N)sc5c32)C(c2ccc(CCCCCC)cc2)(c2ccc(CCCCCC)cc2)c2c-4sc3cc(C=C4C(=O)c5ccccc5C4=C(C#N)C#N)sc23)cc1,0.89,17.98,69.96,11.18,-5.29,-3.29,-5.61,-4.02,,,2019,10.1039/c9ta02384d,"OPV-DB (Qiu, J., Zenodo, 2026, doi:10.5281/zenodo.20841543)"
J71,H2FCN-C16,CCCCCCCCC(CCCCCC)Cn1nc2c(-c3cccs3)c(F)c(F)c(-c3ccc(-c4cc5c(-c6ccc([Si](CCC)(CCC)CCC)s6)c6sccc6c(-c6ccc([Si](CCC)(CCC)CCC)s6)c5s4)s3)c2n1,CCCCCCCCC(CCCCCC)Cn1c2cc3c(cc2c2cc4c(cc21)-c1sc(/C=C2\C(=O)c5cc(F)c(F)cc5C2=C(C#N)C#N)cc1C4(c1ccc(CCCCCC)cc1)c1ccc(CCCCCC)cc1)C(c1ccc(CCCCCC)cc1)(c1ccc(CCCCCC)cc1)c1cc(/C=C2\C(=O)c4cc(F)c(F)cc4C2=C(C#N)C#N)sc1-3,0.9,18.64,66.2,11.18,-5.35,-3.4,-5.95,-3.99,,,2019,10.1021/acs.chemmater.9b02355,"OPV-DB (Qiu, J., Zenodo, 2026, doi:10.5281/zenodo.20841543)"
PBN-Cl,IT-4F,CCCCCCCCCCCCSc1cc2c(cc1SCCCCCCCCCCCC)C(=O)c1c(-c3ccc(-c4cc5c(-c6cc(Cl)c(CC(CC)CCCC)s6)c6sccc6c(-c6cc(Cl)c(CC(CC)CCCC)s6)c5s4)s3)sc(-c3cccs3)c1C2=O,CCCCCCc1ccc(C2(c3ccc(CCCCCC)cc3)c3cc4c(cc3-c3sc5cc(/C=C6\C(=O)c7cc(F)c(F)cc7C6=C(C#N)C#N)sc5c32)C(c2ccc(CCCCCC)cc2)(c2ccc(CCCCCC)cc2)c2c-4sc3cc(/C=C4\C(=O)c5cc(F)c(F)cc5C4=C(C#N)C#N)sc23)cc1,0.871,20.77,61.7,11.15,-5.55,-3.54,-5.66,-4.14,,,2019,10.1021/acsami.9b14133,"OPV-DB (Qiu, J., Zenodo, 2026, doi:10.5281/zenodo.20841543)"
PBDTT-FTTE,PC71BM,CCCCCC(CC)OC(=O)c1sc2c(-c3cc4c(-c5ccc(CC(CC)CCCC)s5)c5sccc5c(-c5ccc(CC(CC)CCCC)s5)c4s3)scc2c1F,COC(=O)CCCC1(c2ccccc2)C23c4c5ccc6c7cc8c9c%10c(cc%11cc%12c%13c%14c(cc%15c%16ccc-5c2c%16c2c5c%16c%17c(c(c46)c7c9c%17c4c%10c%11c%13c4c%16c%14c%152)C513)C%12)C8,0.82,22.51,60.19,11.14,-5.24,-3.45,-5.9,-3.9,,,2019,10.1002/ente.201901323,"OPV-DB (Qiu, J., Zenodo, 2026, doi:10.5281/zenodo.20841543)"
PBDB-TF,ITIC-Cl-δ-Th,CCCCC(CC)Cc1sc(-c2c3cc(-c4ccc(-c5sc(-c6cccs6)c6c5C(=O)c5c(CC(CC)CCCC)sc(CC(CC)CCCC)c5C6=O)s4)sc3c(-c3cc(F)c(CC(CC)CCCC)s3)c3ccsc23)cc1F,CCCCCCc1ccc(C2(c3ccc(CCCCCC)cc3)c3cc4c(cc3-c3sc5cc(/C=C6\C(=O)c7cscc7C6=C(C#N)C#N)sc5c32)C(c2ccc(CCCCCC)cc2)(c2ccc(CCCCCC)cc2)c2c-4sc3cc(/C=C4\C(=O)c5ccc(Cl)cc5C4=C(C#N)C#N)sc23)cc1,0.89,17.27,71.9,11.13,-5.5,-3.61,-5.31,-3.7,,,2019,10.1021/acsaem.9b01667,"OPV-DB (Qiu, J., Zenodo, 2026, doi:10.5281/zenodo.20841543)"
PTAZ-CH,ITIC,CCCCCCCCC(CCCCCC)Cn1nc2c(-c3cc(CC4CCCCC4)c(C)s3)c(F)c(F)c(-c3cc(CC4CCCCC4)c(-c4cc5c(-c6ccc(CC(CC)CCCC)s6)c6sc(C)cc6c(-c6ccc(CC(CC)CCCC)s6)c5s4)s3)c2n1,CCCCCCc1ccc(C2(c3ccc(CCCCCC)cc3)c3cc4c(cc3-c3sc5cc(/C=C6\C(=O)c7ccccc7C6=C(C#N)C#N)sc5c32)C(c2ccc(CCCCCC)cc2)(c2ccc(CCCCCC)cc2)c2c-4sc3cc(/C=C4\C(=O)c5ccccc5C4=C(C#N)C#N)sc23)cc1,0.89,18.2,70.0,11.35,-5.29,-3.29,-5.61,-4.02,,,2019,10.1039/c9ta02384d,"OPV-DB (Qiu, J., Zenodo, 2026, doi:10.5281/zenodo.20841543)"
PBDB-T,PrC60MAI,CCCCC(CC)Cc1ccc(-c2c3cc(-c4ccc(-c5sc(-c6cccs6)c6c5C(=O)c5c(CC(CC)CCCC)sc(CC(CC)CCCC)c5C6=O)s4)sc3c(-c3ccc(CC(CC)CCCC)s3)c3ccsc23)s1,CCCCCCc1ccc(C2(c3ccc(CCCCCC)cc3)c3cc4c(cc3-c3sc5cc(-c6cc(CC(CC)CCCC)c(/C=C7\C(=O)c8ccccc8C7=C(C#N)C#N)s6)sc5c32)C(c2ccc(CCCCCC)cc2)(c2ccc(CCCCCC)cc2)c2c-4sc3cc(-c4cc(CC(CC)CCCC)c(/C=C5\C(=O)c6ccccc6C5=C(C#N)C#N)s4)sc23)cc1,0.85,17.88,72.3,11.27,-5.33,-3.53,-5.33,-3.92,,,2019,10.1002/marc.201900353,"OPV-DB (Qiu, J., Zenodo, 2026, doi:10.5281/zenodo.20841543)"
J75,m-ITIC,CCCCCCCCC(CCCCCC)Cn1nc2c(-c3cccs3)c(F)c(F)c(-c3ccc(-c4cc5c(-c6ccc([Si](CCC)(CCC)CCC)[se]6)c6sccc6c(-c6ccc([Si](CCC)(CCC)CCC)[se]6)c5s4)s3)c2n1,CCCCCCc1cccc(C2(c3cccc(CCCCCC)c3)c3cc4c(cc3-c3sc5cc(C=C6C(=O)c7ccccc7C6=C(C#N)C#N)sc5c32)C(c2cccc(CCCCCC)c2)(c2cccc(CCCCCC)c2)c2c-4sc3cc(C=C4C(=O)c5ccccc5C4=C(C#N)C#N)sc23)c1,0.96,17.11,69.47,11.27,-5.49,-3.66,-5.52,-3.82,,,2019,10.1021/acs.macromol.9b00484,"OPV-DB (Qiu, J., Zenodo, 2026, doi:10.5281/zenodo.20841543)"
PBDB-T,DBTTC,CCCCC(CC)Cc1ccc(-c2c3cc(-c4ccc(-c5sc(-c6cccs6)c6c5C(=O)c5c(CC(CC)CCCC)sc(CC(CC)CCCC)c5C6=O)s4)sc3c(-c3ccc(CC(CC)CCCC)s3)c3ccsc23)s1,CCCCCCCC(CCCC)Cc1ccc(C2(c3ccc(CC(CCCC)CCCCCC)cc3)c3cc4c(cc3-c3sc(/C=C5\C(=O)c6cscc6C5=C(C#N)C#N)cc32)sc2cc3c(cc24)C(c2ccc(CC(CCCC)CCCCCC)cc2)(c2ccc(CC(CCCC)CCCCCC)cc2)c2cc(/C=C4\C(=O)c5cscc5C4=C(C#N)C#N)sc2-3)cc1,0.972,17.25,67.0,11.25,-5.28,-3.48,-5.92,-4.03,,,2019,10.1039/c9ta02544h,"OPV-DB (Qiu, J., Zenodo, 2026, doi:10.5281/zenodo.20841543)"
PTPTI-T-BDD,ITIC,CCCCCCCCCCC(CCCCCCCC)Cn1c(=O)c2cc3c(cc2c2sccc21)c(=O)n(CC(CCCCCCCC)CCCCCCCCCC)c1cc(-c2ccc(-c4sc(-c5cccs5)c5c4C(=O)c4c(CC(CC)CCCC)sc(CC(CC)CCCC)c4C5=O)s2)sc31,CCCCCCc1ccc(C2(c3ccc(CCCCCC)cc3)c3cc4c(cc3-c3sc5cc(C=C6C(=O)c7ccccc7C6=C(C#N)C#N)sc5c32)C(c2ccc(CCCCCC)cc2)(c2ccc(CCCCCC)cc2)c2c-4sc3cc(C=C4C(=O)c5ccccc5C4=C(C#N)C#N)sc23)cc1,0.95,7.79,37.1,2.62,-5.55,-3.85,-5.61,-4.02,,,2019,10.1016/j.polymer.2019.121850,"OPV-DB (Qiu, J., Zenodo, 2026, doi:10.5281/zenodo.20841543)"
PTB7-Th,PPyTPA1,CCCCC(CC)COC(=O)c1sc2csc(-c3cc4c(-c5ccc(CC(CC)CCCC)s5)c5sccc5c(-c5ccc(CC(CC)CCCC)s5)c4s3)c2c1F,CCCCCCCCCCC(CCCCCCCC)CN1C(=O)c2ccc3c4c(c(-c5ccc(-c6ccc(-c7ccc(N(c8ccc(-c9ccccn9)cc8)c8ccc(-c9ccc(-c%10cccs%10)s9)cc8)cc7)s6)s5)cc(c24)C1=O)C(=O)N(CC(CCCCCCCC)CCCCCCCCCC)C3=O,0.77,8.48,38.61,2.52,-5.29,-3.72,-5.81,-3.84,,,2019,10.1016/j.orgel.2019.04.004,"OPV-DB (Qiu, J., Zenodo, 2026, doi:10.5281/zenodo.20841543)"
P(N-DBND-2T),PC71BM,CCCCCCCCCCCCCCC(CCCCCCCCCCCCCC)Cn1c(=O)c2c3ccc(-c4ccc(-c5cccs5)s4)cc3n(CC(CCCCCCCCCCCCCC)CCCCCCCCCCCCCC)c(=O)c2c2ccccc21,COC(=O)CCCC1(c2ccccc2)C23c4c5ccc6c7cc8c9c%10c(cc%11cc%12c%13c%14c(cc%15c%16ccc-5c2c%16c2c5c%16c%17c(c(c46)c7c9c%17c4c%10c%11c%13c4c%16c%14c%152)C513)C%12)C8,1.02,3.44,71.0,2.51,-5.55,-3.39,-5.9,-3.9,,,2019,10.1039/c9ra01545k,"OPV-DB (Qiu, J., Zenodo, 2026, doi:10.5281/zenodo.20841543)"
PBDT-TPD-0,PNDI-T-0,CCCCCCCCN1C(=O)c2c(-c3cc(CCCCCC)cs3)sc(-c3cc(CCCCCC)c(-c4cc5c(-c6ccc(CC(CC)CCCC)s6)c6sccc6c(-c6ccc(CC(CC)CCCC)s6)c5s4)s3)c2C1=O,CCCCCCCCCCC(CCCCCCCC)CN1C(=O)c2ccc3c4c(c(-c5ccc(-c6ccc(-c7cc8c9c(c(-c%10cccs%10)cc%10c9c7C(=O)N(CC(CCCCCCCC)CCCCCCCCCC)C%10=O)C(=O)N(CC(CCCCCCCC)CCCCCCCCCC)C8=O)s6)s5)cc(c24)C1=O)C(=O)N(CC(CCCCCCCC)CCCCCCCCCC)C3=O,0.79,6.4,48.4,2.45,-5.3,-3.45,-5.69,-3.87,,,2019,10.1016/j.solmat.2019.109982,"OPV-DB (Qiu, J., Zenodo, 2026, doi:10.5281/zenodo.20841543)"
PT8,P(NDI2HD-T),CCCCCCCCN1C(=O)c2csc(-c3cc4c(-c5ccc(CC(CC)CCCC)s5)c5sccc5c(-c5ccc(CC(CC)CCCC)s5)c4s3)c2C1=O,CCCCCCCCC(CCCCCC)CN1C(=O)c2ccc3c4c(c(-c5cccs5)cc(c24)C1=O)C(=O)N(CC(CCCCCC)CCCCCCCC)C3=O,1.04,10.6,65.0,7.65,-5.33,-3.45,-5.64,-3.79,,,2019,10.1039/c9tc02141h,"OPV-DB (Qiu, J., Zenodo, 2026, doi:10.5281/zenodo.20841543)"
J52,i-IEICO-F3,CCCCCCCCC(CCCCCC)Cn1nc2c(-c3cccs3)c(F)c(F)c(-c3ccc(-c4cc5c(-c6ccc(CC(CC)CCCC)s6)c6sccc6c(-c6ccc(CC(CC)CCCC)s6)c5s4)s3)c2n1,CCCCCCc1ccc(C2(c3ccc(CCCCCC)cc3)c3cc4c(cc3-c3sc(-c5scc(/C=C6\C(=O)c7c(F)cccc7C6=C(C#N)C#N)c5OCC(CC)CCCC)cc32)C(c2ccc(CCCCCC)cc2)(c2ccc(CCCCCC)cc2)c2cc(-c3scc(/C=C5\C(=O)c6c(F)cccc6C5=C(C#N)C#N)c3OCC(CC)CCCC)sc2-4)cc1,0.897,16.21,52.6,7.65,-5.2,-3.05,-5.34,-3.74,,,2019,10.1021/acsami.9b18301,"OPV-DB (Qiu, J., Zenodo, 2026, doi:10.5281/zenodo.20841543)"
P3TE-C12,ITIC,CCCCCCCCCCCCOC(=O)c1c(-c2cccs2)sc(-c2ccc(-c3cc4c(-c5ccc(CC(CC)CCCC)s5)c5sccc5c(-c5ccc(CC(CC)CCCC)s5)c4s3)s2)c1C(=O)OCCCCCCCCCCCC,CCCCCCc1ccc(C2(c3ccc(CCCCCC)cc3)c3cc4c(cc3-c3sc5cc(C=C6C(=O)c7ccccc7C6=C(C#N)C#N)sc5c32)C(c2ccc(CCCCCC)cc2)(c2ccc(CCCCCC)cc2)c2c-4sc3cc(C=C4C(=O)c5ccccc5C4=C(C#N)C#N)sc23)cc1,0.906,14.2,59.36,7.64,-5.24,-3.28,-5.576,-3.916,,,2019,10.1039/c9nj02484k,"OPV-DB (Qiu, J., Zenodo, 2026, doi:10.5281/zenodo.20841543)"
PBDTT-FTTE,ITIC-Th,CCCCCC(CC)OC(=O)c1sc2c(-c3cc4c(-c5ccc(CC(CC)CCCC)s5)c5sccc5c(-c5ccc(CC(CC)CCCC)s5)c4s3)scc2c1F,CCCCCCc1ccc(C2(c3ccc(CCCCCC)s3)c3cc4c(cc3-c3sc5cc(/C=C6\C(=O)c7ccccc7C6=C(C#N)C#N)sc5c32)C(c2ccc(CCCCCC)s2)(c2ccc(CCCCCC)s2)c2c-4sc3cc(/C=C4\C(=O)c5ccccc5C4=C(C#N)C#N)sc23)s1,0.805,14.8,64.2,7.62,-5.44,-3.82,-5.81,-4.01,,,2019,10.1021/acs.chemmater.9b01741,"OPV-DB (Qiu, J., Zenodo, 2026, doi:10.5281/zenodo.20841543)"
PPDT2FBT,IT-M,CCCCCCCCC(CCCCCC)COc1cc(-c2ccc(-c3c(F)c(F)c(C)c4nsnc34)s2)c(OCC(CCCCCC)CCCCCCCC)cc1-c1ccc(C)s1,CCCCCCc1ccc(C2(c3ccc(CCCCCC)cc3)c3cc4c(cc3-c3sc5cc(/C=C6\C(=O)c7ccc(C)cc7C6=C(C#N)C#N)sc5c32)C(c2ccc(CCCCCC)cc2)(c2ccc(CCCCCC)cc2)c2c-4sc3cc(/C=C4\C(=O)c5ccc(C)cc5C4=C(C#N)C#N)sc23)cc1,0.91,13.32,59.0,7.2,-5.45,-3.69,-5.5,-3.9,,,2019,10.1021/acsaelm.9b00328,"OPV-DB (Qiu, J., Zenodo, 2026, doi:10.5281/zenodo.20841543)"
PBDTTT-CF,PCBM,CCCCCCCC(=O)c1sc2csc(-c3cc4c(OCC(CC)CCCC)c5sccc5c(OCC(CC)CCCC)c4s3)c2c1F,COC(=O)CCCC1(c2ccccc2)C23c4c5c6c7c8c9c(c%10c%11c2c2c%12c4c4c%13c5c5c7c7c8c8c%14c9c%10c9c%10c%11c2c2c%11c%12c4c4c%12c%13c5c5c7c7c8c8c%14c9c9c%10c2c2c%11c4c4c%12c5c7c5c8c9c2c45)C613,0.75,15.3,63.0,7.18,-5.22,-3.45,-6.1,-3.7,,,2019,10.1002/admt.201900972,"OPV-DB (Qiu, J., Zenodo, 2026, doi:10.5281/zenodo.20841543)"
J52,Y6,CCCCCCCCC(CCCCCC)Cn1nc2c(-c3cccs3)c(F)c(F)c(-c3ccc(-c4cc5c(-c6ccc(CC(CC)CCCC)s6)c6sccc6c(-c6ccc(CC(CC)CCCC)s6)c5s4)s3)c2n1,CCCCCCCCCCCc1c(/C=C2\C(=O)c3cc(F)c(F)cc3C2=C(C#N)C#N)sc2c1sc1c3c4nsnc4c4c5sc6c(CCCCCCCCCCC)c(/C=C7\C(=O)c8cc(F)c(F)cc8C7=C(C#N)C#N)sc6c5n(CC(CC)CCCC)c4c3n(CC(CC)CCCC)c21,0.65,20.43,51.6,7.15,-5.12,-3.58,-5.65,-4.1,,,2019,10.1021/acsmacrolett.9b00704,"OPV-DB (Qiu, J., Zenodo, 2026, doi:10.5281/zenodo.20841543)"
S1,Y6,CCCCC(CC)Cc1sc(-c2c3cc(-c4ccc(-c5sc(-c6ccc(-c7cc8c(-c9cc(F)c(CC(CC)CCCC)s9)c9sc(-c%10scc(C(=O)OC)c%10F)cc9c(-c9cc(F)c(CC(CC)CCCC)s9)c8s7)s6)c6c5C(=O)c5c(CC(CC)CCCC)sc(CC(CC)CCCC)c5C6=O)s4)sc3c(-c3cc(F)c(CC(CC)CCCC)s3)c3ccsc23)cc1F,CCCCCCCCCCCc1c(/C=C2\C(=O)c3cc(F)c(F)cc3C2=C(C#N)C#N)sc2c1sc1c3c4nsnc4c4c5sc6c(CCCCCCCCCCC)c(/C=C7\C(=O)c8cc(F)c(F)cc8C7=C(C#N)C#N)sc6c5n(CC(CC)CCCC)c4c3n(CC(CC)CCCC)c21,0.877,25.402,73.7,16.421,-5.52,-3.72,-5.65,-4.09,,,2019,10.1039/c9ee01890e,"OPV-DB (Qiu, J., Zenodo, 2026, doi:10.5281/zenodo.20841543)"
PTQ11,TPT10,CCCCCCCCC(CCCCCC)COc1nc2c(-c3ccc(C)s3)c(F)c(F)c(C)c2nc1C,CCCCCCCCCCCc1c(/C=C2\C(=O)c3cc(Br)ccc3C2=C(C#N)C#N)sc2c1sc1c3c4nsnc4c4c5sc6c(CCCCCCCCCCC)c(/C=C7\C(=O)c8ccc(Br)cc8C7=C(C#N)C#N)sc6c5n(CC(CC)CCCC)c4c3n(CC(CC)CCCC)c21,0.88,24.79,74.8,16.32,-5.52,-2.76,-5.52,-3.99,,,2019,10.1021/jacs.9b09939,"OPV-DB (Qiu, J., Zenodo, 2026, doi:10.5281/zenodo.20841543)"
PTPTI-T-BDD,ITIC,CCCCCCCCCCC(CCCCCCCC)CN1C(=O)c2cc3c(cc2C2SC(C)=CC21)c(=O)n(CC(CCCCCCCC)CCCCCCCCCC)c1cc(-c2sc(-c4c(F)c(F)c(-c5cc(CCCCCC)c(C)s5)c5nsnc45)cc2CCCCCC)sc31,CCCCCCc1ccc(C2(c3ccc(CCCCCC)cc3)c3cc4c(cc3-c3sc5cc(/C=C6\C(=O)c7ccccc7C6=C(C#N)C#N)sc5c32)C(c2ccc(CCCCCC)cc2)(c2ccc(CCCCCC)cc2)c2c-4sc3cc(/C=C4\C(=O)c5ccccc5C4=C(C#N)C#N)sc23)cc1,0.95,7.44,37.1,2.73,-5.59,-3.74,-5.61,-4.02,,,2019,10.1016/j.polymer.2019.121850,"OPV-DB (Qiu, J., Zenodo, 2026, doi:10.5281/zenodo.20841543)"
PBDTTFTQ-DO,ITIC-Th,CCCCCCCCOc1cccc(-c2nc3c(-c4cccs4)cc(F)c(-c4ccc(-c5cc6c(-c7cc(CCCCCCCC)c(CCCCCCCC)s7)c7sccc7c(-c7cc(CCCCCCCC)c(CCCCCCCC)s7)c6s5)s4)c3nc2-c2cccc(OCCCCCCCC)c2)c1,CCCCCCc1ccc(C2(c3ccc(CCCCCC)s3)c3cc4c(cc3-c3sc5cc(/C=C6\C(=O)c7ccccc7C6=C(C#N)C#N)sc5c32)C(c2ccc(CCCCCC)s2)(c2ccc(CCCCCC)s2)c2c-4sc3cc(/C=C4\C(=O)c5ccccc5C4=C(C#N)C#N)sc23)s1,0.98,6.65,42.4,2.71,-5.37,-3.03,-5.66,-3.93,,,2019,10.1016/j.orgel.2019.06.007,"OPV-DB (Qiu, J., Zenodo, 2026, doi:10.5281/zenodo.20841543)"
PBDB-TF,7d,CCCCC(CC)Cc1sc(-c2c3cc(-c4ccc(-c5sc(-c6cccs6)c6c5C(=O)c5c(CC(CC)CCCC)sc(CC(CC)CCCC)c5C6=O)s4)sc3c(-c3cc(F)c(CC(CC)CCCC)s3)c3ccsc23)cc1F,O=C(c(c1cc23)cc2c4nc5n6[B-]7(Cl)[n+]4c3nc(c(cc8c(n9C(CCCCC)CCCCC)=O)c%10cc8c9=O)n7c%10nc6c%11cc(C(N(C%12=O)C(CCCCC)CCCCC)=O)c%12cc5%11)N(C1=O)C(CCCCC)CCCCC,0.89,6.4,46.3,2.67,-5.41,-3.74,-5.89,-3.95,,,2019,10.1021/acs.orglett.9b01130,"OPV-DB (Qiu, J., Zenodo, 2026, doi:10.5281/zenodo.20841543)"
PE32,Y6,CCCCCCCCC(CCCCCC)Cn1nc2c(-c3ccc(C)s3)c(OC)c(OC)c(-c3ccc(-c4cc5c(-c6cc(Cl)c(CC(CC)CCCC)s6)c6sc(C)cc6c(-c6cc(Cl)c(CC(CC)CCCC)s6)c5s4)s3)c2n1,CCCCCCCCCCCc1c(/C=C2\C(=O)c3cc(F)c(F)cc3C2=C(C#N)C#N)sc2c1sc1c3c4nsnc4c4c5sc6c(CCCCCCCCCCC)c(/C=C7\C(=O)c8cc(F)c(F)cc8C7=C(C#N)C#N)sc6c5n(CC(CC)CCCC)c4c3n(CC(CC)CCCC)c21,0.75,18.44,53.0,7.31,-5.2,-3.28,-5.6,-4.1,,,2019,10.1021/acs.macromol.9b01233,"OPV-DB (Qiu, J., Zenodo, 2026, doi:10.5281/zenodo.20841543)"
PBDB-T,IEIC,CCCCC(CC)Cc1ccc(-c2c3cc(-c4ccc(-c5sc(-c6cccs6)c6c5C(=O)c5c(CC(CC)CCCC)sc(CC(CC)CCCC)c5C6=O)s4)sc3c(-c3ccc(CC(CC)CCCC)s3)c3ccsc23)s1,CCCCCCc1ccc(C2(c3ccc(CCCCCC)cc3)c3cc4c(cc3-c3sc(-c5sc(/C=C6\C(=O)c7ccccc7C6=C(C#N)C#N)cc5CC(CC)CCCC)cc32)C(c2ccc(CCCCCC)cc2)(c2ccc(CCCCCC)cc2)c2cc(-c3sc(/C=C5\C(=O)c6ccccc6C5=C(C#N)C#N)cc3CC(CC)CCCC)sc2-4)cc1,1.02,15.05,48.0,7.3,-5.28,-3.48,-5.41,-3.84,,,2019,10.1021/acsami.9b10243,"OPV-DB (Qiu, J., Zenodo, 2026, doi:10.5281/zenodo.20841543)"
P6T-F100,EH-IDTBR,CCCCCCCCCCCCC(CCCCCCCCCC)Cc1cc(-c2ccc(-c3ccc(-c4cc(CC(CCCCCCCCCC)CCCCCCCCCCCC)c(-c5cc(F)c(-c6sc(C)cc6F)s5)s4)s3)s2)sc1C,CCCCC(CC)CC1(CC(CC)CCCC)c2cc3c(cc2-c2sc(-c4ccc(/C=C5\SC(=S)N(CC)C5=O)c5nsnc45)cc21)C(CC(CC)CCCC)(CC(CC)CCCC)c1cc(-c2ccc(/C=C4\SC(=S)N(CC)C4=O)c4nsnc24)sc1-3,0.99,11.2,66.0,7.3,-5.25,-3.33,-5.57,-3.91,,,2019,10.1021/acsaem.9b01532,"OPV-DB (Qiu, J., Zenodo, 2026, doi:10.5281/zenodo.20841543)"
PBDB-T,FDTBT-IDTT-FINCN,CCCCC(CC)Cc1ccc(-c2c3cc(-c4ccc(-c5sc(-c6cccs6)c6c5C(=O)c5c(CC(CC)CCCC)sc(CC(CC)CCCC)c5C6=O)s4)sc3c(-c3ccc(CC(CC)CCCC)s3)c3ccsc23)s1,CCCCCCc1ccc(C2(c3ccc(CCCCCC)cc3)c3cc4c(cc3-c3sc5cc(/C=C6\C(=O)c7cc(F)c(F)cc7C6=C(C#N)C#N)sc5c32)C(c2ccc(CCCCCC)cc2)(c2ccc(CCCCCC)cc2)c2c-4sc3cc(-c4ccc(-c5c(F)c(F)c(-c6ccc(-c7cc8sc9c(c8s7)C(c7ccc(CCCCCC)cc7)(c7ccc(CCCCCC)cc7)c7cc8c(cc7-9)C(c7ccc(CCCCCC)cc7)(c7ccc(CCCCCC)cc7)c7c-8sc8cc(/C=C9\C(=O)c%10cc(F)c(F)cc%10C9=C(C#N)C#N)sc78)s6)c6nsnc56)s4)sc23)cc1,0.86,13.57,62.0,7.27,-5.33,-3.48,-5.46,-3.92,,,2019,10.1021/acsami.9b15247,"OPV-DB (Qiu, J., Zenodo, 2026, doi:10.5281/zenodo.20841543)"
PBDTSe-FTTE,ITIC-Th,CCCCC(CC)COC(=O)c1sc2c(-c3cc4c(-c5ccc(CC(CC)CCCC)[se]5)c5sccc5c(-c5ccc(CC(CC)CCCC)[se]5)c4s3)scc2c1F,CCCCCCc1ccc(C2(c3ccc(CCCCCC)s3)c3cc4c(cc3-c3sc5cc(/C=C6\C(=O)c7ccccc7C6=C(C#N)C#N)sc5c32)C(c2ccc(CCCCCC)s2)(c2ccc(CCCCCC)s2)c2c-4sc3cc(/C=C4\C(=O)c5ccccc5C4=C(C#N)C#N)sc23)s1,0.785,15.6,59.4,7.26,-5.47,-3.85,-5.81,-4.01,,,2019,10.1021/acs.chemmater.9b01741,"OPV-DB (Qiu, J., Zenodo, 2026, doi:10.5281/zenodo.20841543)"
SM1,MPU1,CCCCCCCCc1cc(/C=C(/C#N)C(=O)OCC(CC)CCCC)sc1-c1ccc(-c2sc(-c3cc4c(-c5ccc(CC(CC)CCCC)s5)c5sc(-c6cc(CCCCCCCC)c(-c7ccc(-c8sc(/C=C(\C#N)C(=O)OCC(CC)CCCC)cc8CCCCCCCC)s7)s6)cc5c(-c5ccc(CC(CC)CCCC)s5)c4s3)cc2CCCCCCCC)s1,CCCCC(CC)CN1C(=O)C2=C(c3ccc(/C=C4\SC(=S)N(CC)C4=O)s3)N(CC(CC)CCCC)C(=O)C2=C1c1ccc(/C=C2\SC(=S)N(CC)C2=O)s1,0.95,12.67,60.0,7.22,-5.25,-2.8,-5.81,-3.99,,,2019,10.1002/solr.201900471,"OPV-DB (Qiu, J., Zenodo, 2026, doi:10.5281/zenodo.20841543)"
PBDB-TF,COi8DFIC,CCCCC(CC)Cc1sc(-c2c3cc(-c4ccc(-c5sc(-c6cccs6)c6c5C(=O)c5c(CC(CC)CCCC)sc(CC(CC)CCCC)c5C6=O)s4)sc3c(-c3cc(F)c(CC(CC)CCCC)s3)c3ccsc23)cc1F,CCCCCCc1ccc(C2(c3ccc(CCCCCC)cc3)Oc3c(sc4c5c(sc34)-c3sc4cc(/C=C6\C(=O)c7cc(F)c(F)cc7C6=C(C#N)C#N)sc4c3C(c3ccc(CCCCCC)cc3)(c3ccc(CCCCCC)cc3)O5)-c3sc4cc(/C=C5\C(=O)c6cc(F)c(F)cc6C5=C(C#N)C#N)sc4c32)cc1,0.79,16.37,55.8,7.22,-5.54,-3.51,-5.32,-4.0,,,2019,10.1039/c9tc03534f,"OPV-DB (Qiu, J., Zenodo, 2026, doi:10.5281/zenodo.20841543)"
P6T-F100,EH-IDTBR,CCCCCCCCCCCCC(CCCCCCCCCC)Cc1csc(-c2ccc(-c3ccc(-c4cc(CC(CCCCCCCCCC)CCCCCCCCCCCC)c(-c5cc(F)c(-c6sccc6F)s5)s4)s3)s2)c1,CCCCC(CC)CC1(CC(CC)CCCC)c2cc3c(cc2-c2sc(-c4ccc(/C=C5\SC(=S)N(CC)C5=O)c5nsnc45)cc21)C(CC(CC)CCCC)(CC(CC)CCCC)c1cc(-c2ccc(/C=C4\SC(=S)N(CC)C4=O)c4nsnc24)sc1-3,0.99,11.2,65.0,7.2,-5.25,-3.33,-5.57,-3.91,,,2019,10.1021/acsaem.9b01532,"OPV-DB (Qiu, J., Zenodo, 2026, doi:10.5281/zenodo.20841543)"
PPDT2FBT,BTDT2R,CCCCCCCCC(CCCCCC)COc1cc(-c2ccc(-c3c(F)c(F)c(C)c4nsnc34)s2)c(OCC(CCCCCC)CCCCCCCC)cc1-c1ccc(C)s1,CCCCCCOc1c(OCCCCCC)c(-c2ccc(/C=C3\SC(=S)N(CC)C3=O)s2)c2nsnc2c1-c1ccc(/C=C2\SC(=S)N(CC)C2=O)s1,1.07,11.23,57.0,6.9,-5.43,-3.67,-5.61,-3.8,,,2019,10.1021/acsami.9b09256,"OPV-DB (Qiu, J., Zenodo, 2026, doi:10.5281/zenodo.20841543)"
PPDT2FBT,BTDT2R,CCCCCCCCC(CCCCCC)COc1ccc(OCC(CCCCCC)CCCCCCCC)c(-c2ccc(-c3c(F)c(F)c(-c4cccs4)c4nsnc34)s2)c1,CCCCCCOc1c(OCCCCCC)c(-c2ccc(/C=C3\SC(=S)N(CC)C3=O)s2)c2nsnc2c1-c1ccc(/C=C2\SC(=S)N(CC)C2=O)s1,1.07,11.23,57.0,6.9,-5.43,-3.67,-5.61,-3.73,,,2019,10.1021/acsami.9b09256,"OPV-DB (Qiu, J., Zenodo, 2026, doi:10.5281/zenodo.20841543)"
P1,ITIC,CCCCCCCCCCc1csc(-c2cnc(-c3cc(CCCCCCCCCC)c(-c4cc5c(-c6ccc(CC(CC)CCCC)s6)c6sccc6c(-c6ccc(CC(CC)CCCC)s6)c5s4)s3)cn2)c1,CCCCCCc1ccc(C2(c3ccc(CCCCCC)cc3)c3cc4c(cc3-c3sc5cc(C=C6C(=O)c7ccccc7C6=C(C#N)C#N)sc5c32)C(c2ccc(CCCCCC)cc2)(c2ccc(CCCCCC)cc2)c2c-4sc3cc(C=C4C(=O)c5ccccc5C4=C(C#N)C#N)sc23)cc1,0.79,16.2,56.2,7.4,-5.41,-3.43,-5.58,-3.91,,,2019,10.1039/c9py00674e,"OPV-DB (Qiu, J., Zenodo, 2026, doi:10.5281/zenodo.20841543)"
PBDB-T,IETC,CCCCC(CC)Cc1ccc(-c2c3cc(-c4ccc(-c5sc(-c6cccs6)c6c5C(=O)c5c(CC(CC)CCCC)sc(CC(CC)CCCC)c5C6=O)s4)sc3c(-c3ccc(CC(CC)CCCC)s3)c3ccsc23)s1,CCCCC(CC)Cc1ccc(C2(c3ccc(CC(CC)CCCC)cc3)c3cc(-c4ccc(-c5sc(/C=C6\C(=O)c7cscc7C6=C(C#N)C#N)cc5CC(CC)CCCC)s4)ccc3-c3sc(-c4sc(/C=C5\C(=O)c6cscc6C5=C(C#N)C#N)cc4CC(CC)CCCC)cc32)cc1,0.96,14.53,53.21,7.4,-5.33,-3.48,-5.72,-4.0,,,2019,10.1016/j.dyepig.2019.107555,"OPV-DB (Qiu, J., Zenodo, 2026, doi:10.5281/zenodo.20841543)"
PNQx-2F2TLW,IT-M,CCCCC(CC)COc1cccc(-c2nc3c(-c4cccs4)cc4c(cc(-c5ccc(-c6cc(F)c(-c7sccc7F)s6)s5)c5nc(-c6cccc(OCC(CC)CCCC)c6)c(-c6cccc(OCC(CC)CCCC)c6)nc54)c3nc2-c2cccc(OCC(CC)CCCC)c2)c1,CCCCCCc1ccc(C2(c3ccc(CCCCCC)cc3)c3cc4c(cc3-c3sc5cc(/C=C6\C(=O)c7ccc(C)cc7C6=C(C#N)C#N)sc5c32)C(c2ccc(CCCCCC)cc2)(c2ccc(CCCCCC)cc2)c2c-4sc3cc(/C=C4\C(=O)c5ccc(C)cc5C4=C(C#N)C#N)sc23)cc1,0.79,14.0,65.0,7.4,-5.28,-3.38,-5.58,-3.98,,,2019,10.1002/marc.201900120,"OPV-DB (Qiu, J., Zenodo, 2026, doi:10.5281/zenodo.20841543)"
PBDB-T,IDTA,CCCCC(CC)Cc1ccc(-c2c3cc(-c4ccc(-c5sc(-c6cccs6)c6c5C(=O)c5c(CC(CC)CCCC)sc(CC(CC)CCCC)c5C6=O)s4)sc3c(-c3ccc(CC(CC)CCCC)s3)c3ccsc23)s1,CCN1C(=O)C(=Cc2cc3c(s2)-c2cc4c(cc2C3(CC)CC)-c2sc(C=C3C(=O)N(CC)C(=S)N(CC)C3=O)cc2C4(CC)CC)C(=O)N(CC)C1=S,0.99,12.4,60.0,7.4,-5.33,-3.48,-5.88,-3.9,,,2019,10.1039/c9ta11752k,"OPV-DB (Qiu, J., Zenodo, 2026, doi:10.5281/zenodo.20841543)"
PBDB-T,BSS0,CCCCC(CC)Cc1ccc(-c2c3cc(-c4ccc(-c5sc(-c6cccs6)c6c5C(=O)c5c(CC(CC)CCCC)sc(CC(CC)CCCC)c5C6=O)s4)sc3c(-c3ccc(CC(CC)CCCC)s3)c3ccsc23)s1,CCCCCCCCCCC(CCCCCCCC)CN1C(=O)c2ccc3c4c(c(-c5ccc(-c6ccc[se]6)[se]5)cc(c24)C1=O)C(=O)N(CC(CCCCCCCC)CCCCCCCCCC)C3=O,0.82,15.74,57.0,7.38,-5.33,-3.48,-5.82,-3.95,,,2019,10.1021/acsenergylett.9b00460,"OPV-DB (Qiu, J., Zenodo, 2026, doi:10.5281/zenodo.20841543)"
PBDTTS-TzBI,PC71BM,CCCCCCCCCCCCSc1ccc(-c2c3cc(-c4ccc(-c5c6c(c(-c7cccs7)c7nn(CC(CC)CCCC)nc57)C(=O)N(CCCCCCCC)C6=O)s4)sc3c(-c3ccc(SCCCCCCCCCCCC)s3)c3ccsc23)s1,COC(=O)CCCC1(c2ccccc2)C23c4c5ccc6c7cc8c9c%10c(cc%11cc%12c%13c%14c(cc%15c%16ccc-5c2c%16c2c5c%16c%17c(c(c46)c7c9c%17c4c%10c%11c%13c4c%16c%14c%152)C513)C%12)C8,0.84,12.28,71.0,7.32,-5.38,-3.32,-5.9,-3.9,,,2019,10.1016/j.orgel.2019.105572,"OPV-DB (Qiu, J., Zenodo, 2026, doi:10.5281/zenodo.20841543)"
P6,IT-M,CCCCCCC(CCCC)Cn1nc2c(-c3ccc(C)s3)c(OCCOCCOCCOC)c(OCCOCCOCCOC)c(-c3ccc(-c4cc5c(OCCOCCOCCOC)c6sc(C)cc6c(OCCOCCOCCOC)c5s4)s3)c2n1,CCCCCCc1ccc(C2(c3ccc(CCCCCC)cc3)c3cc4c(cc3-c3sc5cc(/C=C6\C(=O)c7ccc(C)cc7C6=C(C#N)C#N)sc5c32)C(c2ccc(CCCCCC)cc2)(c2ccc(CCCCCC)cc2)c2c-4sc3cc(/C=C4\C(=O)c5ccc(C)cc5C4=C(C#N)C#N)sc23)cc1,0.382,9.51,33.6,1.23,-5.18,-3.17,-5.58,-3.98,,,2019,10.1021/acsapm.9b00044,"OPV-DB (Qiu, J., Zenodo, 2026, doi:10.5281/zenodo.20841543)"
P3HT,IT-M,CCCCCCc1cc(C)sc1C,CCCCCCc1ccc(C2(c3ccc(CCCCCC)cc3)c3cc4c(cc3-c3sc5cc(/C=C6\C(=O)c7ccc(C)cc7C6=C(C#N)C#N)sc5c32)C(c2ccc(CCCCCC)cc2)(c2ccc(CCCCCC)cc2)c2c-4sc3cc(/C=C4\C(=O)c5ccc(C)cc5C4=C(C#N)C#N)sc23)cc1,0.45,9.8,52.5,2.3,-5.1,-3.2,-5.58,-3.98,,,2019,10.1039/c9ta90222h,"OPV-DB (Qiu, J., Zenodo, 2026, doi:10.5281/zenodo.20841543)"
PTAZ-TPD10-C6,N2200,CCCCCCCCN1C(=O)c2csc(-c3cc4c(-c5cc(CCCCCC)c(CCCCCC)s5)c5sc(-c6ccc(-c7c(F)c(F)c(-c8ccc(-c9cc%10c(-c%11cc(CCCCCC)c(CCCCCC)s%11)c%11sccc%11c(-c%11cc(CCCCCC)c(CCCCCC)s%11)c%10s9)s8)c8nn(CC(CC)CCCC)nc78)s6)cc5c(-c5cc(CCCCCC)c(CCCCCC)s5)c4s3)c2C1=O,CCCCCCCCCCC(CCCCCCCC)CN1C(=O)c2ccc3c4c(c(-c5ccc(-c6cccs6)s5)cc(c24)C1=O)C(=O)N(CC(CCCCCCCC)CCCCCCCCCC)C3=O,0.86,4.4,60.0,2.3,-5.27,-3.23,-5.71,-4.02,,,2019,10.1002/aenm.201901740,"OPV-DB (Qiu, J., Zenodo, 2026, doi:10.5281/zenodo.20841543)"
PB3T-C66,IT-4F,CCCCCCCCc1csc(-c2ccc(-c3cc(CCCCCCCC)c(-c4cc5c(-c6cc(CCCCCC)c(CCCCCC)s6)c6sccc6c(-c6cc(CCCCCC)c(CCCCCC)s6)c5s4)s3)s2)c1,CCCCCCc1ccc(C2(c3ccc(CCCCCC)cc3)c3cc4c(cc3-c3sc5cc(/C=C6\C(=O)c7cc(F)c(F)cc7C6=C(C#N)C#N)sc5c32)C(c2ccc(CCCCCC)cc2)(c2ccc(CCCCCC)cc2)c2c-4sc3cc(/C=C4\C(=O)c5cc(F)c(F)cc5C4=C(C#N)C#N)sc23)cc1,0.78,7.1,41.0,2.3,-5.23,-2.89,-5.66,-4.14,,,2019,10.1002/aenm.201904247,"OPV-DB (Qiu, J., Zenodo, 2026, doi:10.5281/zenodo.20841543)"
PBDTTSi-TzBI,ITIC,CCCCCCCCN1C(=O)c2c(c(-c3ccc(-c4cc5c(-c6ccc([Si](CCCC)(CCCC)CCCC)s6)c6sccc6c(-c6ccc([Si](CCCC)(CCCC)CCCC)s6)c5s4)s3)c3nn(CC(CC)CCCC)nc3c2-c2cccs2)C1=O,CCCCCCc1ccc(C2(c3ccc(CCCCCC)cc3)c3cc4c(cc3-c3sc5cc(C=C6C(=O)c7ccccc7C6=C(C#N)C#N)sc5c32)C(c2ccc(CCCCCC)cc2)(c2ccc(CCCCCC)cc2)c2c-4sc3cc(C=C4C(=O)c5ccccc5C4=C(C#N)C#N)sc23)cc1,0.98,12.7,55.0,6.85,-5.46,-3.33,-5.576,-3.916,,,2019,10.1016/j.orgel.2019.105572,"OPV-DB (Qiu, J., Zenodo, 2026, doi:10.5281/zenodo.20841543)"
PBDB-T,B-4TPDI,CCCCC(CC)Cc1ccc(-c2c3cc(-c4ccc(-c5sc(-c6cccs6)c6c5C(=O)c5c(CC(CC)CCCC)sc(CC(CC)CCCC)c5C6=O)s4)sc3c(-c3ccc(CC(CC)CCCC)s3)c3ccsc23)s1,CCCCCC(CCCCC)N1C(=O)c2ccc3c4ccc5c6c(cc(C#Cc7cc(C#Cc8cc9c%10c(ccc%11c%12ccc%13c%14c(ccc(c8c%10%11)c%14%12)C(=O)N(C(CCCCC)CCCCC)C%13=O)C(=O)N(C(CCCCC)CCCCC)C9=O)c8ccc9c(C#Cc%10cc%11c%12c(ccc%13c%14ccc%15c%16c(ccc(c%10c%12%13)c%16%14)C(=O)N(C(CCCCC)CCCCC)C%15=O)C(=O)N(C(CCCCC)CCCCC)C%11=O)cc(C#Cc%10cc%11c%12c(ccc%13c%14ccc%15c%16c(ccc(c%10c%12%13)c%16%14)C(=O)N(C(CCCCC)CCCCC)C%15=O)C(=O)N(C(CCCCC)CCCCC)C%11=O)c%10ccc7c8c%109)c(c7ccc(c2c37)C1=O)c64)C(=O)N(C(CCCCC)CCCCC)C5=O,0.86,13.15,60.4,6.84,-5.33,-3.53,-5.84,-3.89,,,2019,10.1021/acsaem.9b00611,"OPV-DB (Qiu, J., Zenodo, 2026, doi:10.5281/zenodo.20841543)"
PBDB-T,DBTIC-2F,CCCCC(CC)Cc1ccc(-c2c3cc(-c4ccc(-c5sc(-c6cccs6)c6c5C(=O)c5c(CC(CC)CCCC)sc(CC(CC)CCCC)c5C6=O)s4)sc3c(-c3ccc(CC(CC)CCCC)s3)c3ccsc23)s1,CCCCCCCC(CCCC)Cc1ccc(C2(c3ccc(CC(CCCC)CCCCCC)cc3)c3cc4c(cc3-c3sc(/C=C5\C(=O)c6cc(F)c(F)cc6C5=C(C#N)C#N)cc32)sc2cc3c(cc24)C(c2ccc(CC(CCCC)CCCCCC)cc2)(c2ccc(CC(CCCC)CCCCCC)cc2)c2cc(/C=C4\C(=O)c5cc(F)c(F)cc5C4=C(C#N)C#N)sc2-3)cc1,0.799,15.16,56.3,6.81,-5.28,-3.48,-5.94,-4.08,,,2019,10.1039/c9ta02544h,"OPV-DB (Qiu, J., Zenodo, 2026, doi:10.5281/zenodo.20841543)"
DRCN5T,IDIC,CCCCCCCCc1cc(/C=c2\sc(=C(C#N)C#N)n(CC)c2=O)sc1-c1cc(CCCCCCCC)c(-c2ccc(-c3sc(-c4sc(/C=c5\sc(=C(C#N)C#N)n(CC)c5=O)cc4CCCCCCCC)cc3CCCCCCCC)s2)s1,CCCCCCC1(CCCCCC)c2cc3c(cc2-c2sc(/C=C4\C(=O)c5ccccc5C4=C(C#N)C#N)cc21)C(CCCCCC)(CCCCCC)c1cc(/C=C2\C(=O)c4ccccc4C2=C(C#N)C#N)sc1-3,0.91,12.35,60.4,6.8,-5.22,-3.41,-5.69,-3.91,,,2019,10.1002/solr.201900528,"OPV-DB (Qiu, J., Zenodo, 2026, doi:10.5281/zenodo.20841543)"
PTAZ-TPD10-C10,N2200,CCCCCCCCCCc1cc(-c2c3cc(-c4ccc(-c5c(F)c(F)c(-c6ccc(-c7cc8c(-c9cc(CCCCCCCCCC)c(CCCCCCCCCC)s9)c9sc(-c%10scc%11c%10C(=O)N(CCCCCCCC)C%11=O)cc9c(-c9cc(CCCCCCCCCC)c(CCCCCCCCCC)s9)c8s7)s6)c6nn(CC(CC)CCCC)nc56)s4)sc3c(-c3cc(CCCCCCCCCC)c(CCCCCCCCCC)s3)c3ccsc23)sc1CCCCCCCCCC,CCCCCCCCCCC(CCCCCCCC)CN1C(=O)c2ccc3c4c(c(-c5ccc(-c6cccs6)s5)cc(c24)C1=O)C(=O)N(CC(CCCCCCCC)CCCCCCCCCC)C3=O,0.87,11.2,70.0,6.8,-5.27,-3.23,-5.71,-4.02,,,2019,10.1002/aenm.201901740,"OPV-DB (Qiu, J., Zenodo, 2026, doi:10.5281/zenodo.20841543)"
P6T-F75,EH-IDTBR,CCCCCCCCCCCCC(CCCCCCCCCC)Cc1csc(-c2ccc(-c3ccc(-c4cc(CC(CCCCCCCCCC)CCCCCCCCCCCC)c(-c5cc(F)c(-c6sc(-c7sc(-c8ccc(-c9ccc(-c%10cc(CC(CCCCCCCCCC)CCCCCCCCCCCC)c(-c%11ccc(-c%12cccs%12)s%11)s%10)s9)s8)cc7CC(CCCCCCCCCC)CCCCCCCCCCCC)cc6F)s5)s4)s3)s2)c1,CCCCC(CC)CC1(CC(CC)CCCC)c2cc3c(cc2-c2sc(-c4ccc(/C=C5\SC(=S)N(CC)C5=O)c5nsnc45)cc21)C(CC(CC)CCCC)(CC(CC)CCCC)c1cc(-c2ccc(/C=C4\SC(=S)N(CC)C4=O)c4nsnc24)sc1-3,0.98,10.8,64.0,6.8,-5.26,-3.3,-5.57,-3.91,,,2019,10.1021/acsaem.9b01532,"OPV-DB (Qiu, J., Zenodo, 2026, doi:10.5281/zenodo.20841543)"
p-DTS(FBTTh2)2,PC70BM,CCCCCCc1ccc(-c2ccc(-c3cc(F)c(-c4cc5c(s4)-c4sc(-c6c(F)cc(-c7ccc(-c8ccc(CCCCCC)s8)s7)c7nsnc67)cc4[Si]5(CC(CC)CCCC)CC(CC)CCCC)c4nsnc34)s2)s1,CCCCC(=O)OCC1(C2=CC=CC=C2)C3=CC=CC4=CC=CC5=CC=CC6=CC=C7C=CC=CC8=CC=CC1=C8C7=C6C5=C4C3,0.78,12.86,67.0,6.74,-5.12,-3.34,-6.1,-3.9,,,2019,10.1016/j.orgel.2019.105512,"OPV-DB (Qiu, J., Zenodo, 2026, doi:10.5281/zenodo.20841543)"
PTAZ-TPD10-C8,ITIC,CCCCCCCCc1cc(-c2c3cc(-c4ccc(-c5c(F)c(F)c(-c6ccc(-c7cc8c(-c9cc(CCCCCCCC)c(CCCCCCCC)s9)c9sc(-c%10scc%11c%10C(=O)N(CCCCCCCC)C%11=O)cc9c(-c9cc(CCCCCCCC)c(CCCCCCCC)s9)c8s7)s6)c6nn(CC(CC)CCCC)nc56)s4)sc3c(-c3cc(CCCCCCCC)c(CCCCCCCC)s3)c3ccsc23)sc1CCCCCCCC,CCCCCCc1ccc(C2(c3ccc(CCCCCC)cc3)c3cc4c(cc3-c3sc5cc(C=C6C(=O)c7ccccc7C6=C(C#N)C#N)sc5c32)C(c2ccc(CCCCCC)cc2)(c2ccc(CCCCCC)cc2)c2c-4sc3cc(C=C4C(=O)c5ccccc5C4=C(C#N)C#N)sc23)cc1,0.89,12.6,60.0,6.7,-5.27,-3.23,-5.576,-3.916,,,2019,10.1002/aenm.201901740,"OPV-DB (Qiu, J., Zenodo, 2026, doi:10.5281/zenodo.20841543)"
PBDT-TTz,PC61BM,CCCCC(CC)COc1c2cc(-c3sc(-c4nnc(-c5cc(CC(CC)CCCC)cs5)nn4)cc3CC(CC)CCCC)sc2c(OCC(CC)CCCC)c2ccsc12,COC(=O)CCCC1(c2ccccc2)C23c4c5c6c7c8c9c(c%10c%11c2c2c%12c4c4c%13c5c5c7c7c8c8c%14c9c%10c9c%10c%11c2c2c%11c%12c4c4c%12c%13c5c5c7c7c8c8c%14c9c9c%10c2c2c%11c4c4c%12c5c7c5c8c9c2c45)C613,0.89,10.3,73.0,6.7,-5.42,-3.58,-6.1,-3.7,,,2019,10.1021/acs.chemmater.9b03570,"OPV-DB (Qiu, J., Zenodo, 2026, doi:10.5281/zenodo.20841543)"
PHTTz,PC71BM,CCCCCCCCCCC(CCCCCCCC)Cc1cc(-c2sccc2CCCCCC)sc1-c1cc(F)c(-c2sc(-c3sc(-c4sc(-c5nncnn5)cc4CCCCCC)cc3CC(CCCCCCCC)CCCCCCCCCC)cc2F)s1,COC(=O)CCCC1(c2ccccc2)C23c4c5ccc6c7cc8c9c%10c(cc%11cc%12c%13c%14c(cc%15c%16ccc-5c2c%16c2c5c%16c%17c(c(c46)c7c9c%17c4c%10c%11c%13c4c%16c%14c%152)C513)C%12)C8,0.84,11.54,69.0,6.69,-5.34,-3.64,-5.9,-3.9,,,2019,10.1016/j.dyepig.2019.107717,"OPV-DB (Qiu, J., Zenodo, 2026, doi:10.5281/zenodo.20841543)"
TE2-BTDF-(T2),IT-4F,CCCCCCCCCCCCC(CCCCCCCCCC)COC(=O)c1cc(-c2c(F)c(F)c(-c3cc(C(=O)OCC(CCCCCCCCCC)CCCCCCCCCCCC)c(-c4ccc(-c5ccc(C)s5)s4)s3)c3nsnc23)sc1C,CCCCCCc1ccc(C2(c3ccc(CCCCCC)cc3)c3cc4c(cc3-c3sc5cc(/C=C6\C(=O)c7cc(F)c(F)cc7C6=C(C#N)C#N)sc5c32)C(c2ccc(CCCCCC)cc2)(c2ccc(CCCCCC)cc2)c2c-4sc3cc(/C=C4\C(=O)c5cc(F)c(F)cc5C4=C(C#N)C#N)sc23)cc1,0.86,11.1,70.0,6.69,-5.76,-3.59,-5.96,-4.42,,,2019,10.1021/acs.chemmater.9b03327,"OPV-DB (Qiu, J., Zenodo, 2026, doi:10.5281/zenodo.20841543)"
P-i-DFBT,ITIC-4F,CCCCCCCCCCC(CCCCCCCC)Cc1csc(-c2c(F)c(F)c(-c3cc(CC(CCCCCCCC)CCCCCCCCCC)c(-c4ccc(/C=C(\C#N)c5cc(OCC(CC)CCCC)c(/C(C#N)=C/c6cccs6)cc5OCC(CC)CCCC)s4)s3)c3nsnc23)c1,CCCCCCc1ccc(C2(c3ccc(CCCCCC)cc3)c3cc4c(cc3-c3sc5cc(/C=C6/C(=O)c7cc(F)c(F)cc7C6=C(C#N)C#N)sc5c32)C(c2ccc(CCCCCC)cc2)(c2ccc(CCCCCC)cc2)c2c-4sc3cc(/C=C4/C(=O)c5cc(F)c(F)cc5C4=C(C#N)C#N)sc23)cc1,0.89,14.15,51.61,6.67,-5.59,-3.29,-5.82,-4.24,,,2019,10.1039/c9py01781j,"OPV-DB (Qiu, J., Zenodo, 2026, doi:10.5281/zenodo.20841543)"
P3TCO-1,PC71BM,CCCCCCCCSc1ccc(-c2c3cc(-c4cc(C(=O)CC(CC)CCCC)c(-c5ccc(-c6sccc6C(=O)CC(CC)CCCC)s5)s4)sc3c(-c3ccc(SCCCCCCCC)s3)c3ccsc23)s1,COC(=O)CCCC1(c2ccccc2)C23c4c5ccc6c7cc8c9c%10c(cc%11cc%12c%13c%14c(cc%15c%16ccc-5c2c%16c2c5c%16c%17c(c(c46)c7c9c%17c4c%10c%11c%13c4c%16c%14c%152)C513)C%12)C8,0.935,12.31,58.0,6.67,-5.39,-3.17,-5.9,-3.9,,,2019,10.1002/marc.201900246,"OPV-DB (Qiu, J., Zenodo, 2026, doi:10.5281/zenodo.20841543)"
POEGT,TQT1,CCOCCOCCOc1cc(-c2ccc(-c3cc(OCCOCCOCC)c(-c4ccc(C)s4)s3)s2)sc1C,CCOCCOCCOc1ccc(-c2nc3c(-c4cccs4)c4nsnc4c(-c4cccs4)c3nc2-c2ccc(OCCOCCOCC)cc2)cc1,0.78,0.92,30.0,0.22,-4.74,-2.98,-5.18,-3.95,,,2019,10.1039/c9nj02419k,"OPV-DB (Qiu, J., Zenodo, 2026, doi:10.5281/zenodo.20841543)"
PffBT4T-2OD,PC71BM,CCCCCCCCCCC(CCCCCCCC)Cc1csc(-c2c(F)c(F)c(-c3cc(CC(CCCCCCCC)CCCCCCCCCC)c(-c4ccc(-c5cccs5)s4)s3)c3nsnc23)c1,COC(=O)CCCC1(c2ccccc2)C23c4c5ccc6c7cc8c9c%10c(cc%11cc%12c%13c%14c(cc%15c%16ccc-5c2c%16c2c5c%16c%17c(c(c46)c7c9c%17c4c%10c%11c%13c4c%16c%14c%152)C513)C%12)C8,1.09,23.46,77.2,19.77,-5.32,-3.7,-5.9,-3.9,,,2019,10.1002/solr.201900482,"OPV-DB (Qiu, J., Zenodo, 2026, doi:10.5281/zenodo.20841543)"
POEGT,TQT2,CCOCCOCCOc1cc(-c2ccc(-c3cc(OCCOCCOCC)c(-c4ccc(C)s4)s3)s2)sc1C,CCOCCOCCOc1ccc(-c2nc3c(-c4ccc(-c5cccs5)s4)c4nsnc4c(-c4ccc(-c5cccs5)s4)c3nc2-c2ccc(OCCOCCOCC)cc2)cc1,0.72,0.21,28.0,0.04,-4.74,-2.98,-4.91,-3.91,,,2019,10.1039/c9nj02419k,"OPV-DB (Qiu, J., Zenodo, 2026, doi:10.5281/zenodo.20841543)"
PBDB-TF,PIDIC2T2F,CCCCC(CC)Cc1sc(-c2c3cc(-c4ccc(-c5sc(-c6cccs6)c6c5C(=O)c5c(CC(CC)CCCC)sc(CC(CC)CCCC)c5C6=O)s4)sc3c(-c3cc(F)c(CC(CC)CCCC)s3)c3ccsc23)cc1F,CCCCCCCCCCCCCCCCC1(CCCCCCCCCCCCCCCC)c2cc3c(cc2-c2sc(/C=C4\C(=O)c5ccccc5C4=C(C#N)C#N)cc21)C(CCCCCCCCCCCCCCCC)(CCCCCCCCCCCCCCCC)c1cc(/C=C2\C(=O)c4ccc(-c5cc(F)c(-c6sccc6F)s5)cc4C2=C(C#N)C#N)sc1-3,0.9,12.81,43.0,4.96,-5.49,-3.64,-5.73,-3.89,,,2020,10.1021/acsami.0c08442,"OPV-DB (Qiu, J., Zenodo, 2026, doi:10.5281/zenodo.20841543)"
PBDTT-TPTI,PC71BM,CCCCCCCCCCC(CCCCCCCC)Cn1c(=O)c2cc3c(cc2c2sccc21)c(=O)n(CC(CCCCCCCC)CCCCCCCCCC)c1cc(-c2cc4c(-c5ccc(CC(CC)CCCC)s5)c5sccc5c(-c5ccc(CC(CC)CCCC)s5)c4s2)sc31,COC(=O)CCCC1(c2ccccc2)C23c4c5ccc6c7cc8c9c%10c(cc%11cc%12c%13c%14c(cc%15c%16ccc-5c2c%16c2c5c%16c%17c(c(c46)c7c9c%17c4c%10c%11c%13c4c%16c%14c%152)C513)C%12)C8,0.97,12.35,42.0,5.03,-5.54,-3.53,-5.9,-3.9,,,2020,10.1016/j.synthmet.2020.116413,"OPV-DB (Qiu, J., Zenodo, 2026, doi:10.5281/zenodo.20841543)"
PBDTO-TPTI,PC71BM,CCCCCCCCCCC(CCCCCCCC)Cn1c(=O)c2cc3c(cc2c2sccc21)c(=O)n(CC(CCCCCCCC)CCCCCCCCCC)c1cc(-c2cc4c(OCC(CC)CCCC)c5sccc5c(OCC(CC)CCCC)c4s2)sc31,COC(=O)CCCC1(c2ccccc2)C23c4c5ccc6c7cc8c9c%10c(cc%11cc%12c%13c%14c(cc%15c%16ccc-5c2c%16c2c5c%16c%17c(c(c46)c7c9c%17c4c%10c%11c%13c4c%16c%14c%152)C513)C%12)C8,0.93,11.73,45.7,5.01,-5.43,-3.47,-5.9,-3.9,,,2020,10.1016/j.synthmet.2020.116413,"OPV-DB (Qiu, J., Zenodo, 2026, doi:10.5281/zenodo.20841543)"
PM6,PBI-α,CCCCC(CC)Cc1sc(-c2c3cc(-c4ccc(-c5sc(-c6cccs6)c6c5C(=O)c5c(CC(CC)CCCC)sc(CC(CC)CCCC)c5C6=O)s4)sc3c(-c3cc(F)c(CC(CC)CCCC)s3)c3ccsc23)cc1F,CCCCCCCCCCCCCCCCC1(CCCCCCCCCCCCCCC)c2cc3c(cc2-c2sc(/C=C4\C(=O)c5cc(-c6cc7c(-c8cc(F)c(CC(CC)CCCC)s8)c8sccc8c(-c8cc(F)c(CC(CC)CCCC)s8)c7s6)sc5C4=C(C#N)C#N)cc21)C(CCCCCCCCCCCCCCCC)(CCCCCCCCCCCCCCCC)c1cc(/C=C2\C(=O)c4ccsc4C2=C(C#N)C#N)sc1-3,0.93,19.0,64.6,11.4,-5.56,-3.65,-5.8,-3.7,,,2020,10.1021/acs.macromol.0c01405,"OPV-DB (Qiu, J., Zenodo, 2026, doi:10.5281/zenodo.20841543)"
B1,PC61BM,CCCCCCc1cc(-c2cc3c(-c4ccc(SCC(CC)CCCC)cc4)c4sc(-c5cc(CCCCCC)c(-c6cc(CCCCCC)c(-c7ccc(/C=C8/SC(=S)N(CCCC)C8=O)s7)s6)s5)cc4c(-c4ccc(SCC(CC)CCCC)cc4)c3s2)sc1-c1cc(CCCCCC)c(-c2ccc(/C=C3/SC(=S)N(CCCC)C3=O)s2)s1,COC(=O)CCCC1(c2ccccc2)C23c4c5c6c7c8c9c(c%10c%11c2c2c%12c4c4c%13c5c5c7c7c8c8c%14c9c%10c9c%10c%11c2c2c%11c%12c4c4c%12c%13c5c5c7c7c8c8c%14c9c9c%10c2c2c%11c4c4c%12c5c7c5c8c9c2c45)C613,0.82,11.1,55.5,5.0,-5.37,-3.51,-6.1,-3.7,,,2020,10.1039/d0ra07415b,"OPV-DB (Qiu, J., Zenodo, 2026, doi:10.5281/zenodo.20841543)"
PBDFNBO,PC71BM,CCCCCCCCCc1coc(-c2nc(CCCCCCCCC)c(-c3cc4c(OCC(CC)CCCC)c5occc5c(OCC(CC)CCCC)c4o3)o2)n1,COC(=O)CCCC1(c2ccccc2)C23c4c5ccc6c7cc8c9c%10c(cc%11cc%12c%13c%14c(cc%15c%16ccc-5c2c%16c2c5c%16c%17c(c(c46)c7c9c%17c4c%10c%11c%13c4c%16c%14c%152)C513)C%12)C8,0.93,9.9,53.0,5.0,-5.07,-3.0,-5.9,-3.9,,,2020,10.1039/d0nj06111e,"OPV-DB (Qiu, J., Zenodo, 2026, doi:10.5281/zenodo.20841543)"
PBDTTT-E-T,NDI-BFR,CCCCC(CC)COC(=O)c1cc2csc(-c3cc4c(-c5ccc(CC(CC)CCCC)s5)c5sccc5c(-c5ccc(CC(CC)CCCC)s5)c4s3)c2s1,CCCCCCCCCCCCc1ccoc1-c1oc(-c2cc3c4c(ccc5c4c2C(=O)N(CC(CC)CCCC)C5=O)C(=O)N(CC(CC)CCCC)C3=O)cc1CCCCCCCCCCCC,0.75,6.22,34.0,1.64,-5.2,-3.34,-5.71,-3.86,,,2020,10.1002/marc.202000144,"OPV-DB (Qiu, J., Zenodo, 2026, doi:10.5281/zenodo.20841543)"
PBDB-T,IDT-Py-IC,CCCCC(CC)Cc1ccc(-c2c3cc(-c4ccc(-c5sc(-c6cccs6)c6c5C(=O)c5c(CC(CC)CCCC)sc(CC(CC)CCCC)c5C6=O)s4)sc3c(-c3ccc(CC(CC)CCCC)s3)c3ccsc23)s1,CCCCCCOc1ccc(C2(c3ccc(OCCCCCC)cc3)c3cc4c(cc3-c3sc(-c5ccc(/C=C6\C(=O)c7ccccc7C6=C(C#N)C#N)n5CC)cc32)C(c2ccc(OCCCCCC)cc2)(c2ccc(OCCCCCC)cc2)c2cc(-c3ccc(/C=C5\C(=O)c6ccccc6C5=C(C#N)C#N)n3CC)sc2-4)cc1,1.09,3.46,43.58,1.64,-5.33,-3.48,-5.31,-3.67,,,2020,10.1016/j.orgel.2020.106015,"OPV-DB (Qiu, J., Zenodo, 2026, doi:10.5281/zenodo.20841543)"
PTQ10,p-BTP-C6Ph,CCCCCCCCC(CCCCCC)COc1cnc2c(-c3cccs3)c(F)c(F)cc2n1,CCc1ccc(-c2c(/C=C3\C(=O)c4cc(F)c(F)cc4C3=C(C#N)C#N)sc3c2sc2c4c5nsnc5c5c6sc7c(-c8ccc(CC)cc8)c(/C=C8\C(=O)c9cc(F)c(F)cc9C8=C(C#N)C#N)sc7c6n(CC)c5c4n(CC)c32)cc1,0.888,24.7,77.9,17.1,-5.54,-2.92,-5.59,-3.85,,,2020,10.1039/d0ee03506h,"OPV-DB (Qiu, J., Zenodo, 2026, doi:10.5281/zenodo.20841543)"
PM7,Y6,CCCCC(CC)Cc1sc(-c2c3ccsc3c(-c3cc(Cl)c(CC(CC)CCCC)s3)c3sc(-c4ccc(-c5sc(-c6cccs6)c6c5C(=O)c5c(CC(CC)CCCC)sc(CC(CC)CCCC)c5C6=O)s4)cc23)cc1Cl,CCCCCCCCCCCc1c(/C=C2\C(=O)c3cc(F)c(F)cc3C2=C(C#N)C#N)sc2c1sc1c3c4nsnc4c4c5sc6c(CCCCCCCCCCC)c(/C=C7\C(=O)c8cc(F)c(F)cc8C7=C(C#N)C#N)sc6c5n(CC(CC)CCCC)c4c3n(CC(CC)CCCC)c21,0.9,25.64,74.0,17.04,-5.575,-3.67,-5.65,-4.09,,,2020,10.1021/acsenergylett.0c00537,"OPV-DB (Qiu, J., Zenodo, 2026, doi:10.5281/zenodo.20841543)"
PBDB-TF,BTP-ClBr,CCCCC(CC)Cc1sc(-c2c3cc(-c4ccc(-c5sc(-c6cccs6)c6c5C(=O)c5c(CC(CC)CCCC)sc(CC(CC)CCCC)c5C6=O)s4)sc3c(-c3cc(F)c(CC(CC)CCCC)s3)c3ccsc23)cc1F,CCCCCCCCCCCc1c(/C=C2\C(=O)c3c(ccc(Br)c3Cl)C2=C(C#N)C#N)sc2c1sc1c3c4nsnc4c4c5sc6c(CCCCCCCCCCC)c(/C=C7\C(=O)c8c(ccc(Br)c8Cl)C7=C(C#N)C#N)sc6c5n(CC(CCCC)CCCCCC)c4c3n(CC(CCCC)CCCCCC)c21,0.906,23.48,79.0,16.82,-5.49,-3.64,-5.79,-4.0,,,2020,10.1002/aenm.202002649,"OPV-DB (Qiu, J., Zenodo, 2026, doi:10.5281/zenodo.20841543)"
P3HT,IDT-R,CCCCCCc1ccsc1,CCc1ccc(C2(c3ccc(CC)cc3)c3cc4c(cc3-c3sc(/C=c5/sc(=C(C#N)C#N)n(CC)c5=O)cc32)C(c2ccc(CC)cc2)(c2ccc(CC)cc2)c2cc(/C=c3/sc(=C(C#N)C#N)n(CC)c3=O)sc2-4)cc1,0.73,3.73,51.25,1.57,-5.01,-3.12,-5.44,-3.53,,,2020,10.1039/d0ta09924d,"OPV-DB (Qiu, J., Zenodo, 2026, doi:10.5281/zenodo.20841543)"
P3HT,BTz-Np,CCCCCCc1ccsc1,CCCCCCc1cc(-c2ccc(-c3cc(CCCCCC)c(C#Cc4ccc5c6c(cccc46)C(=O)N(c4ccc6c(c4)C(CCCC)(CCCC)c4ccccc4-6)C5=O)s3)c3nsnc23)sc1C#Cc1ccc2c3c(cccc13)C(=O)N(c1ccc3c(c1)C(CCCC)(CCCC)c1ccccc1-3)C2=O,0.94,3.52,46.0,1.53,-5.01,-3.12,-5.95,-3.44,,,2020,10.1021/acssuschemeng.0c07114,"OPV-DB (Qiu, J., Zenodo, 2026, doi:10.5281/zenodo.20841543)"
PBB,Y6,CCCCC(CC)Cc1ccc(-c2c3cc(-c4scc5c4C(=O)c4c(CC(CC)CCCC)sc(CC(CC)CCCC)c4C5=O)sc3c(-c3ccc(CC(CC)CCCC)s3)c3ccsc23)s1,CCCCCCCCCCCc1c(/C=C2\C(=O)c3cc(F)c(F)cc3C2=C(C#N)C#N)sc2c1sc1c3c4nsnc4c4c5sc6c(CCCCCCCCCCC)c(/C=C7\C(=O)c8cc(F)c(F)cc8C7=C(C#N)C#N)sc6c5n(CC(CC)CCCC)c4c3n(CC(CC)CCCC)c21,0.84,4.25,42.4,1.51,-5.54,-3.59,-5.65,-4.09,,,2020,10.1021/acs.macromol.0c00405,"OPV-DB (Qiu, J., Zenodo, 2026, doi:10.5281/zenodo.20841543)"
J71,BTIDIC,CCCCCCCCC(CCCCCC)Cn1nc2c(-c3cccs3)c(F)c(F)c(-c3ccc(-c4cc5c(-c6ccc([Si](CCC)(CCC)CCC)s6)c6sccc6c(-c6ccc([Si](CCC)(CCC)CCC)s6)c5s4)s3)c2n1,CCCCCCC1(CCCCCC)c2cc3c(cc2-c2sc(/C=C4\C(=O)c5cc(F)c(F)cc5C4=C(C#N)C#N)cc21)C(CCCCCC)(CCCCCC)c1cc(-c2ccc(-c4cc5c(s4)-c4cc6c(cc4C5(CCCCCC)CCCCCC)-c4sc(/C=C5\C(=O)c7cc(F)c(F)cc7C5=C(C#N)C#N)cc4C6(CCCCCC)CCCCCC)c4nsnc24)sc1-3,0.861,19.8,67.4,11.5,-5.4,-3.24,-5.48,-3.97,,,2020,10.1021/acsapm.0c00748,"OPV-DB (Qiu, J., Zenodo, 2026, doi:10.5281/zenodo.20841543)"
PCDTBT,F1,CCCCCCCCC(CCCCCCCC)n1c2ccccc2c2ccc(-c3ccc(-c4ccc(-c5cccs5)c5nsnc45)s3)cc21,CCOC(=O)c1ccsc1-c1cc2c(-c3ccc(CC)s3)c3sc(-c4cc(C(=O)OCC)c(-c5cc6c(-c7ccc(CC)s7)c7sc(-c8cc(C(=O)OCC)c(-c9cc%10c(-c%11ccc(CC)s%11)c%11sccc%11c(-c%11ccc(CC)s%11)c%10s9)s8)cc7c(-c7ccc(CC)s7)c6s5)s4)cc3c(-c3ccc(CC)s3)c2s1,0.935,8.8,61.0,5.0,-5.5,-3.6,-5.5,-3.53,,,2020,10.1016/j.synthmet.2020.116565,"OPV-DB (Qiu, J., Zenodo, 2026, doi:10.5281/zenodo.20841543)"
PTB7-Th,DTG-IW,CC(CC)CCCC(=O)OCC1=C(SC(=C1)C2=CC3=C(S2)C(=O)C4=C(C3=O)C5=CC(=CC(=C5S4)F)C(CC)CCCC)C(=O)OCCCC(CC)C,CCc1cc(/C=C2\C(=O)c3cc(F)c(F)cc3C2=C(C#N)C#N)sc1-c1cc2c(s1)-c1sc(-c3sc(/C=C4\C(=O)c5cc(F)c(F)cc5C4=C(C#N)C#N)cc3CC)cc1[Ge]2(CC)CC,0.72,19.2,66.0,9.16,-5.24,-3.64,-5.63,-4.07,,,2020,10.1021/acsaem.0c01097,"OPV-DB (Qiu, J., Zenodo, 2026, doi:10.5281/zenodo.20841543)"
PM6,PF1-TS4-60,CCCCC(CC)Cc1sc(-c2c3cc(-c4ccc(-c5sc(-c6cccs6)c6c5C(=O)c5c(CC(CC)CCCC)sc(CC(CC)CCCC)c5C6=O)s4)sc3c(-c3cc(F)c(CC(CC)CCCC)s3)c3ccsc23)cc1F,CCCCCCCCCCCCCCCCC1(CCCCCCCCCCCCCCCC)c2cc3c(cc2-c2sc(/C=C4\C(=O)c5cc(-c6ccc(SCCCCSc7cccs7)s6)ccc5C4=C(C#N)C#N)cc21)C(CCCCCCCCCCCCCCCC)(CCCCCCCCCCCCCCCC)c1cc(/C=C2\C(=O)c4cc(-c5ccc(SCCCCSc6ccc(-c7ccc8c(c7)C(=O)/C(=C\c7cc9c(s7)-c7cc%10c(cc7C9(c7ccc(CCCCCC)cc7)c7ccc(CCCCCC)cc7)-c7sc(/C=C9\C(=O)c%11ccccc%11C9=C(C#N)C#N)cc7C%10(c7ccc(CCCCCC)cc7)c7ccc(CCCCCC)cc7)C8=C(C#N)C#N)s6)s5)ccc4C2=C(C#N)C#N)sc1-3,0.99,15.3,61.4,9.13,-5.5,-3.61,-5.71,-3.9,,,2020,10.1021/acsami.0c17722,"OPV-DB (Qiu, J., Zenodo, 2026, doi:10.5281/zenodo.20841543)"
P3HT,IDTT-R,CCCCCCc1ccsc1,CCc1ccc(C2(c3ccc(CC)cc3)c3cc4c(cc3-c3sc5cc(/C=c6/sc(=C(C#N)C#N)n(CC)c6=O)sc5c32)C(c2ccc(CC)cc2)(c2ccc(CC)cc2)c2c-4sc3cc(/C=c4/sc(=C(C#N)C#N)n(CC)c4=O)sc23)cc1,0.78,0.83,48.18,0.43,-5.01,-3.12,-5.32,-3.49,,,2020,10.1039/d0ta09924d,"OPV-DB (Qiu, J., Zenodo, 2026, doi:10.5281/zenodo.20841543)"
PCE10,BTP-3V,CCCCC(CC)COC(=O)c1sc2c(-c3cc4c(-c5ccc(CC(CC)CCCC)s5)c5sccc5c(-c5ccc(CC(CC)CCCC)s5)c4s3)scc2c1F,CCc1c(/C=C/C=C2\C(=O)c3cc(F)c(F)cc3C2=C(C#N)C#N)sc2c1sc1c3c4nsnc4c4c5sc6c(CC)c(/C=C/C=C/C=C7\C(=O)c8cc(F)c(F)cc8C7=C(C#N)C#N)sc6c5n(CC)c4c3n(CC)c21,0.72,6.46,44.3,2.06,-5.21,-3.6,-5.38,-3.9,,,2020,10.1039/d0ma01017k,"OPV-DB (Qiu, J., Zenodo, 2026, doi:10.5281/zenodo.20841543)"
PffBX-3,PC71BM,CCCCCCC(CCCC)Cc1cc(-c2c(F)c(F)cc3nonc23)sc1-c1sccc1OCC(CCC)CCCCC,COC(=O)CCCC1(c2ccccc2)C23c4c5ccc6c7cc8c9c%10c(cc%11cc%12c%13c%14c(cc%15c%16ccc-5c2c%16c2c5c%16c%17c(c(c46)c7c9c%17c4c%10c%11c%13c4c%16c%14c%152)C513)C%12)C8,0.75,6.65,48.9,2.23,-5.42,-3.96,-5.9,-3.9,,,2020,10.1039/d0nj01006e,"OPV-DB (Qiu, J., Zenodo, 2026, doi:10.5281/zenodo.20841543)"
P1-2T,PC61BM,CCCCCCCCCCC(CCCCCCCC)Cc1csc(-c2cc(/C=C/c3cc(-c4ccc(-c5cccs5)s4)c4nsnc4c3)c(-c3cc(CC(CCCCCCCC)CCCCCCCCCC)cs3)s2)c1,COC(=O)CCCC1(c2ccccc2)C23c4c5c6c7c8c9c(c%10c%11c2c2c%12c4c4c%13c5c5c7c7c8c8c%14c9c%10c9c%10c%11c2c2c%11c%12c4c4c%12c%13c5c5c7c7c8c8c%14c9c9c%10c2c2c%11c4c4c%12c5c7c5c8c9c2c45)C613,0.8173,4.17,45.06,2.22,-5.0,-3.34,-6.1,-3.7,,,2020,10.1016/j.eurpolymj.2020.109799,"OPV-DB (Qiu, J., Zenodo, 2026, doi:10.5281/zenodo.20841543)"
PTzBT,IEICO-4F,CCCCCCCCC(CCCCCC)Cc1ccsc1-c1nc2sc(-c3sc(-c4cc(CC(CCCC)CCCCCC)c(-c5nc6sc(-c7sccc7CC(CCCC)CCCCCC)nc6s5)s4)cc3CC(CCCCCC)CCCCCCCC)nc2s1,CCCCCCc1ccc(C2(c3ccc(CCCCCC)cc3)c3cc4c(cc3-c3sc(-c5sc(/C=C6\C(=O)c7cc(F)c(F)cc7C6=C(C#N)C#N)cc5OCC(CC)CCCC)cc32)C(c2ccc(CCCCCC)cc2)(c2ccc(CCCCCC)cc2)c2cc(-c3scc(/C=C5/C(=O)c6cc(F)c(F)cc6C5=C(C#N)C#N)c3OCC(CC)CCCC)sc2-4)cc1,0.78,7.0,40.0,2.2,-5.12,-2.76,-5.44,-4.19,,,2020,10.1021/acs.macromol.0c01787,"OPV-DB (Qiu, J., Zenodo, 2026, doi:10.5281/zenodo.20841543)"
PffBSe-2,PC71BM,CCCCCCC(CCCC)Cc1cc(-c2c(F)c(F)cc3n[se]nc23)sc1-c1sccc1OC(CCC)CCCCC,COC(=O)CCCC1(c2ccccc2)C23c4c5ccc6c7cc8c9c%10c(cc%11cc%12c%13c%14c(cc%15c%16ccc-5c2c%16c2c5c%16c%17c(c(c46)c7c9c%17c4c%10c%11c%13c4c%16c%14c%152)C513)C%12)C8,0.53,13.3,33.3,2.11,-5.13,-3.77,-5.9,-3.9,,,2020,10.1039/d0nj01006e,"OPV-DB (Qiu, J., Zenodo, 2026, doi:10.5281/zenodo.20841543)"
BT-2F,Y6,CCCCCCc1ccc(C2(c3ccc(CCCCCC)cc3)c3cc(/C=C4\C(=O)c5cc(F)c(F)cc5C4=C(C#N)C#N)sc3-c3sc4c(OCC(CC)CCCC)c5c6c(sc5c(OCC(CC)CCCC)c4c32)-c2sc(/C=C3\C(=O)c4cc(F)c(F)cc4C3=C(C#N)C#N)cc2C6(c2ccc(CCCCCC)cc2)c2ccc(CCCCCC)cc2)cc1,CCCCCCCCCCCc1c(/C=C2\C(=O)c3cc(F)c(F)cc3C2=C(C#N)C#N)sc2c1sc1c3c4nsnc4c4c5sc6c(CCCCCCCCCCC)c(/C=C7\C(=O)c8cc(F)c(F)cc8C7=C(C#N)C#N)sc6c5n(CC(CC)CCCC)c4c3n(CC(CC)CCCC)c21,0.853,22.38,72.27,13.8,-5.54,-4.05,-5.65,-4.09,,,2020,10.1039/d0ta01893g,"OPV-DB (Qiu, J., Zenodo, 2026, doi:10.5281/zenodo.20841543)"
PM7,IDTTP-4F,CCCCC(CC)Cc1sc(-c2c3ccsc3c(-c3cc(Cl)c(CC(CC)CCCC)s3)c3sc(-c4ccc(-c5sc(-c6cccs6)c6c5C(=O)c5c(CC(CC)CCCC)sc(CC(CC)CCCC)c5C6=O)s4)cc23)cc1Cl,CCCCCCc1ccc(C2(c3ccc(CCCCCC)cc3)c3cc4c(cc3-c3sc5cc(/C=C6\C(=O)c7cc(F)c(F)cc7C6=C(C#N)C#N)sc5c32)C(c2ccc(CCCCCC)cc2)(c2ccc(CCCCCC)cc2)c2c-4sc3c4sc(/C=C5\C(=O)c6cc(F)c(F)cc6C5=C(C#N)C#N)cc4n(CC(CC)CCCC)c23)cc1,0.908,21.2,71.6,13.8,-5.575,-3.67,-5.53,-3.97,,,2020,10.1002/adfm.202000383,"OPV-DB (Qiu, J., Zenodo, 2026, doi:10.5281/zenodo.20841543)"
PBDB-TF,BTSe-4F,CCCCC(CC)Cc1sc(-c2c3cc(-c4ccc(-c5sc(-c6cccs6)c6c5C(=O)c5c(CC(CC)CCCC)sc(CC(CC)CCCC)c5C6=O)s4)sc3c(-c3cc(F)c(CC(CC)CCCC)s3)c3ccsc23)cc1F,CCCCCCCCCCCC1C2=C(SC1/C=C1\C(=O)c3cc(F)c(F)cc3C1=C(C#N)C#N)C1C(S2)c2c(c3c(c4nsnc24)c2[se]c(/C=C4\C(=O)C5C=C(F)C(F)=CC5C4=C(C#N)C#N)cc2n3CC(CC)CCCC)N1CC(CC)CCCC,0.811,22.52,75.4,13.79,-5.49,-3.64,-5.78,-4.16,,,2020,10.1002/sstr.202000052,"OPV-DB (Qiu, J., Zenodo, 2026, doi:10.5281/zenodo.20841543)"
PCE10-2F,IT-4F,CCOC(=O)c1sc2c(-c3cc4c(-c5cc(F)c(CC)s5)c5sc(-c6sc(-c7cc8c(-c9cc(F)c(CC)s9)c9sc(-c%10sc(-c%11cc%12c(-c%13cc(F)c(CC)s%13)c%13sccc%13c(-c%13cc(F)c(CC)s%13)c%12s%11)c%11sc(C(=O)OCC)c(F)c%10%11)cc9c(-c9cc(F)c(CC)s9)c8s7)c7sc(C(=O)OCC)c(F)c67)cc5c(-c5cc(F)c(CC)s5)c4s3)scc2c1F,CCCCCCc1ccc(C2(c3ccc(CCCCCC)cc3)c3cc4c(cc3-c3sc5cc(/C=C6\C(=O)c7cc(F)c(F)cc7C6=C(C#N)C#N)sc5c32)C(c2ccc(CCCCCC)cc2)(c2ccc(CCCCCC)cc2)c2c-4sc3cc(/C=C4\C(=O)c5cc(F)c(F)cc5C4=C(C#N)C#N)sc23)cc1,0.785,11.12,42.5,3.71,-5.47,-3.9,-5.66,-4.14,,,2020,10.1039/d0ta11203h,"OPV-DB (Qiu, J., Zenodo, 2026, doi:10.5281/zenodo.20841543)"
PDCBT-Cl,IDIC,CCCCCCCCC(CCCCCC)CCOC(=O)c1csc(-c2cc(C(=O)OCCC(CCCCCC)CCCCCCCC)c(-c3ccc(-c4sccc4Cl)s3)s2)c1,CCCCCCC1(CCCCCC)c2cc3c(cc2-c2sc(/C=C4\C(=O)c5ccccc5C4=C(C#N)C#N)cc21)C(CCCCCC)(CCCCCC)c1cc(/C=C2\C(=O)c4ccccc4C2=C(C#N)C#N)sc1-3,0.95,15.2,65.8,9.44,-5.34,-3.01,-5.69,-3.91,,,2020,10.1016/j.joule.2020.04.014,"OPV-DB (Qiu, J., Zenodo, 2026, doi:10.5281/zenodo.20841543)"
PffBT4T-4T2FC-9/1,PC61BM,CCCCCCCCCCC(CCCCCCCC)Cc1csc(-c2c(F)c(F)c(-c3cc(CC(CCCCCCCC)CCCCCCCCCC)c(-c4ccc(-c5ccc(-c6cc(C(=O)OCC(CCCCCC)CCCCCCCC)c(-c7cc(F)c(-c8sc(-c9sc(-c%10ccc(-c%11cccs%11)s%10)cc9C(=O)OCC(CCCCCC)CCCCCCCC)cc8F)s7)s6)s5)s4)s3)c3nsnc23)c1,COC(=O)CCCC1(c2ccccc2)C23c4c5c6c7c8c9c(c%10c%11c2c2c%12c4c4c%13c5c5c7c7c8c8c%14c9c%10c9c%10c%11c2c2c%11c%12c4c4c%12c%13c5c5c7c7c8c8c%14c9c9c%10c2c2c%11c4c4c%12c5c7c5c8c9c2c45)C613,0.74,19.4,66.2,9.5,-5.42,-3.77,-6.1,-3.7,,,2020,10.1016/j.dyepig.2020.109023,"OPV-DB (Qiu, J., Zenodo, 2026, doi:10.5281/zenodo.20841543)"
ZR1,IDIC-4Cl,CCc1ccc(-c2c3sc4cc(-c5cc(CC)c(-c6ccc(/C=C7/SC(=S)N(CC)C7=O)s6)s5)sc4c3c(-c3ccc(CC)s3)c3sc4cc(-c5cc(CC)c(-c6ccc(/C=C7/SC(=S)N(CC)C7=O)s6)s5)sc4c23)s1,CCCCCCCCC1(CCCCCCCC)c2cc3c(cc2-c2sc(/C=C4\C(=O)c5cc(Cl)c(Cl)cc5C4=C(C#N)C#N)cc21)C(CCCCCCCC)(CCCCCCCC)c1cc(/C=C2\C(=O)c4cc(Cl)c(Cl)cc4C2=C(C#N)C#N)sc1-3,0.776,18.27,67.96,9.64,-5.32,-3.53,-5.9,-4.04,,,2020,10.1016/j.jechem.2020.04.041,"OPV-DB (Qiu, J., Zenodo, 2026, doi:10.5281/zenodo.20841543)"
PM6,ICIF2F,CCCCC(CC)Cc1sc(-c2c3cc(-c4ccc(-c5sc(-c6cccs6)c6c5C(=O)c5c(CC(CC)CCCC)sc(CC(CC)CCCC)c5C6=O)s4)sc3c(-c3cc(F)c(CC(CC)CCCC)s3)c3ccsc23)cc1F,CCOC(=O)c1sc2c(/C=C3\C(=O)c4cc(F)c(F)cc4C3=C(C#N)C#N)sc(-c3cc4c(s3)-c3cc5c(cc3C4(CC)CC)-c3sc(/C=C4\C(=O)c6ccccc6C4=C(C#N)C#N)cc3C5(CC)CC)c2c1F,0.79,19.3,61.4,9.6,-5.56,-3.65,-5.45,-4.02,,,2020,10.1039/d0tc04749j,"OPV-DB (Qiu, J., Zenodo, 2026, doi:10.5281/zenodo.20841543)"
PBDB-TF,PIDIC2T2Cl,CCCCC(CC)Cc1sc(-c2c3cc(-c4ccc(-c5sc(-c6cccs6)c6c5C(=O)c5c(CC(CC)CCCC)sc(CC(CC)CCCC)c5C6=O)s4)sc3c(-c3cc(F)c(CC(CC)CCCC)s3)c3ccsc23)cc1F,CCCCCCCCCCCCCCCCC1(CCCCCCCCCCCCCCCC)c2cc3c(cc2-c2sc(/C=C4\C(=O)c5ccccc5C4=C(C#N)C#N)cc21)C(CCCCCCCCCCCCCCCC)(CCCCCCCCCCCCCCCC)c1cc(/C=C2\C(=O)c4ccc(-c5cc(Cl)c(-c6sccc6Cl)s5)cc4C2=C(C#N)C#N)sc1-3,0.9,12.66,62.0,7.11,-5.49,-3.64,-5.67,-3.87,,,2020,10.1021/acsami.0c08442,"OPV-DB (Qiu, J., Zenodo, 2026, doi:10.5281/zenodo.20841543)"
PTzBT,ITIC,CCCCCCCCC(CCCCCC)Cc1ccsc1-c1nc2sc(-c3sc(-c4cc(CC(CCCC)CCCCCC)c(-c5nc6sc(-c7sccc7CC(CCCC)CCCCCC)nc6s5)s4)cc3CC(CCCCCC)CCCCCCCC)nc2s1,CCCCCCc1ccc(C2(c3ccc(CCCCCC)cc3)c3cc4c(cc3-c3sc5cc(C=C6C(=O)c7ccccc7C6=C(C#N)C#N)sc5c32)C(c2ccc(CCCCCC)cc2)(c2ccc(CCCCCC)cc2)c2c-4sc3cc(C=C4C(=O)c5ccccc5C4=C(C#N)C#N)sc23)cc1,0.97,11.7,61.0,7.1,-5.12,-2.76,-5.48,-3.83,,,2020,10.1021/acs.macromol.0c01787,"OPV-DB (Qiu, J., Zenodo, 2026, doi:10.5281/zenodo.20841543)"
PBnDT-FTAZ,PC71BM,CCCCCCC(CCCC)CCc1c2cc(-c3ccc(-c4c(F)c(F)c(-c5cccs5)c5nn(CC(CCCC)CCCCCC)nc45)s3)sc2c(CCC(CCCC)CCCCCC)c2ccsc12,COC(=O)CCCC1(c2ccccc2)C23c4c5ccc6c7cc8c9c%10c(cc%11cc%12c%13c%14c(cc%15c%16ccc-5c2c%16c2c5c%16c%17c(c(c46)c7c9c%17c4c%10c%11c%13c4c%16c%14c%152)C513)C%12)C8,0.75,13.7,68.0,7.0,-5.45,-3.45,-5.9,-3.9,,,2020,10.1021/acs.jpcc.0c10218,"OPV-DB (Qiu, J., Zenodo, 2026, doi:10.5281/zenodo.20841543)"
PTB7-Th,IPYT-ICF,CCCCC(CC)COC(=O)c1sc2csc(-c3cc4c(-c5ccc(CC(CC)CCCC)s5)c5sccc5c(-c5ccc(CC(CC)CCCC)s5)c4s3)c2c1F,CCCCCCCCC1(CCCCCCCC)c2cc(-c3ccc(/C=C4\C(=O)c5cc(F)c(F)cc5C4=C(C#N)C#N)s3)ccc2-c2nc3c(nc21)-c1ccc(-c2ccc(/C=C4\C(=O)c5cc(F)c(F)cc5C4=C(C#N)C#N)s2)cc1C3(CCCCCCCC)CCCCCCCC,0.76,15.54,58.9,7.0,-5.29,-3.72,-5.71,-3.53,,,2020,10.1021/acs.jpcc.0c07557,"OPV-DB (Qiu, J., Zenodo, 2026, doi:10.5281/zenodo.20841543)"
PBDB-T,H1,CCCCC(CC)Cc1ccc(-c2c3cc(-c4ccc(-c5sc(-c6cccs6)c6c5C(=O)c5c(CC(CC)CCCC)sc(CC(CC)CCCC)c5C6=O)s4)sc3c(-c3ccc(CC(CC)CCCC)s3)c3ccsc23)s1,CCN1C(=O)C2=C(c3ccc(-c4ccc5c(c4)C(=C4c6cc(-c7ccc(C8=C9C(=O)N(CC)C(c%10cccs%10)=C9C(=O)N8CC)s7)ccc6-c6ccc(-c7ccc(C8=C9C(=O)N(CC)C(c%10cccs%10)=C9C(=O)N8CC)s7)cc64)c4cc(-c6ccc(C7=C8C(=O)N(CC)C(c9cccs9)=C8C(=O)N7CC)s6)ccc4-5)s3)N(CC)C(=O)C2=C1c1cccs1,0.784,16.81,53.0,6.98,-5.33,-3.48,-5.51,-3.84,,,2020,10.1039/d0ta06907h,"OPV-DB (Qiu, J., Zenodo, 2026, doi:10.5281/zenodo.20841543)"
PE40,Y6,CCCCCCCCC(CCCCCC)Cn1nc2c(-c3cc4scc(CCCCCC)c4s3)c(F)c(F)c(-c3cc4sc(-c5cc6c(-c7ccc(OCC(CCCC)CCCCCC)cc7)c7sccc7c(-c7ccc(OCC(CCCC)CCCCCC)cc7)c6s5)c(CCCCCC)c4s3)c2n1,CCCCCCCCCCCc1c(/C=C2\C(=O)c3cc(F)c(F)cc3C2=C(C#N)C#N)sc2c1sc1c3c4nsnc4c4c5sc6c(CCCCCCCCCCC)c(/C=C7\C(=O)c8cc(F)c(F)cc8C7=C(C#N)C#N)sc6c5n(CC(CC)CCCC)c4c3n(CC(CC)CCCC)c21,0.65,21.36,51.0,7.07,-5.24,-3.25,-5.65,-4.09,,,2020,10.1021/acsami.0c07720,"OPV-DB (Qiu, J., Zenodo, 2026, doi:10.5281/zenodo.20841543)"
PBT1-C-2Cl,FOIC,CCCCCCC(CCCC)Cc1ccc(-c2c3cc(-c4sc(-c5sc(-c6cc(Cl)cs6)c6c5C(=O)c5c(CC(CC)CCCC)sc(CC(CC)CCCC)c5C6=O)cc4Cl)sc3c(-c3ccc(CC(CCCC)CCCCCC)cc3)c3ccsc23)cc1,CCCCCCc1ccc(C2(c3ccc(CCCCCC)cc3)c3c(sc4cc(C=C5C(=O)c6cc(F)ccc6C5=C(C#N)C#N)sc34)-c3sc4c5c(sc4c32)-c2sc3cc(C=C4C(=O)c6cc(F)ccc6C4=C(C#N)C#N)sc3c2C5(c2ccc(CCCCCC)cc2)c2ccc(CCCCCC)cc2)cc1,0.87,14.22,54.0,7.06,-5.59,-3.53,-5.38,-3.91,,,2020,10.1021/acsami.0c13085,"OPV-DB (Qiu, J., Zenodo, 2026, doi:10.5281/zenodo.20841543)"
PBTTBO-TVT,PC71BM,CCCCCCC(CCCC)COC(=O)c1csc2c(C(=O)OCC(CCCC)CCCCCC)c(-c3ccc(/C=C/c4cccs4)s3)sc12,COC(=O)CCCC1(c2ccccc2)C23c4c5ccc6c7cc8c9c%10c(cc%11cc%12c%13c%14c(cc%15c%16ccc-5c2c%16c2c5c%16c%17c(c(c46)c7c9c%17c4c%10c%11c%13c4c%16c%14c%152)C513)C%12)C8,0.82,12.96,66.34,7.05,-5.13,-3.3,-5.9,-3.9,,,2020,10.1016/j.dyepig.2020.108698,"OPV-DB (Qiu, J., Zenodo, 2026, doi:10.5281/zenodo.20841543)"
PCE10,BTP-4V,CCCCC(CC)COC(=O)c1sc2c(-c3cc4c(-c5ccc(CC(CC)CCCC)s5)c5sccc5c(-c5ccc(CC(CC)CCCC)s5)c4s3)scc2c1F,CCc1c(/C=C/C=C\C=C2/C(=O)c3cc(F)c(F)cc3C2=C(C#N)C#N)sc2c1sc1c3c4nsnc4c4c5sc6c(CC)c(/C=C/C=C/C=C7\C(=O)c8cc(F)c(F)cc8C7=C(C#N)C#N)sc6c5n(CC)c4c3n(CC)c21,0.67,3.61,42.7,1.03,-5.21,-3.6,-5.34,-3.94,,,2020,10.1039/d0ma01017k,"OPV-DB (Qiu, J., Zenodo, 2026, doi:10.5281/zenodo.20841543)"
P3HT,BTP-4Cl,CCCCCCc1ccsc1,CCCCCCCCCc1c(/C=C2\C(=O)c3cc(Cl)c(Cl)cc3C2=C(C#N)C#N)sc2c1sc1c3c4nsnc4c4c5sc6c(CCC)c(/C=C7\C(=O)c8cc(Cl)c(Cl)cc8C7=C(C#N)C#N)sc6c5n(CC(CCCC)CCCCCC)c4c3n(CC(CCCC)CCCCCC)c21,0.5,5.16,39.0,1.01,-5.01,-3.12,-5.66,-4.14,,,2020,10.1039/d0ee01763a,"OPV-DB (Qiu, J., Zenodo, 2026, doi:10.5281/zenodo.20841543)"
P3HT,IDT-CR,CCCCCCc1ccsc1,CCc1ccc(C2(c3ccc(CC)cc3)c3cc4c(cc3-c3sc(C5=C/C(=c6/sc(=C(C#N)C#N)n(CC)c6=O)CCC5)cc32)C(c2ccc(CC)cc2)(c2ccc(CC)cc2)c2cc(C3C=C/C(=c5/sc(=C(C#N)C#N)n(CC)c5=O)CC3)sc2-4)cc1,0.66,2.62,49.26,0.99,-5.01,-3.12,-5.34,-3.44,,,2020,10.1039/d0ta09924d,"OPV-DB (Qiu, J., Zenodo, 2026, doi:10.5281/zenodo.20841543)"
P2-2T2F,PC61BM,CCCCCCCCCCC(CCCCCCCC)Cc1csc(-c2cc(/C=C/c3cc(-c4cc(F)c(-c5sccc5F)s4)c4nsnc4c3)c(-c3cc(CC(CCCCCCCC)CCCCCCCCCC)cs3)s2)c1,COC(=O)CCCC1(c2ccccc2)C23c4c5c6c7c8c9c(c%10c%11c2c2c%12c4c4c%13c5c5c7c7c8c8c%14c9c%10c9c%10c%11c2c2c%11c%12c4c4c%12c%13c5c5c7c7c8c8c%14c9c9c%10c2c2c%11c4c4c%12c5c7c5c8c9c2c45)C613,0.8575,2.16,42.07,0.95,-5.4,-3.76,-6.1,-3.7,,,2020,10.1016/j.eurpolymj.2020.109799,"OPV-DB (Qiu, J., Zenodo, 2026, doi:10.5281/zenodo.20841543)"
PCDTBT,IT4F,CCCCCCCCC(CCCCCCCC)n1c2ccccc2c2ccc(-c3ccc(-c4ccc(-c5cccs5)c5nsnc45)s3)cc21,CCCCCCc1ccc(C2(c3ccc(CCCCCC)cc3)c3cc4c(cc3-c3sc5cc(/C=C6\C(=O)c7cc(F)c(F)cc7C6=C(C#N)C#N)sc5c32)C(c2ccc(CCCCCC)cc2)(c2ccc(CCCCCC)cc2)c2c-4sc3cc(/C=C4\C(=O)c5cc(F)c(F)cc5C4=C(C#N)C#N)sc23)cc1,0.855,3.81,28.66,0.93,-5.5,-3.6,-5.66,-4.14,,,2020,10.1021/acsaem.0c02179,"OPV-DB (Qiu, J., Zenodo, 2026, doi:10.5281/zenodo.20841543)"
P(BDTT-TTFQ),ITIC,CCCCCCc1ccc(-c2nc3c(-c4cccs4)c(F)c(F)c(-c4ccc(-c5cc6c(-c7ccc(CC(CC)CCCC)s7)c7sccc7c(-c7ccc(CC(CC)CCCC)s7)c6s5)s4)c3nc2-c2ccc(CCCCCC)s2)s1,CCCCCCc1ccc(C2(c3ccc(CCCCCC)cc3)c3cc4c(cc3-c3sc5cc(C=C6C(=O)c7ccccc7C6=C(C#N)C#N)sc5c32)C(c2ccc(CCCCCC)cc2)(c2ccc(CCCCCC)cc2)c2c-4sc3cc(C=C4C(=O)c5ccccc5C4=C(C#N)C#N)sc23)cc1,0.84,14.06,57.0,6.69,-5.34,-3.26,-5.576,-3.916,,,2020,10.1016/j.polymer.2020.122408,"OPV-DB (Qiu, J., Zenodo, 2026, doi:10.5281/zenodo.20841543)"
PBT1-C,FOIC,CCCCCCC(CCCC)Cc1ccc(-c2c3cc(-c4ccc(-c5sc(-c6cccs6)c6c5C(=O)c5c(CC(CC)CCCC)sc(CC(CC)CCCC)c5C6=O)s4)sc3c(-c3ccc(CC(CCCC)CCCCCC)cc3)c3ccsc23)cc1,CCCCCCc1ccc(C2(c3ccc(CCCCCC)cc3)c3c(sc4cc(C=C5C(=O)c6cc(F)ccc6C5=C(C#N)C#N)sc34)-c3sc4c5c(sc4c32)-c2sc3cc(C=C4C(=O)c6cc(F)ccc6C4=C(C#N)C#N)sc3c2C5(c2ccc(CCCCCC)cc2)c2ccc(CCCCCC)cc2)cc1,0.804,23.7,61.0,11.86,-5.43,-3.37,-5.38,-3.91,,,2020,10.1039/d0ee02426k,"OPV-DB (Qiu, J., Zenodo, 2026, doi:10.5281/zenodo.20841543)"
PBPD-m,IT-4F,CCCCC(CC)Cc1cccc(-c2c3cc(-c4ccc(-c5sc(-c6cccs6)c6c5C(=O)c5c(CC(CC)CCCC)sc(CC(CC)CCCC)c5C6=O)s4)sc3c(-c3cccc(CC(CC)CCCC)c3)c3ccsc23)c1,CCCCCCc1ccc(C2(c3ccc(CCCCCC)cc3)c3cc4c(cc3-c3sc5cc(/C=C6\C(=O)c7cc(F)c(F)cc7C6=C(C#N)C#N)sc5c32)C(c2ccc(CCCCCC)cc2)(c2ccc(CCCCCC)cc2)c2c-4sc3cc(/C=C4\C(=O)c5cc(F)c(F)cc5C4=C(C#N)C#N)sc23)cc1,0.88,19.76,68.7,11.95,-5.5,-3.63,-5.66,-4.14,,,2020,10.1002/marc.202000170,"OPV-DB (Qiu, J., Zenodo, 2026, doi:10.5281/zenodo.20841543)"
PTzBI-pF,Y6,CCCCCCCCN1C(=O)c2c(c(-c3sc(-c4cc5c(-c6cc(F)c(CC(CC)CCCC)s6)c6sccc6c(-c6cc(F)c(CC(CC)CCCC)s6)c5s4)cc3F)c3nn(CCC(CC)CCCC)nc3c2-c2sccc2F)C1=O,CCCCCCCCCCCc1c(/C=C2\C(=O)c3cc(F)c(F)cc3C2=C(C#N)C#N)sc2c1sc1c3c4nsnc4c4c5sc6c(CCCCCCCCCCC)c(/C=C7\C(=O)c8cc(F)c(F)cc8C7=C(C#N)C#N)sc6c5n(CC(CC)CCCC)c4c3n(CC(CC)CCCC)c21,0.8,4.88,36.5,1.4,-5.67,-3.58,-5.65,-4.09,,,2020,10.1021/acsenergylett.0c00939,"OPV-DB (Qiu, J., Zenodo, 2026, doi:10.5281/zenodo.20841543)"
PBDB-T,SM3,CCCCC(CC)Cc1ccc(-c2c3cc(-c4ccc(-c5sc(-c6cccs6)c6c5C(=O)c5c(CC(CC)CCCC)sc(CC(CC)CCCC)c5C6=O)s4)sc3c(-c3ccc(CC(CC)CCCC)s3)c3ccsc23)s1,CCCCCCCCOc1cc(-c2ccc(-c3ccc4c5c(cccc35)C(=O)N(CCCCCCCC)C4=O)s2)c(F)cc1-c1ccc(-c2ccc3c4c(cccc24)C(=O)N(CCCCCCCC)C3=O)s1,0.96,11.35,62.18,6.8,-5.33,-3.48,-5.95,-3.68,,,2020,10.1016/j.orgel.2020.106029,"OPV-DB (Qiu, J., Zenodo, 2026, doi:10.5281/zenodo.20841543)"
PDTTP-2FBT,PC71BM,CCCCCCCCCCC(CCCCCCCC)COc1cc(-c2cc3sc(-c4sc(-c5c(F)c(F)c(-c6cc(CC(CC)CCCC)cs6)c6nsnc56)cc4CC(CC)CCCC)cc3s2)c(OCC(CCCCCCCC)CCCCCCCCCC)cc1-c1cc2sccc2s1,COC(=O)CCCC1(c2ccccc2)C23c4c5ccc6c7cc8c9c%10c(cc%11cc%12c%13c%14c(cc%15c%16ccc-5c2c%16c2c5c%16c%17c(c(c46)c7c9c%17c4c%10c%11c%13c4c%16c%14c%152)C513)C%12)C8,0.68,14.83,65.7,6.79,-5.25,-3.58,-5.9,-3.9,,,2020,10.1016/j.dyepig.2020.108540,"OPV-DB (Qiu, J., Zenodo, 2026, doi:10.5281/zenodo.20841543)"
PBDTTTPD,P(NDIOD-C12T2),CCCCCCCCN1C(=O)c2csc(-c3cc4c(-c5ccc(CC(CC)CCCC)s5)c5sccc5c(-c5ccc(CC(CC)CCCC)s5)c4s3)c2C1=O,CCCCCCCCCCC(CCCCCCCC)CN1C(=O)c2ccc3c4c(c(-c5cc(Cl)c(-c6sccc6Cl)s5)cc(c24)C1=O)C(=O)N(CC(CCCCCCCC)CCCCCCCCCC)C3=O,1.04,10.15,64.0,6.76,-5.49,-3.47,-5.98,-3.82,,,2020,10.1021/acsami.0c18351,"OPV-DB (Qiu, J., Zenodo, 2026, doi:10.5281/zenodo.20841543)"
P3-4T2F,PC61BM,CCCCCCCCCCC(CCCCCCCC)Cc1csc(-c2cc(/C=C/c3cc(-c4ccc(-c5cc(F)c(-c6sccc6F)s5)s4)c4nsnc4c3-c3cccs3)c(-c3cc(CC(CCCCCCCC)CCCCCCCCCC)cs3)s2)c1,COC(=O)CCCC1(c2ccccc2)C23c4c5c6c7c8c9c(c%10c%11c2c2c%12c4c4c%13c5c5c7c7c8c8c%14c9c%10c9c%10c%11c2c2c%11c%12c4c4c%12c%13c5c5c7c7c8c8c%14c9c9c%10c2c2c%11c4c4c%12c5c7c5c8c9c2c45)C613,0.79424,13.51,60.64,6.89,-5.26,-3.57,-6.1,-3.7,,,2020,10.1016/j.eurpolymj.2020.109799,"OPV-DB (Qiu, J., Zenodo, 2026, doi:10.5281/zenodo.20841543)"
PTB7-Th,PBTI2(0DT)-FT,CCCCC(CC)COC(=O)c1sc2csc(-c3cc4c(-c5ccc(CC(CC)CCCC)s5)c5sccc5c(-c5ccc(CC(CC)CCCC)s5)c4s3)c2c1F,CCCCCCCCCCC(CCCCCCCC)Cn1c(=O)c2ccsc2c2sc3c(sc4c5sc(-c6scc(F)c6F)cc5c(=O)n(CC(CCCCCCCC)CCCCCCCCCC)c(=O)c43)c2c1=O,1.01,12.8,53.0,6.84,-5.29,-3.72,-6.13,-3.39,,,2020,10.1039/d0tc00087f,"OPV-DB (Qiu, J., Zenodo, 2026, doi:10.5281/zenodo.20841543)"
PM6,ITTBC,CCCCC(CC)Cc1sc(-c2c3cc(-c4ccc(-c5sc(-c6cccs6)c6c5C(=O)c5c(CC(CC)CCCC)sc(CC(CC)CCCC)c5C6=O)s4)sc3c(-c3cc(F)c(CC(CC)CCCC)s3)c3ccsc23)cc1F,CCCCCc1ccc(C2(c3ccc(CCCCC)cc3)c3cc4c(cc3-c3sc5cc(/C=C6/C(=C(C#N)C#N)c7ccccc7S6(=O)=O)sc5c32)C(c2ccc(CCCCC)cc2)(c2ccc(CCCCC)cc2)c2c-4sc3cc(/C=C4/C(=C(C#N)C#N)c5ccccc5S4(=O)=O)sc23)cc1,0.86,12.52,63.4,6.83,-5.56,-3.65,-5.61,-4.13,,,2020,10.1016/j.dyepig.2020.108452,"OPV-DB (Qiu, J., Zenodo, 2026, doi:10.5281/zenodo.20841543)"
P3HT,Y6-BO,CCCCCCc1ccsc1,CCCCCCCCCCCc1c(/C=C2\C(=O)c3cc(F)c(F)cc3C2=C(C#N)C#N)sc2c1sc1c3c4nsnc4c4c5sc6c(CCCCCCCCCCC)c(/C=C7\C(=O)c8cc(F)c(F)cc8C7=C(C#N)C#N)sc6c5n(CC(CCCC)CCCCCC)c4c3n(CC(CCCC)CCCCCC)c21,0.62,1.58,38.82,0.43,-5.01,-3.12,-5.65,-4.1,,,2020,10.1002/adma.202008158,"OPV-DB (Qiu, J., Zenodo, 2026, doi:10.5281/zenodo.20841543)"
PM6,PT-IDTTIC,CCCCC(CC)Cc1sc(-c2c3cc(-c4ccc(-c5sc(-c6cccs6)c6c5C(=O)c5c(CC(CC)CCCC)sc(CC(CC)CCCC)c5C6=O)s4)sc3c(-c3cc(F)c(CC(CC)CCCC)s3)c3ccsc23)cc1F,CCCCCCCCCCCCCCCCC1(CCCCCCCCCCCCCCCC)c2cc3c(cc2-c2sc4cc(/C=C5\C(=O)c6ccccc6C5=C(C#N)C#N)sc4c21)C(CCCCCCCCCCCCCCCC)(CCCCCCCCCCCCCCCC)c1c-3sc2cc(/C=C3\C(=O)c4cc(-c5cccs5)ccc4C3=C(C#N)C#N)sc12,0.97,17.96,67.0,11.69,-5.54,-3.65,-5.59,-3.86,,,2020,10.1002/aenm.202001408,"OPV-DB (Qiu, J., Zenodo, 2026, doi:10.5281/zenodo.20841543)"
PTB7-Th,DTC-T-C,CCCCC(CC)COC(=O)c1sc2csc(-c3cc4c(-c5ccc(CC(CC)CCCC)s5)c5sccc5c(-c5ccc(CC(CC)CCCC)s5)c4s3)c2c1F,CCCCCCCCC(CCCCCCCC)n1c2cc(-c3ccc(/C=C4\C(=O)c5cscc5C4=C(C#N)C#N)s3)ccc2c2ccc(-c3ccc(/C=C4\C(=O)c5cscc5C4=C(C#N)C#N)s3)cc21,0.69,2.88,35.8,0.71,-5.21,-3.6,-5.68,-4.09,,,2020,10.1016/j.orgel.2020.106026,"OPV-DB (Qiu, J., Zenodo, 2026, doi:10.5281/zenodo.20841543)"
PBDB-T-4Cl,ICPDT-4F,CCc1sc(-c2c3cc(-c4sc(-c5sc(-c6cc(Cl)c(-c7cc8c(-c9cc(Cl)c(CC)s9)c9sc(-c%10sc(-c%11sc(-c%12cc(Cl)c(-c%13cc%14c(-c%15cc(Cl)c(CC)s%15)c%15sc(-c%16sc(-c%17sc(-c%18cc(Cl)cs%18)c%18c%17C(=O)c%17c(CC)sc(CC)c%17C%18=O)cc%16Cl)cc%15c(-c%15cc(Cl)c(CC)s%15)c%14s%13)s%12)c%12c%11C(=O)c%11c(CC)sc(CC)c%11C%12=O)cc%10Cl)cc9c(-c9cc(Cl)c(CC)s9)c8s7)s6)c6c5C(=O)c5c(CC)sc(CC)c5C6=O)cc4Cl)sc3c(-c3cc(Cl)c(CC)s3)c3ccsc23)cc1Cl,CCc1ccc(C2(c3ccc(CC)cc3)c3cc4c(cc3-c3sc5c(c32)C(CC)(CC)c2cc(/C=C3\C(=O)c6cc(F)c(F)cc6C3=C(C#N)C#N)sc2-5)C(c2ccc(CC)cc2)(c2ccc(CC)cc2)c2c-4sc3c2C(CC)(CC)c2cc(/C=C4\C(=O)c5cc(F)c(F)cc5C4=C(C#N)C#N)sc2-3)cc1,0.91,2.36,48.4,1.04,-5.38,-3.47,-5.33,-3.91,,,2020,10.1021/acs.jpcc.0c09663,"OPV-DB (Qiu, J., Zenodo, 2026, doi:10.5281/zenodo.20841543)"
BT-2,PC61BM,CCCCCCc1ccc(C2(c3ccc(CCCCCC)cc3)c3cc4c(cc3-c3sc(-c5ccc(/C=C6/SC(=O)N(CC)C6=O)c6nsnc56)cc32)C(c2ccc(CCCCCC)cc2)(c2ccc(CCCCCC)cc2)c2cc(-c3ccc(/C=C5/SC(=O)N(CC)C5=O)c5nsnc35)sc2-4)cc1,COC(=O)CCCC1(c2ccccc2)C23c4c5c6c7c8c9c(c%10c%11c2c2c%12c4c4c%13c5c5c7c7c8c8c%14c9c%10c9c%10c%11c2c2c%11c%12c4c4c%12c%13c5c5c7c7c8c8c%14c9c9c%10c2c2c%11c4c4c%12c5c7c5c8c9c2c45)C613,1.03,2.68,24.0,0.67,-5.5,-3.53,-6.1,-3.7,,,2020,10.1039/d0nj02239j,"OPV-DB (Qiu, J., Zenodo, 2026, doi:10.5281/zenodo.20841543)"
PTB7-Th,SSTI,CCCCC(CC)COC(=O)c1sc2csc(-c3cc4c(-c5ccc(CC(CC)CCCC)s5)c5sccc5c(-c5ccc(CC(CC)CCCC)s5)c4s3)c2c1F,CCCCCCCCCCC(CCCCCCCC)Cc1cc(-c2c3c(c(-c4cc(CC(CCCCCCCC)CCCCCCCCCC)c(/C=C5\C(=O)c6ccccc6C5=C(C#N)C#N)s4)c4nsnc24)N=S=N3)sc1/C=C1\C(=O)c2ccccc2C1=C(C#N)C#N,0.22,0.53,43.0,0.05,-5.21,-3.6,-5.71,-4.24,,,2020,10.1002/solr.202000286,"OPV-DB (Qiu, J., Zenodo, 2026, doi:10.5281/zenodo.20841543)"
J61,P-1T,CCCCCCCCCCCCSc1ccc(-c2c3cc(-c4ccc(-c5c(F)c(F)c(-c6cccs6)c6nn(CC(CCCCCC)CCCCCCCC)nc56)s4)sc3c(-c3ccc(SCCCCCCCCCCCC)s3)c3ccsc23)s1,CCCCCCCCc1cc(-c2c3cc(-c4ccc(-c5c(F)c(F)cc6nsnc56)s4)sc3c(-c3cc(CCCCCCCC)c(CCCCCCCC)s3)c3ccsc23)sc1CCCCCCCC,0.89,4.57,30.27,1.23,-5.3,-3.15,-5.46,-3.78,,,2020,10.1039/d0ta07833f,"OPV-DB (Qiu, J., Zenodo, 2026, doi:10.5281/zenodo.20841543)"
PTB7-th,diPDI,CCCCC(CC)COC(=O)c1sc2csc(-c3cc4c(-c5ccc(CC(CC)CCCC)s5)c5sccc5c(-c5ccc(CC(CC)CCCC)s5)c4s3)c2c1F,CCCCCC(CCCCC)N1C(=O)c2ccc3c4ccc5c6c(ccc(c7ccc(c2c37)C1=O)c64)C(=O)N(C(CCCCC)CCCCC)C5=O,0.67,4.1,47.0,1.2,-5.21,-3.6,-6.1,-3.86,,,2020,10.1021/acsomega.0c01217,"OPV-DB (Qiu, J., Zenodo, 2026, doi:10.5281/zenodo.20841543)"
D18,IEICO-4Cl,CCCCCCC(CCCC)Cc1csc(-c2cc3c4nsnc4c4cc(-c5cc(CC(CCCC)CCCCCC)c(-c6cc7c(-c8cc(F)c(CC(CC)CCCC)s8)c8sccc8c(-c8cc(F)c(CC(CC)CCCC)s8)c7s6)s5)sc4c3s2)c1,CCCCCCc1ccc(C2(c3ccc(CCCCCC)cc3)c3cc4c(cc3-c3sc(-c5sc(/C=C6\C(=O)c7cc(Cl)c(Cl)cc7C6=C(C#N)C#N)cc5OCC(CC)CCCC)cc32)C(c2ccc(CCCCCC)cc2)(c2ccc(CCCCCC)cc2)c2cc(-c3sc(/C=C5\C(=O)c6cc(Cl)c(Cl)cc6C5=C(C#N)C#N)cc3OCC(CC)CCCC)sc2-4)cc1,0.796,3.45,49.1,1.42,-5.51,-2.77,-5.56,-4.23,,,2020,10.1002/adma.202005386,"OPV-DB (Qiu, J., Zenodo, 2026, doi:10.5281/zenodo.20841543)"
PBDB-T,BCDT-4Cl,CCCCC(CC)Cc1ccc(-c2c3cc(-c4ccc(-c5sc(-c6cccs6)c6c5C(=O)c5c(CC(CC)CCCC)sc(CC(CC)CCCC)c5C6=O)s4)sc3c(-c3ccc(CC(CC)CCCC)s3)c3ccsc23)s1,CCCCC(CC)COc1c(OCC(CC)CCCC)c(-c2cc3c(s2)-c2sc(/C=C4\C(=O)c5cc(Cl)c(Cl)cc5C4=C(C#N)C#N)cc2C3(CC(CC)CCCC)CC(CC)CCCC)c2nsnc2c1-c1cc2c(s1)-c1sc(/C=C3\C(=O)c4cc(Cl)c(Cl)cc4C3=C(C#N)C#N)cc1C2(CC(CC)CCCC)CC(CC)CCCC,0.76,23.77,67.0,12.1,-5.33,-3.48,-5.47,-3.88,,,2020,10.1021/acsami.0c00837,"OPV-DB (Qiu, J., Zenodo, 2026, doi:10.5281/zenodo.20841543)"
DRCN5T,IT-4F,CCCCCCCCc1cc(/C=c2\sc(=C(C#N)C#N)n(CC)c2=O)sc1-c1cc(CCCCCCCC)c(-c2ccc(-c3sc(-c4sc(/C=c5\sc(=C(C#N)C#N)n(CC)c5=O)cc4CCCCCCCC)cc3CCCCCCCC)s2)s1,CCCCCCc1ccc(C2(c3ccc(CCCCCC)cc3)c3cc4c(cc3-c3sc5cc(/C=C6\C(=O)c7cc(F)c(F)cc7C6=C(C#N)C#N)sc5c32)C(c2ccc(CCCCCC)cc2)(c2ccc(CCCCCC)cc2)c2c-4sc3cc(/C=C4\C(=O)c5cc(F)c(F)cc5C4=C(C#N)C#N)sc23)cc1,0.8,15.2,62.0,7.5,-5.22,-3.41,-5.66,-4.14,,,2020,10.1021/acsami.0c14922,"OPV-DB (Qiu, J., Zenodo, 2026, doi:10.5281/zenodo.20841543)"
P(TDPPPy-T)-reg,PC71BM,CCCCCCCCC(CCCCCC)CN1C=C2C(=O)N(CC(CCCCCC)CCCCCCCC)C(c3ccc(-c4ccc(-c5ccc(C6=C7C(=O)N(CC(CCCCCC)CCCCCCCC)C(c8ccc(-c9ccc(-c%10cccs%10)s9)s8)=C7C(=O)N6CC(CCCCCC)CCCCCCCC)nc5)s4)cn3)=C2C1=O,COC(=O)CCCC1(c2ccccc2)C23c4c5ccc6c7cc8c9c%10c(cc%11cc%12c%13c%14c(cc%15c%16ccc-5c2c%16c2c5c%16c%17c(c(c46)c7c9c%17c4c%10c%11c%13c4c%16c%14c%152)C513)C%12)C8,0.88,11.9,63.0,6.6,-5.19,-3.2,-5.9,-3.9,,,2020,10.1021/acs.macromol.0c01655,"OPV-DB (Qiu, J., Zenodo, 2026, doi:10.5281/zenodo.20841543)"
PTDO-BZ,ITIC,CCCCCCCCCCCCc1ccc(-c2c3ccsc3c(-c3ccc(CCCCCCCCCCCC)s3)c3cc(-c4ccc(-c5c(F)c(F)c(-c6cccs6)c6nn(CC(CCCCCC)CCCCCCCC)nc56)s4)oc23)s1,CCCCCCc1ccc(C2(c3ccc(CCCCCC)cc3)c3cc4c(cc3-c3sc5cc(C=C6C(=O)c7ccccc7C6=C(C#N)C#N)sc5c32)C(c2ccc(CCCCCC)cc2)(c2ccc(CCCCCC)cc2)c2c-4sc3cc(C=C4C(=O)c5ccccc5C4=C(C#N)C#N)sc23)cc1,0.72,16.72,54.94,6.59,-5.26,-3.73,-5.576,-3.916,,,2020,10.1016/j.dyepig.2020.108775,"OPV-DB (Qiu, J., Zenodo, 2026, doi:10.5281/zenodo.20841543)"
PTB7-Th,AOT3,CCCCC(CC)COC(=O)c1sc2csc(-c3cc4c(-c5ccc(CC(CC)CCCC)s5)c5sccc5c(-c5ccc(CC(CC)CCCC)s5)c4s3)c2c1F,CCCCC(CC)COc1cc(-c2sc(-c3cc(OCC(CC)CCCC)c(/C=C4\C(=O)c5cc(F)c(F)cc5C4=C(C#N)C#N)s3)c(OCC(CC)CCCC)c2OCC(CC)CCCC)sc1/C=C1\C(=O)c2cc(F)c(F)cc2C1=C(C#N)C#N,0.62,17.63,59.0,6.59,-5.21,-3.6,-5.37,-3.95,,,2020,10.1021/acsaem.0c02719,"OPV-DB (Qiu, J., Zenodo, 2026, doi:10.5281/zenodo.20841543)"
PTB7-Th,ITIC,CC(CC)CCCC(=O)OCC1=C(SC(=C1)C2=CC3=C(S2)C(=O)C4=C(C3=O)C5=CC(=CC(=C5S4)F)C(CC)CCCC)C(=O)OCCCC(CC)C,CCCCCCc1ccc(C2(c3ccc(CCCCCC)cc3)c3cc4c(cc3-c3sc5cc(C=C6C(=O)c7ccccc7C6=C(C#N)C#N)sc5c32)C(c2ccc(CCCCCC)cc2)(c2ccc(CCCCCC)cc2)c2c-4sc3cc(C=C4C(=O)c5ccccc5C4=C(C#N)C#N)sc23)cc1,0.81,14.31,57.0,6.59,-5.24,-3.64,-5.48,-3.83,,,2020,10.1021/acsaem.0c01247,"OPV-DB (Qiu, J., Zenodo, 2026, doi:10.5281/zenodo.20841543)"
P-EH,P(NDI2OD-T2),CCCCCCCCc1csc2cc(-c3sc(-c4cc5sc(-c6cc7c(-c8ccc(CC(CC)CCCC)s8)c8sccc8c(-c8ccc(CC(CC)CCCC)s8)c7s6)c(CCCCCCCC)c5s4)c4c3C(=O)N(CC(CCCCCC)CCCCCCCC)C4=O)sc12,CCCCCCCCCCC(CCCCCCCC)CN1C(=O)c2ccc3c4c(c(-c5ccc(-c6cccs6)s5)cc(c24)C1=O)C(=O)N(C(CCCCCCCC)CCCCCCCCCC)C3=O,0.94,12.37,64.0,7.47,-5.35,-3.48,-5.49,-4.05,,,2020,10.1021/acs.chemmater.0c00783,"OPV-DB (Qiu, J., Zenodo, 2026, doi:10.5281/zenodo.20841543)"
PBDTT-TQxT,ITIC,CCCCCCOc1cccc(-c2nc3c(-c4cccs4)c(F)c(F)c(-c4ccc(-c5cc6c(-c7ccc(CC(CC)CCCC)s7)c7sccc7c(-c7ccc(CC(CC)CCCC)s7)c6s5)s4)c3nc2-c2cccc(OCCCCCC)c2)c1,CCCCCCc1ccc(C2(c3ccc(CCCCCC)cc3)c3cc4c(cc3-c3sc5cc(C=C6C(=O)c7ccccc7C6=C(C#N)C#N)sc5c32)C(c2ccc(CCCCCC)cc2)(c2ccc(CCCCCC)cc2)c2c-4sc3cc(C=C4C(=O)c5ccccc5C4=C(C#N)C#N)sc23)cc1,0.84,13.57,65.0,7.45,-5.46,-3.35,-5.576,-3.916,,,2020,10.1016/j.dyepig.2020.108577,"OPV-DB (Qiu, J., Zenodo, 2026, doi:10.5281/zenodo.20841543)"
PBDT-AFBT,ITOIC-2F,CCCCCCCCC(CCCCCC)COc1c(F)c(-c2cccs2)c2nsnc2c1-c1ccc(-c2cc3c(-c4ccc(CC(CC)CCCC)s4)c4sccc4c(-c4ccc(CC(CC)CCCC)s4)c3s2)s1,CCCCCCOc1c(/C=C2\C(=O)c3cc(F)c(F)cc3C2=C(C#N)C#N)sc(-c2cc3c(s2)-c2cc4c(cc2C3(c2ccc(CCCCCC)cc2)c2ccc(CCCCCC)cc2)-c2sc(-c3sc(/C=C5\C(=O)c6cc(F)c(F)cc6C5=C(C#N)C#N)c(OCCCCCC)c3OCCCCCC)cc2C4(c2ccc(CCCCCC)cc2)c2ccc(CCCCCC)cc2)c1OCCCCCC,0.869,20.72,62.94,11.34,-5.35,-3.56,-5.52,-3.9,,,2020,10.1021/acsami.0c17571,"OPV-DB (Qiu, J., Zenodo, 2026, doi:10.5281/zenodo.20841543)"
PJ-50,IT-4F,CCCCCCCCC(CCCCCC)Cn1nc2c(-c3ccc(-c4cc5c(-c6cc(Cl)c(CC(CC)CCCC)s6)c6sccc6c(-c6cc(Cl)c(CC(CC)CCCC)s6)c5s4)s3)c(F)c(F)c(-c3ccc(-c4cc5c(-c6cc(Cl)c(CC(CC)CCCC)s6)c6sc(-c7ccc(-c8sc(-c9cccs9)c9c8C(=O)c8c(CC(CC)CCCC)sc(CC(CC)CCCC)c8C9=O)s7)cc6c(-c6cc(Cl)c(CC(CC)CCCC)s6)c5s4)s3)c2n1,CCCCCCc1ccc(C2(c3ccc(CCCCCC)cc3)c3cc4c(cc3-c3sc5cc(/C=C6\C(=O)c7cc(F)c(F)cc7C6=C(C#N)C#N)sc5c32)C(c2ccc(CCCCCC)cc2)(c2ccc(CCCCCC)cc2)c2c-4sc3cc(/C=C4\C(=O)c5cc(F)c(F)cc5C4=C(C#N)C#N)sc23)cc1,0.86,19.68,67.0,11.34,-5.5,-3.59,-5.66,-4.14,,,2020,10.1021/acsami.0c22946,"OPV-DB (Qiu, J., Zenodo, 2026, doi:10.5281/zenodo.20841543)"
PM6,2FIFIC,CCCCC(CC)Cc1sc(-c2c3cc(-c4ccc(-c5sc(-c6cccs6)c6c5C(=O)c5c(CC(CC)CCCC)sc(CC(CC)CCCC)c5C6=O)s4)sc3c(-c3cc(F)c(CC(CC)CCCC)s3)c3ccsc23)cc1F,CCOC(=O)c1sc2c(/C=C3\C(=O)c4ccccc4C3=C(C#N)C#N)sc(-c3cc4c(s3)-c3cc5c(cc3C4(CC)CC)-c3sc(/C=C4\C(=O)c6cc(F)c(F)cc6C4=C(C#N)C#N)cc3C5(CC)CC)c2c1F,0.8,22.4,61.5,11.34,-5.56,-3.65,-5.45,-3.97,,,2020,10.1039/d0tc04749j,"OPV-DB (Qiu, J., Zenodo, 2026, doi:10.5281/zenodo.20841543)"
PBDB-T,F-M,CCCCC(CC)Cc1ccc(-c2c3cc(-c4ccc(-c5sc(-c6cccs6)c6c5C(=O)c5c(CC(CC)CCCC)sc(CC(CC)CCCC)c5C6=O)s4)sc3c(-c3ccc(CC(CC)CCCC)s3)c3ccsc23)s1,CCCCCCCCC1(CCCCCCCC)c2cc3c(cc2-c2cc4c(cc21)-c1sc(/C=C2\C(=O)c5cc(C)ccc5C2=C(C#N)C#N)cc1C4(CCCCCCCC)CCCCCCCC)C(CCCCCCCC)(CCCCCCCC)c1cc(/C=C2\C(=O)c4cc(C)ccc4C2=C(C#N)C#N)sc1-3,0.99,15.7,73.1,11.3,-5.33,-3.48,-5.42,-3.7,,,2020,10.1021/acsenergylett.0c02077,"OPV-DB (Qiu, J., Zenodo, 2026, doi:10.5281/zenodo.20841543)"
PBDB-T,IT-4F,CCCCC(CC)Cc1ccc(-c2c3cc(-c4ccc(-c5sc(-c6cccs6)c6c5C(=O)c5c(CC(CC)CCCC)sc(CC(CC)CCCC)c5C6=O)s4)sc3c(-c3ccc(CC(CC)CCCC)s3)c3ccsc23)s1,CCCCCCc1ccc(C2(c3ccc(CCCCCC)cc3)c3cc4c(cc3-c3sc5cc(/C=C6\C(=O)c7cc(F)c(F)cc7C6=C(C#N)C#N)sc5c32)C(c2ccc(CCCCCC)cc2)(c2ccc(CCCCCC)cc2)c2c-4sc3cc(/C=C4\C(=O)c5cc(F)c(F)cc5C4=C(C#N)C#N)sc23)cc1,0.81,20.5,67.3,11.2,-5.33,-3.48,-5.66,-4.14,,,2020,10.1002/solr.202000223,"OPV-DB (Qiu, J., Zenodo, 2026, doi:10.5281/zenodo.20841543)"
L1,IBCT,CCc1csc(-c2cc3oc(=O)c4cc(-c5cc(CC)c(-c6cc7c(-c8ccc(CC)s8)c8sc(-c9sc(-c%10cc%11oc(=O)c%12cc(-c%13cc(CC)c(-c%14cc%15c(-c%16ccc(CC)s%16)c%16sc(-c%17sc(-c%18cc%19oc(=O)c%20cc(-c%21cc(CC)c(-c%22cc%23c(-c%24ccc(CC)s%24)c%24sccc%24c(-c%24ccc(CC)s%24)c%23s%22)s%21)sc%20c%19s%18)cc%17CC)cc%16c(-c%16ccc(CC)s%16)c%15s%14)s%13)sc%12c%11s%10)cc9CC)cc8c(-c8ccc(CC)s8)c7s6)s5)sc4c3s2)c1,CCC1(CC)c2cc3c(cc2-c2sc(/C=C4\C(=O)c5c(sc6ccccc56)C4=C(C#N)C#N)cc21)C(CC)(CC)c1cc(/C=C2\C(=O)c4c(sc5ccccc45)C2=C(C#N)C#N)sc1-3,1.02,15.07,73.5,11.26,-5.45,-2.79,-5.5,-3.7,,,2020,10.1039/d0ta02427a,"OPV-DB (Qiu, J., Zenodo, 2026, doi:10.5281/zenodo.20841543)"
PBDTS,Y6,CCCCC(CC)CSc1ccc(-c2c3cc(-c4cc5c(-c6ccc(CC(CC)CCCC)s6)c6sccc6c(-c6ccc(CC(CC)CCCC)s6)c5s4)sc3c(-c3ccc(SCC(CC)CCCC)s3)c3ccsc23)s1,CCCCCCCCCCCc1c(/C=C2\C(=O)c3cc(F)c(F)cc3C2=C(C#N)C#N)sc2c1sc1c3c4nsnc4c4c5sc6c(CCCCCCCCCCC)c(/C=C7\C(=O)c8cc(F)c(F)cc8C7=C(C#N)C#N)sc6c5n(CC(CC)CCCC)c4c3n(CC(CC)CCCC)c21,0.81,21.17,65.6,11.25,-5.52,-3.38,-5.65,-4.09,,,2020,10.1002/chem.202000951,"OPV-DB (Qiu, J., Zenodo, 2026, doi:10.5281/zenodo.20841543)"
PMT49,ITIC,CCCCCCCCc1csc2cc(-c3sc(-c4cc5sc(-c6cc7c(-c8cc(C)c(CC(CC)CCCC)s8)c8sccc8c(-c8cc(C)c(CC(CC)CCCC)s8)c7s6)c(CCCCCCCC)c5s4)c4c3C(=O)N(CC(CCCCCC)CCCCCCCC)C4=O)sc12,CCCCCCc1ccc(C2(c3ccc(CCCCCC)cc3)c3cc4c(cc3-c3sc5cc(C=C6C(=O)c7ccccc7C6=C(C#N)C#N)sc5c32)C(c2ccc(CCCCCC)cc2)(c2ccc(CCCCCC)cc2)c2c-4sc3cc(C=C4C(=O)c5ccccc5C4=C(C#N)C#N)sc23)cc1,0.97,18.52,67.4,12.1,-5.35,-3.47,-5.576,-3.916,,,2020,10.1039/d0tc02032j,"OPV-DB (Qiu, J., Zenodo, 2026, doi:10.5281/zenodo.20841543)"
PM6,PIDIC2TCl,CCCCC(CC)Cc1sc(-c2c3cc(-c4ccc(-c5sc(-c6cccs6)c6c5C(=O)c5c(CC(CC)CCCC)sc(CC(CC)CCCC)c5C6=O)s4)sc3c(-c3cc(F)c(CC(CC)CCCC)s3)c3ccsc23)cc1F,CCCCCCCCCCCCCCCCC1(CCCCCCCCCCCCCCCC)c2cc3c(cc2-c2sc(/C=C4\C(=O)c5ccccc5C4=C(C#N)C#N)cc21)C(CCCCCCCCCCCCCCCC)(CCCCCCCCCCCCCCCC)c1cc(/C=C2\C(=O)c4cc(-c5cc(Cl)c(-c6sccc6Cl)s5)ccc4C2=C(C#N)C#N)sc1-3,0.89,12.49,61.0,7.05,-5.5,-3.61,-5.67,-3.87,,,2020,10.1021/acsami.0c08442,"OPV-DB (Qiu, J., Zenodo, 2026, doi:10.5281/zenodo.20841543)"
PffBX-2,PC71BM,CCCCCCC(CCCC)Cc1cc(-c2c(F)c(F)cc3nonc23)sc1-c1sccc1OC(CCC)CCCCC,COC(=O)CCCC1(c2ccccc2)C23c4c5ccc6c7cc8c9c%10c(cc%11cc%12c%13c%14c(cc%15c%16ccc-5c2c%16c2c5c%16c%17c(c(c46)c7c9c%17c4c%10c%11c%13c4c%16c%14c%152)C513)C%12)C8,0.74,13.03,57.1,5.42,-5.41,-3.95,-5.9,-3.9,,,2020,10.1039/d0nj01006e,"OPV-DB (Qiu, J., Zenodo, 2026, doi:10.5281/zenodo.20841543)"
PM6,TSeIC4Cl,CCCCC(CC)Cc1sc(-c2c3cc(-c4ccc(-c5sc(-c6cccs6)c6c5C(=O)c5c(CC(CC)CCCC)sc(CC(CC)CCCC)c5C6=O)s4)sc3c(-c3cc(F)c(CC(CC)CCCC)s3)c3ccsc23)cc1F,*/C(C#N)=C1C(=C\c2cc3sc4c(c3[se]2)C(c2ccc(CCCCCC)cc2)(c2ccc(CCCCCC)cc2)c2cc3c(cc2-4)C(c2ccc(CCCCCC)cc2)(c2ccc(CCCCCC)cc2)c2c-3sc3cc(/C=C4\C(=O)c5cc(Cl)c(Cl)cc5C4=C(C#N)C#N)[se]c23)\C(=O)c2cc(Cl)c(Cl)cc2\1,0.74,20.92,71.7,11.13,-5.56,-3.65,-5.75,-3.99,,,2020,10.1002/solr.202000212,"OPV-DB (Qiu, J., Zenodo, 2026, doi:10.5281/zenodo.20841543)"
PBDB-T,P(BDT2BOY5-Cl),CCCCC(CC)Cc1ccc(-c2c3cc(-c4ccc(-c5sc(-c6cccs6)c6c5C(=O)c5c(CC(CC)CCCC)sc(CC(CC)CCCC)c5C6=O)s4)sc3c(-c3ccc(CC(CC)CCCC)s3)c3ccsc23)s1,CCCCCCCCCCCc1c(/C=C2\C(=O)c3ccccc3C2=C(C#N)C#N)sc2c1sc1c3c4nsnc4c4c5sc6c(CCCCCCCCCCC)c(/C=C7\C(=O)c8cc(-c9cc%10c(-c%11cc(Cl)c(CC(CC)CCCC)s%11)c%11sccc%11c(-c%11cc(Cl)c(CC(CC)CCCC)s%11)c%10s9)ccc8C7=C(C#N)C#N)sc6c5n(CC(CCCC)CCCCCC)c4c3n(CC(CCCC)CCCCCC)c21,0.92,18.72,63.0,11.12,-5.33,-3.48,-5.62,-4.18,,,2020,10.1002/aenm.202003367,"OPV-DB (Qiu, J., Zenodo, 2026, doi:10.5281/zenodo.20841543)"
PBDBT-2,PC71BM,CCCCCCc1csc(-c2ccc(-c3cc(CCCCCC)c(-c4cc5c(-c6cc(Cl)c(CC(CC)CCCC)s6)c6sccc6c(-c6cc(Cl)c(CC(CC)CCCC)s6)c5s4)s3)c3nsnc23)c1,COC(=O)CCCC1(c2ccccc2)C23c4c5ccc6c7cc8c9c%10c(cc%11cc%12c%13c%14c(cc%15c%16ccc-5c2c%16c2c5c%16c%17c(c(c46)c7c9c%17c4c%10c%11c%13c4c%16c%14c%152)C513)C%12)C8,0.76,11.88,58.3,5.26,-5.16,-3.57,-5.9,-3.9,,,2020,10.1016/j.synthmet.2020.116509,"OPV-DB (Qiu, J., Zenodo, 2026, doi:10.5281/zenodo.20841543)"
PBDB-T,PIDIC2TCl,CCCCC(CC)Cc1ccc(-c2c3cc(-c4ccc(-c5sc(-c6cccs6)c6c5C(=O)c5c(CC(CC)CCCC)sc(CC(CC)CCCC)c5C6=O)s4)sc3c(-c3ccc(CC(CC)CCCC)s3)c3ccsc23)s1,CCCCCCCCCCCCCCCCC1(CCCCCCCCCCCCCCCC)c2cc3c(cc2-c2sc(/C=C4\C(=O)c5ccccc5C4=C(C#N)C#N)cc21)C(CCCCCCCCCCCCCCCC)(CCCCCCCCCCCCCCCC)c1cc(/C=C2\C(=O)c4cc(-c5cc(Cl)c(-c6sccc6Cl)s5)ccc4C2=C(C#N)C#N)sc1-3,0.81,10.65,59.0,5.26,-5.33,-2.92,-5.67,-3.87,,,2020,10.1021/acsami.0c08442,"OPV-DB (Qiu, J., Zenodo, 2026, doi:10.5281/zenodo.20841543)"
J71,PNDIBSF,CCCCCCCCC(CCCCCC)Cn1nc2c(-c3cccs3)c(F)c(F)c(-c3ccc(-c4cc5c(-c6ccc([Si](CCC)(CCC)CCC)s6)c6sccc6c(-c6ccc([Si](CCC)(CCC)CCC)s6)c5s4)s3)c2n1,CCCCCCCCCCC(CCCCCCCC)CN1C(=O)c2ccc3c4c(c(-c5cc(F)c(-c6[se]ccc6F)[se]5)cc(c24)C1=O)C(=O)N(CC(CCCCCCCC)CCCCCCCCCC)C3=O,0.8,11.49,58.75,5.2,-5.4,-3.24,-5.83,-3.92,,,2020,10.1016/j.dyepig.2020.108721,"OPV-DB (Qiu, J., Zenodo, 2026, doi:10.5281/zenodo.20841543)"
PTB7-Th,EH-IDTBR,CCCCC(CC)COC(=O)c1sc2csc(-c3cc4c(-c5ccc(CC(CC)CCCC)s5)c5sccc5c(-c5ccc(CC(CC)CCCC)s5)c4s3)c2c1F,CCCCC(CC)CC1(CC(CC)CCCC)c2cc3c(cc2-c2sc(-c4ccc(/C=C5\SC(=S)N(CC)C5=O)c5nsnc45)cc21)C(CC(CC)CCCC)(CC(CC)CCCC)c1cc(-c2ccc(/C=C4\SC(=S)N(CC)C4=O)c4nsnc24)sc1-3,1.02,18.77,59.88,11.36,-5.21,-3.6,-5.51,-3.88,,,2020,10.1016/j.orgel.2020.105762,"OPV-DB (Qiu, J., Zenodo, 2026, doi:10.5281/zenodo.20841543)"
PBDT[2H]T,ITIC,CCCCC(CC)COc1c2cc(-c3cccs3)sc2c(OCC(CC)CCCC)c2ccsc12,CCCCCCc1ccc(C2(c3ccc(CCCCCC)cc3)c3cc4c(cc3-c3sc5cc(C=C6C(=O)c7ccccc7C6=C(C#N)C#N)sc5c32)C(c2ccc(CCCCCC)cc2)(c2ccc(CCCCCC)cc2)c2c-4sc3cc(C=C4C(=O)c5ccccc5C4=C(C#N)C#N)sc23)cc1,0.77,7.3,41.0,2.5,-5.03,-2.93,-5.576,-3.916,,,2020,10.1021/acs.jpcc.0c03282,"OPV-DB (Qiu, J., Zenodo, 2026, doi:10.5281/zenodo.20841543)"
PBDB-TF,SY3,CCCCC(CC)Cc1sc(-c2c3cc(-c4ccc(-c5sc(-c6cccs6)c6c5C(=O)c5c(CC(CC)CCCC)sc(CC(CC)CCCC)c5C6=O)s4)sc3c(-c3cc(F)c(CC(CC)CCCC)s3)c3ccsc23)cc1F,CCCCCCCCCCCc1c(/C=C2\C(=O)c3ccc(Cl)cc3C2=C(C#N)C#N)sc2c1sc1c3c4nsnc4c4c5sc6c(CCCCCCCCCCC)c(/C=C7\C(=O)c8cc(Cl)c(Cl)cc8C7=C(C#N)C#N)sc6c5n(CC(CC)CCCC)c4c3n(CC(CC)CCCC)c21,0.858,25.54,74.1,16.23,-5.49,-3.64,-5.69,-3.98,,,2020,10.1002/adfm.202000456,"OPV-DB (Qiu, J., Zenodo, 2026, doi:10.5281/zenodo.20841543)"
PTB7-Th,DTC-F-C,CCCCC(CC)COC(=O)c1sc2csc(-c3cc4c(-c5ccc(CC(CC)CCCC)s5)c5sccc5c(-c5ccc(CC(CC)CCCC)s5)c4s3)c2c1F,CCCCCCCCC(CCCCCCCC)n1c2cc(-c3ccc(/C=C4\C(=O)c5cscc5C4=C(C#N)C#N)o3)ccc2c2ccc(-c3ccc(/C=C4\C(=O)c5cscc5C4=C(C#N)C#N)o3)cc21,0.74,8.94,40.8,2.7,-5.21,-3.6,-5.66,-3.94,,,2020,10.1016/j.orgel.2020.106026,"OPV-DB (Qiu, J., Zenodo, 2026, doi:10.5281/zenodo.20841543)"
PTzBT,IT-M,CCCCCCCCC(CCCCCC)Cc1ccsc1-c1nc2sc(-c3sc(-c4cc(CC(CCCC)CCCCCC)c(-c5nc6sc(-c7sccc7CC(CCCC)CCCCCC)nc6s5)s4)cc3CC(CCCCCC)CCCCCCCC)nc2s1,CCCCCCc1ccc(C2(c3ccc(CCCCCC)cc3)c3cc4c(cc3-c3sc5cc(/C=C6\C(=O)c7ccc(C)cc7C6=C(C#N)C#N)sc5c32)C(c2ccc(CCCCCC)cc2)(c2ccc(CCCCCC)cc2)c2c-4sc3cc(/C=C4\C(=O)c5ccc(C)cc5C4=C(C#N)C#N)sc23)cc1,1.0,11.8,64.0,7.6,-5.12,-2.76,-5.514,-3.808,,,2020,10.1021/acs.macromol.0c01787,"OPV-DB (Qiu, J., Zenodo, 2026, doi:10.5281/zenodo.20841543)"
OFQx-T,PC71BM,CCCCCCCCOc1cc(-c2nc3c(-c4cccs4)c(F)c(F)c(-c4ccc(-c5cc6c(-c7ccc(CC(CC)CCCC)s7)c7sccc7c(-c7ccc(CC(CC)CCCC)s7)c6s5)s4)c3nc2-c2ccc(F)c(OCCCCCCCC)c2)ccc1F,COC(=O)CCCC1(c2ccccc2)C23c4c5ccc6c7cc8c9c%10c(cc%11cc%12c%13c%14c(cc%15c%16ccc-5c2c%16c2c5c%16c%17c(c(c46)c7c9c%17c4c%10c%11c%13c4c%16c%14c%152)C513)C%12)C8,0.86,12.26,72.0,7.59,-5.36,-3.63,-5.9,-3.9,,,2020,10.1016/j.cclet.2020.09.032,"OPV-DB (Qiu, J., Zenodo, 2026, doi:10.5281/zenodo.20841543)"
J52-Cl,TPD3,CCCCCCCCC(CCCCCC)Cn1nc2c(-c3cccs3)c(F)c(F)c(-c3ccc(-c4cc5c(-c6cc(Cl)c(CC(CC)CCCC)s6)c6sccc6c(-c6cc(Cl)c(CC(CC)CCCC)s6)c5s4)s3)c2n1,CCc1ccc(C2(c3ccc(CC)cc3)c3cc4c(cc3-c3sc(-c5sc(/C=c6/sc(=C(C#N)C#N)n(CC)c6=O)c6c5C(=O)N(CC)C6=O)cc32)C(c2ccc(CC)cc2)(c2ccc(CC)cc2)c2cc(-c3sc(/C=c5/sc(=C(C#N)C#N)n(CC)c5=O)c5c3C(=O)N(CC)C5=O)sc2-4)cc1,0.97,12.69,62.0,7.58,-5.39,-3.45,-5.65,-3.79,,,2020,10.1021/acs.jpcc.0c02111,"OPV-DB (Qiu, J., Zenodo, 2026, doi:10.5281/zenodo.20841543)"
PBNS,PC71BM,CCCCCCCCC(CCCCCC)COC1c2ccsc2C(c2ccc(-c3ccc(OCC(CC)CCCC)cc3)cc2)c2cc(-c3ccc(-c4sc(-c5cccs5)c5c4C(=O)c4cc(SCC(CC)CCCC)c(SCC(CC)CCCC)cc4C5=O)s3)sc21,COC(=O)CCCC1(c2ccccc2)C23c4c5ccc6c7cc8c9c%10c(cc%11cc%12c%13c%14c(cc%15c%16ccc-5c2c%16c2c5c%16c%17c(c(c46)c7c9c%17c4c%10c%11c%13c4c%16c%14c%152)C513)C%12)C8,0.865,12.4,70.83,7.58,-5.37,-3.63,-5.9,-3.9,,,2020,10.1016/j.polymer.2020.123184,"OPV-DB (Qiu, J., Zenodo, 2026, doi:10.5281/zenodo.20841543)"
PBDB-T,Ph-DTDPo-OT,CCCCC(CC)Cc1ccc(-c2c3cc(-c4ccc(-c5sc(-c6cccs6)c6c5C(=O)c5c(CC(CC)CCCC)sc(CC(CC)CCCC)c5C6=O)s4)sc3c(-c3ccc(CC(CC)CCCC)s3)c3ccsc23)s1,CCCCCCOc1cc(-c2cc3c(s2)-c2cc4c(cc2C(c2ccc(CCCCCC)cc2)(c2ccc(CCCCCC)cc2)O3)-c2sc(-c3cc(OCCCCCC)c(/C=C5\C(=O)c6cc(F)c(F)cc6C5=C(C#N)C#N)s3)cc2OC4(c2ccc(CCCCCC)cc2)c2ccc(CCCCCC)cc2)sc1/C=C1\C(=O)c2cc(F)c(F)cc2C1=C(C#N)C#N,0.87,15.0,58.6,7.65,-5.33,-3.48,-5.5,-3.87,,,2020,10.1039/d0ta06394k,"OPV-DB (Qiu, J., Zenodo, 2026, doi:10.5281/zenodo.20841543)"
BDTID-BDT3MT,ITIC-4F,CCCCCCC(CCCC)CN1C(=O)/C(=C2/C(=O)N(CC(CCCC)CCCCCC)c3cc(-c4cc5c(-c6ccc(CC(CC)CCCC)s6)c6sc(-c7cc(C(=O)OC)cs7)cc6c(-c6ccc(CC(CC)CCCC)s6)c5s4)ccc32)c2ccc(-c3cc4c(-c5ccc(CC(CC)CCCC)s5)c5sccc5c(-c5ccc(CC(CC)CCCC)s5)c4s3)cc21,CCCCCCc1ccc(C2(c3ccc(CCCCCC)cc3)c3cc4c(cc3-c3sc5cc(/C=C6/C(=O)c7cc(F)c(F)cc7C6=C(C#N)C#N)sc5c32)C(c2ccc(CCCCCC)cc2)(c2ccc(CCCCCC)cc2)c2c-4sc3cc(/C=C4/C(=O)c5cc(F)c(F)cc5C4=C(C#N)C#N)sc23)cc1,0.88,13.74,45.0,5.38,-5.33,-3.66,-5.82,-4.24,,,2020,10.1016/j.dyepig.2020.108391,"OPV-DB (Qiu, J., Zenodo, 2026, doi:10.5281/zenodo.20841543)"
PTQ10,BFC-4F,CCCCCCCCC(CCCCCC)COc1cnc2c(-c3cccs3)c(F)c(F)cc2n1,CCCCC(CC)CC1(CC(CC)CCCC)c2cc(/C=C3\C(=O)c4cc(F)c(F)cc4C3=C(C#N)C#N)sc2-c2sc(-c3c(F)c(F)c(-c4cc5c(s4)-c4sc(/C=C6\C(=O)c7cc(F)c(F)cc7C6=C(C#N)C#N)cc4C5(CC(CC)CCCC)CC(CC)CCCC)c4nsnc34)cc21,0.81,20.5,72.4,12.05,-5.54,-2.92,-5.54,-3.82,,,2020,10.1002/solr.202000421,"OPV-DB (Qiu, J., Zenodo, 2026, doi:10.5281/zenodo.20841543)"
PBDB-T,ITIC-4F,CCCCC(CC)Cc1ccc(-c2c3cc(-c4ccc(-c5sc(-c6cccs6)c6c5C(=O)c5c(CC(CC)CCCC)sc(CC(CC)CCCC)c5C6=O)s4)sc3c(-c3ccc(CC(CC)CCCC)s3)c3ccsc23)s1,CCCCCCc1ccc(C2(c3ccc(CCCCCC)cc3)c3cc4c(cc3-c3sc5cc(/C=C6/C(=O)c7cc(F)c(F)cc7C6=C(C#N)C#N)sc5c32)C(c2ccc(CCCCCC)cc2)(c2ccc(CCCCCC)cc2)c2c-4sc3cc(/C=C4/C(=O)c5cc(F)c(F)cc5C4=C(C#N)C#N)sc23)cc1,0.89,18.89,72.0,12.02,-5.33,-3.48,-5.82,-4.24,,,2020,10.1016/j.jmst.2020.02.054,"OPV-DB (Qiu, J., Zenodo, 2026, doi:10.5281/zenodo.20841543)"
PBDB-TF,AOIC1,CCCCC(CC)Cc1sc(-c2c3cc(-c4ccc(-c5sc(-c6cccs6)c6c5C(=O)c5c(CC(CC)CCCC)sc(CC(CC)CCCC)c5C6=O)s4)sc3c(-c3cc(F)c(CC(CC)CCCC)s3)c3ccsc23)cc1F,CCCCCCc1ccc(C2(c3ccc(CCCCCC)cc3)c3cc4c(cc3-c3sc5c(c32)C(c2ccc(CCCCCC)cc2)(c2ccc(CCCCCC)cc2)c2cc(/C=C3\C(=O)c6cc(F)c(F)cc6C3=C(C#N)C#N)sc2-5)C(c2ccc(CCCCCC)cc2)(c2ccc(CCCCCC)cc2)c2c-4sc3cc(/C=C4\C(=O)c5cc(F)c(F)cc5C4=C(C#N)C#N)sc23)cc1,0.878,21.4,63.9,12.0,-5.49,-3.64,-5.53,-3.94,,,2020,10.1021/acs.chemmater.0c04318,"OPV-DB (Qiu, J., Zenodo, 2026, doi:10.5281/zenodo.20841543)"
BDT-FPY,MeIC,CCCCCCC(CCCC)Cc1ccc(-c2c3cc(-c4sc(-c5cnc(-c6cc(CC(CC)CCCC)cs6)c(F)n5)cc4CC(CC)CCCC)sc3c(-c3ccc(CC(CCCC)CCCCCC)s3)c3ccsc23)s1,CCCCCCc1ccc(C2(c3ccc(CCCCCC)cc3)c3cc4c(cc3-c3sc5cc(/C=C6\C(=O)c7c(csc7C)C6=C(C#N)C#N)sc5c32)C(c2ccc(CCCCCC)cc2)(c2ccc(CCCCCC)cc2)c2c-4sc3cc(/C=C4\C(=O)c5c(csc5C)C4=C(C#N)C#N)sc23)cc1,0.96,17.29,73.8,12.3,-5.48,-3.7,-5.57,-3.93,,,2020,10.1039/d0ta00599a,"OPV-DB (Qiu, J., Zenodo, 2026, doi:10.5281/zenodo.20841543)"
PBDB-T,CNDTBT-C8IDT-FINCN,CCCCC(CC)Cc1ccc(-c2c3cc(-c4ccc(-c5sc(-c6cccs6)c6c5C(=O)c5c(CC(CC)CCCC)sc(CC(CC)CCCC)c5C6=O)s4)sc3c(-c3ccc(CC(CC)CCCC)s3)c3ccsc23)s1,CCCCCCCCC1(CCCCCCCC)c2cc3c(cc2-c2sc(/C=C4\C(=O)c5cc(F)c(F)cc5C4=C(C#N)C#N)cc21)C(CCCCCCCC)(CCCCCCCC)c1cc(-c2ccc(-c4c(C#N)c(C#N)c(-c5ccc(-c6cc7c(s6)-c6cc8c(cc6C7(CCCCCCCC)CCCCCCCC)-c6sc(/C=C7\C(=O)c9cc(F)c(F)cc9C7=C(C#N)C#N)cc6C8(CCCCCCCC)CCCCCCCC)s5)c5nsnc45)s2)sc1-3,0.793,22.11,70.3,12.33,-5.33,-3.48,-5.58,-3.92,,,2020,10.1021/acsami.0c13277,"OPV-DB (Qiu, J., Zenodo, 2026, doi:10.5281/zenodo.20841543)"
C8/2BO/C6,Y6,CCCCCCCCc1csc(-c2sc(-c3sc(-c4cc(CCCCCCCC)c(-c5cc6c(-c7ccc(CCCCCCCC)s7)c7sccc7c(-c7ccc(CCCCCCCC)s7)c6s5)s4)c4c3C(=O)N(CC(CCCC)CCCCCC)C4=O)c3c2C(=O)N(CC(CCCC)CCCCCC)C3=O)c1,CCCCCCCCCCCc1c(/C=C2\C(=O)c3cc(F)c(F)cc3C2=C(C#N)C#N)sc2c1sc1c3c4nsnc4c4c5sc6c(CCCCCCCCCCC)c(/C=C7\C(=O)c8cc(F)c(F)cc8C7=C(C#N)C#N)sc6c5n(CC(CC)CCCC)c4c3n(CC(CC)CCCC)c21,0.788,9.57,31.1,2.35,-5.79,-3.53,-5.65,-4.09,,,2020,10.1016/j.jpowsour.2020.229098,"OPV-DB (Qiu, J., Zenodo, 2026, doi:10.5281/zenodo.20841543)"
PM6,Y6-Se,CCCCC(CC)Cc1sc(-c2c3cc(-c4ccc(-c5sc(-c6cccs6)c6c5C(=O)c5c(CC(CC)CCCC)sc(CC(CC)CCCC)c5C6=O)s4)sc3c(-c3cc(F)c(CC(CC)CCCC)s3)c3ccsc23)cc1F,CCCCCCCCCCCc1c(/C=C2\C(=O)c3cc(F)c(F)cc3C2=C(C#N)C#N)sc2c1sc1c3c4n[se]nc4c4c5sc6c(CCCCCCCCCCC)c(/C=C7\C(=O)c8cc(F)c(F)cc8C7=C(C#N)C#N)sc6c5n(CC(CC)CCCC)c4c3n(CC(CC)CCCC)c21,0.82,25.47,75.0,16.02,-5.56,-3.65,-5.63,-3.99,,,2020,10.1039/d0ta06658c,"OPV-DB (Qiu, J., Zenodo, 2026, doi:10.5281/zenodo.20841543)"
PM6,PY-IOT,CCCCC(CC)Cc1sc(-c2c3cc(-c4ccc(-c5sc(-c6cccs6)c6c5C(=O)c5c(CC(CC)CCCC)sc(CC(CC)CCCC)c5C6=O)s4)sc3c(-c3cc(F)c(CC(CC)CCCC)s3)c3ccsc23)cc1F,CCCCCCCCCCCc1c(/C=C2\C(=O)c3ccccc3C2=C(C#N)C#N)sc2c1sc1c3c4nsnc4c4c5sc6c(CCCCCCCCCCC)c(/C=C7\C(=O)c8cc(-c9ccc(-c%10ccc%11c(c%10)C(=C(C#N)C#N)/C(=C/c%10sc%12c(sc%13c%14c%15nsnc%15c%15c%16sc%17c(CCCCCCCCCCC)c(/C=C%18\C(=O)c%19ccc(-c%20cccs%20)cc%19C%18=C(C#N)C#N)sc%17c%16n(CC(CCCCCCCC)CCCCCCCCCC)c%15c%14n(CC(CCCCCCCC)CCCCCCCCCC)c%12%13)c%10CCCCCCCCCCC)C%11=O)s9)ccc8C7=C(C#N)C#N)sc6c5n(CC(CCCCCCCC)CCCCCCCCCC)c4c3n(CC(CCCCCCCC)CCCCCCCCCC)c21,0.939,19.71,65.6,12.12,-5.56,-3.65,-5.68,-3.92,,,2020,10.1002/adma.202005942,"OPV-DB (Qiu, J., Zenodo, 2026, doi:10.5281/zenodo.20841543)"
PBB-H,IT-4F,CCc1ccc(-c2c3cc(-c4ccc(-c5nc6c(-c7ccc(CC)s7)c7sc(-c8ccc(-c9cc%10c(-c%11ccc(CC)s%11)c%11sc(-c%12ccc(-c%13nc%14c(-c%15ccc(CC)s%15)c%15sc(-c%16ccc(-c%17cc%18c(-c%19ccc(CC)s%19)c%19sc(-c%20ccc(-c%21nc%22c(-c%23ccc(CC)s%23)c%23sc(-c%24cccs%24)nc%23c(-c%23ccc(CC)s%23)c%22s%21)s%20)cc%19c(-c%19ccc(CC)s%19)c%18s%17)s%16)nc%15c(-c%15ccc(CC)s%15)c%14s%13)s%12)cc%11c(-c%11ccc(CC)s%11)c%10s9)s8)nc7c(-c7ccc(CC)s7)c6s5)s4)sc3c(-c3ccc(CC)s3)c3ccsc23)s1,CCCCCCc1ccc(C2(c3ccc(CCCCCC)cc3)c3cc4c(cc3-c3sc5cc(/C=C6\C(=O)c7cc(F)c(F)cc7C6=C(C#N)C#N)sc5c32)C(c2ccc(CCCCCC)cc2)(c2ccc(CCCCCC)cc2)c2c-4sc3cc(/C=C4\C(=O)c5cc(F)c(F)cc5C4=C(C#N)C#N)sc23)cc1,0.82,21.5,67.8,12.0,-5.47,-3.47,-5.66,-4.14,,,2020,10.1039/d0ta04734a,"OPV-DB (Qiu, J., Zenodo, 2026, doi:10.5281/zenodo.20841543)"
PBDB-TF,PT-IDTTIC,CCCCC(CC)Cc1sc(-c2c3cc(-c4ccc(-c5sc(-c6cccs6)c6c5C(=O)c5c(CC(CC)CCCC)sc(CC(CC)CCCC)c5C6=O)s4)sc3c(-c3cc(F)c(CC(CC)CCCC)s3)c3ccsc23)cc1F,CCCCCCCCCCCCCCCCCCC1(CCCCCCCCCCCCCCCCCC)c2cc3c(cc2-c2sc4cc(/C=C5\C(=O)c6ccccc6C5=C(C#N)C#N)sc4c21)C(CCCCCCCCCCCCCCCCCC)(CCCCCCCCCCCCCCCCCC)c1c-3sc2cc(/C=C3\C(=O)c4ccc(-c5cccs5)cc4C3=C(C#N)C#N)sc12,0.97,17.96,67.0,12.06,-5.49,-3.64,-5.59,-3.86,,,2020,10.1002/aenm.202001408,"OPV-DB (Qiu, J., Zenodo, 2026, doi:10.5281/zenodo.20841543)"
PBTIBDTT,4TC-4F-C8C8,CCCCCCCCCCc1ccsc1-c1cc2c(=O)n(CC(CCCCCC)CCCCCCCC)c(=O)c3cc(-c4sc(-c5cc6c(-c7ccc(CC(CC)CCCC)s7)c7sccc7c(-c7ccc(CC(CC)CCCC)s7)c6s5)cc4CCCCCCCCCC)sc3c2s1,CCCCCCCCC(CCCCCCCC)Cn1c2cc3c(cc2c2cc4c(cc21)-c1sc2cc(/C=C5\C(=O)c6cc(F)c(F)cc6C5=C(C#N)C#N)sc2c1C4(Cc1ccc(CCCCCC)cc1)Cc1ccc(CCCCCC)cc1)C(Cc1ccc(CCCCCC)cc1)(Cc1ccc(CCCCCC)cc1)c1c-3sc2cc(/C=C3\C(=O)c4cc(F)c(F)cc4C3=C(C#N)C#N)sc12,0.9,18.61,72.0,12.06,-5.47,-3.6,-5.6,-3.96,,,2020,10.1002/solr.202000359,"OPV-DB (Qiu, J., Zenodo, 2026, doi:10.5281/zenodo.20841543)"
2TRA,IEICO-4F,CCCCCCCCCCCCC(CCCCCCCCCC)Cc1cc(-c2cc(F)cc3nsnc23)sc1-c1cccs1,CCCCCCc1ccc(C2(c3ccc(CCCCCC)cc3)c3cc4c(cc3-c3sc(-c5sc(/C=C6\C(=O)c7cc(F)c(F)cc7C6=C(C#N)C#N)cc5OCC(CC)CCCC)cc32)C(c2ccc(CCCCCC)cc2)(c2ccc(CCCCCC)cc2)c2cc(-c3scc(/C=C5/C(=O)c6cc(F)c(F)cc6C5=C(C#N)C#N)c3OCC(CC)CCCC)sc2-4)cc1,0.73,23.74,70.04,12.1,-5.27,-3.65,-5.44,-4.19,,,2020,10.1016/j.orgel.2020.105874,"OPV-DB (Qiu, J., Zenodo, 2026, doi:10.5281/zenodo.20841543)"
PBDB-T,COTh-PDI,CCCCC(CC)Cc1ccc(-c2c3cc(-c4ccc(-c5sc(-c6cccs6)c6c5C(=O)c5c(CC(CC)CCCC)sc(CC(CC)CCCC)c5C6=O)s4)sc3c(-c3ccc(CC(CC)CCCC)s3)c3ccsc23)s1,CCCCCC(CCCCC)N1C(=O)c2ccc3c4ccc5c6c(cc(-c7cc8c(s7)-c7sc(-c9cc%10c%11c(ccc%12c%13ccc%14c%15c(ccc(c9c%11%12)c%15%13)C(=O)N(C(CCCCC)CCCCC)C%14=O)C(=O)N(C(CCCCC)CCCCC)C%10=O)cc7-c7cc(-c9cc%10c%11c(ccc%12c%13ccc%14c%15c(ccc(c9c%11%12)c%15%13)C(=O)N(C(CCCCC)CCCCC)C%14=O)C(=O)N(C(CCCCC)CCCCC)C%10=O)sc7-c7sc(-c9cc%10c%11c(ccc%12c%13ccc%14c%15c(ccc(c9c%11%12)c%15%13)C(=O)N(C(CCCCC)CCCCC)C%14=O)C(=O)N(C(CCCCC)CCCCC)C%10=O)cc7-8)c(c7ccc(c2c37)C1=O)c64)C(=O)N(C(CCCCC)CCCCC)C5=O,0.88,11.45,55.57,5.41,-5.33,-3.53,-5.9,-4.03,,,2020,10.1021/acs.jpcc.0c11530,"OPV-DB (Qiu, J., Zenodo, 2026, doi:10.5281/zenodo.20841543)"
PBDB-T,COTh-αPDI,CCCCC(CC)Cc1ccc(-c2c3cc(-c4ccc(-c5sc(-c6cccs6)c6c5C(=O)c5c(CC(CC)CCCC)sc(CC(CC)CCCC)c5C6=O)s4)sc3c(-c3ccc(CC(CC)CCCC)s3)c3ccsc23)s1,CCCCCC(CCCCC)N1C(=O)c2ccc3c4ccc5c6c(c(-c7cc8c(s7)-c7sc(-c9cc%10c%11ccc%12c%13c(ccc(c%14ccc%15c(c9C(=O)N(C(CCCCC)CCCCC)C%15=O)c%14%10)c%13%11)C(=O)N(C(CCCCC)CCCCC)C%12=O)cc7-c7cc(-c9cc%10c%11ccc%12c%13c(ccc(c%14ccc%15c(c9C(=O)N(C(CCCCC)CCCCC)C%15=O)c%14%10)c%13%11)C(=O)N(C(CCCCC)CCCCC)C%12=O)sc7-c7sc(-c9cc%10c%11ccc%12c%13c(ccc(c%14ccc%15c(c9C(=O)N(C(CCCCC)CCCCC)C%15=O)c%14%10)c%13%11)C(=O)N(C(CCCCC)CCCCC)C%12=O)cc7-8)cc(c7ccc(c2c37)C1=O)c64)C(=O)N(C(CCCCC)CCCCC)C5=O,0.86,10.89,58.95,5.39,-5.33,-3.53,-6.0,-3.94,,,2020,10.1021/acs.jpcc.0c11530,"OPV-DB (Qiu, J., Zenodo, 2026, doi:10.5281/zenodo.20841543)"
PBDB-T-2Cl,ICPDT-4F,CC1=CC(=CC(=C1)C2=C3C=CC(=C4C5=C(C=C(S5)/C=C\6/C(=O)C7=CC(=CC(=C7)Cl)C(=O)/C6=C\C8=CC(=C(S8)C9=CC(=CC(=C9)C)C)C)SC4=C3S2)C)C,CCc1ccc(C2(c3ccc(CC)cc3)c3cc4c(cc3-c3sc5c(c32)C(CC)(CC)c2cc(/C=C3\C(=O)c6cc(F)c(F)cc6C3=C(C#N)C#N)sc2-5)C(c2ccc(CC)cc2)(c2ccc(CC)cc2)c2c-4sc3c2C(CC)(CC)c2cc(/C=C4\C(=O)c5cc(F)c(F)cc5C4=C(C#N)C#N)sc2-3)cc1,0.88,9.96,61.4,5.39,-5.63,-3.67,-5.33,-3.91,,,2020,10.1021/acs.jpcc.0c09663,"OPV-DB (Qiu, J., Zenodo, 2026, doi:10.5281/zenodo.20841543)"
P3,ITIC-3T,CCCCCCc1csc(-c2ccc(-c3cc(CCCCCC)c(/C=C/c4csc(-c5cc6c(OCC(CC)CCCC)c7sc(-c8ccc(C9=C%10C(=O)N(CC(CC)CCCC)C(c%11ccc(-c%12cc%13c(OCC(CC)CCCC)c%14sccc%14c(OCC(CC)CCCC)c%13s%12)s%11)=C%10C(=O)N9CC(CC)CCCC)s8)cc7c(OCC(CC)CCCC)c6s5)c4)s3)c3nsnc23)c1,CCCCCCc1ccc(C2(c3ccc(CCCCCC)cc3)C3=C(SC4C=C(/C=C5\C(=O)c6cc(F)c(F)cc6C5=C(C#N)C#N)SC34)c3cc4c(cc32)-c2sc(/C=C3\C(=O)c5cc(F)c(F)cc5C3=C(C#N)C#N)cc2C4(c2ccc(CCCCCC)cc2)c2ccc(CCCCCC)cc2)cc1,0.641,18.18,55.5,6.47,-5.31,-3.6,-5.53,-3.95,,,2020,10.1016/j.dyepig.2020.108727,"OPV-DB (Qiu, J., Zenodo, 2026, doi:10.5281/zenodo.20841543)"
PM6,AQx-2,CCCCC(CC)Cc1sc(-c2c3cc(-c4ccc(-c5sc(-c6cccs6)c6c5C(=O)c5c(CC(CC)CCCC)sc(CC(CC)CCCC)c5C6=O)s4)sc3c(-c3cc(F)c(CC(CC)CCCC)s3)c3ccsc23)cc1F,CCCCCCCCCCCc1c(/C=C2\C(=O)c3cc(F)c(F)cc3C2=C(C#N)C#N)sc2c1sc1c3c4nccnc4c4c5sc6c(CCCCCCCCCCC)c(/C=C7\C(=O)c8cc(F)c(F)cc8C7=C(C#N)C#N)sc6c5n(CC)c4c3n(CC)c21,0.86,25.38,76.25,16.64,-5.56,-3.65,-5.62,-3.88,,,2020,10.1021/acsenergylett.0c00537,"OPV-DB (Qiu, J., Zenodo, 2026, doi:10.5281/zenodo.20841543)"
PTQ10,N3,CCCCCCCCC(CCCCCC)COc1cnc2c(-c3cccs3)c(F)c(F)cc2n1,CCCCCCCCCCCc1c(/C=C2\C(=O)c3cc(F)c(F)cc3C2=C(C#N)C#N)sc2c1sc1c3c4nsnc4c4c5sc6c(CCCCCCCCCCC)c(/C=C7\C(=O)c8cc(F)c(F)cc8C7=C(C#N)C#N)sc6c5n(CCC(CC)CCCC)c4c3n(CCC(CC)CCCC)c21,0.851,25.726,75.2,16.476,-5.54,-2.92,-5.64,-3.86,,,2020,10.1016/j.joule.2020.06.014,"OPV-DB (Qiu, J., Zenodo, 2026, doi:10.5281/zenodo.20841543)"
FTAZ,SIDIC,CCCCCCC(CCCC)CCc1c2cc(-c3ccc(-c4c(F)c(F)c(-c5cccs5)c5nn(CC(CCCC)CCCCCC)nc45)s3)sc2c(CCC(CCCC)CCCCCC)c2ccsc12,CCCCCCC1(CCCCCC)c2cc3c(cc2-c2sc(/C=C4\C(=O)c5cc(F)c(F)cc5C4=C(C#N)C#N)cc21)C(CCCCCC)(CCCCCC)c1cc(-c2cc4c(s2)-c2cc5c(cc2C4(CCCCCC)CCCCCC)-c2sc(/C=C4\C(=O)c6cc(F)c(F)cc6C4=C(C#N)C#N)cc2C5(CCCCCC)CCCCCC)sc1-3,0.863,18.4,69.4,11.0,-5.38,-3.17,-5.44,-3.93,,,2020,10.1039/d0ta03058a,"OPV-DB (Qiu, J., Zenodo, 2026, doi:10.5281/zenodo.20841543)"
J71,AOIC2,CCCCCCCCC(CCCCCC)Cn1nc2c(-c3cccs3)c(F)c(F)c(-c3ccc(-c4cc5c(-c6ccc([Si](CCC)(CCC)CCC)s6)c6sccc6c(-c6ccc([Si](CCC)(CCC)CCC)s6)c5s4)s3)c2n1,CCCCCCc1ccc(C2(c3ccc(CCCCCC)cc3)c3cc4c(cc3-c3sc(/C=C5\C(=O)c6cc(F)c(F)cc6C5=C(C#N)C#N)cc32)C(c2ccc(CCCCCC)cc2)(c2ccc(CCCCCC)cc2)c2c-4sc3c4c(sc23)-c2sc(/C=C3\C(=O)c5cc(F)c(F)cc5C3=C(C#N)C#N)cc2C4(c2ccc(CCCCCC)cc2)c2ccc(CCCCCC)cc2)cc1,0.826,19.48,68.2,11.0,-5.4,-3.24,-5.62,-3.83,,,2020,10.1021/acs.chemmater.0c04318,"OPV-DB (Qiu, J., Zenodo, 2026, doi:10.5281/zenodo.20841543)"
J71,AOIC1,CCCCCCCCC(CCCCCC)Cn1nc2c(-c3cccs3)c(F)c(F)c(-c3ccc(-c4cc5c(-c6ccc([Si](CCC)(CCC)CCC)s6)c6sccc6c(-c6ccc([Si](CCC)(CCC)CCC)s6)c5s4)s3)c2n1,CCCCCCc1ccc(C2(c3ccc(CCCCCC)cc3)c3cc4c(cc3-c3sc5c(c32)C(c2ccc(CCCCCC)cc2)(c2ccc(CCCCCC)cc2)c2cc(/C=C3\C(=O)c6cc(F)c(F)cc6C3=C(C#N)C#N)sc2-5)C(c2ccc(CCCCCC)cc2)(c2ccc(CCCCCC)cc2)c2c-4sc3cc(/C=C4\C(=O)c5cc(F)c(F)cc5C4=C(C#N)C#N)sc23)cc1,0.819,21.65,68.3,12.1,-5.4,-3.24,-5.53,-3.94,,,2020,10.1021/acs.chemmater.0c04318,"OPV-DB (Qiu, J., Zenodo, 2026, doi:10.5281/zenodo.20841543)"
PTB7-Th,F8IC,CCCCC(CC)COC(=O)c1sc2csc(-c3cc4c(-c5ccc(CC(CC)CCCC)s5)c5sccc5c(-c5ccc(CC(CC)CCCC)s5)c4s3)c2c1F,CCCCCCc1ccc(C2(c3ccc(CCCCCC)cc3)c3c(sc4cc(/C=C5\C(=O)c6cc(F)c(F)cc6C5=C(C#N)C#N)sc34)-c3sc4c5c(sc4c32)-c2sc3cc(/C=C4\C(=O)c6cc(F)c(F)cc6C4=C(C#N)C#N)sc3c2C5(c2ccc(CCCCCC)cc2)c2ccc(CCCCCC)cc2)cc1,0.65,26.5,70.4,12.1,-5.21,-3.6,-5.4,-4.0,,,2020,10.1002/solr.202000140,"OPV-DB (Qiu, J., Zenodo, 2026, doi:10.5281/zenodo.20841543)"
J71,IDTN-O,CCCCCCCCC(CCCCCC)Cn1nc2c(-c3cccs3)c(F)c(F)c(-c3ccc(-c4cc5c(-c6ccc([Si](CCC)(CCC)CCC)s6)c6sccc6c(-c6ccc([Si](CCC)(CCC)CCC)s6)c5s4)s3)c2n1,CCOc1c(/C=C2\C(=O)c3cc4ccccc4cc3C2=C(C#N)C#N)sc2c1C(c1ccc(CC)cc1)(c1ccc(CC)cc1)c1cc3c(cc1-2)C(c1ccc(CC)cc1)(c1ccc(CC)cc1)c1c-3sc(/C=C2\C(=O)c3cc4ccccc4cc3C2=C(C#N)C#N)c1OCC,0.91,17.2,77.0,12.1,-5.4,-3.24,-5.77,-3.89,,,2020,10.1039/d0ta10953c,"OPV-DB (Qiu, J., Zenodo, 2026, doi:10.5281/zenodo.20841543)"
PTQ10,BOC-4F,CCCCCCCCC(CCCCCC)COc1cnc2c(-c3cccs3)c(F)c(F)cc2n1,CCCCC(CC)CC1(CC(CC)CCCC)c2cc(/C=C3\C(=O)c4cc(F)c(F)cc4C3=C(C#N)C#N)sc2-c2sc(-c3c(OC)c(OC)c(-c4cc5c(s4)-c4sc(/C=C6\C(=O)c7cc(F)c(F)cc7C6=C(C#N)C#N)cc4C5(CC(CC)CCCC)CC(CC)CCCC)c4nsnc34)cc21,0.88,14.41,61.3,7.76,-5.54,-2.92,-5.4,-3.78,,,2020,10.1002/solr.202000421,"OPV-DB (Qiu, J., Zenodo, 2026, doi:10.5281/zenodo.20841543)"
PM6,TPQx-4F,CCCCC(CC)Cc1sc(-c2c3cc(-c4ccc(-c5sc(-c6cccs6)c6c5C(=O)c5c(CC(CC)CCCC)sc(CC(CC)CCCC)c5C6=O)s4)sc3c(-c3cc(F)c(CC(CC)CCCC)s3)c3ccsc23)cc1F,CCc1ccc(-c2nc3c(nc2-c2ccc(CC)s2)c2c4sc5c(CC)c(/C=C6\C(=O)c7cc(F)c(F)cc7C6=C(C#N)C#N)sc5c4n(CC)c2c2c3c3sc4c(CC)c(/C=C5\C(=O)c6cc(F)c(F)cc6C5=C(C#N)C#N)sc4c3n2CC)s1,0.94,15.42,54.52,7.75,-5.56,-3.65,-5.57,-3.74,,,2020,10.1039/d0qm00034e,"OPV-DB (Qiu, J., Zenodo, 2026, doi:10.5281/zenodo.20841543)"
PBDTTPD-HT,PC71BM,CCCCCCCCN1C(=O)c2c(-c3cc(CCCCCC)cs3)sc(-c3cc(CCCCCC)c(-c4cc5c(-c6ccc(CC(CC)CCCC)s6)c6sccc6c(-c6ccc(CC(CC)CCCC)s6)c5s4)s3)c2C1=O,CCCCC(=O)OCC1(C2=CC=CC=C2)C3=CC=CC4=CC=CC5=CC=CC6=CC=C7C=CC=CC8=CC=CC1=C8C7=C6C5=C4C3,0.869,12.4,71.4,7.72,-5.33,-3.545,-6.1,-3.9,,,2020,10.1021/acsaem.0c01000,"OPV-DB (Qiu, J., Zenodo, 2026, doi:10.5281/zenodo.20841543)"
J71,TTIDIC,CCCCCCCCC(CCCCCC)Cn1nc2c(-c3cccs3)c(F)c(F)c(-c3ccc(-c4cc5c(-c6ccc([Si](CCC)(CCC)CCC)s6)c6sccc6c(-c6ccc([Si](CCC)(CCC)CCC)s6)c5s4)s3)c2n1,CCCCCCC1(CCCCCC)c2cc3c(cc2-c2sc(/C=C4\C(=O)c5cc(F)c(F)cc5C4=C(C#N)C#N)cc21)C(CCCCCC)(CCCCCC)c1cc(-c2cc4sc(-c5cc6c(s5)-c5cc7c(cc5C6(CCCCCC)CCCCCC)-c5sc(/C=C6\C(=O)c8cc(F)c(F)cc8C6=C(C#N)C#N)cc5C7(CCCCCC)CCCCCC)cc4s2)sc1-3,0.914,10.7,66.9,6.54,-5.4,-3.24,-5.43,-3.92,,,2020,10.1021/acsapm.0c00748,"OPV-DB (Qiu, J., Zenodo, 2026, doi:10.5281/zenodo.20841543)"
P3HT,JC14,CCCCCCc1ccsc1,CCn1nc2c(-c3cc4c(s3)-c3cc5c(cc3C4(CC)CC)-c3sc(-c4c6ccsc6c(/C=c6\sc(=C(C#N)C#N)n(CC)c6=O)c6nn(CC)nc46)cc3C5(CC)CC)c3ccsc3c(/C=c3\sc(=C(C#N)C#N)n(CC)c3=O)c2n1,0.765,16.04,63.0,7.72,-5.01,-3.12,-5.41,-3.63,,,2020,10.1039/d0ta11306a,"OPV-DB (Qiu, J., Zenodo, 2026, doi:10.5281/zenodo.20841543)"
J52,N2200,CCCCCCCCC(CCCCCC)Cn1nc2c(-c3cccs3)c(F)c(F)c(-c3ccc(-c4cc5c(-c6ccc(CC(CC)CCCC)s6)c6sccc6c(-c6ccc(CC(CC)CCCC)s6)c5s4)s3)c2n1,CCCCCCCCCCC(CCCCCCCC)CN1C(=O)c2ccc3c4c(c(-c5ccc(-c6cccs6)s5)cc(c24)C1=O)C(=O)N(CC(CCCCCCCC)CCCCCCCCCC)C3=O,0.8,16.0,59.6,7.7,-5.2,-3.05,-5.71,-4.02,,,2020,10.1002/solr.202000375,"OPV-DB (Qiu, J., Zenodo, 2026, doi:10.5281/zenodo.20841543)"
PBDB-T,ITUTC,CCCCC(CC)Cc1ccc(-c2c3cc(-c4ccc(-c5sc(-c6cccs6)c6c5C(=O)c5c(CC(CC)CCCC)sc(CC(CC)CCCC)c5C6=O)s4)sc3c(-c3ccc(CC(CC)CCCC)s3)c3ccsc23)s1,CCCCCCCCCCCc1c(/C=C2\C(=O)c3cscc3C2=C(C#N)C#N)sc2cc(-c3ccc4c(c3)C(c3ccc(CCCCCC)cc3)(c3ccc(CCCCCC)cc3)c3c-4sc4c(CCCCCCCCCCC)c(/C=C5\C(=O)c6cscc6C5=C(C#N)C#N)sc34)sc12,0.94,14.54,56.37,7.68,-5.33,-3.48,-5.66,-3.85,,,2020,10.1016/j.dyepig.2020.108495,"OPV-DB (Qiu, J., Zenodo, 2026, doi:10.5281/zenodo.20841543)"
PTB7-Th,i-IF-4F,CCCCC(CC)COC(=O)c1sc2csc(-c3cc4c(-c5ccc(CC(CC)CCCC)s5)c5sccc5c(-c5ccc(CC(CC)CCCC)s5)c4s3)c2c1F,CCCCCCCCC1(CCCCCCCC)c2cc(-c3scc(/C=C4\C(=O)c5cc(F)c(F)cc5C4=C(C#N)C#N)c3OCC(CC)CCCC)ccc2-c2cc3c(cc21)-c1ccc(-c2scc(/C=C4\C(=O)c5cc(F)c(F)cc5C4=C(C#N)C#N)c2OCC(CC)CCCC)cc1C3(CCCCCCCC)CCCCCCCC,0.87,12.46,59.85,6.47,-5.29,-3.72,-5.55,-3.71,,,2020,10.1016/j.dyepig.2020.108409,"OPV-DB (Qiu, J., Zenodo, 2026, doi:10.5281/zenodo.20841543)"
PBTz4T2C-a,IT2F,CCCCCCCCC(CCCCCC)COC(=O)c1ccsc1-c1cc2sc(-c3sc(-c4ccc(-c5c(F)c(F)c(-c6cccs6)c6nn(CC(CCCCCC)CCCCCCCC)nc56)s4)cc3C(=O)OCC(CCCCCC)CCCCCCCC)cc2s1,CCCCCCc1ccc(C2(c3ccc(CCCCCC)cc3)c3cc4c(cc3-c3sc5cc(/C=C6\C(=O)c7cc(F)ccc7C6=C(C#N)C#N)sc5c32)C(c2ccc(CCCCCC)cc2)(c2ccc(CCCCCC)cc2)c2c-4sc3cc(/C=C4\C(=O)c5cc(F)ccc5C4=C(C#N)C#N)sc23)cc1,0.868,17.75,71.51,11.02,-5.49,-3.6,-5.67,-4.14,,,2020,10.1002/marc.202000454,"OPV-DB (Qiu, J., Zenodo, 2026, doi:10.5281/zenodo.20841543)"
PBDB-T,IDTC,CCCCC(CC)Cc1ccc(-c2c3cc(-c4ccc(-c5sc(-c6cccs6)c6c5C(=O)c5c(CC(CC)CCCC)sc(CC(CC)CCCC)c5C6=O)s4)sc3c(-c3ccc(CC(CC)CCCC)s3)c3ccsc23)s1,CCCCCCc1ccc(C2(c3ccc(CCCCCC)cc3)c3cc4c(cc3-c3sc(-c5sc(/C=C6\C(=O)c7cscc7C6=C(C#N)C#N)cc5CC(CC)CCCC)cc32)C(c2ccc(CCCCCC)cc2)(c2ccc(CCCCCC)cc2)c2cc(-c3sc(/C=C5\C(=O)c6cscc6C5=C(C#N)C#N)cc3CC(CC)CCCC)sc2-4)cc1,1.0,16.09,68.9,11.08,-5.33,-3.48,-5.29,-3.37,,,2020,10.1039/d0nr00698j,"OPV-DB (Qiu, J., Zenodo, 2026, doi:10.5281/zenodo.20841543)"
PTB7-Th,IDT-CT,CCCCC(CC)COC(=O)c1sc2csc(-c3cc4c(-c5ccc(CC(CC)CCCC)s5)c5sccc5c(-c5ccc(CC(CC)CCCC)s5)c4s3)c2c1F,CCc1ccc(C2(c3ccc(CC)cc3)c3cc4c(cc3-c3sc(C5=CC(=C6C(=O)N(CC)C(=S)N(CC)C6=O)CCC5)cc32)C(c2ccc(CC)cc2)(c2ccc(CC)cc2)c2cc(C3C=CC(=C5C(=O)N(CC)C(=S)N(CC)C5=O)CC3)sc2-4)cc1,0.93,11.19,42.32,4.62,-5.21,-3.6,-5.39,-3.67,,,2020,10.1039/d0ta09924d,"OPV-DB (Qiu, J., Zenodo, 2026, doi:10.5281/zenodo.20841543)"
PM7,BTA3,CCCCC(CC)Cc1sc(-c2c3ccsc3c(-c3cc(Cl)c(CC(CC)CCCC)s3)c3sc(-c4ccc(-c5sc(-c6cccs6)c6c5C(=O)c5c(CC(CC)CCCC)sc(CC(CC)CCCC)c5C6=O)s4)cc23)cc1Cl,CCCCCCCCn1nc2c(/C=c3\sc(=C(C#N)C#N)n(CC)c3=O)ccc(-c3cc4c(s3)-c3cc5c(cc3C4(c3ccc(CCCCCC)cc3)c3ccc(CCCCCC)cc3)-c3sc(-c4ccc(/C=c6\sc(=C(C#N)C#N)n(CC)c6=O)c6nn(CCCCCCCC)nc46)cc3C5(c3ccc(CCCCCC)cc3)c3ccc(CCCCCC)cc3)c2n1,1.27,7.56,48.18,4.61,-5.575,-3.67,-5.49,-3.72,,,2020,10.1016/j.gee.2020.07.017,"OPV-DB (Qiu, J., Zenodo, 2026, doi:10.5281/zenodo.20841543)"
PBDTTTPD,P(NDIOD-ClT2),CCCCCCCCN1C(=O)c2csc(-c3cc4c(-c5ccc(CC(CC)CCCC)s5)c5sccc5c(-c5ccc(CC(CC)CCCC)s5)c4s3)c2C1=O,CCCCCCCCCCC(CCCCCCCC)CN1C(=O)c2ccc3c4c(c(-c5cc(Cl)c(-c6cccs6)s5)cc(c24)C1=O)C(=O)N(CC(CCCCCCCC)CCCCCCCCCC)C3=O,1.01,9.43,48.0,4.61,-5.49,-3.47,-5.84,-3.92,,,2020,10.1021/acsami.0c18351,"OPV-DB (Qiu, J., Zenodo, 2026, doi:10.5281/zenodo.20841543)"
PTB7-Th,PBBT,CCCCC(CC)COC(=O)c1sc2csc(-c3cc4c(-c5ccc(CC(CC)CCCC)s5)c5sccc5c(-c5ccc(CC(CC)CCCC)s5)c4s3)c2c1F,CCCCCCCCCCC(CCCCCCCC)Cn1c(=O)c2ccsc2c2sc(-c3cc4c(=O)n(CC(CCCCCCCC)CCCCCCCCCC)c(=O)c5c(sc6c5sc5c7sc(-c8cc9c(=O)n(CC(CCCCCCCC)CCCCCCCCCC)c(=O)c%10cc(-c%11cccc%12nsnc%11%12)sc%10c9s8)cc7c(=O)n(CCC(CCCCCCCC)CCCCCCCCC)c(=O)c56)c4s3)cc2c1=O,0.99,11.1,41.81,4.6,-5.29,-3.72,-6.04,-3.57,,,2020,10.1016/j.dyepig.2020.109049,"OPV-DB (Qiu, J., Zenodo, 2026, doi:10.5281/zenodo.20841543)"
PDPP5T,IEICO-4F,CCCCCCCCC(CCCCCC)CN1C(=O)C2=C(c3ccc(-c4cc(CCCCCC)c(-c5cccs5)s4)s3)N(CC(CCCCCC)CCCCCCCC)C(=O)C2=C1c1ccc(-c2cc(CCCCCC)cs2)s1,CCCCCCc1ccc(C2(c3ccc(CCCCCC)cc3)c3cc4c(cc3-c3sc(-c5sc(/C=C6\C(=O)c7cc(F)c(F)cc7C6=C(C#N)C#N)cc5OCC(CC)CCCC)cc32)C(c2ccc(CCCCCC)cc2)(c2ccc(CCCCCC)cc2)c2cc(-c3scc(/C=C5/C(=O)c6cc(F)c(F)cc6C5=C(C#N)C#N)c3OCC(CC)CCCC)sc2-4)cc1,0.56,16.1,55.0,4.8,-5.08,-3.63,-5.44,-4.19,,,2020,10.1021/acs.jpcc.0c11377,"OPV-DB (Qiu, J., Zenodo, 2026, doi:10.5281/zenodo.20841543)"
PM6,IDF-4F,CCCCC(CC)Cc1sc(-c2c3cc(-c4ccc(-c5sc(-c6cccs6)c6c5C(=O)c5c(CC(CC)CCCC)sc(CC(CC)CCCC)c5C6=O)s4)sc3c(-c3cc(F)c(CC(CC)CCCC)s3)c3ccsc23)cc1F,CCCCCCc1ccc(C2(c3ccc(CCCCCC)cc3)c3cc4c(cc3-c3oc(/C=C5\C(=O)c6cc(F)c(F)cc6C5=C(C#N)C#N)cc32)C(c2ccc(CCCCCC)cc2)(c2ccc(CCCCCC)cc2)c2cc(/C=C3\C(=O)c5cc(F)c(F)cc5C3=C(C#N)C#N)oc2-4)cc1,0.736,17.49,61.0,7.81,-5.56,-3.65,-5.83,-4.27,,,2020,10.1021/acsaem.0c01247,"OPV-DB (Qiu, J., Zenodo, 2026, doi:10.5281/zenodo.20841543)"
PBDT-AFBT,IDTCN-O,CCCCCCCCC(CCCCCC)COc1c(F)c(-c2cccs2)c2nsnc2c1-c1ccc(-c2cc3c(-c4ccc(CC(CC)CCCC)s4)c4sccc4c(-c4ccc(CC(CC)CCCC)s4)c3s2)s1,CCCCCCOc1cc(-c2cc3c(s2)-c2cc4c(cc2C3(c2ccc(CCCCCC)cc2)c2ccc(CCCCCC)cc2)-c2sc(-c3cc(OCCCCCC)c(/C=C5\C(=O)c6cc(F)c(F)cc6C5=C(C#N)C#N)s3)cc2C4(c2ccc(CCCCCC)cc2)c2ccc(CCCCCC)cc2)sc1/C=C1\C(=O)c2cc(F)c(F)cc2C1=C(C#N)C#N,0.86,21.48,65.72,12.15,-5.35,-3.56,-5.51,-3.83,,,2020,10.1021/acsami.0c17571,"OPV-DB (Qiu, J., Zenodo, 2026, doi:10.5281/zenodo.20841543)"
PM7,ITIC-4F,CCCCC(CC)Cc1sc(-c2c3ccsc3c(-c3cc(Cl)c(CC(CC)CCCC)s3)c3sc(-c4ccc(-c5sc(-c6cccs6)c6c5C(=O)c5c(CC(CC)CCCC)sc(CC(CC)CCCC)c5C6=O)s4)cc23)cc1Cl,CCCCCCc1ccc(C2(c3ccc(CCCCCC)cc3)c3cc4c(cc3-c3sc5cc(/C=C6/C(=O)c7cc(F)c(F)cc7C6=C(C#N)C#N)sc5c32)C(c2ccc(CCCCCC)cc2)(c2ccc(CCCCCC)cc2)c2c-4sc3cc(/C=C4/C(=O)c5cc(F)c(F)cc5C4=C(C#N)C#N)sc23)cc1,0.83,18.9,74.0,12.22,-5.575,-3.67,-5.82,-4.24,,,2020,10.1039/d0tc03096a,"OPV-DB (Qiu, J., Zenodo, 2026, doi:10.5281/zenodo.20841543)"
PTQ10,IT-4Cl,CCCCCCCCC(CCCCCC)COc1cnc2c(-c3cccs3)c(F)c(F)cc2n1,CCCCCCc1ccc(C2(c3ccc(CCCCCC)cc3)c3cc4c(cc3-c3sc5cc(/C=C6\C(=O)c7cc(Cl)c(Cl)cc7C6=C(C#N)C#N)sc5c32)C(c2ccc(CCCCCC)cc2)(c2ccc(CCCCCC)cc2)c2c-4sc3cc(/C=C4\C(=O)c5cc(Cl)c(Cl)cc5C4=C(C#N)C#N)sc23)cc1,0.85,21.2,66.4,12.2,-5.54,-2.92,-5.75,-4.09,,,2020,10.1002/solr.202000253,"OPV-DB (Qiu, J., Zenodo, 2026, doi:10.5281/zenodo.20841543)"
TPD-3F,Y6,CCCCCCCCC(CCCCCC)Cc1sc(-c2c3cc(-c4ccc(-c5sc(-c6cccs6)c6c5C(=O)N(CCCCCCCC)C6=O)s4)sc3c(-c3cc(F)c(CC(CCCCCC)CCCCCCCC)s3)c3ccsc23)cc1F,CCCCCCCCCCCc1c(/C=C2\C(=O)c3cc(F)c(F)cc3C2=C(C#N)C#N)sc2c1sc1c3c4nsnc4c4c5sc6c(CCCCCCCCCCC)c(/C=C7\C(=O)c8cc(F)c(F)cc8C7=C(C#N)C#N)sc6c5n(CC(CC)CCCC)c4c3n(CC(CC)CCCC)c21,0.93,19.3,62.6,12.2,-5.32,-3.5,-5.65,-4.09,,,2020,10.1021/acsami.0c19198,"OPV-DB (Qiu, J., Zenodo, 2026, doi:10.5281/zenodo.20841543)"
PTQ10,IDIC-4F,CCCCCCCCC(CCCCCC)COc1cnc2c(-c3cccs3)c(F)c(F)cc2n1,CCCCCCc1ccc(C2(c3ccc(CCCCCC)cc3)c3cc4c(cc3-c3sc(/C=C5\C(=O)c6cc(F)c(F)cc6C5=C(C#N)C#N)cc32)C(c2ccc(CCCCCC)cc2)(c2ccc(CCCCCC)cc2)c2cc(/C=C3\C(=O)c5cc(F)c(F)cc5C3=C(C#N)C#N)sc2-4)cc1,0.81,18.57,73.78,11.1,-5.54,-2.92,-5.73,-3.93,,,2020,10.1016/j.cclet.2020.08.051,"OPV-DB (Qiu, J., Zenodo, 2026, doi:10.5281/zenodo.20841543)"
PBDFP-Bz,ITIC,CCCCCCCCC(CCCCCC)Cn1nc2c(-c3cccs3)c(F)c(F)c(-c3ccc(-c4cc5c(-c6ccc(SCC(CC)CCCC)c(F)c6)c6occc6c(-c6ccc(SCC(CC)CCCC)c(F)c6)c5o4)s3)c2n1,CCCCCCc1ccc(C2(c3ccc(CCCCCC)cc3)c3cc4c(cc3-c3sc5cc(C=C6C(=O)c7ccccc7C6=C(C#N)C#N)sc5c32)C(c2ccc(CCCCCC)cc2)(c2ccc(CCCCCC)cc2)c2c-4sc3cc(C=C4C(=O)c5ccccc5C4=C(C#N)C#N)sc23)cc1,0.97,17.83,64.16,11.1,-5.5,-3.46,-5.576,-3.916,,,2020,10.1016/j.nanoen.2020.104964,"OPV-DB (Qiu, J., Zenodo, 2026, doi:10.5281/zenodo.20841543)"
PBNT-S,Y6,CCCCC(CC)CSc1ccc(-c2c3cc(-c4ccc(-c5sc(-c6cccs6)c6c5C(=O)c5cc(SCC(CC)CCCC)c(SCC(CC)CCCC)cc5C6=O)s4)sc3c(-c3ccc(SCC(CC)CCCC)s3)c3ccsc23)s1,CCCCCCCCCCCc1c(/C=C2\C(=O)c3cc(F)c(F)cc3C2=C(C#N)C#N)sc2c1sc1c3c4nsnc4c4c5sc6c(CCCCCCCCCCC)c(/C=C7\C(=O)c8cc(F)c(F)cc8C7=C(C#N)C#N)sc6c5n(CC(CC)CCCC)c4c3n(CC(CC)CCCC)c21,0.8,23.08,60.0,11.1,-5.44,-3.44,-5.65,-4.09,,,2020,10.1039/d0ta01425g,"OPV-DB (Qiu, J., Zenodo, 2026, doi:10.5281/zenodo.20841543)"
J52-Cl,IT-4F,CCCCCCCCC(CCCCCC)Cn1nc2c(-c3cccs3)c(F)c(F)c(-c3ccc(-c4cc5c(-c6cc(Cl)c(CC(CC)CCCC)s6)c6sccc6c(-c6cc(Cl)c(CC(CC)CCCC)s6)c5s4)s3)c2n1,CCCCCCc1ccc(C2(c3ccc(CCCCCC)cc3)c3cc4c(cc3-c3sc5cc(/C=C6\C(=O)c7cc(F)c(F)cc7C6=C(C#N)C#N)sc5c32)C(c2ccc(CCCCCC)cc2)(c2ccc(CCCCCC)cc2)c2c-4sc3cc(/C=C4\C(=O)c5cc(F)c(F)cc5C4=C(C#N)C#N)sc23)cc1,0.836,20.39,69.0,12.18,-5.39,-3.45,-5.66,-4.14,,,2020,10.1039/d0ee02426k,"OPV-DB (Qiu, J., Zenodo, 2026, doi:10.5281/zenodo.20841543)"
PBTATBT-4f,Y6,CCCCCCCCC(CCCCCC)Cc1csc(-c2c(F)c(F)c(-c3cc(CC(CCCCCC)CCCCCCCC)c(-c4ccc(-c5c(F)c(F)c(-c6cccs6)c6nsnc56)s4)s3)c3nc(CC(CCCCCC)CCCCCCCC)sc23)c1,CCCCCCCCCCCc1c(/C=C2\C(=O)c3cc(F)c(F)cc3C2=C(C#N)C#N)sc2c1sc1c3c4nsnc4c4c5sc6c(CCCCCCCCCCC)c(/C=C7\C(=O)c8cc(F)c(F)cc8C7=C(C#N)C#N)sc6c5n(CC(CC)CCCC)c4c3n(CC(CC)CCCC)c21,0.81,27.25,72.7,16.08,-5.55,-3.82,-5.65,-4.09,,,2020,10.1021/acsenergylett.0c00691,"OPV-DB (Qiu, J., Zenodo, 2026, doi:10.5281/zenodo.20841543)"
PTB7-F20,PC71BM,CCCCC(CC)COC(=O)c1cc2c(-c3sc(-c4cc5c(C(CC)CCCC)c6sccc6c(C(CC)CCCC)c5s4)c4c(F)c(C(=O)OCC(CC)CCCC)sc34)scc2s1,COC(=O)CCCC1(c2ccccc2)C23c4c5ccc6c7cc8c9c%10c(cc%11cc%12c%13c%14c(cc%15c%16ccc-5c2c%16c2c5c%16c%17c(c(c46)c7c9c%17c4c%10c%11c%13c4c%16c%14c%152)C513)C%12)C8,0.68,17.24,67.2,7.92,-5.09,-3.48,-5.9,-3.9,,,2020,10.1039/d0ra08093d,"OPV-DB (Qiu, J., Zenodo, 2026, doi:10.5281/zenodo.20841543)"
PDFQx-3T,PC71BM,CCCCCCCCOc1ccc(-c2nc3cc(F)c(F)c(-c4ccc(-c5ccc(-c6cccs6)s5)s4)c3nc2-c2ccc(OCCCCCCCC)c(OCCCCCCCC)c2)cc1OCCCCCCCC,COC(=O)CCCC1(c2ccccc2)C23c4c5ccc6c7cc8c9c%10c(cc%11cc%12c%13c%14c(cc%15c%16ccc-5c2c%16c2c5c%16c%17c(c(c46)c7c9c%17c4c%10c%11c%13c4c%16c%14c%152)C513)C%12)C8,0.74,17.19,63.0,8.0,-5.39,-3.66,-5.9,-3.9,,,2020,10.1002/adma.202002217,"OPV-DB (Qiu, J., Zenodo, 2026, doi:10.5281/zenodo.20841543)"
PBDB-T,i-mO-4Cl,CCCCC(CC)Cc1ccc(-c2c3cc(-c4ccc(-c5sc(-c6cccs6)c6c5C(=O)c5c(CC(CC)CCCC)sc(CC(CC)CCCC)c5C6=O)s4)sc3c(-c3ccc(CC(CC)CCCC)s3)c3ccsc23)s1,CCCCCCOc1cccc(C2(c3cccc(OCCCCCC)c3)c3cc4c(cc3-c3sc(-c5scc(/C=C6\C(=O)c7cc(Cl)c(Cl)cc7C6=C(C#N)C#N)c5OCC(CC)CCCC)cc32)C(c2cccc(OCCCCCC)c2)(c2cccc(OCCCCCC)c2)c2cc(-c3scc(/C=C5\C(=O)c6cc(Cl)c(Cl)cc6C5=C(C#N)C#N)c3OCC(CC)CCCC)sc2-4)c1,0.872,15.08,56.4,7.41,-5.33,-3.48,-5.55,-3.83,,,2020,10.1039/d0ta07960j,"OPV-DB (Qiu, J., Zenodo, 2026, doi:10.5281/zenodo.20841543)"
PBDB-T,NDP-Se,CCCCC(CC)Cc1ccc(-c2c3cc(-c4ccc(-c5sc(-c6cccs6)c6c5C(=O)c5c(CC(CC)CCCC)sc(CC(CC)CCCC)c5C6=O)s4)sc3c(-c3ccc(CC(CC)CCCC)s3)c3ccsc23)s1,CCCCCC(CCCCC)n1c(=O)c2cc3[se]c4cc5c(=O)n(C(CCCCC)CCCCC)c(=O)c6cc7c8c9cc%10c(=O)n(C(CCCCC)CCCCC)c(=O)c%11cc%12[se]c%13cc%14c(=O)n(C(CCCCC)CCCCC)c(=O)c%15cc(c8c8cc(c1=O)c2c1c3c4c(c56)c7c81)c1c9c(c%11%10)c%12c%13c1c%14%15,0.94,12.68,61.89,7.41,-5.33,-3.48,-6.09,-3.92,,,2020,10.1016/j.dyepig.2020.108186,"OPV-DB (Qiu, J., Zenodo, 2026, doi:10.5281/zenodo.20841543)"
PTB7-Th,DTC-F-F,CCCCC(CC)COC(=O)c1sc2csc(-c3cc4c(-c5ccc(CC(CC)CCCC)s5)c5sccc5c(-c5ccc(CC(CC)CCCC)s5)c4s3)c2c1F,CCCCCCCCC1(CCCCCCCC)c2cc(-c3ccc(/C=C4\C(=O)c5cscc5C4=C(C#N)C#N)o3)ccc2-c2ccc(-c3ccc(/C=C4\C(=O)c5cscc5C4=C(C#N)C#N)o3)cc21,0.84,16.01,56.0,7.53,-5.21,-3.6,-5.51,-3.83,,,2020,10.1016/j.orgel.2020.106026,"OPV-DB (Qiu, J., Zenodo, 2026, doi:10.5281/zenodo.20841543)"
PBDB-TF,ITCPTC,CCCCC(CC)Cc1sc(-c2c3cc(-c4ccc(-c5sc(-c6cccs6)c6c5C(=O)c5c(CC(CC)CCCC)sc(CC(CC)CCCC)c5C6=O)s4)sc3c(-c3cc(F)c(CC(CC)CCCC)s3)c3ccsc23)cc1F,CCCCCCc1ccc(C2(c3ccc(CCCCCC)cc3)c3cc4c(cc3-c3sc5cc(/C=C6\C(=O)c7cscc7C6=C(C#N)C#N)sc5c32)C(c2ccc(CCCCCC)cc2)(c2ccc(CCCCCC)cc2)c2c-4sc3cc(/C=C4\C(=O)c5cscc5C4=C(C#N)C#N)sc23)cc1,0.964,17.285,73.8,12.31,-5.49,-3.64,-5.63,-3.96,,,2020,10.1021/acsenergylett.0c01364,"OPV-DB (Qiu, J., Zenodo, 2026, doi:10.5281/zenodo.20841543)"
PBDB-TF,BID-4F,CCCCC(CC)Cc1sc(-c2c3cc(-c4ccc(-c5sc(-c6cccs6)c6c5C(=O)c5c(CC(CC)CCCC)sc(CC(CC)CCCC)c5C6=O)s4)sc3c(-c3cc(F)c(CC(CC)CCCC)s3)c3ccsc23)cc1F,CCCCCCC1(CCCCCC)c2cc3c(cc2-c2sc(/C=C4\C(=O)c5cc(F)c(F)cc5C4=C(C#N)C#N)cc21)C(CCCCCC)(CCCCCC)c1cc(-c2c(F)c(F)c(-c4cc5c(s4)-c4cc6c(cc4C5(CCCCCC)CCCCCC)-c4sc(/C=C5\C(=O)c7cc(F)c(F)cc7C5=C(C#N)C#N)cc4C6(CCCCCC)CCCCCC)c4nsnc24)sc1-3,0.92,17.8,74.3,12.3,-5.49,-3.64,-5.69,-3.73,,,2020,10.1016/j.jechem.2020.03.036,"OPV-DB (Qiu, J., Zenodo, 2026, doi:10.5281/zenodo.20841543)"
PBDB-TF,SY2,CCCCC(CC)Cc1sc(-c2c3cc(-c4ccc(-c5sc(-c6cccs6)c6c5C(=O)c5c(CC(CC)CCCC)sc(CC(CC)CCCC)c5C6=O)s4)sc3c(-c3cc(F)c(CC(CC)CCCC)s3)c3ccsc23)cc1F,CCCCCCCCCCCc1c(/C=C2\C(=O)c3cc(F)c(F)cc3C2=C(C#N)C#N)sc2c1sc1c3c4nsnc4c4c5sc6c(CCCCCCCCCCC)c(/C=C7\C(=O)c8cc(Cl)c(Cl)cc8C7=C(C#N)C#N)sc6c5n(CC(CC)CCCC)c4c3n(CC(CC)CCCC)c21,0.852,25.29,74.3,16.01,-5.49,-3.64,-5.67,-3.99,,,2020,10.1002/adfm.202000456,"OPV-DB (Qiu, J., Zenodo, 2026, doi:10.5281/zenodo.20841543)"
PBDB-TF,BTN-4F,CCCCC(CC)Cc1sc(-c2c3cc(-c4ccc(-c5sc(-c6cccs6)c6c5C(=O)c5c(CC(CC)CCCC)sc(CC(CC)CCCC)c5C6=O)s4)sc3c(-c3cc(F)c(CC(CC)CCCC)s3)c3ccsc23)cc1F,CCCCCCCCCCCC1C2=C(SC1/C=C1\C(=O)c3cc(F)c(F)cc3C1=C(C#N)C#N)C1C(S2)c2c(c3c(c4nsnc24)c2c(cc(/C=C4\C(=O)C5C=C(F)C(F)=CC5C4=C(C#N)C#N)n2C)n3CC(CC)CCCC)N1CC(CC)CCCC,0.816,25.05,77.3,15.82,-5.49,-3.64,-5.73,-4.15,,,2020,10.1002/sstr.202000052,"OPV-DB (Qiu, J., Zenodo, 2026, doi:10.5281/zenodo.20841543)"
PBDBT,COTIC-4F,CCCCC(CC)Cc1sc(-c2c3cc(-c4cccc5nsnc45)sc3c(-c3cc(Cl)c(CC(CC)CCCC)s3)c3ccsc23)cc1Cl,CCCCC(CC)COc1cc(/C=C2\C(=O)c3cc(F)c(F)cc3C2=C(C#N)C#N)sc1-c1cc2c(s1)-c1sc(-c3sc(/C=C4\C(=O)c5cc(F)c(F)cc5C4=C(C#N)C#N)cc3OCC(CC)CCCC)cc1C2(CC(CC)CCCC)CC(CC)CCCC,0.55,8.0,49.0,2.32,-5.33,-3.48,-5.26,-4.16,,,2020,10.1039/d0tc02136a,"OPV-DB (Qiu, J., Zenodo, 2026, doi:10.5281/zenodo.20841543)"
PBTT-F,Y6,CCCCC(CC)Cc1sc(-c2c3cc(-c4ccc(-c5sc(-c6cccs6)c6c5C(=O)c5c(sc(CC(CC)CCCC)c5CC(CC)CCCC)C6=O)s4)sc3c(-c3cc(F)c(CC(CC)CCCC)s3)c3ccsc23)cc1F,CCCCCCCCCCCc1c(/C=C2\C(=O)c3cc(F)c(F)cc3C2=C(C#N)C#N)sc2c1sc1c3c4nsnc4c4c5sc6c(CCCCCCCCCCC)c(/C=C7\C(=O)c8cc(F)c(F)cc8C7=C(C#N)C#N)sc6c5n(CC(CC)CCCC)c4c3n(CC(CC)CCCC)c21,0.84,24.8,77.1,16.1,-5.48,-3.68,-5.65,-4.09,,,2020,10.1021/acsenergylett.0c00537,"OPV-DB (Qiu, J., Zenodo, 2026, doi:10.5281/zenodo.20841543)"
PTB7-Th,ITIC-4F,CCCCC(CC)COC(=O)c1sc2csc(-c3cc4c(-c5ccc(CC(CC)CCCC)s5)c5sccc5c(-c5ccc(CC(CC)CCCC)s5)c4s3)c2c1F,CCCCCCc1ccc(C2(c3ccc(CCCCCC)cc3)c3cc4c(cc3-c3sc5cc(/C=C6/C(=O)c7cc(F)c(F)cc7C6=C(C#N)C#N)sc5c32)C(c2ccc(CCCCCC)cc2)(c2ccc(CCCCCC)cc2)c2c-4sc3cc(/C=C4/C(=O)c5cc(F)c(F)cc5C4=C(C#N)C#N)sc23)cc1,0.69,17.3,66.7,7.94,-5.29,-3.72,-5.82,-4.24,,,2020,10.1016/j.orgel.2020.105630,"OPV-DB (Qiu, J., Zenodo, 2026, doi:10.5281/zenodo.20841543)"
PDTTP-2FBTA,PC71BM,CCCCCCCCCCC(CCCCCCCC)COc1cc(-c2cc3sc(-c4ccc(-c5c(F)c(F)c(-c6cccs6)c6nn(CC(CCCC)CCCCCC)nc56)s4)cc3s2)c(OCC(CCCCCCCC)CCCCCCCCCC)cc1-c1cc2sccc2s1,COC(=O)CCCC1(c2ccccc2)C23c4c5ccc6c7cc8c9c%10c(cc%11cc%12c%13c%14c(cc%15c%16ccc-5c2c%16c2c5c%16c%17c(c(c46)c7c9c%17c4c%10c%11c%13c4c%16c%14c%152)C513)C%12)C8,0.53,10.68,52.4,3.2,-5.18,-3.25,-5.9,-3.9,,,2020,10.1016/j.dyepig.2020.108540,"OPV-DB (Qiu, J., Zenodo, 2026, doi:10.5281/zenodo.20841543)"
PTB7-Th,IDT-IC,CC(CC)CCCC(=O)OCC1=C(SC(=C1)C2=CC3=C(S2)C(=O)C4=C(C3=O)C5=CC(=CC(=C5S4)F)C(CC)CCCC)C(=O)OCCCC(CC)C,CCCCCCc1ccc(C2(c3ccc(CCCCCC)cc3)c3cc4c(cc3-c3sc(/C=C5\C(=O)c6ccccc6C5=C(C#N)C#N)cc32)C(c2ccc(CCCCCC)cc2)(c2ccc(CCCCCC)cc2)c2cc(/C=C3\C(=O)c5ccccc5C3=C(C#N)C#N)sc2-4)cc1,0.83,9.53,40.0,3.16,-5.24,-3.64,-5.658,-3.856,,,2020,10.1021/acsaem.0c01247,"OPV-DB (Qiu, J., Zenodo, 2026, doi:10.5281/zenodo.20841543)"
PBNT-BDD,Y6-BO,CC(S1)=CC=C1C(S2)=C(C(C3=C(CC(CC)CCCC)SC(CC(CC)CCCC)=C3C4=O)=O)C4=C2C5=CC=C(C6=CC(B(C7=CC=CC=C7)N(CC(CCCCCC)CCCCCCCC)C8=C9C=C%10C(C(SC(C)=C%11)=C%11B(C%12=CC=CC=C%12)N%10CC(CCCCCC)CCCCCCCC)=C8)=C9S6)S5,CCCCCCCCCCCc1c(/C=C2\C(=O)c3cc(F)c(F)cc3C2=C(C#N)C#N)sc2c1sc1c3c4nsnc4c4c5sc6c(CCCCCCCCCCC)c(/C=C7\C(=O)c8cc(F)c(F)cc8C7=C(C#N)C#N)sc6c5n(CC(CCCC)CCCCCC)c4c3n(CC(CCCC)CCCCCC)c21,0.87,25.4,71.0,16.1,-5.52,-3.46,-5.79,-4.1,,,2020,10.1002/anie.202016265,"OPV-DB (Qiu, J., Zenodo, 2026, doi:10.5281/zenodo.20841543)"
BSCl-C2,IDIC-4Cl,CCCCCCc1cc(/C=C2\SC(=S)N(CC(CC)CCCC)C2=O)sc1-c1cc2sc(-c3cc4c(-c5cc(Cl)c(SCC(CC)CCCC)s5)c5sc(-c6sc7cc(-c8sc(/C=C9\SC(=S)N(CC(CC)CCCC)C9=O)cc8CCCCCC)sc7c6CCCCCC)cc5c(-c5cc(Cl)c(SCC(CC)CCCC)s5)c4s3)c(CCCCCC)c2s1,CCCCCCCCC1(CCCCCCCC)c2cc3c(cc2-c2sc(/C=C4\C(=O)c5cc(Cl)c(Cl)cc5C4=C(C#N)C#N)cc21)C(CCCCCCCC)(CCCCCCCC)c1cc(/C=C2\C(=O)c4cc(Cl)c(Cl)cc4C2=C(C#N)C#N)sc1-3,0.865,20.1,71.3,12.4,-5.58,-3.39,-5.9,-4.04,,,2020,10.1021/acsami.0c03977,"OPV-DB (Qiu, J., Zenodo, 2026, doi:10.5281/zenodo.20841543)"
P2F-EHp,BTA3,CCc1c(F)cc(-c2c3cc(-c4ccc(-c5c6c(c(-c7ccc(-c8cc9c(-c%10cc(F)c(CC)c(F)c%10)c%10sc(-c%11ccc(-c%12c%13c(c(-c%14ccc(-c%15cc%16c(-c%17cc(F)c(CC)c(F)c%17)c%17sc(-c%18ccc(-c%19c%20c(c(-c%21cccs%21)c%21nn(CC)nc%19%21)C(=O)N(CC)C%20=O)s%18)cc%17c(-c%17cc(F)c(CC)c(F)c%17)c%16s%15)s%14)c%14nn(CC)nc%12%14)C(=O)N(CC)C%13=O)s%11)cc%10c(-c%10cc(F)c(CC)c(F)c%10)c9s8)s7)c7nn(CC)nc57)C(=O)N(CC)C6=O)s4)sc3c(-c3cc(F)c(CC)c(F)c3)c3ccsc23)cc1F,CCCCCCCCn1nc2c(/C=c3\sc(=C(C#N)C#N)n(CC)c3=O)ccc(-c3cc4c(s3)-c3cc5c(cc3C4(c3ccc(CCCCCC)cc3)c3ccc(CCCCCC)cc3)-c3sc(-c4ccc(/C=c6\sc(=C(C#N)C#N)n(CC)c6=O)c6nn(CCCCCCCC)nc46)cc3C5(c3ccc(CCCCCC)cc3)c3ccc(CCCCCC)cc3)c2n1,1.29,6.61,54.09,4.62,-5.38,-3.06,-5.49,-3.72,,,2020,10.1021/acs.jpcc.0c05914,"OPV-DB (Qiu, J., Zenodo, 2026, doi:10.5281/zenodo.20841543)"
BTR,MeIC,CCCCCCc1cc(-c2cc3c(-c4cc(CC(CC)CCCC)c(CCCCCC)s4)c4sc(-c5cc(CCCCCC)c(-c6cc(CCCCCC)c(-c7ccc(/C=C8/SC(=S)N(CCCCCC)C8=O)s7)s6)s5)cc4c(-c4cc(CC(CC)CCCC)c(CCCCCC)s4)c3s2)sc1-c1cc(CCCCCC)c(-c2ccc(/C=C3/SC(=S)N(CCCCCC)C3=O)s2)s1,CCCCCCc1ccc(C2(c3ccc(CCCCCC)cc3)c3cc4c(cc3-c3sc5cc(/C=C6\C(=O)c7c(csc7C)C6=C(C#N)C#N)sc5c32)C(c2ccc(CCCCCC)cc2)(c2ccc(CCCCCC)cc2)c2c-4sc3cc(/C=C4\C(=O)c5c(csc5C)C4=C(C#N)C#N)sc23)cc1,0.795,19.54,70.5,10.95,-5.34,-3.53,-5.57,-3.93,,,2020,10.1016/j.solener.2020.11.043,"OPV-DB (Qiu, J., Zenodo, 2026, doi:10.5281/zenodo.20841543)"
J71,IDTN,CCCCCCCCC(CCCCCC)Cn1nc2c(-c3cccs3)c(F)c(F)c(-c3ccc(-c4cc5c(-c6ccc([Si](CCC)(CCC)CCC)s6)c6sccc6c(-c6ccc([Si](CCC)(CCC)CCC)s6)c5s4)s3)c2n1,CCCCCCc1ccc(C2(c3ccc(CCCCCC)cc3)c3cc4c(cc3-c3sc(/C=C5\C(=O)c6cc7ccccc7cc6C5=C(C#N)C#N)cc32)C(c2ccc(CCCCCC)cc2)(c2ccc(CCCCCC)cc2)c2cc(/C=C3\C(=O)c5cc6ccccc6cc5C3=C(C#N)C#N)sc2-4)cc1,0.88,16.7,74.4,10.9,-5.4,-3.24,-5.8,-3.98,,,2020,10.1039/d0ta10953c,"OPV-DB (Qiu, J., Zenodo, 2026, doi:10.5281/zenodo.20841543)"
PBDB-T,ITIC-Th3,CCCCC(CC)Cc1ccc(-c2c3cc(-c4ccc(-c5sc(-c6cccs6)c6c5C(=O)c5c(CC(CC)CCCC)sc(CC(CC)CCCC)c5C6=O)s4)sc3c(-c3ccc(CC(CC)CCCC)s3)c3ccsc23)s1,CCCCCCc1ccc(C2(c3ccc(CCCCCC)s3)c3cc4c(cc3-c3sc5cc(/C=C6\C(=O)c7ccc(OC)cc7C6=C(C#N)C#N)sc5c32)C(c2ccc(CCCCCC)s2)(c2ccc(CCCCCC)s2)c2c-4sc3cc(/C=C4\C(=O)c5ccc(OC)cc5C4=C(C#N)C#N)sc23)s1,0.93,15.9,70.8,10.9,-5.33,-3.48,-5.67,-3.73,,,2020,10.1002/adma.202002315,"OPV-DB (Qiu, J., Zenodo, 2026, doi:10.5281/zenodo.20841543)"
J71,Y22,CCCCCCCCC(CCCCCC)Cn1nc2c(-c3cccs3)c(F)c(F)c(-c3ccc(-c4cc5c(-c6ccc([Si](CCC)(CCC)CCC)s6)c6sccc6c(-c6ccc([Si](CCC)(CCC)CCC)s6)c5s4)s3)c2n1,CCc1c(/C=C2\C(=O)c3cc(F)c(F)cc3C2=C(C#N)C#N)sc2c1sc1c3c4nn(CC)nc4c4c5sc(/C=C6\C(=O)c7cc(F)c(F)cc7C6=C(C#N)C#N)c(CC)c5n(CC)c4c3n(CC)c21,0.806,21.7,62.27,10.89,-5.4,-3.24,-5.69,-3.94,,,2020,10.1039/d0ta01636e,"OPV-DB (Qiu, J., Zenodo, 2026, doi:10.5281/zenodo.20841543)"
PTh37,ITIC,CCCCCCCCc1csc2cc(-c3sc(-c4cc5sc(-c6cc7c(-c8ccc(CC(CC)CCCC)s8)c8sccc8c(-c8ccc(CC(CC)CCCC)s8)c7s6)c(CCCCCCCC)c5s4)c4c3C(=O)N(CC(CCCCCC)CCCCCCCC)C4=O)sc12,CCCCCCc1ccc(C2(c3ccc(CCCCCC)cc3)c3cc4c(cc3-c3sc5cc(C=C6C(=O)c7ccccc7C6=C(C#N)C#N)sc5c32)C(c2ccc(CCCCCC)cc2)(c2ccc(CCCCCC)cc2)c2c-4sc3cc(C=C4C(=O)c5ccccc5C4=C(C#N)C#N)sc23)cc1,0.927,17.63,66.7,10.9,-5.22,-3.36,-5.576,-3.916,,,2020,10.1039/d0tc02032j,"OPV-DB (Qiu, J., Zenodo, 2026, doi:10.5281/zenodo.20841543)"
PTQ10,HO-IDIC-2F,CCCCCCCCC(CCCCCC)COc1cnc2c(C)c(F)c(F)c(-c3ccc(C)s3)c2n1,CCCCCCOc1c2c(c(OCCCCCC)c3c1C(CCCCCC)(CCCCCC)c1cc(/C=C4\C(=O)c5cc(F)ccc5C4=C(C#N)C#N)sc1-3)C(CCCCCC)(CCCCCC)c1cc(/C=C3\C(=O)c4ccc(F)cc4C3=C(C#N)C#N)sc1-2,0.92,19.01,70.7,12.43,-5.54,-2.98,-5.81,-3.91,,,2020,10.1039/d0tc01313g,"OPV-DB (Qiu, J., Zenodo, 2026, doi:10.5281/zenodo.20841543)"
PBT1-C-2Cl,Y6,CCCCCCC(CCCC)Cc1ccc(-c2c3cc(-c4sc(-c5sc(-c6cc(Cl)cs6)c6c5C(=O)c5c(CC(CC)CCCC)sc(CC(CC)CCCC)c5C6=O)cc4Cl)sc3c(-c3ccc(CC(CCCC)CCCCCC)cc3)c3ccsc23)cc1,CCCCCCCCCCCc1c(/C=C2\C(=O)c3cc(F)c(F)cc3C2=C(C#N)C#N)sc2c1sc1c3c4nsnc4c4c5sc6c(CCCCCCCCCCC)c(/C=C7\C(=O)c8cc(F)c(F)cc8C7=C(C#N)C#N)sc6c5n(CC(CC)CCCC)c4c3n(CC(CC)CCCC)c21,0.84,26.1,72.5,16.1,-5.59,-3.53,-5.65,-4.09,,,2020,10.1002/adfm.202002181,"OPV-DB (Qiu, J., Zenodo, 2026, doi:10.5281/zenodo.20841543)"
P3HT,Y6,CCCCCCc1ccsc1,CCCCCCCCCCCc1c(/C=C2\C(=O)c3cc(F)c(F)cc3C2=C(C#N)C#N)sc2c1sc1c3c4nsnc4c4c5sc6c(CCCCCCCCCCC)c(/C=C7\C(=O)c8cc(F)c(F)cc8C7=C(C#N)C#N)sc6c5n(CC(CC)CCCC)c4c3n(CC(CC)CCCC)c21,0.45,11.66,45.5,2.41,-5.01,-3.12,-5.65,-4.09,,,2020,10.1021/acs.jpcc.0c07162,"OPV-DB (Qiu, J., Zenodo, 2026, doi:10.5281/zenodo.20841543)"
PCE10-SF,IT-4F,CCOC(=O)c1sc2c(-c3cc4c(-c5cc(F)c(SCC)s5)c5sc(-c6sc(-c7cc8c(-c9cc(F)c(SCC)s9)c9sc(-c%10sc(-c%11cc%12c(-c%13cc(F)c(SCC)s%13)c%13sccc%13c(-c%13cc(F)c(SCC)s%13)c%12s%11)c%11sc(C(=O)OCC)c(F)c%10%11)cc9c(-c9cc(F)c(SCC)s9)c8s7)c7sc(C(=O)OCC)c(F)c67)cc5c(-c5cc(F)c(SCC)s5)c4s3)scc2c1F,CCCCCCc1ccc(C2(c3ccc(CCCCCC)cc3)c3cc4c(cc3-c3sc5cc(/C=C6\C(=O)c7cc(F)c(F)cc7C6=C(C#N)C#N)sc5c32)C(c2ccc(CCCCCC)cc2)(c2ccc(CCCCCC)cc2)c2c-4sc3cc(/C=C4\C(=O)c5cc(F)c(F)cc5C4=C(C#N)C#N)sc23)cc1,0.682,8.48,41.5,2.4,-5.53,-3.76,-5.66,-4.14,,,2020,10.1039/d0ta11203h,"OPV-DB (Qiu, J., Zenodo, 2026, doi:10.5281/zenodo.20841543)"
PBNO,PC71BM,CCCCCCCCC(CCCCCC)COC1c2ccsc2C(c2ccc(-c3ccc(OCC(CC)CCCC)cc3)cc2)c2cc(-c3ccc(-c4sc(-c5cccs5)c5c4C(=O)c4cc(OCC(CC)CCCC)c(OCC(CC)CCCC)cc4C5=O)s3)sc21,COC(=O)CCCC1(c2ccccc2)C23c4c5ccc6c7cc8c9c%10c(cc%11cc%12c%13c%14c(cc%15c%16ccc-5c2c%16c2c5c%16c%17c(c(c46)c7c9c%17c4c%10c%11c%13c4c%16c%14c%152)C513)C%12)C8,0.784,9.85,60.98,4.71,-5.25,-3.59,-5.9,-3.9,,,2020,10.1016/j.polymer.2020.123184,"OPV-DB (Qiu, J., Zenodo, 2026, doi:10.5281/zenodo.20841543)"
PffBT4T-2OD,IEICO-4F,CCCCCCCCCCC(CCCCCCCC)Cc1csc(-c2c(F)c(F)c(-c3cc(CC(CCCCCCCC)CCCCCCCCCC)c(-c4ccc(-c5cccs5)s4)s3)c3nsnc23)c1,CCCCCCc1ccc(C2(c3ccc(CCCCCC)cc3)c3cc4c(cc3-c3sc(-c5sc(/C=C6\C(=O)c7cc(F)c(F)cc7C6=C(C#N)C#N)cc5OCC(CC)CCCC)cc32)C(c2ccc(CCCCCC)cc2)(c2ccc(CCCCCC)cc2)c2cc(-c3scc(/C=C5/C(=O)c6cc(F)c(F)cc6C5=C(C#N)C#N)c3OCC(CC)CCCC)sc2-4)cc1,0.69,11.5,60.0,4.7,-5.32,-3.7,-5.44,-4.19,,,2020,10.1021/acsaem.0c00740,"OPV-DB (Qiu, J., Zenodo, 2026, doi:10.5281/zenodo.20841543)"
J71,m-ITTC,CCCCCCCCC(CCCCCC)Cn1nc2c(-c3cccs3)c(F)c(F)c(-c3ccc(-c4cc5c(-c6ccc([Si](CCC)(CCC)CCC)s6)c6sccc6c(-c6ccc([Si](CCC)(CCC)CCC)s6)c5s4)s3)c2n1,CCCCCCc1cccc(C2(c3cccc(CCCCCC)c3)c3cc4c(cc3-c3sc5cc(/C=C6/C(=O)c7cscc7C6=C(C#N)C#N)sc5c32)C(c2cccc(CCCCCC)c2)(c2cccc(CCCCCC)c2)c2c-4sc3cc(/C=C4/C(=O)c5cscc5C4=C(C#N)C#N)sc23)c1,0.874,19.27,73.54,12.38,-5.4,-3.24,-5.62,-3.89,,,2020,10.1039/d0tc03217d,"OPV-DB (Qiu, J., Zenodo, 2026, doi:10.5281/zenodo.20841543)"
PM6,IDIC,CCCCC(CC)Cc1sc(-c2c3cc(-c4ccc(-c5sc(-c6cccs6)c6c5C(=O)c5c(CC(CC)CCCC)sc(CC(CC)CCCC)c5C6=O)s4)sc3c(-c3cc(F)c(CC(CC)CCCC)s3)c3ccsc23)cc1F,CCCCCCC1(CCCCCC)c2cc3c(cc2-c2sc(/C=C4\C(=O)c5ccccc5C4=C(C#N)C#N)cc21)C(CCCCCC)(CCCCCC)c1cc(/C=C2\C(=O)c4ccccc4C2=C(C#N)C#N)sc1-3,0.963,17.94,71.6,12.37,-5.56,-3.65,-5.69,-3.91,,,2020,10.1039/d0qm01037e,"OPV-DB (Qiu, J., Zenodo, 2026, doi:10.5281/zenodo.20841543)"
PBDB-T,PNB2F,CCCCC(CC)Cc1ccc(-c2c3cc(-c4ccc(-c5sc(-c6cccs6)c6c5C(=O)c5c(CC(CC)CCCC)sc(CC(CC)CCCC)c5C6=O)s4)sc3c(-c3ccc(CC(CC)CCCC)s3)c3ccsc23)s1,CCCCCCCCCCCCC(CCCCCCCC)CN1C(=O)c2ccc3c4c(c(-c5ccc(-c6cc(F)c(-c7cccs7)cc6F)s5)cc(c24)C1=O)C(=O)N(CC(CCCCCCCC)CCCCCCCCCCCC)C3=O,0.86,8.03,65.0,4.49,-5.33,-3.48,-5.55,-3.88,,,2020,10.1016/j.orgel.2020.106051,"OPV-DB (Qiu, J., Zenodo, 2026, doi:10.5281/zenodo.20841543)"
PBDB-TF,HDO-4Cl,CCCCC(CC)Cc1sc(-c2c3cc(-c4ccc(-c5sc(-c6cccs6)c6c5C(=O)c5c(CC(CC)CCCC)sc(CC(CC)CCCC)c5C6=O)s4)sc3c(-c3cc(F)c(CC(CC)CCCC)s3)c3ccsc23)cc1F,CCOc1c(/C=C2\C(=O)c3cc(Cl)c(Cl)cc3C2=C(C#N)C#N)sc2c1sc1c3c4nsnc4c4c5sc6c(OCC)c(/C=C7\C(=O)c8cc(Cl)c(Cl)cc8C7=C(C#N)C#N)sc6c5n(CC)c4c3n(CC)c21,0.94,21.9,76.0,15.6,-5.49,-3.64,-5.7,-3.91,,,2020,10.1039/d0qm00633e,"OPV-DB (Qiu, J., Zenodo, 2026, doi:10.5281/zenodo.20841543)"
PBDB-TF,BTIC-CF3-γ,CCCCC(CC)Cc1sc(-c2c3cc(-c4ccc(-c5sc(-c6cccs6)c6c5C(=O)c5c(CC(CC)CCCC)sc(CC(CC)CCCC)c5C6=O)s4)sc3c(-c3cc(F)c(CC(CC)CCCC)s3)c3ccsc23)cc1F,CCCCCCCCCCCc1c(/C=C2\C(=O)c3cc(C)ccc3C2=C(C#N)C#N)sc2c1sc1c3c4nsnc4c4c5sc6c(CCCCCCCCCCC)c(/C=C7\C(=O)c8cc(C)ccc8C7=C(C#N)C#N)sc6c5n(CC(CC)CCCC)c4c3n(CC(CC)CCC)c21,0.85,25.19,72.8,15.59,-5.49,-3.64,-5.45,-3.96,,,2020,10.1016/j.joule.2020.02.004,"OPV-DB (Qiu, J., Zenodo, 2026, doi:10.5281/zenodo.20841543)"
PM6,M6,CCCCC(CC)Cc1sc(-c2c3cc(-c4ccc(-c5sc(-c6cccs6)c6c5C(=O)c5c(CC(CC)CCCC)sc(CC(CC)CCCC)c5C6=O)s4)sc3c(-c3cc(F)c(CC(CC)CCCC)s3)c3ccsc23)cc1F,CCCCCCCCC(CCCCCC)Cn1c2cc(/C=C3\C(=O)c4cc(Cl)c(Cl)cc4C3=C(C#N)C#N)sc2c2sc3c(OCC(CC)CCCC)c4c(sc5c6sc(/C=C7\C(=O)c8cc(Cl)c(Cl)cc8C7=C(C#N)C#N)cc6n(CC(CCCCCC)CCCCCCCC)c54)c(OCC(CC)CCCC)c3c21,0.89,24.7,70.3,15.45,-5.56,-3.65,-5.62,-4.0,,,2020,10.1002/adfm.202010436,"OPV-DB (Qiu, J., Zenodo, 2026, doi:10.5281/zenodo.20841543)"
P3HT,IDTT-CR,CCCCCCc1ccsc1,CCc1ccc(C2(c3ccc(CC)cc3)c3cc4c(cc3-c3sc5cc(C6=C/C(=c7/sc(=C(C#N)C#N)n(CC)c7=O)CCC6)sc5c32)C(c2ccc(CC)cc2)(c2ccc(CC)cc2)c2c-4sc3cc(C4=C/C(=c5/sc(=C(C#N)C#N)n(CC)c5=O)CCC4)sc23)cc1,0.82,5.61,55.06,2.86,-5.01,-3.12,-5.25,-3.38,,,2020,10.1039/d0ta09924d,"OPV-DB (Qiu, J., Zenodo, 2026, doi:10.5281/zenodo.20841543)"
PBBSe-H,Y6,CCCCC(CC)Cc1ccc(-c2c3cc(-c4ccc(-c5sc(-c6ccc[se]6)c6c5C(=O)c5c(CC(CC)CCCC)sc(CC(CC)CCCC)c5C6=O)[se]4)sc3c(-c3ccc(CC(CC)CCCC)s3)c3ccsc23)s1,CCCCCCCCCCCc1c(/C=C2\C(=O)c3cc(F)c(F)cc3C2=C(C#N)C#N)sc2c1sc1c3c4nsnc4c4c5sc6c(CCCCCCCCCCC)c(/C=C7\C(=O)c8cc(F)c(F)cc8C7=C(C#N)C#N)sc6c5n(CC(CC)CCCC)c4c3n(CC(CC)CCCC)c21,0.65,22.23,56.4,8.17,-5.16,-3.45,-5.65,-4.09,,,2020,10.1021/acs.macromol.0c00405,"OPV-DB (Qiu, J., Zenodo, 2026, doi:10.5281/zenodo.20841543)"
PPFOEH-BZ,ITIC,CCCCCCCCC(CCCCCC)Cn1nc2c(-c3cccs3)c(F)c(F)c(-c3ccc(-c4cc5c(-c6ccc(OCC(CC)CCCC)c(F)c6)c6sccc6c(-c6ccc(OCC(CC)CCCC)c(F)c6)c5o4)s3)c2n1,CCCCCCc1ccc(C2(c3ccc(CCCCCC)cc3)c3cc4c(cc3-c3sc5cc(C=C6C(=O)c7ccccc7C6=C(C#N)C#N)sc5c32)C(c2ccc(CCCCCC)cc2)(c2ccc(CCCCCC)cc2)c2c-4sc3cc(C=C4C(=O)c5ccccc5C4=C(C#N)C#N)sc23)cc1,0.86,17.26,54.7,8.16,-5.43,-3.75,-5.576,-3.916,,,2020,10.1016/j.dyepig.2020.108775,"OPV-DB (Qiu, J., Zenodo, 2026, doi:10.5281/zenodo.20841543)"
PBDB-T,MPU2,CCCCC(CC)Cc1ccc(-c2c3cc(-c4ccc(-c5sc(-c6cccs6)c6c5C(=O)c5c(CC(CC)CCCC)sc(CC(CC)CCCC)c5C6=O)s4)sc3c(-c3ccc(CC(CC)CCCC)s3)c3ccsc23)s1,CCCCC(CC)CN1C(=O)C2=C(c3ccc(/C=c4\sc(=C(C#N)C#N)n(CC)c4=O)s3)N(CC(CC)CCCC)C(=O)C2=C1c1ccc(/C=c2\sc(=C(C#N)C#N)n(CC)c2=O)s1,0.81,15.36,66.0,8.21,-5.33,-3.48,-5.72,-4.15,,,2020,10.1016/j.solener.2020.02.057,"OPV-DB (Qiu, J., Zenodo, 2026, doi:10.5281/zenodo.20841543)"
PBDB-TF,BTP-2Cl-delta,CCCCC(CC)Cc1sc(-c2c3cc(-c4ccc(-c5sc(-c6cccs6)c6c5C(=O)c5c(CC(CC)CCCC)sc(CC(CC)CCCC)c5C6=O)s4)sc3c(-c3cc(F)c(CC(CC)CCCC)s3)c3ccsc23)cc1F,CCCCCCCCCCCc1c(/C=C2\C(=O)c3ccc(Cl)cc3C2=C(C#N)C#N)sc2c1sc1c3c4nsnc4c4c5sc6c(CCCCCCCCCCC)c(/C=C7\C(=O)c8ccc(Cl)cc8C7=C(C#N)C#N)sc6c5n(CC(CC)CCCC)c4c3n(CC(CC)CCCC)c21,0.89,24.3,71.1,15.4,-5.49,-3.64,-5.57,-3.85,,,2020,10.1021/acsami.0c16389,"OPV-DB (Qiu, J., Zenodo, 2026, doi:10.5281/zenodo.20841543)"
PM6,IDF-IC,CCCCC(CC)Cc1sc(-c2c3cc(-c4ccc(-c5sc(-c6cccs6)c6c5C(=O)c5c(CC(CC)CCCC)sc(CC(CC)CCCC)c5C6=O)s4)sc3c(-c3cc(F)c(CC(CC)CCCC)s3)c3ccsc23)cc1F,CCCCCCc1ccc(C2(c3ccc(CCCCCC)cc3)c3cc4c(cc3-c3oc(/C=C5\C(=O)c6ccccc6C5=C(C#N)C#N)cc32)C(c2ccc(CCCCCC)cc2)(c2ccc(CCCCCC)cc2)c2cc(/C=C3\C(=O)c5ccccc5C3=C(C#N)C#N)oc2-4)cc1,0.905,14.55,59.0,7.8,-5.56,-3.65,-5.75,-4.13,,,2020,10.1021/acsaem.0c01247,"OPV-DB (Qiu, J., Zenodo, 2026, doi:10.5281/zenodo.20841543)"
FTAZ,INIC,CCCCCCC(CCCC)CCc1c2cc(-c3ccc(-c4c(F)c(F)c(-c5cccs5)c5nn(CC(CCCC)CCCCCC)nc45)s3)sc2c(CCC(CCCC)CCCCCC)c2ccsc12,CCCCCCc1ccc(C2(c3ccc(CCCCCC)cc3)c3cc4c(cc3-c3sc5c(sc6cc(/C=C7\C(=O)c8ccccc8C7=C(C#N)C#N)sc65)c32)C(c2ccc(CCCCCC)cc2)(c2ccc(CCCCCC)cc2)c2c-4sc3c2sc2cc(/C=C4\C(=O)c5ccccc5C4=C(C#N)C#N)sc23)cc1,0.956,14.01,58.5,7.8,-5.38,-3.17,-5.45,-3.88,,,2020,10.1002/sstr.202000006,"OPV-DB (Qiu, J., Zenodo, 2026, doi:10.5281/zenodo.20841543)"
PBDB-T-2Cl,BTCIC,CCCCC(CC)Cc1sc(-c2c3cc(-c4ccc(-c5sc(-c6cccs6)c6c5C(=O)c5c(CC(CC)CCCC)sc(CC(CC)CCCC)c5C6=O)s4)sc3c(-c3cc(Cl)c(CC(CC)CCCC)s3)c3ccsc23)cc1Cl,CCCCC(CC)CC1(CC(CC)CCCC)c2cc(/C=C3\C(=O)c4ccccc4C3=C(C#N)C#N)sc2-c2sc(-c3ccc(-c4cc5c(s4)-c4sc(/C=C6\C(=O)c7ccccc7C6=C(C#N)C#N)cc4C5(CC(CC)CCCC)CC(CC)CCCC)c4nsnc34)cc21,0.83,5.4,62.0,2.8,-5.52,-3.6,-5.53,-4.0,,,2020,10.1021/acsami.0c01850,"OPV-DB (Qiu, J., Zenodo, 2026, doi:10.5281/zenodo.20841543)"
PM6,PNDIBS,CCCCC(CC)Cc1sc(-c2c3cc(-c4ccc(-c5sc(-c6cccs6)c6c5C(=O)c5c(CC(CC)CCCC)sc(CC(CC)CCCC)c5C6=O)s4)sc3c(-c3cc(F)c(CC(CC)CCCC)s3)c3ccsc23)cc1F,CCCCCCCCCCCCC(CCCCCCCCCC)CN1C(=O)c2ccc3c4c(c(-c5ccc(-c6ccc[se]6)[se]5)cc(c24)C1=O)C(=O)N(CC(CCCCCCCCCC)CCCCCCCCCCCC)C3=O,0.925,6.72,50.0,3.11,-5.56,-3.65,-5.94,-3.91,,,2020,10.1021/acsami.0c01382,"OPV-DB (Qiu, J., Zenodo, 2026, doi:10.5281/zenodo.20841543)"
PBDB-T,PIDIC2T,CCCCC(CC)Cc1ccc(-c2c3cc(-c4ccc(-c5sc(-c6cccs6)c6c5C(=O)c5c(CC(CC)CCCC)sc(CC(CC)CCCC)c5C6=O)s4)sc3c(-c3ccc(CC(CC)CCCC)s3)c3ccsc23)s1,CCCCCCCCCCCCCCCCC1(CCCCCCCCCCCCCCCC)c2cc3c(cc2-c2sc(/C=C4\C(=O)c5ccccc5C4=C(C#N)C#N)cc21)C(CCCCCCCCCCCCCCCC)(CCCCCCCCCCCCCCCC)c1cc(/C=C2\C(=O)c4ccc(-c5ccc(-c6cccs6)s5)cc4C2=C(C#N)C#N)sc1-3,0.8,9.07,41.0,2.97,-5.33,-3.48,-5.65,-3.85,,,2020,10.1021/acsami.0c08442,"OPV-DB (Qiu, J., Zenodo, 2026, doi:10.5281/zenodo.20841543)"
PM6,Y22,CCCCC(CC)Cc1sc(-c2c3cc(-c4ccc(-c5sc(-c6cccs6)c6c5C(=O)c5c(CC(CC)CCCC)sc(CC(CC)CCCC)c5C6=O)s4)sc3c(-c3cc(F)c(CC(CC)CCCC)s3)c3ccsc23)cc1F,CCc1c(/C=C2\C(=O)c3cc(F)c(F)cc3C2=C(C#N)C#N)sc2c1sc1c3c4nn(CC)nc4c4c5sc(/C=C6\C(=O)c7cc(F)c(F)cc7C6=C(C#N)C#N)c(CC)c5n(CC)c4c3n(CC)c21,0.853,24.37,74.12,15.4,-5.56,-3.65,-5.69,-3.94,,,2020,10.1039/d0ta01636e,"OPV-DB (Qiu, J., Zenodo, 2026, doi:10.5281/zenodo.20841543)"
PFT-EHp,Y6,CCCCCCCCN1C(=O)c2c(c(-c3ccc(-c4cc5c(-c6cc(F)c(CC(CC)CCCC)s6)c6sccc6c(-c6cc(F)c(CC(CC)CCCC)s6)c5s4)s3)c3nn(CC(CC)CCCC)nc3c2-c2cccs2)C1=O,CCCCCCCCCCCc1c(/C=C2\C(=O)c3cc(F)c(F)cc3C2=C(C#N)C#N)sc2c1sc1c3c4nsnc4c4c5sc6c(CCCCCCCCCCC)c(/C=C7\C(=O)c8cc(F)c(F)cc8C7=C(C#N)C#N)sc6c5n(CC(CC)CCCC)c4c3n(CC(CC)CCCC)c21,0.78,26.9,72.7,15.4,-5.97,-3.63,-5.65,-4.09,,,2020,10.1039/d0ta08725d,"OPV-DB (Qiu, J., Zenodo, 2026, doi:10.5281/zenodo.20841543)"
J71,PNDIBS,CCCCCCCCC(CCCCCC)Cn1nc2c(-c3cccs3)c(F)c(F)c(-c3ccc(-c4cc5c(-c6ccc([Si](CCC)(CCC)CCC)s6)c6sccc6c(-c6ccc([Si](CCC)(CCC)CCC)s6)c5s4)s3)c2n1,CCCCCCCCCCCCC(CCCCCCCCCC)CN1C(=O)c2ccc3c4c(c(-c5ccc(-c6ccc[se]6)[se]5)cc(c24)C1=O)C(=O)N(CC(CCCCCCCCCC)CCCCCCCCCCCC)C3=O,0.84,7.41,42.91,2.74,-5.4,-3.24,-5.94,-3.91,,,2020,10.1016/j.dyepig.2020.108721,"OPV-DB (Qiu, J., Zenodo, 2026, doi:10.5281/zenodo.20841543)"
PBDB-T,M6,CCCCC(CC)Cc1ccc(-c2c3cc(-c4ccc(-c5sc(-c6cccs6)c6c5C(=O)c5c(CC(CC)CCCC)sc(CC(CC)CCCC)c5C6=O)s4)sc3c(-c3ccc(CC(CC)CCCC)s3)c3ccsc23)s1,CCCCCCCCC(CCCCCC)Cn1c2cc(/C=C3\C(=O)c4cc(Cl)c(Cl)cc4C3=C(C#N)C#N)sc2c2sc3c(OCC(CC)CCCC)c4c(sc5c6sc(/C=C7\C(=O)c8cc(Cl)c(Cl)cc8C7=C(C#N)C#N)cc6n(CC(CCCCCC)CCCCCCCC)c54)c(OCC(CC)CCCC)c3c21,0.81,22.74,58.01,10.63,-5.33,-3.48,-5.62,-4.0,,,2020,10.1002/adfm.202010436,"OPV-DB (Qiu, J., Zenodo, 2026, doi:10.5281/zenodo.20841543)"
PTzTz,IT-4F,CCCCCCC(CCCC)Cc1csc(-c2nc3sc(-c4cc(CC(CCCC)CCCCCC)c(-c5cc6c(-c7ccc(CC(CC)CCCC)s7)c7sccc7c(-c7ccc(CC(CC)CCCC)s7)c6s5)s4)nc3s2)c1,CCCCCCc1ccc(C2(c3ccc(CCCCCC)cc3)c3cc4c(cc3-c3sc5cc(/C=C6\C(=O)c7cc(F)c(F)cc7C6=C(C#N)C#N)sc5c32)C(c2ccc(CCCCCC)cc2)(c2ccc(CCCCCC)cc2)c2c-4sc3cc(/C=C4\C(=O)c5cc(F)c(F)cc5C4=C(C#N)C#N)sc23)cc1,0.82,18.81,69.0,10.63,-5.42,-3.52,-5.66,-4.14,,,2020,10.1039/d0nj02483j,"OPV-DB (Qiu, J., Zenodo, 2026, doi:10.5281/zenodo.20841543)"
PM6,IDIC-4F,CCCCC(CC)Cc1sc(-c2c3cc(-c4ccc(-c5sc(-c6cccs6)c6c5C(=O)c5c(CC(CC)CCCC)sc(CC(CC)CCCC)c5C6=O)s4)sc3c(-c3cc(F)c(CC(CC)CCCC)s3)c3ccsc23)cc1F,CCCCCCc1ccc(C2(c3ccc(CCCCCC)cc3)c3cc4c(cc3-c3sc(/C=C5\C(=O)c6cc(F)c(F)cc6C5=C(C#N)C#N)cc32)C(c2ccc(CCCCCC)cc2)(c2ccc(CCCCCC)cc2)c2cc(/C=C3\C(=O)c5cc(F)c(F)cc5C3=C(C#N)C#N)sc2-4)cc1,0.766,18.1,76.5,10.6,-5.56,-3.65,-5.73,-3.93,,,2020,10.1002/smtd.202000687,"OPV-DB (Qiu, J., Zenodo, 2026, doi:10.5281/zenodo.20841543)"
PCPDTBT,PC71BM,CCCCC(CC)CC1(CC(CC)CCCC)c2ccsc2-c2sc(-c3cccc4nsnc34)cc21,COC(=O)CCCC1(c2ccccc2)C23c4c5ccc6c7cc8c9c%10c(cc%11cc%12c%13c%14c(cc%15c%16ccc-5c2c%16c2c5c%16c%17c(c(c46)c7c9c%17c4c%10c%11c%13c4c%16c%14c%152)C513)C%12)C8,0.62,16.2,55.0,5.5,-5.3,-3.6,-5.9,-3.9,,,2020,10.1021/acs.jpcc.0c10218,"OPV-DB (Qiu, J., Zenodo, 2026, doi:10.5281/zenodo.20841543)"
PTQ10,tPDI2N-EH,CCCCCCCCC(CCCCCC)COc1cnc2c(C)c(F)c(F)c(-c3ccc(C)s3)c2n1,CCCCC(CC)Cn1c2cc3c(=O)n(C(CC)CC)c(=O)c4ccc5c6c(-c7cc8c(=O)n(C(CC)CC)c(=O)c9cc%10c%11c(c7c7ccc%12c(=O)n(C(CC)CC)c(=O)c%13cc(c%11c7c%12%13)n%10CC(CC)CCCC)c89)cc7c(=O)n(C(CC)CC)c(=O)c8cc1c(c6c78)c2c5c43,1.21,8.2,55.0,5.5,-5.6,-3.0,-5.9,-3.6,,,2020,10.1039/d0tc03614e,"OPV-DB (Qiu, J., Zenodo, 2026, doi:10.5281/zenodo.20841543)"
PTQ10,4TIC-4F,CCCCCCCCC(CCCCCC)COc1cnc2c(-c3cccs3)c(F)c(F)cc2n1,CCCCCCc1ccc(C2(c3ccc(CCCCCC)cc3)c3cc(/C=C4\C(=O)c5cc(F)c(F)cc5C4=C(C#N)C#N)sc3-c3sc4c5c(sc4c32)-c2sc(/C=C3\C(=O)c4cc(F)c(F)cc4C3=C(C#N)C#N)cc2C5(c2ccc(CCCCCC)cc2)c2ccc(CCCCCC)cc2)cc1,0.77,19.3,55.0,8.4,-5.54,-2.92,-5.63,-4.115,,,2020,10.1002/solr.202000538,"OPV-DB (Qiu, J., Zenodo, 2026, doi:10.5281/zenodo.20841543)"
PM6,IPT-4F,CCCCC(CC)Cc1sc(-c2c3cc(-c4ccc(-c5sc(-c6cccs6)c6c5C(=O)c5c(CC(CC)CCCC)sc(CC(CC)CCCC)c5C6=O)s4)sc3c(-c3cc(F)c(CC(CC)CCCC)s3)c3ccsc23)cc1F,CCc1ccc(C2(c3ccc(CC)cc3)c3cc4c(cc3-c3sc(/C=C5\C(=O)c6ccc(F)cc6C5=C(C#N)C#N)cc32)C(c2ccc(CC)cc2)(c2ccc(CC)cc2)c2c-4sc3c4sc(/C=C5\C(=O)c6ccc(F)cc6C5=C(C#N)C#N)cc4n(CC)c23)cc1,0.914,22.08,74.15,14.96,-5.56,-3.65,-5.57,-4.08,,,2020,10.1039/d0ta00651c,"OPV-DB (Qiu, J., Zenodo, 2026, doi:10.5281/zenodo.20841543)"
PTB7-Th,PBTI2(50DT)-FT,CCCCC(CC)COC(=O)c1sc2csc(-c3cc4c(-c5ccc(CC(CC)CCCC)s5)c5sccc5c(-c5ccc(CC(CC)CCCC)s5)c4s3)c2c1F,CCCCCCCCCCCCC(CCCCCCCCCC)Cn1c(=O)c2ccsc2c2sc3c(sc4c5sc(-c6sc(-c7cc8c(=O)n(CC(CCCCCCCC)CCCCCCCCCC)c(=O)c9c(sc%10c9sc9c%11sc(-c%12scc(F)c%12F)cc%11c(=O)n(CC(CCCCCCCC)CCCCCCCCCC)c(=O)c9%10)c8s7)c(F)c6F)cc5c(=O)n(CC(CCCCCCCCCC)CCCCCCCCCCCC)c(=O)c43)c2c1=O,1.02,13.96,59.0,8.32,-5.29,-3.72,-6.14,-3.43,,,2020,10.1039/d0tc00087f,"OPV-DB (Qiu, J., Zenodo, 2026, doi:10.5281/zenodo.20841543)"
PBDB-TF,IDTTP-4F,CCCCC(CC)Cc1sc(-c2c3cc(-c4ccc(-c5sc(-c6cccs6)c6c5C(=O)c5c(CC(CC)CCCC)sc(CC(CC)CCCC)c5C6=O)s4)sc3c(-c3cc(F)c(CC(CC)CCCC)s3)c3ccsc23)cc1F,CCCCCCc1ccc(C2(c3ccc(CCCCCC)cc3)c3cc4c(cc3-c3sc5cc(/C=C6\C(=O)c7cc(F)c(F)cc7C6=C(C#N)C#N)sc5c32)C(c2ccc(CCCCCC)cc2)(c2ccc(CCCCCC)cc2)c2c-4sc3c4sc(/C=C5\C(=O)c6cc(F)c(F)cc6C5=C(C#N)C#N)cc4n(CC(CC)CCCC)c23)cc1,0.876,20.21,71.4,12.64,-5.49,-3.64,-5.53,-3.97,,,2020,10.1002/smll.202001942,"OPV-DB (Qiu, J., Zenodo, 2026, doi:10.5281/zenodo.20841543)"
PT3,TTPTTT-4F,CCCCCCCCc1sc(CCCCCCCC)c2c1C(=O)c1c(-c3cc4sccc4s3)sc(-c3cc4sc(-c5cc6c(-c7ccc(CC(CC)CCCC)s7)c7sccc7c(-c7ccc(CC(CC)CCCC)s7)c6s5)cc4s3)c1C2=O,CCCCCCC1=CCC(C2(c3ccc(CCCCCC)cc3)c3cc4c(cc3-c3sc5cc(/C=C6\C(=O)c7cc(F)c(F)cc7C6C(C#N)C#N)sc5c32)C(c2ccc(CCCCCC)cc2)(c2ccc(CCCCCC)cc2)c2c-4sc3c2sc2cc(/C=C4\C(=O)C5=C(C=C(F)C(F)C5)C4=C(C#N)C#N)sc23)C=C1,0.86,19.42,73.9,12.61,-5.37,-3.54,-5.69,-4.12,,,2020,10.1002/advs.202001986,"OPV-DB (Qiu, J., Zenodo, 2026, doi:10.5281/zenodo.20841543)"
P-SEH,P(NDI2OD-T2),CCCCCCCCc1csc2cc(-c3sc(-c4cc5sc(-c6cc7c(-c8ccc(SCC(CC)CCCC)s8)c8sccc8c(-c8ccc(SCC(CC)CCCC)s8)c7s6)c(CCCCCCCC)c5s4)c4c3C(=O)N(CC(CCCCCC)CCCCCCCC)C4=O)sc12,CCCCCCCCCCC(CCCCCCCC)CN1C(=O)c2ccc3c4c(c(-c5ccc(-c6cccs6)s5)cc(c24)C1=O)C(=O)N(C(CCCCCCCC)CCCCCCCCCC)C3=O,0.98,9.07,55.0,4.9,-5.48,-3.6,-5.49,-4.05,,,2020,10.1021/acs.chemmater.0c00783,"OPV-DB (Qiu, J., Zenodo, 2026, doi:10.5281/zenodo.20841543)"
PBDB-TF,PIDIC2T,CCCCC(CC)Cc1sc(-c2c3cc(-c4ccc(-c5sc(-c6cccs6)c6c5C(=O)c5c(CC(CC)CCCC)sc(CC(CC)CCCC)c5C6=O)s4)sc3c(-c3cc(F)c(CC(CC)CCCC)s3)c3ccsc23)cc1F,CCCCCCCCCCCCCCCCC1(CCCCCCCCCCCCCCCC)c2cc3c(cc2-c2sc(/C=C4\C(=O)c5ccccc5C4=C(C#N)C#N)cc21)C(CCCCCCCCCCCCCCCC)(CCCCCCCCCCCCCCCC)c1cc(/C=C2\C(=O)c4ccc(-c5ccc(-c6cccs6)s5)cc4C2=C(C#N)C#N)sc1-3,0.9,10.47,52.0,4.89,-5.49,-3.64,-5.65,-3.85,,,2020,10.1021/acsami.0c08442,"OPV-DB (Qiu, J., Zenodo, 2026, doi:10.5281/zenodo.20841543)"
PCE10-2Cl,IT-4F,CCOC(=O)c1sc2c(-c3cc4c(-c5cc(Cl)c(CC)s5)c5sc(-c6sc(-c7cc8c(-c9cc(Cl)c(CC)s9)c9sc(-c%10sc(-c%11cc%12c(-c%13cc(Cl)c(CC)s%13)c%13sccc%13c(-c%13cc(Cl)c(CC)s%13)c%12s%11)c%11sc(C(=O)OCC)c(F)c%10%11)cc9c(-c9cc(Cl)c(CC)s9)c8s7)c7sc(C(=O)OCC)c(F)c67)cc5c(-c5cc(Cl)c(CC)s5)c4s3)scc2c1F,CCCCCCc1ccc(C2(c3ccc(CCCCCC)cc3)c3cc4c(cc3-c3sc5cc(/C=C6\C(=O)c7cc(F)c(F)cc7C6=C(C#N)C#N)sc5c32)C(c2ccc(CCCCCC)cc2)(c2ccc(CCCCCC)cc2)c2c-4sc3cc(/C=C4\C(=O)c5cc(F)c(F)cc5C4=C(C#N)C#N)sc23)cc1,0.822,18.13,71.94,10.72,-5.5,-3.93,-5.66,-4.14,,,2020,10.1039/d0ta11203h,"OPV-DB (Qiu, J., Zenodo, 2026, doi:10.5281/zenodo.20841543)"
PBDB-T,A701,CCCCC(CC)Cc1ccc(-c2c3cc(-c4ccc(-c5sc(-c6cccs6)c6c5C(=O)c5c(CC(CC)CCCC)sc(CC(CC)CCCC)c5C6=O)s4)sc3c(-c3ccc(CC(CC)CCCC)s3)c3ccsc23)s1,CCCCCCCCCCCc1c(/C=C2\C(=O)c3ccccc3C2=C(C#N)C#N)sc2c1sc1c3c4nsnc4c4c5sc6c(CCCCCCCCCCC)c(/C=C7\C(=O)c8ccc(-c9cc%10c(-c%11cc(CCCCCC)c(CC(CC)CCCCCC)s%11)c%11sccc%11c(-c%11cc(CCCCCC)c(CC(CC)CCCCCC)s%11)c%10s9)cc8C7=C(C#N)C#N)sc6c5n(CC(CCCC)CCCCCC)c4c3n(CC(CCCC)CCCCCC)c21,0.92,18.27,64.0,10.7,-5.33,-3.48,-5.61,-3.8,,,2020,10.1021/acsmacrolett.0c00234,"OPV-DB (Qiu, J., Zenodo, 2026, doi:10.5281/zenodo.20841543)"
PM6,IT6-4F,CCCCC(CC)Cc1sc(-c2c3cc(-c4ccc(-c5sc(-c6cccs6)c6c5C(=O)c5c(CC(CC)CCCC)sc(CC(CC)CCCC)c5C6=O)s4)sc3c(-c3cc(F)c(CC(CC)CCCC)s3)c3ccsc23)cc1F,CCc1ccc(C2(c3ccc(CC)cc3)c3cc4c(cc3-c3sc(/C=C5\C(=O)c6cc(F)c(F)cc6C5=C(C#N)C#N)cc32)C(c2ccc(CC)cc2)(c2ccc(CC)cc2)c2c-4sc3cc(/C=C4\C(=O)c5cc(F)c(F)cc5C4=C(C#N)C#N)sc23)cc1,0.9,16.69,72.1,10.8,-5.56,-3.65,-5.69,-3.99,,,2020,10.1039/d0ta03985c,"OPV-DB (Qiu, J., Zenodo, 2026, doi:10.5281/zenodo.20841543)"
PBDB-TF,PF2-DTSi,CCCCC(CC)Cc1sc(-c2c3cc(-c4ccc(-c5sc(-c6cccs6)c6c5C(=O)c5c(CC(CC)CCCC)sc(CC(CC)CCCC)c5C6=O)s4)sc3c(-c3cc(F)c(CC(CC)CCCC)s3)c3ccsc23)cc1F,CCCCCCCCCCCCCCCCC1(CCCCCCCCCCCCCCCC)c2cc3c(cc2-c2sc(/C=C4\C(=O)c5ccccc5C4=C(C#N)C#N)cc21)C(CCCCCCCCCCCCCCCC)(CCCCCCCCCCCCCCCC)c1cc(/C=C2\C(=O)c4ccc(-c5cc6c(s5)-c5sccc5[Si]6(CC(CC)CCCC)CC(CC)CCCC)cc4C2=C(C#N)C#N)sc1-3,0.99,16.48,66.1,10.77,-5.49,-3.64,-5.74,-3.87,,,2020,10.1016/j.joule.2020.01.014,"OPV-DB (Qiu, J., Zenodo, 2026, doi:10.5281/zenodo.20841543)"
PBDB-T,H2,CCCCC(CC)Cc1ccc(-c2c3cc(-c4ccc(-c5sc(-c6cccs6)c6c5C(=O)c5c(CC(CC)CCCC)sc(CC(CC)CCCC)c5C6=O)s4)sc3c(-c3ccc(CC(CC)CCCC)s3)c3ccsc23)s1,CCCCCCCCCCCc1c(/C=C2\C(=O)c3ccccc3C2=C(C#N)C#N)sc2c1sc1c3c4nsnc4c4c5sc6c(CCCCCCCCCCC)c(/C=C7\C(=O)c8ccccc8C7=C(C#N)C#N)sc6c5n(CC(CC)CCCC)c4c3n(CC(CC)CCCC)c21.CCl.CCl,0.79,25.82,73.0,15.12,-5.33,-3.48,-5.62,-3.94,,,2020,10.1002/anie.202006081,"OPV-DB (Qiu, J., Zenodo, 2026, doi:10.5281/zenodo.20841543)"
P3HT,Y5,CCCCCCc1ccsc1,CCCCCCCCCCCc1c(/C=C2\C(=O)c3ccccc3C2=C(C#N)C#N)sc2c1sc1c3c4nsnc4c4c5sc6c(CCCCCCCCCCC)c(/C=C7\C(=O)c8ccccc8C7=C(C#N)C#N)sc6c5n(CC(CC)CCCC)c4c3n(CC(CC)CCCC)c21,0.59,12.17,50.4,3.6,-5.01,-3.12,-5.55,-3.87,,,2020,10.1021/acs.jpcc.0c07162,"OPV-DB (Qiu, J., Zenodo, 2026, doi:10.5281/zenodo.20841543)"
J61,P-2T,CCCCCCCCCCCCSc1ccc(-c2c3cc(-c4ccc(-c5c(F)c(F)c(-c6cccs6)c6nn(CC(CCCCCC)CCCCCCCC)nc56)s4)sc3c(-c3ccc(SCCCCCCCCCCCC)s3)c3ccsc23)s1,CCCCCCCCCCCCC(CCCCCCCCCC)Cc1ccc(-c2csc(-c3c(F)c(F)c(-c4cc(-c5ccc(CC(CCCCCCCCCC)CCCCCCCCCCCC)s5)c(-c5ccc(-c6cccs6)s5)s4)c4nsnc34)c2)s1,1.06,7.26,46.41,3.57,-5.3,-3.15,-5.27,-3.1,,,2020,10.1039/d0ta07833f,"OPV-DB (Qiu, J., Zenodo, 2026, doi:10.5281/zenodo.20841543)"
PTzBI-oF,PFA1,CCCCCCCCN1C(=O)c2c(c(-c3cc(F)c(-c4cc5c(-c6ccc(CC(CC)CCCC)s6)c6sccc6c(-c6ccc(CC(CC)CCCC)s6)c5s4)s3)c3nn(CC(CC)CCCC)nc3c2-c2cc(F)cs2)C1=O,CCCCCCCCCCCCC(CCCCCCCCCC)Cn1c2c3sc(/C=C4\C(=O)c5cc(F)ccc5C4=C(C#N)C#N)c(CCCCCCCCCCC)c3sc2c2c3nsnc3c3c4sc5c(CCCCCCCCCCC)c(/C=C6\C(=O)c7cc(-c8cccs8)c(F)cc7C6=C(C#N)C#N)sc5c4n(CC(CCCCCCCCCC)CCCCCCCCCCCC)c3c21,0.87,23.96,72.7,15.11,-5.25,-3.25,-5.74,-3.84,,,2020,10.1021/acsenergylett.0c02053,"OPV-DB (Qiu, J., Zenodo, 2026, doi:10.5281/zenodo.20841543)"
PBDB-TF,BTCT-2Cl,CCCCC(CC)Cc1sc(-c2c3cc(-c4ccc(-c5sc(-c6cccs6)c6c5C(=O)c5c(CC(CC)CCCC)sc(CC(CC)CCCC)c5C6=O)s4)sc3c(-c3cc(F)c(CC(CC)CCCC)s3)c3ccsc23)cc1F,CCc1c(/C=C2\C(=O)c3c(csc3Cl)C2=C(C#N)C#N)sc2c1sc1c3c4nsnc4c4c5sc6c(CC)c(/C=C7\C(=O)c8c(csc8Cl)C7=C(C#N)C#N)sc6c5n(CC)c4c3n(CC)c21,0.877,24.4,70.4,15.1,-5.49,-3.64,-5.56,-3.95,,,2020,10.1021/acs.chemmater.0c01245,"OPV-DB (Qiu, J., Zenodo, 2026, doi:10.5281/zenodo.20841543)"
PBDB-TF,N65-IC,CCCCC(CC)Cc1sc(-c2c3cc(-c4ccc(-c5sc(-c6cccs6)c6c5C(=O)c5c(CC(CC)CCCC)sc(CC(CC)CCCC)c5C6=O)s4)sc3c(-c3cc(F)c(CC(CC)CCCC)s3)c3ccsc23)cc1F,CCCCCCc1ccc(C2(c3ccc(CCCCCC)cc3)c3cc4c5c(cccc5c3-c3sc5cc(/C=C6\C(=O)c7ccccc7C6=C(C#N)C#N)sc5c32)C(c2ccc(CCCCCC)cc2)(c2ccc(CCCCCC)cc2)c2c-4sc3cc(/C=C4\C(=O)c5ccccc5C4=C(C#N)C#N)sc23)cc1,0.87,15.07,51.0,6.67,-5.49,-3.64,-5.52,-3.89,,,2020,10.1021/acsaem.0c00689,"OPV-DB (Qiu, J., Zenodo, 2026, doi:10.5281/zenodo.20841543)"
PTB7-Th,DTIF-IC,CCCCC(CC)COC(=O)c1sc2csc(-c3cc4c(-c5ccc(CC(CC)CCCC)s5)c5sccc5c(-c5ccc(CC(CC)CCCC)s5)c4s3)c2c1F,CCCCCCCCC1(CCCCCCCC)c2cc3c(cc2-c2cc4c(cc21)-c1sc(/C=C2\C(=O)c5ccccc5C2=C(C#N)C#N)cc1C4(c1ccc(CCCCCC)cc1)c1ccc(CCCCCC)cc1)C(CCCCCCCC)(CCCCCCCC)c1cc2c(cc1-3)C(c1ccc(CCCCCC)cc1)(c1ccc(CCCCCC)cc1)c1cc(/C=C3\C(=O)c4ccccc4C3=C(C#N)C#N)sc1-2,0.95,13.99,58.5,7.84,-5.29,-3.72,-5.47,-3.86,,,2020,10.1016/j.synthmet.2020.116667,"OPV-DB (Qiu, J., Zenodo, 2026, doi:10.5281/zenodo.20841543)"
PBDB-TF,PF3-DTC,CCCCC(CC)Cc1sc(-c2c3cc(-c4ccc(-c5sc(-c6cccs6)c6c5C(=O)c5c(CC(CC)CCCC)sc(CC(CC)CCCC)c5C6=O)s4)sc3c(-c3cc(F)c(CC(CC)CCCC)s3)c3ccsc23)cc1F,CCCCCCCCCCCCCCCCC1(CCCCCCCCCCCCCCCC)c2cc3c(cc2-c2sc4cc(/C=C5\C(=O)c6ccccc6C5=C(C#N)C#N)sc4c21)C(CCCCCCCCCCCCCCCC)(CCCCCCCCCCCCCCCC)c1c-3sc2cc(/C=C3\C(=O)c4cc(-c5cc6c(s5)-c5sccc5C6(CCC(CC)CCC)CC(CC)CCCC)ccc4C3=C(C#N)C#N)sc12,0.973,13.77,58.5,7.83,-5.49,-3.64,-5.73,-3.91,,,2020,10.1002/solr.202000142,"OPV-DB (Qiu, J., Zenodo, 2026, doi:10.5281/zenodo.20841543)"
PM7,IT-4Cl,CCCCC(CC)Cc1sc(-c2c3ccsc3c(-c3cc(Cl)c(CC(CC)CCCC)s3)c3sc(-c4ccc(-c5sc(-c6cccs6)c6c5C(=O)c5c(CC(CC)CCCC)sc(CC(CC)CCCC)c5C6=O)s4)cc23)cc1Cl,CCCCCCc1ccc(C2(c3ccc(CCCCCC)cc3)c3cc4c(cc3-c3sc5cc(/C=C6\C(=O)c7cc(Cl)c(Cl)cc7C6=C(C#N)C#N)sc5c32)C(c2ccc(CCCCCC)cc2)(c2ccc(CCCCCC)cc2)c2c-4sc3cc(/C=C4\C(=O)c5cc(Cl)c(Cl)cc5C4=C(C#N)C#N)sc23)cc1,0.891,19.05,74.81,12.52,-5.575,-3.67,-5.75,-4.09,,,2020,10.1016/j.orgel.2020.105871,"OPV-DB (Qiu, J., Zenodo, 2026, doi:10.5281/zenodo.20841543)"
PBDB-T,IPT2F-Th,CCCCC(CC)Cc1ccc(-c2c3cc(-c4ccc(-c5sc(-c6cccs6)c6c5C(=O)c5c(CC(CC)CCCC)sc(CC(CC)CCCC)c5C6=O)s4)sc3c(-c3ccc(CC(CC)CCCC)s3)c3ccsc23)s1,CCCCCCc1ccc(C2(c3ccc(CCCCCC)cc3)c3cc4c(cc3-c3sc(/C=C5\C(=O)c6ccc(F)cc6C5=C(C#N)C#N)cc32)C(c2ccc(CCCCCC)cc2)(c2ccc(CCCCCC)cc2)c2c-4sc3c4sc(/C=C5\C(=O)c6ccc(F)cc6C5=C(C#N)C#N)cc4n(-c4ccc(CCCCCC)s4)c23)cc1,0.86,20.44,71.2,12.52,-5.33,-3.48,-5.58,-4.03,,,2020,10.1002/adfm.202006141,"OPV-DB (Qiu, J., Zenodo, 2026, doi:10.5281/zenodo.20841543)"
PBDB-TF,BDTP-4F,CCCCC(CC)Cc1sc(-c2c3cc(-c4ccc(-c5sc(-c6cccs6)c6c5C(=O)c5c(CC(CC)CCCC)sc(CC(CC)CCCC)c5C6=O)s4)sc3c(-c3cc(F)c(CC(CC)CCCC)s3)c3ccsc23)cc1F,CCCCCCCCc1c(/C=C2\C(=O)c3cc(F)c(F)cc3C2=C(C#N)C#N)sc2c3c4nsnc4c4c5sc6c7sc(/C=C8\C(=O)c9cc(F)c(F)cc9C8=C(C#N)C#N)cc7n(CC(CC)CCCC)c6c5n(CC(CCCC)CCCCCC)c4c3n(CC(CCCC)CCCCCC)c12,0.895,22.54,75.5,15.24,-5.49,-3.64,-5.61,-3.9,,,2020,10.1002/smll.202001942,"OPV-DB (Qiu, J., Zenodo, 2026, doi:10.5281/zenodo.20841543)"
PBDB-TF,BTP-S1,CCCCC(CC)Cc1sc(-c2c3cc(-c4ccc(-c5sc(-c6cccs6)c6c5C(=O)c5c(CC(CC)CCCC)sc(CC(CC)CCCC)c5C6=O)s4)sc3c(-c3cc(F)c(CC(CC)CCCC)s3)c3ccsc23)cc1F,CCCCCCCCCCCc1c(/C=C2\C(=O)c3cc(Cl)c(Cl)cc3C2=C(C#N)C#N)sc2c1sc1c3c4nsnc4c4c5sc6c(CCCCCCCCCCC)c(/C=C7\C(=O)c8c(Cl)c(Cl)c(Cl)c(Cl)c8C7=C(C#N)C#N)sc6c5n(CC(CC)CCCC)c4c3n(CC(CC)CCCC)c21,0.934,22.39,72.7,15.21,-5.49,-3.64,-5.55,-4.01,,,2020,10.1002/adma.202001160,"OPV-DB (Qiu, J., Zenodo, 2026, doi:10.5281/zenodo.20841543)"
PBDB-TF,ABP4T-4F,CCCCC(CC)Cc1sc(-c2c3cc(-c4ccc(-c5sc(-c6cccs6)c6c5C(=O)c5c(CC(CC)CCCC)sc(CC(CC)CCCC)c5C6=O)s4)sc3c(-c3cc(F)c(CC(CC)CCCC)s3)c3ccsc23)cc1F,CCCCCCCCCc1c(/C=C2\C(=O)c3cc(F)c(F)cc3C2=C(C#N)C#N)sc2c1sc1c2sc2c3c4nsnc4c4c5sc(/C=C6\C(=O)c7cc(F)c(F)cc7C6=C(C#N)C#N)c(CCCCCCCC)c5n(CC(CCCC)CCCCCC)c4c3n(CC(CCCC)CCCCCC)c12,0.922,22.0,75.1,15.2,-5.49,-3.64,-5.65,-3.85,,,2020,10.1002/aenm.202003177,"OPV-DB (Qiu, J., Zenodo, 2026, doi:10.5281/zenodo.20841543)"
PBDB-TF,FO-2F,CCCCC(CC)Cc1sc(-c2c3cc(-c4ccc(-c5sc(-c6cccs6)c6c5C(=O)c5c(CC(CC)CCCC)sc(CC(CC)CCCC)c5C6=O)s4)sc3c(-c3cc(F)c(CC(CC)CCCC)s3)c3ccsc23)cc1F,CCC1(CC)Oc2cc3c(cc2-c2sc(/C=C4\C(=O)c5cc(F)c(F)cc5C4=C(C#N)C#N)cc21)C(CC)(CC)c1cc2c(cc1-3)OC(CC)(CC)c1cc(/C=C3\C(=O)c4cc(F)c(F)cc4C3=C(C#N)C#N)sc1-2,0.878,22.26,77.0,15.05,-5.49,-3.64,-5.72,-3.94,,,2020,10.1039/d0ta03087b,"OPV-DB (Qiu, J., Zenodo, 2026, doi:10.5281/zenodo.20841543)"
PM6,IPTBO-4Cl,CCCCC(CC)Cc1sc(-c2c3cc(-c4ccc(-c5sc(-c6cccs6)c6c5C(=O)c5c(CC(CC)CCCC)sc(CC(CC)CCCC)c5C6=O)s4)sc3c(-c3cc(F)c(CC(CC)CCCC)s3)c3ccsc23)cc1F,CCc1ccc(C2(c3ccc(CC)cc3)c3cc4c(cc3-c3sc(/C=C5\C(=O)c6cc(Cl)c(Cl)cc6C5=C(C#N)C#N)cc32)C(c2ccc(CC)cc2)(c2ccc(CC)cc2)c2c-4sc3c4sc(/C=C5\C(=O)c6cc(Cl)c(Cl)cc6C5=C(C#N)C#N)cc4n(CC)c23)cc1,0.893,23.15,72.57,15.0,-5.56,-3.65,-5.64,-4.08,,,2020,10.1039/d0ta00651c,"OPV-DB (Qiu, J., Zenodo, 2026, doi:10.5281/zenodo.20841543)"
PM7,IDTP-4F,CCCCC(CC)Cc1sc(-c2c3ccsc3c(-c3cc(Cl)c(CC(CC)CCCC)s3)c3sc(-c4ccc(-c5sc(-c6cccs6)c6c5C(=O)c5c(CC(CC)CCCC)sc(CC(CC)CCCC)c5C6=O)s4)cc23)cc1Cl,CCCCCCc1ccc(C2(c3ccc(CCCCCC)cc3)c3cc4c(cc3-c3sc(/C=C5\C(=O)c6cc(F)c(F)cc6C5=C(C#N)C#N)cc32)C(c2ccc(CCCCCC)cc2)(c2ccc(CCCCCC)cc2)c2c-4sc3c4sc(/C=C5\C(=O)c6cc(F)c(F)cc6C5=C(C#N)C#N)cc4n(CC(CC)CCCC)c23)cc1,0.903,22.5,74.6,15.2,-5.575,-3.67,-5.54,-3.98,,,2020,10.1002/adfm.202000383,"OPV-DB (Qiu, J., Zenodo, 2026, doi:10.5281/zenodo.20841543)"
PBDB-T,PC71BM,CCCCC(CC)Cc1ccc(-c2c3cc(-c4ccc(-c5sc(-c6cccs6)c6c5C(=O)c5c(CC(CC)CCCC)sc(CC(CC)CCCC)c5C6=O)s4)sc3c(-c3ccc(CC(CC)CCCC)s3)c3ccsc23)s1,COC(=O)CCCC1(c2ccccc2)C23c4c5ccc6c7cc8c9c%10c(cc%11cc%12c%13c%14c(cc%15c%16ccc-5c2c%16c2c5c%16c%17c(c(c46)c7c9c%17c4c%10c%11c%13c4c%16c%14c%152)C513)C%12)C8,0.79,18.64,68.03,10.16,-5.33,-3.48,-5.9,-3.9,,,2020,10.1016/j.nanoen.2020.104883,"OPV-DB (Qiu, J., Zenodo, 2026, doi:10.5281/zenodo.20841543)"
PBDTTT-E-T,DCNBT-TPIC,CCCCC(CC)COC(=O)c1cc2csc(-c3cc4c(-c5ccc(CC(CC)CCCC)s5)c5sccc5c(-c5ccc(CC(CC)CCCC)s5)c4s3)c2s1,CCCCCCCCC1(CCCCCCCC)Cc2cc3c(cc2-c2sc(-c4c(C#N)c(C#N)cc5nsnc45)cc21)C(CCCCCCCC)(CCCCCCCC)Oc1ccsc1-3,0.7,22.52,64.8,10.22,-5.09,-3.22,-5.51,-3.87,,,2020,10.1002/adma.202001476,"OPV-DB (Qiu, J., Zenodo, 2026, doi:10.5281/zenodo.20841543)"
PBT1-C,BTA3,CCCCCCC(CCCC)Cc1ccc(-c2c3cc(-c4ccc(-c5sc(-c6cccs6)c6c5C(=O)c5c(CC(CC)CCCC)sc(CC(CC)CCCC)c5C6=O)s4)sc3c(-c3ccc(CC(CCCC)CCCCCC)cc3)c3ccsc23)cc1,CCCCCCCCn1nc2c(/C=c3\sc(=C(C#N)C#N)n(CC)c3=O)ccc(-c3cc4c(s3)-c3cc5c(cc3C4(c3ccc(CCCCCC)cc3)c3ccc(CCCCCC)cc3)-c3sc(-c4ccc(/C=c6\sc(=C(C#N)C#N)n(CC)c6=O)c6nn(CCCCCCCC)nc46)cc3C5(c3ccc(CCCCCC)cc3)c3ccc(CCCCCC)cc3)c2n1,1.21,10.89,56.5,8.6,-5.43,-3.37,-5.49,-3.72,,,2020,10.1002/adma.202002122,"OPV-DB (Qiu, J., Zenodo, 2026, doi:10.5281/zenodo.20841543)"
PBDB-T-2Cl,TPIC-4F,CCCCC(CC)Cc1sc(-c2c3cc(-c4ccc(-c5sc(-c6cccs6)c6c5C(=O)c5c(CC(CC)CCCC)sc(CC(CC)CCCC)c5C6=O)s4)sc3c(-c3cc(Cl)c(CC(CC)CCCC)s3)c3ccsc23)cc1Cl,CCCCCCc1ccc(C2(c3ccc(CCCCCC)cc3)c3cc4c(cc3-c3sc(/C=C5\C(=O)c6cc(F)c(F)cc6C5=C(C#N)C#N)cc32)C(c2ccc(CCCCCC)cc2)(c2ccc(CCCCCC)cc2)c2c-4sc3c4sc(/C=C5\C(=O)c6cc(F)c(F)cc6C5=C(C#N)C#N)cc4n(CC(CC)CCCC)c23)cc1,0.901,22.35,74.2,14.9,-5.52,-3.6,-5.54,-3.98,,,2020,10.1002/solr.202000250,"OPV-DB (Qiu, J., Zenodo, 2026, doi:10.5281/zenodo.20841543)"
PBDB-T,IDT-OT,CCCCC(CC)Cc1ccc(-c2c3cc(-c4ccc(-c5sc(-c6cccs6)c6c5C(=O)c5c(CC(CC)CCCC)sc(CC(CC)CCCC)c5C6=O)s4)sc3c(-c3ccc(CC(CC)CCCC)s3)c3ccsc23)s1,CCCCCCOc1ccc(C2(c3ccc(OCCCCCC)cc3)c3cc4c(cc3-c3sc(-c5sc(/C=C6\C(=O)c7ccccc7C6=C(C#N)C#N)c(OC)c5OC)cc32)C(c2ccc(OCCCCCC)cc2)(c2ccc(OCCCCCC)cc2)c2cc(-c3sc(/C=C5\C(=O)c6ccccc6C5=C(C#N)C#N)c(OC)c3OC)sc2-4)cc1,0.927,8.27,43.4,3.32,-5.33,-3.48,-5.11,-3.46,,,2020,10.1039/d0tc00329h,"OPV-DB (Qiu, J., Zenodo, 2026, doi:10.5281/zenodo.20841543)"
PM2,N2200,CCCCCCCCCCC(CCCCCCCC)Cc1ccc(-c2c3cc(-c4cnc(-c5cc6c(s5)-c5sc(-c7nccc8nsnc78)cc5C6(CC(CC)CCCC)CC(CC)CCCC)c5nsnc45)sc3c(-c3ccc(CC(CCCCCCCC)CCCCCCCCCC)s3)c3ccsc23)s1,CCCCCCCCCCC(CCCCCCCC)CN1C(=O)c2ccc3c4c(c(-c5ccc(-c6cccs6)s5)cc(c24)C1=O)C(=O)N(CC(CCCCCCCC)CCCCCCCCCC)C3=O,0.85,9.22,45.0,3.54,-5.3,-3.9,-5.71,-4.02,,,2020,10.1039/d0ra06143c,"OPV-DB (Qiu, J., Zenodo, 2026, doi:10.5281/zenodo.20841543)"
PffBSe-3,PC71BM,CCCCCCC(CCCC)Cc1cc(-c2c(F)c(F)cc3n[se]nc23)sc1-c1sccc1OCC(CCC)CCCCC,COC(=O)CCCC1(c2ccccc2)C23c4c5ccc6c7cc8c9c%10c(cc%11cc%12c%13c%14c(cc%15c%16ccc-5c2c%16c2c5c%16c%17c(c(c46)c7c9c%17c4c%10c%11c%13c4c%16c%14c%152)C513)C%12)C8,0.55,13.57,49.3,3.41,-5.14,-3.8,-5.9,-3.9,,,2020,10.1039/d0nj01006e,"OPV-DB (Qiu, J., Zenodo, 2026, doi:10.5281/zenodo.20841543)"
PM6,Y1-4F,CCCCC(CC)Cc1sc(-c2c3cc(-c4ccc(-c5sc(-c6cccs6)c6c5C(=O)c5c(CC(CC)CCCC)sc(CC(CC)CCCC)c5C6=O)s4)sc3c(-c3cc(F)c(CC(CC)CCCC)s3)c3ccsc23)cc1F,CCCCC(CC)Cn1nc2c(n1)c1c3sc4cc(/C=C5\C(=O)c6cc(F)c(F)cc6C5=C(C#N)C#N)sc4c3n(CC(CC)CCCC)c1c1c2c2sc3cc(/C=C4\C(=O)c5cc(F)c(F)cc5C4=C(C#N)C#N)sc3c2n1CC(CC)CCCC,0.84,24.8,71.21,14.8,-5.56,-3.65,-5.56,-4.11,,,2020,10.1021/acsenergylett.0c00537,"OPV-DB (Qiu, J., Zenodo, 2026, doi:10.5281/zenodo.20841543)"
PBDB-T,FOIC,CCCCC(CC)Cc1ccc(-c2c3cc(-c4ccc(-c5sc(-c6cccs6)c6c5C(=O)c5c(CC(CC)CCCC)sc(CC(CC)CCCC)c5C6=O)s4)sc3c(-c3ccc(CC(CC)CCCC)s3)c3ccsc23)s1,CCCCCCc1ccc(C2(c3ccc(CCCCCC)cc3)c3c(sc4cc(C=C5C(=O)c6cc(F)ccc6C5=C(C#N)C#N)sc34)-c3sc4c5c(sc4c32)-c2sc3cc(C=C4C(=O)c6cc(F)ccc6C4=C(C#N)C#N)sc3c2C5(c2ccc(CCCCCC)cc2)c2ccc(CCCCCC)cc2)cc1,0.721,22.64,63.46,10.45,-5.33,-3.48,-5.38,-3.91,,,2020,10.1002/aenm.202000826,"OPV-DB (Qiu, J., Zenodo, 2026, doi:10.5281/zenodo.20841543)"
J71,AOIC,CCCCCCCCC(CCCCCC)Cn1nc2c(-c3cccs3)c(F)c(F)c(-c3ccc(-c4cc5c(-c6ccc([Si](CCC)(CCC)CCC)s6)c6sccc6c(-c6ccc([Si](CCC)(CCC)CCC)s6)c5s4)s3)c2n1,CCCCCCc1ccc(C2(c3ccc(CCCCCC)cc3)c3cc4c(cc3-c3sc(/C=C5\C(=O)c6cc(F)c(F)cc6C5=C(C#N)C#N)cc32)C(c2ccc(CCCCCC)cc2)(c2ccc(CCCCCC)cc2)c2c-4sc3c2C(c2ccc(CCCCCC)cc2)(c2ccc(CCCCCC)cc2)c2c-3sc3cc(/C=C4\C(=O)c5cc(F)c(F)cc5C4=C(C#N)C#N)sc23)cc1,0.783,19.82,67.5,10.5,-5.4,-3.24,-5.5,-3.93,,,2020,10.1021/acs.chemmater.0c04318,"OPV-DB (Qiu, J., Zenodo, 2026, doi:10.5281/zenodo.20841543)"
PBDB-T-2Cl,BTCIC-4Cl,CCCCC(CC)Cc1sc(-c2c3cc(-c4ccc(-c5sc(-c6cccs6)c6c5C(=O)c5c(CC(CC)CCCC)sc(CC(CC)CCCC)c5C6=O)s4)sc3c(-c3cc(Cl)c(CC(CC)CCCC)s3)c3ccsc23)cc1Cl,CCCCC(CC)CC1(CC(CC)CCCC)c2cc(/C=C3\C(=O)c4cc(Cl)c(Cl)cc4C3=C(C#N)C#N)sc2-c2sc(-c3ccc(-c4cc5c(s4)-c4sc(/C=C6\C(=O)c7cc(Cl)c(Cl)cc7C6=C(C#N)C#N)cc4C5(CC(CC)CCCC)CC(CC)CCCC)c4nsnc34)cc21,0.75,21.0,66.0,10.5,-5.52,-3.6,-5.64,-4.12,,,2020,10.1021/acsami.0c01850,"OPV-DB (Qiu, J., Zenodo, 2026, doi:10.5281/zenodo.20841543)"
PM6,T-TT-4F,CCCCC(CC)Cc1sc(-c2c3cc(-c4ccc(-c5sc(-c6cccs6)c6c5C(=O)c5c(CC(CC)CCCC)sc(CC(CC)CCCC)c5C6=O)s4)sc3c(-c3cc(F)c(CC(CC)CCCC)s3)c3ccsc23)cc1F,CCCCCCc1ccc(C2(c3ccc(CCCCCC)cc3)c3cc4c(cc3-c3sc(/C=C5\C(=O)c6cc(F)c(F)cc6C5=C(C#N)C#N)cc32)C(c2ccc(CCCCCC)cc2)(c2ccc(CCCCCC)cc2)c2c-4sc3cc(/C=C4\C(=O)c5cc(F)c(F)cc5C4=C(C#N)C#N)sc23)cc1,0.859,18.48,66.1,10.49,-5.56,-3.65,-5.44,-3.51,,,2020,10.1016/j.dyepig.2020.108388,"OPV-DB (Qiu, J., Zenodo, 2026, doi:10.5281/zenodo.20841543)"
FBD-S3,Y6,CCCCCCc1cc(-c2cc3c(-c4cc(F)c(SCC(CCCC)CCCCCC)s4)c4sc5cc(-c6cc(CCCCCC)c(-c7cc(CCCCCC)c(-c8ccc(/C=C9\SC(=S)N(CCCCCC)C9=O)s8)s7)s6)sc5c4c(-c4cc(F)c(SCC(CCCC)CCCCCC)s4)c3o2)sc1-c1cc(CCCCCC)c(-c2ccc(/C=C3\SC(=S)N(CCCCCC)C3=O)s2)s1,CCCCCCCCCCCc1c(/C=C2\C(=O)c3cc(F)c(F)cc3C2=C(C#N)C#N)sc2c1sc1c3c4nsnc4c4c5sc6c(CCCCCCCCCCC)c(/C=C7\C(=O)c8cc(F)c(F)cc8C7=C(C#N)C#N)sc6c5n(CC(CC)CCCC)c4c3n(CC(CC)CCCC)c21,0.849,21.77,67.74,12.53,-5.29,-3.13,-5.65,-4.09,,,2020,10.1016/j.nanoen.2020.105612,"OPV-DB (Qiu, J., Zenodo, 2026, doi:10.5281/zenodo.20841543)"
PBTTBO-BT,PC71BM,CCCCCCC(CCCC)COC(=O)c1csc2c(C(=O)OCC(CCCC)CCCCCC)c(-c3ccc(-c4cccs4)s3)sc12,COC(=O)CCCC1(c2ccccc2)C23c4c5ccc6c7cc8c9c%10c(cc%11cc%12c%13c%14c(cc%15c%16ccc-5c2c%16c2c5c%16c%17c(c(c46)c7c9c%17c4c%10c%11c%13c4c%16c%14c%152)C513)C%12)C8,0.9,11.45,56.0,5.78,-5.16,-3.26,-5.9,-3.9,,,2020,10.1016/j.dyepig.2020.108698,"OPV-DB (Qiu, J., Zenodo, 2026, doi:10.5281/zenodo.20841543)"
PBDBT-1,PC71BM,CCCCCCc1csc(-c2ccc(-c3cc4c(-c5cc(Cl)c(CC(CC)CCCC)s5)c5sccc5c(-c5cc(Cl)c(CC(CC)CCCC)s5)c4s3)c3nsnc23)c1,COC(=O)CCCC1(c2ccccc2)C23c4c5ccc6c7cc8c9c%10c(cc%11cc%12c%13c%14c(cc%15c%16ccc-5c2c%16c2c5c%16c%17c(c(c46)c7c9c%17c4c%10c%11c%13c4c%16c%14c%152)C513)C%12)C8,0.85,13.07,51.6,5.73,-5.18,-3.56,-5.9,-3.9,,,2020,10.1016/j.synthmet.2020.116509,"OPV-DB (Qiu, J., Zenodo, 2026, doi:10.5281/zenodo.20841543)"
PM6,T-TT-4Cl,CCCCC(CC)Cc1sc(-c2c3cc(-c4ccc(-c5sc(-c6cccs6)c6c5C(=O)c5c(CC(CC)CCCC)sc(CC(CC)CCCC)c5C6=O)s4)sc3c(-c3cc(F)c(CC(CC)CCCC)s3)c3ccsc23)cc1F,CCCCCCc1ccc(C2(c3ccc(CCCCCC)cc3)c3cc4c(cc3-c3sc(/C=C5\C(=O)c6cc(Cl)c(Cl)cc6C5=C(C#N)C#N)cc32)C(c2ccc(CCCCCC)cc2)(c2ccc(CCCCCC)cc2)c2c-4sc3cc(/C=C4\C(=O)c5cc(Cl)c(Cl)cc5C4=C(C#N)C#N)sc23)cc1,0.813,19.0,65.7,10.16,-5.56,-3.65,-5.48,-3.59,,,2020,10.1016/j.dyepig.2020.108388,"OPV-DB (Qiu, J., Zenodo, 2026, doi:10.5281/zenodo.20841543)"
PTB7-Th,TBTT-BORH,CCCCC(CC)COC(=O)c1sc2csc(-c3cc4c(-c5ccc(CC(CC)CCCC)s5)c5sccc5c(-c5ccc(CC(CC)CCCC)s5)c4s3)c2c1F,CCCCCCC(CCCC)CN1C(=O)/C(=C/c2ccc(-c3ccc(-c4ccc(/C=C5\SC(=S)N(CC(CCCC)CCCCCC)C5=O)s4)c4nsnc34)s2)SC1=S,1.02,15.27,54.0,8.33,-5.21,-3.6,-5.76,-3.58,,,2020,10.1021/acsomega.0c04495,"OPV-DB (Qiu, J., Zenodo, 2026, doi:10.5281/zenodo.20841543)"
PBDB-TF,PF2-DTGe,CCCCC(CC)Cc1sc(-c2c3cc(-c4ccc(-c5sc(-c6cccs6)c6c5C(=O)c5c(CC(CC)CCCC)sc(CC(CC)CCCC)c5C6=O)s4)sc3c(-c3cc(F)c(CC(CC)CCCC)s3)c3ccsc23)cc1F,CCCCCCCCCCCCCCCCC1(CCCCCCCCCCCCCCCC)c2cc3c(cc2-c2sc(/C=C4\C(=O)c5ccccc5C4=C(C#N)C#N)cc21)C(CCCCCCCCCCCCCCCC)(CCCCCCCCCCCCCCCC)c1cc(/C=C2\C(=O)c4ccc(-c5cc6c(s5)-c5sccc5[Ge]6(CC(CC)CCCC)CC(CC)CCCC)cc4C2=C(C#N)C#N)sc1-3,0.97,14.48,57.6,8.09,-5.49,-3.64,-5.78,-3.9,,,2020,10.1016/j.joule.2020.01.014,"OPV-DB (Qiu, J., Zenodo, 2026, doi:10.5281/zenodo.20841543)"
PM6,M1,CCCCC(CC)Cc1sc(-c2c3cc(-c4ccc(-c5sc(-c6cccs6)c6c5C(=O)c5c(CC(CC)CCCC)sc(CC(CC)CCCC)c5C6=O)s4)sc3c(-c3cc(F)c(CC(CC)CCCC)s3)c3ccsc23)cc1F,CCCCC(CC)COc1c2sc3c4sc(/C=C5\C(=O)c6ccccc6C5=C(C#N)C#N)cc4n(CC(CC)CCCC)c3c2c(OCC(CC)CCCC)c2sc3c4sc(/C=C5\C(=O)c6ccccc6C5=C(C#N)C#N)cc4n(CC(CC)CCCC)c3c12,1.01,14.59,54.68,8.06,-5.56,-3.65,-5.48,-3.8,,,2020,10.1039/d0ta09351c,"OPV-DB (Qiu, J., Zenodo, 2026, doi:10.5281/zenodo.20841543)"
PHT53,ITIC,CCCCCCCCc1csc2cc(-c3sc(-c4cc5sc(-c6cc7c(-c8cc(CCCCCC)c(CC(CC)CCCC)s8)c8sccc8c(-c8cc(CCCCCC)c(CC(CC)CCCC)s8)c7s6)c(CCCCCCCC)c5s4)c4c3C(=O)N(CC(CCCCCC)CCCCCCCC)C4=O)sc12,CCCCCCc1ccc(C2(c3ccc(CCCCCC)cc3)c3cc4c(cc3-c3sc5cc(C=C6C(=O)c7ccccc7C6=C(C#N)C#N)sc5c32)C(c2ccc(CCCCCC)cc2)(c2ccc(CCCCCC)cc2)c2c-4sc3cc(C=C4C(=O)c5ccccc5C4=C(C#N)C#N)sc23)cc1,1.01,13.69,57.4,8.05,-5.48,-3.59,-5.576,-3.916,,,2020,10.1039/d0tc02032j,"OPV-DB (Qiu, J., Zenodo, 2026, doi:10.5281/zenodo.20841543)"
PBDTTTPD,P(NDIOD-Cl2TVT),CCCCCCCCN1C(=O)c2csc(-c3cc4c(-c5ccc(CC(CC)CCCC)s5)c5sccc5c(-c5ccc(CC(CC)CCCC)s5)c4s3)c2C1=O,CCCCCCCCCCC(CCCCCCCC)CN1C(=O)c2ccc3c4c(c(-c5cc(Cl)c(/C=C/c6sccc6Cl)s5)cc(c24)C1=O)C(=O)N(CC(CCCCCCCC)CCCCCCCCCC)C3=O,0.92,11.01,54.0,5.52,-5.49,-3.47,-5.82,-3.98,,,2020,10.1021/acsami.0c18351,"OPV-DB (Qiu, J., Zenodo, 2026, doi:10.5281/zenodo.20841543)"
PBDB-T,BT-dIDT,CCCCC(CC)Cc1ccc(-c2c3cc(-c4ccc(-c5sc(-c6cccs6)c6c5C(=O)c5c(CC(CC)CCCC)sc(CC(CC)CCCC)c5C6=O)s4)sc3c(-c3ccc(CC(CC)CCCC)s3)c3ccsc23)s1,CCc1ccc(C2(c3ccc(CC)cc3)c3cc4c(cc3-c3sc(/C=C5\C(=O)c6cc(F)c(F)cc6C5=C(C#N)C#N)cc32)C(c2ccc(CC)cc2)(c2ccc(CC)cc2)c2cc(-c3ccc(-c5cc6c(s5)-c5cc7c(cc5C6(c5ccc(CC)cc5)c5ccc(CC)cc5)-c5sc(/C=C6\C(=O)c8cc(F)c(F)cc8C6=C(C#N)C#N)cc5C7(c5ccc(CC)cc5)c5cccc(CC)c5)c5nsnc35)sc2-4)cc1,0.87,18.59,64.83,10.52,-5.33,-3.48,-5.34,-3.87,,,2020,10.1016/j.solener.2020.01.032,"OPV-DB (Qiu, J., Zenodo, 2026, doi:10.5281/zenodo.20841543)"
PTQ10,TPD8,CCCCCCCCC(CCCCCC)COc1cnc2c(C)c(F)c(F)c(-c3ccc(C)s3)c2n1,CCCCCCCCN1C(=O)c2c(/C=C3\C(=O)c4ccccc4C3=C(C#N)C#N)sc(-c3cc4c(s3)-c3cc5c(cc3C4(c3ccc(CCCCCC)cc3)c3ccc(CCCCCC)cc3)-c3sc(-c4sc(/C=C6\C(=O)c7ccccc7C6=C(C#N)C#N)c6c4C(=O)N(CCCCCCCC)C6=O)cc3C5(c3ccc(CCCCCC)cc3)c3ccc(CCCCCC)cc3)c2C1=O,0.91,18.2,63.0,10.4,-5.54,-2.98,-5.6,-4.14,,,2020,10.1039/d0tc04601a,"OPV-DB (Qiu, J., Zenodo, 2026, doi:10.5281/zenodo.20841543)"
PBDB-T,ITTC,CCCCC(CC)Cc1ccc(-c2c3cc(-c4ccc(-c5sc(-c6cccs6)c6c5C(=O)c5c(CC(CC)CCCC)sc(CC(CC)CCCC)c5C6=O)s4)sc3c(-c3ccc(CC(CC)CCCC)s3)c3ccsc23)s1,CCc1ccc(C2(c3ccc(CC)cc3)c3cc4c(cc3-c3sc5cc(/C=C6\C(=O)c7cscc7C6=C(C#N)C#N)sc5c32)C(c2ccc(CC)cc2)(c2ccc(CC)cc2)c2c-4sc3cc(/C=C4\C(=O)c5cscc5C4=C(C#N)C#N)sc23)cc1,0.84,16.8,73.3,10.4,-5.33,-3.48,-5.49,-3.85,,,2020,10.1002/admi.202000577,"OPV-DB (Qiu, J., Zenodo, 2026, doi:10.5281/zenodo.20841543)"
C1,IT-4F,CCCCCCCCCCC(CCCCCCCC)CN1C(=O)C2=C(c3cc4sc(-c5cccs5)cc4s3)N(CC(CCCCCCCC)CCCCCCCCCC)C(=O)C2=C1c1cc2sccc2s1,CCCCCCc1ccc(C2(c3ccc(CCCCCC)cc3)c3cc4c(cc3-c3sc5cc(/C=C6\C(=O)c7cc(F)c(F)cc7C6=C(C#N)C#N)sc5c32)C(c2ccc(CCCCCC)cc2)(c2ccc(CCCCCC)cc2)c2c-4sc3cc(/C=C4\C(=O)c5cc(F)c(F)cc5C4=C(C#N)C#N)sc23)cc1,0.98,13.91,61.0,8.31,-5.1,-3.6,-5.66,-4.14,,,2020,10.1021/acsami.0c12147,"OPV-DB (Qiu, J., Zenodo, 2026, doi:10.5281/zenodo.20841543)"
J71,IT-M,CCCCCCCCC(CCCCCC)Cn1nc2c(-c3cccs3)c(F)c(F)c(-c3ccc(-c4cc5c(-c6ccc([Si](CCC)(CCC)CCC)s6)c6sccc6c(-c6ccc([Si](CCC)(CCC)CCC)s6)c5s4)s3)c2n1,CCCCCCc1ccc(C2(c3ccc(CCCCCC)cc3)c3cc4c(cc3-c3sc5cc(/C=C6\C(=O)c7ccc(C)cc7C6=C(C#N)C#N)sc5c32)C(c2ccc(CCCCCC)cc2)(c2ccc(CCCCCC)cc2)c2c-4sc3cc(/C=C4\C(=O)c5ccc(C)cc5C4=C(C#N)C#N)sc23)cc1,0.96,15.85,55.2,8.4,-5.4,-3.24,-5.514,-3.808,,,2020,10.1021/acsaem.0c02573,"OPV-DB (Qiu, J., Zenodo, 2026, doi:10.5281/zenodo.20841543)"
P-SEH,Y6,CCCCCCCCc1csc2cc(-c3sc(-c4cc5sc(-c6cc7c(-c8ccc(SCC(CC)CCCC)s8)c8sccc8c(-c8ccc(SCC(CC)CCCC)s8)c7s6)c(CCCCCCCC)c5s4)c4c3C(=O)N(CC(CCCCCC)CCCCCCCC)C4=O)sc12,CCCCCCCCCCCc1c(/C=C2\C(=O)c3cc(F)c(F)cc3C2=C(C#N)C#N)sc2c1sc1c3c4nsnc4c4c5sc6c(CCCCCCCCCCC)c(/C=C7\C(=O)c8cc(F)c(F)cc8C7=C(C#N)C#N)sc6c5n(CC(CC)CCCC)c4c3n(CC(CC)CCCC)c21,0.78,21.93,49.0,8.38,-5.48,-3.6,-5.65,-4.1,,,2020,10.1021/acs.chemmater.0c00783,"OPV-DB (Qiu, J., Zenodo, 2026, doi:10.5281/zenodo.20841543)"
P2F-EHp,F-BTA3,CCc1c(F)cc(-c2c3cc(-c4ccc(-c5c6c(c(-c7ccc(-c8cc9c(-c%10cc(F)c(CC)c(F)c%10)c%10sc(-c%11ccc(-c%12c%13c(c(-c%14ccc(-c%15cc%16c(-c%17cc(F)c(CC)c(F)c%17)c%17sc(-c%18ccc(-c%19c%20c(c(-c%21cccs%21)c%21nn(CC)nc%19%21)C(=O)N(CC)C%20=O)s%18)cc%17c(-c%17cc(F)c(CC)c(F)c%17)c%16s%15)s%14)c%14nn(CC)nc%12%14)C(=O)N(CC)C%13=O)s%11)cc%10c(-c%10cc(F)c(CC)c(F)c%10)c9s8)s7)c7nn(CC)nc57)C(=O)N(CC)C6=O)s4)sc3c(-c3cc(F)c(CC)c(F)c3)c3ccsc23)cc1F,CCCCCCCCn1nc2c(C=c3sc(=C(C#N)C#N)n(CC)c3=O)cc(F)c(-c3cc4c(s3)-c3cc5c(cc3C4(c3ccc(CCCCCC)cc3)c3ccc(CCCCCC)cc3)-c3sc(-c4c(F)cc(C=c6sc(=C(C#N)C#N)n(CC)c6=O)c6nn(CCCCCCCC)nc46)cc3C5(c3ccc(CCCCCC)cc3)c3ccc(CCCCCC)cc3)c2n1,1.25,11.31,59.36,8.38,-5.38,-3.06,-5.52,-3.39,,,2020,10.1021/acs.jpcc.0c05914,"OPV-DB (Qiu, J., Zenodo, 2026, doi:10.5281/zenodo.20841543)"
PBDB-T,INPIC-2F,CCCCC(CC)Cc1ccc(-c2c3cc(-c4ccc(-c5sc(-c6cccs6)c6c5C(=O)c5c(CC(CC)CCCC)sc(CC(CC)CCCC)c5C6=O)s4)sc3c(-c3ccc(CC(CC)CCCC)s3)c3ccsc23)s1,CCCCCCCCn1c2cc(/C=C3\C(=O)c4cc(F)ccc4C3=C(C#N)C#N)sc2c2sc3c(c21)C(c1ccc(CCCCCC)cc1)(c1ccc(CCCCCC)cc1)c1cc2c(cc1-3)C(c1ccc(CCCCCC)cc1)(c1ccc(CCCCCC)cc1)c1c-2sc2c3sc(/C=C4\C(=O)c5cc(F)ccc5C4=C(C#N)C#N)cc3n(CCCCCCCC)c12,0.91,15.7,58.6,8.37,-5.33,-3.48,-5.4,-3.91,,,2020,10.1021/acsami.0c19700,"OPV-DB (Qiu, J., Zenodo, 2026, doi:10.5281/zenodo.20841543)"
PBTz4T2C-b,IT2F,CCCCCCCCC(CCCCCC)COC(=O)c1c(-c2cccs2)sc2c(C(=O)OCC(CCCCCC)CCCCCCCC)c(-c3ccc(-c4ccc(-c5c(F)c(F)c(-c6cccs6)c6nn(CC(CCCCCC)CCCCCCCC)nc56)s4)s3)sc12,CCCCCCc1ccc(C2(c3ccc(CCCCCC)cc3)c3cc4c(cc3-c3sc5cc(/C=C6\C(=O)c7cc(F)ccc7C6=C(C#N)C#N)sc5c32)C(c2ccc(CCCCCC)cc2)(c2ccc(CCCCCC)cc2)c2c-4sc3cc(/C=C4\C(=O)c5cc(F)ccc5C4=C(C#N)C#N)sc23)cc1,0.773,12.88,64.41,6.41,-5.4,-3.57,-5.67,-4.14,,,2020,10.1002/marc.202000454,"OPV-DB (Qiu, J., Zenodo, 2026, doi:10.5281/zenodo.20841543)"
PDHP-Th,Y6,CCCCCCCCn1nc(-c2ccc(C)s2)c2c(-c3cccs3)sc(-c3ccc(-c4cc5c(-c6ccc(CC(CC)CCCC)s6)c6sccc6c(-c6ccc(CC(CC)CCCC)s6)c5s4)s3)c2c1=O,CCCCCCCCCCCc1c(/C=C2\C(=O)c3cc(F)c(F)cc3C2=C(C#N)C#N)sc2c1sc1c3c4nsnc4c4c5sc6c(CCCCCCCCCCC)c(/C=C7\C(=O)c8cc(F)c(F)cc8C7=C(C#N)C#N)sc6c5n(CC(CC)CCCC)c4c3n(CC(CC)CCCC)c21,0.826,16.74,46.0,6.4,-5.31,-3.42,-5.58,-4.23,,,2020,10.1021/acs.macromol.0c00459,"OPV-DB (Qiu, J., Zenodo, 2026, doi:10.5281/zenodo.20841543)"
PPEH-BZ,ITIC,CCCCCCCCC(CCCCCC)Cn1nc2c(-c3cccs3)c(F)c(F)c(-c3ccc(-c4cc5c(-c6ccc(CC(CC)CCCC)cc6)c6sccc6c(-c6ccc(CC(CC)CCCC)cc6)c5o4)s3)c2n1,CCCCCCc1ccc(C2(c3ccc(CCCCCC)cc3)c3cc4c(cc3-c3sc5cc(C=C6C(=O)c7ccccc7C6=C(C#N)C#N)sc5c32)C(c2ccc(CCCCCC)cc2)(c2ccc(CCCCCC)cc2)c2c-4sc3cc(C=C4C(=O)c5ccccc5C4=C(C#N)C#N)sc23)cc1,0.75,17.72,61.71,8.23,-5.27,-3.68,-5.576,-3.916,,,2020,10.1016/j.dyepig.2020.108775,"OPV-DB (Qiu, J., Zenodo, 2026, doi:10.5281/zenodo.20841543)"
QX2,Y22,CCc1ccc(-c2c3cc(-c4ccc(-c5c(F)c(F)c(-c6ccc(-c7cc8c(-c9ccc(CC)s9)c9sc(-c%10ccc(-c%11c(F)c(F)c(-c%12ccc(-c%13cc%14c(-c%15ccc(CC)s%15)c%15sc(-c%16ccc(-c%17c(F)c(F)c(-c%18cccs%18)c%18nc(-c%19sc(CC)c(F)c%19F)c(-c%19sc(CC)c(F)c%19F)nc%17%18)s%16)cc%15c(-c%15ccc(CC)s%15)c%14s%13)s%12)c%12nc(-c%13sc(CC)c(F)c%13F)c(-c%13sc(CC)c(F)c%13F)nc%11%12)s%10)cc9c(-c9ccc(CC)s9)c8s7)s6)c6nc(-c7sc(CC)c(F)c7F)c(-c7sc(CC)c(F)c7F)nc56)s4)sc3c(-c3ccc(CC)s3)c3ccsc23)s1,CCc1c(/C=C2\C(=O)c3cc(F)c(F)cc3C2=C(C#N)C#N)sc2c1sc1c3c4nn(CC)nc4c4c5sc(/C=C6\C(=O)c7cc(F)c(F)cc7C6=C(C#N)C#N)c(CC)c5n(CC)c4c3n(CC)c21,0.785,23.76,68.07,12.69,-5.4,-3.1,-5.69,-3.94,,,2020,10.1039/d0ta01636e,"OPV-DB (Qiu, J., Zenodo, 2026, doi:10.5281/zenodo.20841543)"
PBDB-TF,F-2F,CCCCC(CC)Cc1sc(-c2c3cc(-c4ccc(-c5sc(-c6cccs6)c6c5C(=O)c5c(CC(CC)CCCC)sc(CC(CC)CCCC)c5C6=O)s4)sc3c(-c3cc(F)c(CC(CC)CCCC)s3)c3ccsc23)cc1F,CCC1(CC)c2cc3c(cc2-c2cc4c(cc21)-c1sc(/C=C2\C(=O)c5cc(F)c(F)cc5C2=C(C#N)C#N)cc1C4(CC)CC)C(CC)(CC)c1cc(/C=C2\C(=O)c4cc(F)c(F)cc4C2=C(C#N)C#N)sc1-3,0.941,18.54,74.1,12.93,-5.49,-3.64,-5.78,-3.89,,,2020,10.1039/d0ta03087b,"OPV-DB (Qiu, J., Zenodo, 2026, doi:10.5281/zenodo.20841543)"
PTQ10,IDIC-2F,CCCCCCCCC(CCCCCC)COc1cnc2c(-c3cccs3)c(F)c(F)cc2n1,CCCCCCC1(CCCCCC)c2cc3c(cc2-c2sc(/C=C4\C(=O)c5cc(F)ccc5C4=C(C#N)C#N)cc21)C(CCCCCC)(CCCCCC)c1cc(/C=C2\C(=O)c4cc(F)ccc4C2=C(C#N)C#N)sc1-3,0.904,18.95,75.99,13.02,-5.54,-2.92,-5.75,-3.95,,,2020,10.1016/j.cclet.2020.08.051,"OPV-DB (Qiu, J., Zenodo, 2026, doi:10.5281/zenodo.20841543)"
FTAZ,FINIC,CCCCCCC(CCCC)CCc1c2cc(-c3ccc(-c4c(F)c(F)c(-c5cccs5)c5nn(CC(CCCC)CCCCCC)nc45)s3)sc2c(CCC(CCCC)CCCCCC)c2ccsc12,CCCCCCc1ccc(C2(c3ccc(CCCCCC)c(F)c3)c3cc4c(cc3-c3sc5c(sc6cc(/C=C7\C(=O)c8cc(F)c(F)cc8C7=C(C#N)C#N)sc65)c32)C(c2ccc(CCCCCC)c(F)c2)(c2ccc(CCCCCC)c(F)c2)c2c-4sc3c2sc2cc(/C=C4\C(=O)c5cc(F)c(F)cc5C4=C(C#N)C#N)sc23)cc1F,0.859,20.31,74.3,13.0,-5.38,-3.17,-5.5,-3.99,,,2020,10.1002/sstr.202000006,"OPV-DB (Qiu, J., Zenodo, 2026, doi:10.5281/zenodo.20841543)"
PBDB-T,IDT-Th-IC,CCCCC(CC)Cc1ccc(-c2c3cc(-c4ccc(-c5sc(-c6cccs6)c6c5C(=O)c5c(CC(CC)CCCC)sc(CC(CC)CCCC)c5C6=O)s4)sc3c(-c3ccc(CC(CC)CCCC)s3)c3ccsc23)s1,CCCCCCOc1ccc(C2(c3ccc(OCCCCCC)cc3)c3cc4c(cc3-c3sc(-c5ccc(/C=C6\C(=O)c7ccccc7C6=C(C#N)C#N)s5)cc32)C(c2ccc(OCCCCCC)cc2)(c2ccc(OCCCCCC)cc2)c2cc(-c3ccc(/C=C5\C(=O)c6ccccc6C5=C(C#N)C#N)s3)sc2-4)cc1,0.93,15.48,60.56,8.72,-5.33,-3.48,-5.37,-3.88,,,2020,10.1016/j.orgel.2020.106015,"OPV-DB (Qiu, J., Zenodo, 2026, doi:10.5281/zenodo.20841543)"
PM6,BTP,CCCCC(CC)Cc1sc(-c2c3cc(-c4ccc(-c5sc(-c6cccs6)c6c5C(=O)c5c(CC(CC)CCCC)sc(CC(CC)CCCC)c5C6=O)s4)sc3c(-c3cc(F)c(CC(CC)CCCC)s3)c3ccsc23)cc1F,CCCCCCCCCCCc1c(/C=C2\C(=O)c3ccccc3C2=C(C#N)C#N)sc2c1sc1c3c4nsnc4c4c5sc6c(CCCCCCCCCCC)c(/C=C7\C(=O)c8ccccc8C7=C(C#N)C#N)sc6c5n(CC(CC)CCCC)c4c3n(CC(CC)CCCC)c21,0.95,16.2,56.0,8.7,-5.54,-3.65,-5.52,-3.82,,,2020,10.1021/acsami.0c16389,"OPV-DB (Qiu, J., Zenodo, 2026, doi:10.5281/zenodo.20841543)"
PBDT-DTNT,PC71BM,CCCCCCCCCCc1cc(-c2c3cc(-c4sc(-c5cc6c(cc(-c7cc(CCCCCC)cs7)c7nsnc76)c6nsnc56)cc4CCCCCC)sc3c(-c3cc(CCCCCCCCCC)c(CCCCCCCCCC)s3)c3ccsc23)sc1CCCCCCCCCC,COC(=O)CCCC1(c2ccccc2)C23c4c5ccc6c7cc8c9c%10c(cc%11cc%12c%13c%14c(cc%15c%16ccc-5c2c%16c2c5c%16c%17c(c(c46)c7c9c%17c4c%10c%11c%13c4c%16c%14c%152)C513)C%12)C8,0.74,17.62,66.1,8.62,-5.19,-3.26,-5.9,-3.9,,,2020,10.1002/adma.202002217,"OPV-DB (Qiu, J., Zenodo, 2026, doi:10.5281/zenodo.20841543)"
PBDB-T,PNDIHD/DT-0,CCCCC(CC)Cc1ccc(-c2c3cc(-c4ccc(-c5sc(-c6cccs6)c6c5C(=O)c5c(CC(CC)CCCC)sc(CC(CC)CCCC)c5C6=O)s4)sc3c(-c3ccc(CC(CC)CCCC)s3)c3ccsc23)s1,CCCCCCCCC(CCCCCC)CN1C(=O)c2ccc3c4c(c(-c5ccc(-c6cccs6)s5)cc(c24)C1=O)C(=O)N(CC(CCCCCC)CCCCCCCC)C3=O,0.86,13.25,57.0,6.46,-5.33,-3.53,-5.53,-4.02,,,2020,10.1021/acs.chemmater.0c04721,"OPV-DB (Qiu, J., Zenodo, 2026, doi:10.5281/zenodo.20841543)"
PBDB-T,IDT-Ph-IC,CCCCC(CC)Cc1ccc(-c2c3cc(-c4ccc(-c5sc(-c6cccs6)c6c5C(=O)c5c(CC(CC)CCCC)sc(CC(CC)CCCC)c5C6=O)s4)sc3c(-c3ccc(CC(CC)CCCC)s3)c3ccsc23)s1,CCCCCCOc1ccc(C2(c3ccc(OCCCCCC)cc3)c3cc4c(cc3-c3sc(-c5ccc(/C=C6\C(=O)c7ccccc7C6=C(C#N)C#N)cc5)cc32)C(c2ccc(OCCCCCC)cc2)(c2ccc(OCCCCCC)cc2)c2cc(-c3ccc(/C=C5\C(=O)c6ccccc6C5=C(C#N)C#N)cc3)sc2-4)cc1,0.96,10.11,43.9,4.26,-5.33,-3.48,-5.4,-3.72,,,2020,10.1016/j.orgel.2020.106015,"OPV-DB (Qiu, J., Zenodo, 2026, doi:10.5281/zenodo.20841543)"
PBDB-TF,N65-2FIC,CCCCC(CC)Cc1sc(-c2c3cc(-c4ccc(-c5sc(-c6cccs6)c6c5C(=O)c5c(CC(CC)CCCC)sc(CC(CC)CCCC)c5C6=O)s4)sc3c(-c3cc(F)c(CC(CC)CCCC)s3)c3ccsc23)cc1F,CCCCCCc1ccc(C2(c3ccc(CCCCCC)cc3)c3cc4c5c(cccc5c3-c3sc5cc(/C=C6\C(=O)c7cc(F)c(F)cc7C6=C(C#N)C#N)sc5c32)C(c2ccc(CCCCCC)cc2)(c2ccc(CCCCCC)cc2)c2c-4sc3cc(/C=C4\C(=O)c5cc(F)c(F)cc5C4=C(C#N)C#N)sc23)cc1,0.82,21.49,58.0,10.19,-5.49,-3.64,-5.6,-4.03,,,2020,10.1021/acsaem.0c00689,"OPV-DB (Qiu, J., Zenodo, 2026, doi:10.5281/zenodo.20841543)"
PM6,Br-ITIC,CCCCC(CC)Cc1sc(-c2c3cc(-c4ccc(-c5sc(-c6cccs6)c6c5C(=O)c5c(CC(CC)CCCC)sc(CC(CC)CCCC)c5C6=O)s4)sc3c(-c3cc(F)c(CC(CC)CCCC)s3)c3ccsc23)cc1F,CCCCCCc1ccc(C2(c3ccc(CCCCCC)cc3)c3cc4c(cc3-c3sc5cc(C=C6C(=O)c7cc(Br)ccc7C6=C(C#N)C#N)sc5c32)C(c2ccc(CCCCCC)cc2)(c2ccc(CCCCCC)cc2)c2c-4sc3cc(C=C4C(=O)c5cc(Br)ccc5C4=C(C#N)C#N)sc23)cc1,0.923,18.7,73.8,12.7,-5.56,-3.65,-5.73,-4.2,,,2020,10.1016/j.nanoen.2020.104496,"OPV-DB (Qiu, J., Zenodo, 2026, doi:10.5281/zenodo.20841543)"
PTQ10,m-ITIC-OR-4Cl,CCCCCCCCC(CCCCCC)COc1cnc2c(-c3cccs3)c(F)c(F)cc2n1,CCCCCCOc1cccc(C2(c3cccc(OCCCCCC)c3)c3cc4c(cc3-c3sc5cc(/C=C6\C(=O)c7cc(Cl)c(Cl)cc7C6=C(C#N)C#N)sc5c32)C(c2cccc(OCCCCCC)c2)(c2cccc(OCCCCCC)c2)c2c-4sc3cc(/C=C4\C(=O)c5cc(Cl)c(Cl)cc5C4=C(C#N)C#N)sc23)c1,0.87,21.8,66.9,12.7,-5.54,-2.92,-5.78,-4.05,,,2020,10.1002/solr.202000253,"OPV-DB (Qiu, J., Zenodo, 2026, doi:10.5281/zenodo.20841543)"
PBDB-TF,M8,CCCCC(CC)Cc1sc(-c2c3cc(-c4ccc(-c5sc(-c6cccs6)c6c5C(=O)c5c(CC(CC)CCCC)sc(CC(CC)CCCC)c5C6=O)s4)sc3c(-c3cc(F)c(CC(CC)CCCC)s3)c3ccsc23)cc1F,CCCCCCC(CCCC)Cn1c2cc(/C=C3\C(=O)c4cc(F)c(F)cc4C3=C(C#N)C#N)sc2c2oc3c(OCC(CC)CCCC)c4c(oc5c6sc(/C=C7\C(=O)c8cc(F)c(F)cc8C7=C(C#N)C#N)cc6n(CC(CCCC)CCCCCC)c54)c(OCC(CC)CCCC)c3c21,0.83,8.36,60.6,4.21,-5.49,-3.64,-5.49,-3.91,,,2020,10.1002/anie.202007907,"OPV-DB (Qiu, J., Zenodo, 2026, doi:10.5281/zenodo.20841543)"
PTIBT,ITIC,CCCCCCCCCCC(CCCCCCCC)CN1C(=O)/C(=C\c2csc(-c3ccc(-c4cccs4)s3)c2)c2ccccc21,CCCCCCc1ccc(C2(c3ccc(CCCCCC)cc3)c3cc4c(cc3-c3sc5cc(C=C6C(=O)c7ccccc7C6=C(C#N)C#N)sc5c32)C(c2ccc(CCCCCC)cc2)(c2ccc(CCCCCC)cc2)c2c-4sc3cc(C=C4C(=O)c5ccccc5C4=C(C#N)C#N)sc23)cc1,0.66,15.19,57.0,5.72,-5.41,-3.61,-5.49,-3.83,,,2020,10.1002/ajoc.202000172,"OPV-DB (Qiu, J., Zenodo, 2026, doi:10.5281/zenodo.20841543)"
DPPDTT,PC60BM,CCCCCCCCCCC(CCCCCCCC)CN1C=C2C(=O)N(CC(CCCCCCCC)CCCCCCCCCC)C(c3ccc(-c4cc5sc(-c6cccs6)cc5s4)s3)=C2C1=O,COC(=O)CCCC1(c2ccccc2)C23c4c5c6c7c8c9c(c%10c%11c2c2c%12c4c4c%13c5c5c7c7c8c8c%14c9c%10c9c%10c%11c2c2c%11c%12c4c4c%12c%13c5c5c7c7c8c8c%14c9c9c%10c2c2c%11c4c4c%12c5c7c5c8c9c2c45)C613,0.72,13.22,60.09,5.72,-5.2,-3.5,-6.1,-3.7,,,2020,10.1016/j.solmat.2020.110684,"OPV-DB (Qiu, J., Zenodo, 2026, doi:10.5281/zenodo.20841543)"
PBDB-T,SNBDT1-F,CCCCC(CC)Cc1ccc(-c2c3cc(-c4ccc(-c5sc(-c6cccs6)c6c5C(=O)c5c(CC(CC)CCCC)sc(CC(CC)CCCC)c5C6=O)s4)sc3c(-c3ccc(CC(CC)CCCC)s3)c3ccsc23)s1,CCCCC(CC)COc1c2sc3c4sc(/C=C5\C(=O)c6ccccc6C5=C(C#N)C#N)cc4n(CC(CC)CCCC)c3c2c(OCC(CC)CCCC)c2sc3c4sc(/C=C5\C(=O)c6ccccc6C5=C(C#N)C#N)cc4n(CC(CC)CCCC)c3c12,0.86,20.97,70.4,12.7,-5.33,-3.48,-5.3,-3.83,,,2020,10.1002/solr.202000234,"OPV-DB (Qiu, J., Zenodo, 2026, doi:10.5281/zenodo.20841543)"
PBDB-T,ITOTC,CCCCC(CC)Cc1ccc(-c2c3cc(-c4ccc(-c5sc(-c6cccs6)c6c5C(=O)c5c(CC(CC)CCCC)sc(CC(CC)CCCC)c5C6=O)s4)sc3c(-c3ccc(CC(CC)CCCC)s3)c3ccsc23)s1,CCCCCCCCc1c(/C=C2\C(=O)c3cscc3C2=C(C#N)C#N)sc2cc(-c3ccc4c(c3)C(c3ccc(CCCCCC)cc3)(c3ccc(CCCCCC)cc3)c3c-4sc4c(CCCCCCCC)c(/C=C5\C(=O)c6cscc6C5=C(C#N)C#N)sc34)sc12,0.94,15.1,58.82,8.35,-5.33,-3.48,-5.66,-3.87,,,2020,10.1016/j.dyepig.2020.108495,"OPV-DB (Qiu, J., Zenodo, 2026, doi:10.5281/zenodo.20841543)"
PBDTClT-TQxT,ITIC,CCCCCCOc1cccc(-c2nc3c(-c4cccs4)c(F)c(F)c(-c4ccc(-c5cc6c(-c7cc(Cl)c(CC(CC)CCCC)s7)c7sccc7c(-c7cc(Cl)c(CC(CC)CCCC)s7)c6s5)s4)c3nc2-c2cccc(OCCCCCC)c2)c1,CCCCCCc1ccc(C2(c3ccc(CCCCCC)cc3)c3cc4c(cc3-c3sc5cc(C=C6C(=O)c7ccccc7C6=C(C#N)C#N)sc5c32)C(c2ccc(CCCCCC)cc2)(c2ccc(CCCCCC)cc2)c2c-4sc3cc(C=C4C(=O)c5ccccc5C4=C(C#N)C#N)sc23)cc1,0.94,14.61,60.0,8.43,-5.53,-3.35,-5.576,-3.916,,,2020,10.1016/j.dyepig.2020.108577,"OPV-DB (Qiu, J., Zenodo, 2026, doi:10.5281/zenodo.20841543)"
BDT-PY,MeIC,CCCCCCC(CCCC)Cc1ccc(-c2c3cc(-c4sc(-c5cnc(-c6cc(CC(CC)CCCC)cs6)cn5)cc4CC(CC)CCCC)sc3c(-c3ccc(CC(CCCC)CCCCCC)s3)c3ccsc23)s1,CCCCCCc1ccc(C2(c3ccc(CCCCCC)cc3)c3cc4c(cc3-c3sc5cc(/C=C6\C(=O)c7c(csc7C)C6=C(C#N)C#N)sc5c32)C(c2ccc(CCCCCC)cc2)(c2ccc(CCCCCC)cc2)c2c-4sc3cc(/C=C4\C(=O)c5c(csc5C)C4=C(C#N)C#N)sc23)cc1,0.95,15.54,68.8,10.2,-5.44,-3.56,-5.57,-3.93,,,2020,10.1039/d0ta00599a,"OPV-DB (Qiu, J., Zenodo, 2026, doi:10.5281/zenodo.20841543)"
PBDB-T,BTCIC-4Cl,CCCCC(CC)Cc1ccc(-c2c3cc(-c4ccc(-c5sc(-c6cccs6)c6c5C(=O)c5c(CC(CC)CCCC)sc(CC(CC)CCCC)c5C6=O)s4)sc3c(-c3ccc(CC(CC)CCCC)s3)c3ccsc23)s1,CCCCC(CC)CC1(CC(CC)CCCC)c2cc(/C=C3\C(=O)c4cc(Cl)c(Cl)cc4C3=C(C#N)C#N)sc2-c2sc(-c3ccc(-c4cc5c(s4)-c4sc(/C=C6\C(=O)c7cc(Cl)c(Cl)cc7C6=C(C#N)C#N)cc4C5(CC(CC)CCCC)CC(CC)CCCC)c4nsnc34)cc21,0.63,23.2,69.0,10.2,-5.33,-3.48,-5.64,-4.12,,,2020,10.1021/acsami.0c01850,"OPV-DB (Qiu, J., Zenodo, 2026, doi:10.5281/zenodo.20841543)"
BTR,PC71BM,CCCCCCc1cc(-c2cc3c(-c4cc(CC(CC)CCCC)c(CCCCCC)s4)c4sc(-c5cc(CCCCCC)c(-c6cc(CCCCCC)c(-c7ccc(/C=C8/SC(=S)N(CCCCCC)C8=O)s7)s6)s5)cc4c(-c4cc(CC(CC)CCCC)c(CCCCCC)s4)c3s2)sc1-c1cc(CCCCCC)c(-c2ccc(/C=C3/SC(=S)N(CCCCCC)C3=O)s2)s1,COC(=O)CCCC1(c2ccccc2)C23c4c5ccc6c7cc8c9c%10c(cc%11cc%12c%13c%14c(cc%15c%16ccc-5c2c%16c2c5c%16c%17c(c(c46)c7c9c%17c4c%10c%11c%13c4c%16c%14c%152)C513)C%12)C8,0.94,14.57,74.7,10.2,-5.34,-3.53,-5.9,-3.9,,,2020,10.1002/aenm.202001076,"OPV-DB (Qiu, J., Zenodo, 2026, doi:10.5281/zenodo.20841543)"
PBDB-T,INPIC,CCCCC(CC)Cc1ccc(-c2c3cc(-c4ccc(-c5sc(-c6cccs6)c6c5C(=O)c5c(CC(CC)CCCC)sc(CC(CC)CCCC)c5C6=O)s4)sc3c(-c3ccc(CC(CC)CCCC)s3)c3ccsc23)s1,CCCCCCCCn1c2cc(/C=C3\C(=O)c4ccccc4C3=C(C#N)C#N)sc2c2sc3c(c21)C(c1ccc(CCCCCC)cc1)(c1ccc(CCCCCC)cc1)c1cc2c(cc1-3)C(c1ccc(CCCCCC)cc1)(c1ccc(CCCCCC)cc1)c1c-2sc2c3sc(/C=C4\C(=O)c5ccccc5C4=C(C#N)C#N)cc3n(CCCCCCCC)c12,0.96,8.55,52.5,4.31,-5.33,-3.48,-5.36,-3.82,,,2020,10.1039/d0ta08706h,"OPV-DB (Qiu, J., Zenodo, 2026, doi:10.5281/zenodo.20841543)"
DRCN5T,ITIC,CCCCCCCCc1cc(/C=c2\sc(=C(C#N)C#N)n(CC)c2=O)sc1-c1cc(CCCCCCCC)c(-c2ccc(-c3sc(-c4sc(/C=c5\sc(=C(C#N)C#N)n(CC)c5=O)cc4CCCCCCCC)cc3CCCCCCCC)s2)s1,CCCCCCc1ccc(C2(c3ccc(CCCCCC)cc3)c3cc4c(cc3-c3sc5cc(C=C6C(=O)c7ccccc7C6=C(C#N)C#N)sc5c32)C(c2ccc(CCCCCC)cc2)(c2ccc(CCCCCC)cc2)c2c-4sc3cc(C=C4C(=O)c5ccccc5C4=C(C#N)C#N)sc23)cc1,0.96,10.3,43.0,4.3,-5.22,-3.41,-5.576,-3.916,,,2020,10.1021/acsami.0c14922,"OPV-DB (Qiu, J., Zenodo, 2026, doi:10.5281/zenodo.20841543)"
PTB7-Th,PBTI2(100DT)-FT,CCCCC(CC)COC(=O)c1sc2csc(-c3cc4c(-c5ccc(CC(CC)CCCC)s5)c5sccc5c(-c5ccc(CC(CC)CCCC)s5)c4s3)c2c1F,CCCCCCCCCCCCC(CCCCCCCCCC)Cn1c(=O)c2ccsc2c2sc3c(sc4c5sc(-c6scc(F)c6F)cc5c(=O)n(CC(CCCCCCCCCC)CCCCCCCCCCCC)c(=O)c43)c2c1=O,1.02,8.95,47.1,4.3,-5.29,-3.72,-6.09,-3.48,,,2020,10.1039/d0tc00087f,"OPV-DB (Qiu, J., Zenodo, 2026, doi:10.5281/zenodo.20841543)"
PBB-Cl,IT-4F,CCc1ccc(-c2c3nc(-c4ccc(-c5cc6c(-c7cc(Cl)c(CC)s7)c7sc(-c8ccc(-c9nc%10c(-c%11ccc(CC)s%11)c%11sc(-c%12ccc(-c%13cc%14c(-c%15cc(Cl)c(CC)s%15)c%15sc(-c%16ccc(-c%17nc%18c(-c%19ccc(CC)s%19)c%19sc(-c%20ccc(-c%21cc%22c(-c%23cc(Cl)c(CC)s%23)c%23sccc%23c(-c%23cc(Cl)c(CC)s%23)c%22s%21)s%20)nc%19c(-c%19ccc(CC)s%19)c%18s%17)s%16)cc%15c(-c%15cc(Cl)c(CC)s%15)c%14s%13)s%12)nc%11c(-c%11ccc(CC)s%11)c%10s9)s8)cc7c(-c7cc(Cl)c(CC)s7)c6s5)s4)sc3c(-c3ccc(CC)s3)c3nc(-c4cccs4)sc23)s1,CCCCCCc1ccc(C2(c3ccc(CCCCCC)cc3)c3cc4c(cc3-c3sc5cc(/C=C6\C(=O)c7cc(F)c(F)cc7C6=C(C#N)C#N)sc5c32)C(c2ccc(CCCCCC)cc2)(c2ccc(CCCCCC)cc2)c2c-4sc3cc(/C=C4\C(=O)c5cc(F)c(F)cc5C4=C(C#N)C#N)sc23)cc1,0.94,21.8,72.5,14.8,-5.64,-3.64,-5.66,-4.14,,,2020,10.1039/d0ta04734a,"OPV-DB (Qiu, J., Zenodo, 2026, doi:10.5281/zenodo.20841543)"
PM6,Y6-2Se,CCCCC(CC)Cc1sc(-c2c3cc(-c4ccc(-c5sc(-c6cccs6)c6c5C(=O)c5c(CC(CC)CCCC)sc(CC(CC)CCCC)c5C6=O)s4)sc3c(-c3cc(F)c(CC(CC)CCCC)s3)c3ccsc23)cc1F,CCc1c(/C=C2\C(=O)c3cc(F)c(F)cc3C2=C(C#N)C#N)sc2c1[se]c1c3c4nsnc4c4c5[se]c6c(CC)c(/C=C7\C(=O)c8cc(F)c(F)cc8C7=C(C#N)C#N)sc6c5n(CC)c4c3n(CC)c21,0.83,24.32,70.0,14.94,-5.56,-3.65,-5.58,-3.84,,,2020,10.1039/d0ta06658c,"OPV-DB (Qiu, J., Zenodo, 2026, doi:10.5281/zenodo.20841543)"
PBDB-T,Y14,CCCCC(CC)Cc1ccc(-c2c3cc(-c4ccc(-c5sc(-c6cccs6)c6c5C(=O)c5c(CC(CC)CCCC)sc(CC(CC)CCCC)c5C6=O)s4)sc3c(-c3ccc(CC(CC)CCCC)s3)c3ccsc23)s1,CCCCCCCCCCCc1c(/C=C2\C(=O)c3cc(F)ccc3C2=C(C#N)C#N)sc2c1sc1c3c4nn(CC(CC)CCCC)nc4c4c5sc6c(CCCCCCCCCCC)c(/C=C7\C(=O)c8cc(F)ccc8C7=C(C#N)C#N)sc6c5n(CC(CC)CCCC)c4c3n(CC(CC)CCCC)c21,0.8,26.15,71.48,14.92,-5.33,-3.48,-5.56,-4.01,,,2020,10.1021/acsenergylett.0c00537,"OPV-DB (Qiu, J., Zenodo, 2026, doi:10.5281/zenodo.20841543)"
D18,IT-4F,CCCCCCC(CCCC)Cc1csc(-c2cc3c4nsnc4c4cc(-c5cc(CC(CCCC)CCCCCC)c(-c6cc7c(-c8cc(F)c(CC(CC)CCCC)s8)c8sccc8c(-c8cc(F)c(CC(CC)CCCC)s8)c7s6)s5)sc4c3s2)c1,CCCCCCc1ccc(C2(c3ccc(CCCCCC)cc3)c3cc4c(cc3-c3sc5cc(/C=C6\C(=O)c7cc(F)c(F)cc7C6=C(C#N)C#N)sc5c32)C(c2ccc(CCCCCC)cc2)(c2ccc(CCCCCC)cc2)c2c-4sc3cc(/C=C4\C(=O)c5cc(F)c(F)cc5C4=C(C#N)C#N)sc23)cc1,0.864,22.27,74.6,14.91,-5.51,-2.77,-5.66,-4.14,,,2020,10.1002/adma.202005386,"OPV-DB (Qiu, J., Zenodo, 2026, doi:10.5281/zenodo.20841543)"
2BO/C6/C6,Y6,CCCCCCc1cc(-c2c3cc(-c4ccc(-c5sc(-c6sc(-c7cccs7)c7c6C(=O)N(CC(CCCC)CCCCCC)C7=O)c6c5C(=O)N(CC(CCCC)CCCCCC)C6=O)s4)sc3c(-c3cc(CCCCCC)c(CCCCCC)s3)c3ccsc23)sc1CCCCCC,CCCCCCCCCCCc1c(/C=C2\C(=O)c3cc(F)c(F)cc3C2=C(C#N)C#N)sc2c1sc1c3c4nsnc4c4c5sc6c(CCCCCCCCCCC)c(/C=C7\C(=O)c8cc(F)c(F)cc8C7=C(C#N)C#N)sc6c5n(CC(CC)CCCC)c4c3n(CC(CC)CCCC)c21,0.857,21.09,48.0,8.67,-5.85,-3.52,-5.65,-4.09,,,2020,10.1016/j.jpowsour.2020.229098,"OPV-DB (Qiu, J., Zenodo, 2026, doi:10.5281/zenodo.20841543)"
PTB7-Th,DTC-T-F,CCCCC(CC)COC(=O)c1sc2csc(-c3cc4c(-c5ccc(CC(CC)CCCC)s5)c5sccc5c(-c5ccc(CC(CC)CCCC)s5)c4s3)c2c1F,CCCCCCCCC1(CCCCCCCC)c2cc(-c3ccc(/C=C4\C(=O)c5cscc5C4=C(C#N)C#N)s3)ccc2-c2ccc(-c3ccc(/C=C4\C(=O)c5cscc5C4=C(C#N)C#N)s3)cc21,0.78,17.46,64.6,8.8,-5.21,-3.6,-5.48,-3.83,,,2020,10.1016/j.orgel.2020.106026,"OPV-DB (Qiu, J., Zenodo, 2026, doi:10.5281/zenodo.20841543)"
J71,TTz1,CCCCCCCCC(CCCCCC)Cn1nc2c(-c3cccs3)c(F)c(F)c(-c3ccc(-c4cc5c(-c6ccc([Si](CCC)(CCC)CCC)s6)c6sccc6c(-c6ccc([Si](CCC)(CCC)CCC)s6)c5s4)s3)c2n1,CCCCCCC(CCCC)Cc1cc(-c2ccc(C=C(C#N)C#N)c3nsnc23)sc1-c1nc2sc(-c3sc(-c4ccc(C=C(C#N)C#N)c5nsnc45)cc3CC(CCCC)CCCCCC)nc2s1,0.9,15.43,63.18,8.77,-5.4,-3.24,-5.7,-3.86,,,2020,10.1016/j.dyepig.2020.108319,"OPV-DB (Qiu, J., Zenodo, 2026, doi:10.5281/zenodo.20841543)"
PBTz,IT-4F,CCCCCCC(CCCC)Cc1csc(-c2cnc(-c3ncc(-c4cc(CC(CCCC)CCCCCC)c(-c5cc6c(-c7ccc(CC(CC)CCCC)s7)c7sccc7c(-c7ccc(CC(CC)CCCC)s7)c6s5)s4)s3)s2)c1,CCCCCCc1ccc(C2(c3ccc(CCCCCC)cc3)c3cc4c(cc3-c3sc5cc(/C=C6\C(=O)c7cc(F)c(F)cc7C6=C(C#N)C#N)sc5c32)C(c2ccc(CCCCCC)cc2)(c2ccc(CCCCCC)cc2)c2c-4sc3cc(/C=C4\C(=O)c5cc(F)c(F)cc5C4=C(C#N)C#N)sc23)cc1,0.84,17.68,59.0,8.76,-5.44,-3.53,-5.66,-4.14,,,2020,10.1039/d0nj02483j,"OPV-DB (Qiu, J., Zenodo, 2026, doi:10.5281/zenodo.20841543)"
P-EH,Y6,CCCCCCCCc1csc2cc(-c3sc(-c4cc5sc(-c6cc7c(-c8ccc(CC(CC)CCCC)s8)c8sccc8c(-c8ccc(CC(CC)CCCC)s8)c7s6)c(CCCCCCCC)c5s4)c4c3C(=O)N(CC(CCCCCC)CCCCCCCC)C4=O)sc12,CCCCCCCCCCCc1c(/C=C2\C(=O)c3cc(F)c(F)cc3C2=C(C#N)C#N)sc2c1sc1c3c4nsnc4c4c5sc6c(CCCCCCCCCCC)c(/C=C7\C(=O)c8cc(F)c(F)cc8C7=C(C#N)C#N)sc6c5n(CC(CC)CCCC)c4c3n(CC(CC)CCCC)c21,0.73,22.89,53.0,8.85,-5.35,-3.48,-5.65,-4.1,,,2020,10.1021/acs.chemmater.0c00783,"OPV-DB (Qiu, J., Zenodo, 2026, doi:10.5281/zenodo.20841543)"
PBDB-T,PYTT-2,CCCCC(CC)Cc1ccc(-c2c3cc(-c4ccc(-c5sc(-c6cccs6)c6c5C(=O)c5c(CC(CC)CCCC)sc(CC(CC)CCCC)c5C6=O)s4)sc3c(-c3ccc(CC(CC)CCCC)s3)c3ccsc23)s1,CCCCCCCCCCCc1c(/C=C2/C(=O)c3ccsc3C2=C(C#N)C#N)sc2c1sc1c3c4nsnc4c4c5sc6c(CCCCCCCCCCC)c(/C=C7/C(=O)c8c(-c9cccs9)csc8C7=C(C#N)C#N)sc6c5n(CC(CCCCCCCC)CCCCCCCCCC)c4c3n(CC(CCCCCCCC)CCCCCCCCCC)c21,0.91,22.0,71.53,14.32,-5.33,-3.53,-5.73,-3.83,,,2020,10.1021/acs.chemmater.0c04253,"OPV-DB (Qiu, J., Zenodo, 2026, doi:10.5281/zenodo.20841543)"
PBNP-S,Y6,CCCCC(CC)CSc1ccc(-c2c3cc(-c4ccc(-c5sc(-c6cccs6)c6c5C(=O)c5cc(SCC(CC)CCCC)c(SCC(CC)CCCC)cc5C6=O)s4)sc3c(-c3ccc(SCC(CC)CCCC)cc3)c3ccsc23)cc1,CCCCCCCCCCCc1c(/C=C2\C(=O)c3cc(F)c(F)cc3C2=C(C#N)C#N)sc2c1sc1c3c4nsnc4c4c5sc6c(CCCCCCCCCCC)c(/C=C7\C(=O)c8cc(F)c(F)cc8C7=C(C#N)C#N)sc6c5n(CC(CC)CCCC)c4c3n(CC(CC)CCCC)c21,0.81,25.14,70.1,14.31,-5.44,-3.46,-5.65,-4.09,,,2020,10.1039/d0ta01425g,"OPV-DB (Qiu, J., Zenodo, 2026, doi:10.5281/zenodo.20841543)"
PM6,IDST-4F,CCCCC(CC)Cc1sc(-c2c3cc(-c4ccc(-c5sc(-c6cccs6)c6c5C(=O)c5c(CC(CC)CCCC)sc(CC(CC)CCCC)c5C6=O)s4)sc3c(-c3cc(F)c(CC(CC)CCCC)s3)c3ccsc23)cc1F,CCSc1cc(/C=C2\C(=O)c3cc(F)c(F)cc3C2=C(C#N)C#N)sc1-c1cc2c(s1)-c1cc3c(cc1C2(CC)CC)-c1sc(/C=C2\C(=O)c4cc(F)c(F)cc4C2=C(C#N)C#N)cc1C3(CC)CC,0.82,24.9,70.0,14.3,-5.56,-3.65,-5.59,-4.01,,,2020,10.1016/j.nanoen.2020.104861,"OPV-DB (Qiu, J., Zenodo, 2026, doi:10.5281/zenodo.20841543)"
PBDB-T,PF5-Y5,CCCCC(CC)Cc1ccc(-c2c3cc(-c4ccc(-c5sc(-c6cccs6)c6c5C(=O)c5c(CC(CC)CCCC)sc(CC(CC)CCCC)c5C6=O)s4)sc3c(-c3ccc(CC(CC)CCCC)s3)c3ccsc23)s1,CCCCCCCCCCCc1c(/C=C2\C(=O)c3ccccc3C2=C(C#N)C#N)sc2c1sc1c3c4nsnc4c4c5sc6c(CCCCCCCCCCC)c(/C=C7\C(=O)c8cc(-c9cc%10c(-c%11cc(CCCCCC)c(CC(CC)CCCC)s%11)c%11sccc%11c(-c%11cc(CCCCCC)c(CC(CC)CCCC)s%11)c%10s9)ccc8C7=C(C#N)C#N)sc6c5n(CC(CC)CCCC)c4c3n(CC(CC)CCCC)c21,0.946,20.65,74.0,14.45,-5.33,-3.48,-5.52,-3.84,,,2020,10.1039/d0ee01828g,"OPV-DB (Qiu, J., Zenodo, 2026, doi:10.5281/zenodo.20841543)"
PBBSe-Cl,Y6,CCCCC(CC)Cc1sc(-c2c3cc(-c4ccc(-c5sc(-c6ccc[se]6)c6c5C(=O)c5c(CC(CC)CCCC)sc(CC(CC)CCCC)c5C6=O)[se]4)sc3c(-c3cc(Cl)c(CC(CC)CCCC)s3)c3ccsc23)cc1Cl,CCCCCCCCCCCc1c(/C=C2\C(=O)c3cc(F)c(F)cc3C2=C(C#N)C#N)sc2c1sc1c3c4nsnc4c4c5sc6c(CCCCCCCCCCC)c(/C=C7\C(=O)c8cc(F)c(F)cc8C7=C(C#N)C#N)sc6c5n(CC(CC)CCCC)c4c3n(CC(CC)CCCC)c21,0.82,24.07,73.2,14.44,-5.36,-3.63,-5.65,-4.09,,,2020,10.1021/acs.macromol.0c00405,"OPV-DB (Qiu, J., Zenodo, 2026, doi:10.5281/zenodo.20841543)"
BTR-Cl,N3,CCCCCCc1cc(-c2cc3c(-c4cc(Cl)c(CC(CC)CCCC)s4)c4sc(-c5cc(CCCCCC)c(-c6cc(CCCCCC)c(-c7ccc(/C=C8/SC(=S)N(CCCCCC)C8=O)s7)s6)s5)cc4c(-c4cc(Cl)c(CC(CC)CCCC)s4)c3s2)sc1-c1cc(CCCCCC)c(-c2ccc(/C=C3\SC(=S)N(CC(CC)CCCC)C3=O)s2)s1,CCCCCCCCCCCc1c(/C=C2\C(=O)c3cc(F)c(F)cc3C2=C(C#N)C#N)sc2c1sc1c3c4nsnc4c4c5sc6c(CCCCCCCCCCC)c(/C=C7\C(=O)c8cc(F)c(F)cc8C7=C(C#N)C#N)sc6c5n(CCC(CC)CCCC)c4c3n(CCC(CC)CCCC)c21,0.82,24.06,73.5,14.43,-5.46,-3.7,-5.64,-3.86,,,2020,10.1039/d0ta10649f,"OPV-DB (Qiu, J., Zenodo, 2026, doi:10.5281/zenodo.20841543)"
PBDB-T,BTP-M,CCCCC(CC)Cc1ccc(-c2c3cc(-c4ccc(-c5sc(-c6cccs6)c6c5C(=O)c5c(CC(CC)CCCC)sc(CC(CC)CCCC)c5C6=O)s4)sc3c(-c3ccc(CC(CC)CCCC)s3)c3ccsc23)s1,CCc1c(/C=C2\C(=O)c3ccc(C)cc3C2=C(C#N)C#N)sc2c1sc1c3c4nsnc4c4c5sc6c(CC)c(/C=C7\C(=O)c8ccc(C)cc8C7=C(C#N)C#N)sc6c5n(CC)c4c3n(CC)c21,0.9,23.06,68.76,14.24,-5.33,-3.48,-5.48,-3.81,,,2020,10.1021/acsenergylett.0c00537,"OPV-DB (Qiu, J., Zenodo, 2026, doi:10.5281/zenodo.20841543)"
PT1,TTPTTT-4F,CCCCCCc1ccc(/C=C/c2ccc(/C=C/c3ccc(/C=C/c4ccsc4-c4ccc(-c5cc(CCCCCC)c(-c6cccs6)s5)s4)s3)s2)s1,CCCCCCC1=CCC(C2(c3ccc(CCCCCC)cc3)c3cc4c(cc3-c3sc5cc(/C=C6\C(=O)c7cc(F)c(F)cc7C6C(C#N)C#N)sc5c32)C(c2ccc(CCCCCC)cc2)(c2ccc(CCCCCC)cc2)c2c-4sc3c2sc2cc(/C=C4\C(=O)C5=C(C=C(F)C(F)C5)C4=C(C#N)C#N)sc23)C=C1,0.89,19.22,73.7,12.99,-5.08,-2.83,-5.69,-4.12,,,2020,10.1002/advs.202001986,"OPV-DB (Qiu, J., Zenodo, 2026, doi:10.5281/zenodo.20841543)"
PBDBT-SF,IT-4F,CCCCC(CC)Cc1sc(CC(CC)CCCC)c2c1C(=O)c1c(-c3cccs3)sc(-c3ccc(-c4cc5c(-c6cc(F)c(SC(CC)CCCC)s6)c6sccc6c(-c6cc(F)c(SC(CC)CCCC)s6)c5s4)s3)c1C2=O,CCCCCCc1ccc(C2(c3ccc(CCCCCC)cc3)c3cc4c(cc3-c3sc5cc(/C=C6\C(=O)c7cc(F)c(F)cc7C6=C(C#N)C#N)sc5c32)C(c2ccc(CCCCCC)cc2)(c2ccc(CCCCCC)cc2)c2c-4sc3cc(/C=C4\C(=O)c5cc(F)c(F)cc5C4=C(C#N)C#N)sc23)cc1,0.88,20.32,72.34,12.94,-5.4,-3.6,-5.66,-4.14,,,2020,10.1021/acsami.0c09123,"OPV-DB (Qiu, J., Zenodo, 2026, doi:10.5281/zenodo.20841543)"
PBDFP-Bz,IT-M,CCCCCCCCC(CCCCCC)Cn1nc2c(-c3cccs3)c(F)c(F)c(-c3ccc(-c4cc5c(-c6ccc(SCC(CC)CCCC)c(F)c6)c6occc6c(-c6ccc(SCC(CC)CCCC)c(F)c6)c5o4)s3)c2n1,CCCCCCc1ccc(C2(c3ccc(CCCCCC)cc3)c3cc4c(cc3-c3sc5cc(/C=C6\C(=O)c7ccc(C)cc7C6=C(C#N)C#N)sc5c32)C(c2ccc(CCCCCC)cc2)(c2ccc(CCCCCC)cc2)c2c-4sc3cc(/C=C4\C(=O)c5ccc(C)cc5C4=C(C#N)C#N)sc23)cc1,1.02,18.27,69.38,12.93,-5.5,-3.46,-5.514,-3.808,,,2020,10.1016/j.nanoen.2020.104964,"OPV-DB (Qiu, J., Zenodo, 2026, doi:10.5281/zenodo.20841543)"
PTB7-Th,P(2/1),CCCCC(CC)COC(=O)c1sc2csc(-c3cc4c(-c5ccc(CC(CC)CCCC)s5)c5sccc5c(-c5ccc(CC(CC)CCCC)s5)c4s3)c2c1F,CCCCCCCCCCC(CCCCCCCC)CN1C(=O)c2ccc3c4ccc5c6c(cc(-c7ccc(-c8cc9c%10c(ccc%11c%12c(-c%13cccs%13)cc%13c%14c(ccc(c8c%10%11)c%14%12)C(=O)N(CC(CC)CCCC)C%13=O)C(=O)N(CC(CC)CCCC)C9=O)s7)c(c7ccc(c2c37)C1=O)c64)C(=O)N(CC(CCCCCCCC)CCCCCCCCCC)C5=O,0.72,12.03,50.0,4.37,-5.29,-3.72,-5.69,-3.93,,,2020,10.1016/j.orgel.2020.105616,"OPV-DB (Qiu, J., Zenodo, 2026, doi:10.5281/zenodo.20841543)"
PBDB-T,M7,CCCCC(CC)Cc1ccc(-c2c3cc(-c4ccc(-c5sc(-c6cccs6)c6c5C(=O)c5c(CC(CC)CCCC)sc(CC(CC)CCCC)c5C6=O)s4)sc3c(-c3ccc(CC(CC)CCCC)s3)c3ccsc23)s1,CCCCCCCCC(CCCCCC)Cn1c2cc(/C=C3\C(=O)c4cc(Br)c(Br)cc4C3=C(C#N)C#N)sc2c2sc3c(OCC(CC)CCCC)c4c(sc5c6sc(/C=C7\C(=O)c8cc(Br)c(Br)cc8C7=C(C#N)C#N)cc6n(CC(CCCCCC)CCCCCCCC)c54)c(OCC(CC)CCCC)c3c21,0.8,21.8,58.47,10.24,-5.33,-3.48,-5.62,-3.99,,,2020,10.1002/adfm.202010436,"OPV-DB (Qiu, J., Zenodo, 2026, doi:10.5281/zenodo.20841543)"
PBDB-PS,IT-4F,CCCCCCCCC(CCCCCC)CSc1ccc(-c2c3cc(-c4ccc(-c5sc(-c6cccs6)c6c5C(=O)c5c(CC(CC)CCCC)sc(CC(CC)CCCC)c5C6=O)s4)sc3c(-c3ccc(SCC(CCCCCC)CCCCCCCC)cc3)c3ccsc23)cc1,CCCCCCc1ccc(C2(c3ccc(CCCCCC)cc3)c3cc4c(cc3-c3sc5cc(/C=C6\C(=O)c7cc(F)c(F)cc7C6=C(C#N)C#N)sc5c32)C(c2ccc(CCCCCC)cc2)(c2ccc(CCCCCC)cc2)c2c-4sc3cc(/C=C4\C(=O)c5cc(F)c(F)cc5C4=C(C#N)C#N)sc23)cc1,0.78,19.72,67.41,10.36,-5.56,-3.69,-5.66,-4.14,,,2020,10.1021/acsami.0c10658,"OPV-DB (Qiu, J., Zenodo, 2026, doi:10.5281/zenodo.20841543)"
PET52,ITIC,CCCCCCCCc1csc2cc(-c3sc(-c4cc5sc(-c6cc7c(-c8cc(CC)c(CC(CC)CCCC)s8)c8sccc8c(-c8cc(CC)c(CC(CC)CCCC)s8)c7s6)c(CCCCCCCC)c5s4)c4c3C(=O)N(CC(CCCCCC)CCCCCCCC)C4=O)sc12,CCCCCCc1ccc(C2(c3ccc(CCCCCC)cc3)c3cc4c(cc3-c3sc5cc(C=C6C(=O)c7ccccc7C6=C(C#N)C#N)sc5c32)C(c2ccc(CCCCCC)cc2)(c2ccc(CCCCCC)cc2)c2c-4sc3cc(C=C4C(=O)c5ccccc5C4=C(C#N)C#N)sc23)cc1,0.976,15.74,64.2,9.94,-5.39,-3.49,-5.576,-3.916,,,2020,10.1039/d0tc02032j,"OPV-DB (Qiu, J., Zenodo, 2026, doi:10.5281/zenodo.20841543)"
PTQ10,Y7,CCCCCCCCC(CCCCCC)COc1cnc2c(-c3cccs3)c(F)c(F)cc2n1,CCCCCCCCCCCc1c(/C=C2\C(=O)c3cc(Cl)c(Cl)cc3C2=C(C#N)C#N)sc2c1sc1c3c4nsnc4c4c5sc6c(CCCCCCCCCCC)c(/C=C7\C(=O)c8cc(Cl)c(Cl)cc8C7=C(C#N)C#N)sc6c5n(CC(CC)CCCC)c4c3n(CC(CC)CCCC)c21,0.85,24.1,69.1,14.5,-5.54,-2.92,-5.72,-4.16,,,2020,10.1002/solr.202000253,"OPV-DB (Qiu, J., Zenodo, 2026, doi:10.5281/zenodo.20841543)"
PBDB-T,N65-2FIC,CCCCC(CC)Cc1ccc(-c2c3cc(-c4ccc(-c5sc(-c6cccs6)c6c5C(=O)c5c(CC(CC)CCCC)sc(CC(CC)CCCC)c5C6=O)s4)sc3c(-c3ccc(CC(CC)CCCC)s3)c3ccsc23)s1,CCCCCCc1ccc(C2(c3ccc(CCCCCC)cc3)c3cc4c5c(cccc5c3-c3sc5cc(/C=C6\C(=O)c7cc(F)c(F)cc7C6=C(C#N)C#N)sc5c32)C(c2ccc(CCCCCC)cc2)(c2ccc(CCCCCC)cc2)c2c-4sc3cc(/C=C4\C(=O)c5cc(F)c(F)cc5C4=C(C#N)C#N)sc23)cc1,0.72,19.11,62.0,8.51,-5.33,-3.48,-5.6,-4.03,,,2020,10.1021/acsaem.0c00689,"OPV-DB (Qiu, J., Zenodo, 2026, doi:10.5281/zenodo.20841543)"
PBDB-T,BT2F-IC4F,CCCCC(CC)Cc1ccc(-c2c3cc(-c4ccc(-c5sc(-c6cccs6)c6c5C(=O)c5c(CC(CC)CCCC)sc(CC(CC)CCCC)c5C6=O)s4)sc3c(-c3ccc(CC(CC)CCCC)s3)c3ccsc23)s1,CCC1(CC)c2cc(/C=C3\C(=O)c4cc(F)c(F)cc4C3=C(C#N)C#N)sc2-c2sc(-c3c(F)c(F)c(-c4cc5c(s4)-c4sc(/C=C6\C(=O)c7cc(F)c(F)cc7C6=C(C#N)C#N)cc4C5(CC)CC)c4nsnc34)cc21,0.67,19.43,64.7,8.45,-5.33,-3.48,-5.98,-4.31,,,2020,10.1039/d0ta03683h,"OPV-DB (Qiu, J., Zenodo, 2026, doi:10.5281/zenodo.20841543)"
PBDB-T,VDP-Se,CCCCC(CC)Cc1ccc(-c2c3cc(-c4ccc(-c5sc(-c6cccs6)c6c5C(=O)c5c(CC(CC)CCCC)sc(CC(CC)CCCC)c5C6=O)s4)sc3c(-c3ccc(CC(CC)CCCC)s3)c3ccsc23)s1,CCCCCC(CCCCC)n1c(=O)c2ccc3c4c(/C=C/c5cc6c(=O)n(C(CCCCC)CCCCC)c(=O)c7cc8[se]c9cc%10c(=O)n(C(CCCCC)CCCCC)c(=O)c%11ccc%12c5c(c67)c8c9c%12c%11%10)cc5c(=O)n(C(CCCCC)CCCCC)c(=O)c6cc7[se]c8cc(c1=O)c2c3c8c7c4c56,0.93,10.65,60.53,6.01,-5.33,-3.48,-6.07,-3.91,,,2020,10.1016/j.dyepig.2020.108186,"OPV-DB (Qiu, J., Zenodo, 2026, doi:10.5281/zenodo.20841543)"
PBDTT,Y6,CCCCC(CC)Cc1ccc(-c2c3ccsc3c(-c3ccc(CC(CC)CCCC)s3)c3ccsc23)s1,CCCCCCCCCCCc1c(/C=C2\C(=O)c3cc(F)c(F)cc3C2=C(C#N)C#N)sc2c1sc1c3c4nsnc4c4c5sc6c(CCCCCCCCCCC)c(/C=C7\C(=O)c8cc(F)c(F)cc8C7=C(C#N)C#N)sc6c5n(CC(CC)CCCC)c4c3n(CC(CC)CCCC)c21,0.78,19.94,64.4,10.02,-5.44,-3.46,-5.65,-4.09,,,2020,10.1002/chem.202000951,"OPV-DB (Qiu, J., Zenodo, 2026, doi:10.5281/zenodo.20841543)"
PM6,M7,CCCCC(CC)Cc1sc(-c2c3cc(-c4ccc(-c5sc(-c6cccs6)c6c5C(=O)c5c(CC(CC)CCCC)sc(CC(CC)CCCC)c5C6=O)s4)sc3c(-c3cc(F)c(CC(CC)CCCC)s3)c3ccsc23)cc1F,CCCCCCCCC(CCCCCC)Cn1c2cc(/C=C3\C(=O)c4cc(Br)c(Br)cc4C3=C(C#N)C#N)sc2c2sc3c(OCC(CC)CCCC)c4c(sc5c6sc(/C=C7\C(=O)c8cc(Br)c(Br)cc8C7=C(C#N)C#N)cc6n(CC(CCCCCC)CCCCCCCC)c54)c(OCC(CC)CCCC)c3c21,0.89,23.01,62.52,12.82,-5.56,-3.65,-5.62,-3.99,,,2020,10.1002/adfm.202010436,"OPV-DB (Qiu, J., Zenodo, 2026, doi:10.5281/zenodo.20841543)"
PM6,IOIC3,CCCCC(CC)Cc1sc(-c2c3cc(-c4ccc(-c5sc(-c6cccs6)c6c5C(=O)c5c(CC(CC)CCCC)sc(CC(CC)CCCC)c5C6=O)s4)sc3c(-c3cc(F)c(CC(CC)CCCC)s3)c3ccsc23)cc1F,CCOc1cc2c(cc(OCC)c3c4c(sc32)-c2sc(/C=C3\C(=O)c5cc(F)c(F)cc5C3=C(C#N)C#N)cc2C4(c2ccc(CC)cc2)c2ccc(CC)cc2)c2sc3c(c12)C(c1ccc(CC)cc1)(c1ccc(CC)cc1)c1cc(/C=C2\C(=O)c4cc(F)c(F)cc4C2=C(C#N)C#N)sc1-3,0.92,20.0,69.7,12.8,-5.56,-3.65,-5.38,-3.84,,,2020,10.1039/d0tc02158j,"OPV-DB (Qiu, J., Zenodo, 2026, doi:10.5281/zenodo.20841543)"
PBT1-C-2Cl,TTPTTT-4F,CCCCCCC(CCCC)Cc1ccc(-c2c3cc(-c4sc(-c5sc(-c6cc(Cl)cs6)c6c5C(=O)c5c(CC(CC)CCCC)sc(CC(CC)CCCC)c5C6=O)cc4Cl)sc3c(-c3ccc(CC(CCCC)CCCCCC)cc3)c3ccsc23)cc1,CCCCCCC1=CCC(C2(c3ccc(CCCCCC)cc3)c3cc4c(cc3-c3sc5cc(/C=C6\C(=O)c7cc(F)c(F)cc7C6C(C#N)C#N)sc5c32)C(c2ccc(CCCCCC)cc2)(c2ccc(CCCCCC)cc2)c2c-4sc3c2sc2cc(/C=C4\C(=O)C5=C(C=C(F)C(F)C5)C4=C(C#N)C#N)sc23)C=C1,0.9,19.05,73.5,12.77,-5.59,-3.53,-5.69,-4.12,,,2020,10.1002/advs.202001986,"OPV-DB (Qiu, J., Zenodo, 2026, doi:10.5281/zenodo.20841543)"
PEHTT,Y6(BO),CCCCCCCCc1csc2cc(-c3sc(-c4cc5sc(-c6cc7c(-c8ccc(SCC(CC)CCCC)s8)c8sccc8c(-c8ccc(SCC(CC)CCCC)s8)c7s6)c(CCCCCCCC)c5s4)c4c3C(=O)N(CC(CCCCCC)CCCCCCCC)C4=O)sc12,CCCCCCCCCCCc1c(/C=C2\C(=O)c3cc(F)c(F)cc3C2=C(C#N)C#N)sc2c1sc1c3c4nsnc4c4c5sc6c(CCCCCCCCCCC)c(/C=C7\C(=O)c8cc(F)c(F)cc8C7=C(C#N)C#N)sc6c5n(CC(CCCC)CCCCCC)c4c3n(CC(CCCC)CCCCCC)c21,0.828,25.8,61.1,13.0,-5.35,-3.39,-5.65,-4.1,,,2020,10.1039/d0tc02032j,"OPV-DB (Qiu, J., Zenodo, 2026, doi:10.5281/zenodo.20841543)"
PBDB-T,ITUIC,CCCCC(CC)Cc1ccc(-c2c3cc(-c4ccc(-c5sc(-c6cccs6)c6c5C(=O)c5c(CC(CC)CCCC)sc(CC(CC)CCCC)c5C6=O)s4)sc3c(-c3ccc(CC(CC)CCCC)s3)c3ccsc23)s1,CCCCCCCCCCCc1c(/C=C2\C(=O)c3ccccc3C2=C(C#N)C#N)sc2cc(-c3ccc4c(c3)C(c3ccc(CCCCCC)cc3)(c3ccc(CCCCCC)cc3)c3c-4sc4c(CCCCCCCCCCC)c(/C=C5\C(=O)c6ccccc6C5=C(C#N)C#N)sc34)sc12,0.97,13.64,48.58,6.45,-5.33,-3.48,-5.65,-3.83,,,2020,10.1016/j.dyepig.2020.108495,"OPV-DB (Qiu, J., Zenodo, 2026, doi:10.5281/zenodo.20841543)"
PBDB-T,SM2,CCCCC(CC)Cc1ccc(-c2c3cc(-c4ccc(-c5sc(-c6cccs6)c6c5C(=O)c5c(CC(CC)CCCC)sc(CC(CC)CCCC)c5C6=O)s4)sc3c(-c3ccc(CC(CC)CCCC)s3)c3ccsc23)s1,CCCCCCCCCCCCN1C(=O)c2cccc3c(-c4ccc(-c5ccc(-c6ccc(-c7ccc8c9c(cccc79)C(=O)N(CCCCCCCCCCCC)C8=O)s6)c(F)c5)s4)ccc(c23)C1=O,0.9,12.27,58.21,6.43,-5.33,-3.48,-5.98,-3.62,,,2020,10.1016/j.orgel.2020.106029,"OPV-DB (Qiu, J., Zenodo, 2026, doi:10.5281/zenodo.20841543)"
PTSDO-BZ,ITIC,CCCCCCCCCCCCSc1ccc(-c2c3ccsc3c(-c3ccc(SCCCCCCCCCCCC)s3)c3cc(-c4ccc(-c5c(F)c(F)c(-c6cccs6)c6nn(CC(CCCCCC)CCCCCCCC)nc56)s4)oc23)s1,CCCCCCc1ccc(C2(c3ccc(CCCCCC)cc3)c3cc4c(cc3-c3sc5cc(C=C6C(=O)c7ccccc7C6=C(C#N)C#N)sc5c32)C(c2ccc(CCCCCC)cc2)(c2ccc(CCCCCC)cc2)c2c-4sc3cc(C=C4C(=O)c5ccccc5C4=C(C#N)C#N)sc23)cc1,0.88,15.06,65.12,8.66,-5.46,-3.78,-5.576,-3.916,,,2020,10.1016/j.dyepig.2020.108775,"OPV-DB (Qiu, J., Zenodo, 2026, doi:10.5281/zenodo.20841543)"
PM6,PF2-DTC,CCCCC(CC)Cc1sc(-c2c3cc(-c4ccc(-c5sc(-c6cccs6)c6c5C(=O)c5c(CC(CC)CCCC)sc(CC(CC)CCCC)c5C6=O)s4)sc3c(-c3cc(F)c(CC(CC)CCCC)s3)c3ccsc23)cc1F,CCCCCCCCCCCCCCCCC1(CCCCCCCCCCCCCCCC)c2cc3c(cc2-c2sc(/C=C4\C(=O)c5ccccc5C4=C(C#N)C#N)cc21)C(CCCCCCCCCCCCCCCC)(CCCCCCCCCCCCCCCC)c1cc(/C=C2\C(=O)c4cc(-c5cc6c(s5)-c5sccc5C6(CCC(CC)CCC)CC(CC)CCCC)ccc4C2=C(C#N)C#N)sc1-3,0.986,13.82,65.7,8.95,-5.56,-3.65,-5.76,-3.9,,,2020,10.1002/solr.202000142,"OPV-DB (Qiu, J., Zenodo, 2026, doi:10.5281/zenodo.20841543)"
PM6,PNDIS,CCCCC(CC)Cc1sc(-c2c3cc(-c4ccc(-c5sc(-c6cccs6)c6c5C(=O)c5c(CC(CC)CCCC)sc(CC(CC)CCCC)c5C6=O)s4)sc3c(-c3cc(F)c(CC(CC)CCCC)s3)c3ccsc23)cc1F,CCCCCCCCCCCCC(CCCCCCCCCC)CN1C(=O)c2ccc3c4c(c(-c5ccc[se]5)cc(c24)C1=O)C(=O)N(CC(CCCCCCCCCC)CCCCCCCCCCCC)C3=O,0.967,13.45,70.0,9.07,-5.56,-3.65,-5.905,-3.935,,,2020,10.1021/acsami.0c01382,"OPV-DB (Qiu, J., Zenodo, 2026, doi:10.5281/zenodo.20841543)"
PDCBT-Cl,IT-4F,CCCCCCCCC(CCCCCC)CCOC(=O)c1csc(-c2cc(C(=O)OCCC(CCCCCC)CCCCCCCC)c(-c3ccc(-c4sccc4Cl)s3)s2)c1,CCCCCCc1ccc(C2(c3ccc(CCCCCC)cc3)c3cc4c(cc3-c3sc5cc(/C=C6\C(=O)c7cc(F)c(F)cc7C6=C(C#N)C#N)sc5c32)C(c2ccc(CCCCCC)cc2)(c2ccc(CCCCCC)cc2)c2c-4sc3cc(/C=C4\C(=O)c5cc(F)c(F)cc5C4=C(C#N)C#N)sc23)cc1,0.89,17.2,60.0,9.05,-5.34,-3.01,-5.66,-4.14,,,2020,10.1016/j.joule.2020.04.014,"OPV-DB (Qiu, J., Zenodo, 2026, doi:10.5281/zenodo.20841543)"
PBDB-T,N65-IC,CCCCC(CC)Cc1ccc(-c2c3cc(-c4ccc(-c5sc(-c6cccs6)c6c5C(=O)c5c(CC(CC)CCCC)sc(CC(CC)CCCC)c5C6=O)s4)sc3c(-c3ccc(CC(CC)CCCC)s3)c3ccsc23)s1,CCCCCCc1ccc(C2(c3ccc(CCCCCC)cc3)c3cc4c5c(cccc5c3-c3sc5cc(/C=C6\C(=O)c7ccccc7C6=C(C#N)C#N)sc5c32)C(c2ccc(CCCCCC)cc2)(c2ccc(CCCCCC)cc2)c2c-4sc3cc(/C=C4\C(=O)c5ccccc5C4=C(C#N)C#N)sc23)cc1,0.87,18.94,55.0,9.03,-5.33,-3.48,-5.52,-3.89,,,2020,10.1021/acsaem.0c00689,"OPV-DB (Qiu, J., Zenodo, 2026, doi:10.5281/zenodo.20841543)"
PBDB-T,P(BDT2BOY5-H),CCCCC(CC)Cc1ccc(-c2c3cc(-c4ccc(-c5sc(-c6cccs6)c6c5C(=O)c5c(CC(CC)CCCC)sc(CC(CC)CCCC)c5C6=O)s4)sc3c(-c3ccc(CC(CC)CCCC)s3)c3ccsc23)s1,CCCCCCCCCCCc1c(/C=C2\C(=O)c3ccccc3C2=C(C#N)C#N)sc2c1sc1c3c4nsnc4c4c5sc6c(CCCCCCCCCCC)c(/C=C7\C(=O)c8cc(-c9cc%10c(-c%11ccc(CC(CC)CCCC)s%11)c%11sccc%11c(-c%11ccc(CC(CC)CCCC)s%11)c%10s9)ccc8C7=C(C#N)C#N)sc6c5n(CC(CCCC)CCCCCC)c4c3n(CC(CCCC)CCCCCC)c21,0.92,18.61,51.0,8.81,-5.33,-3.48,-5.6,-4.15,,,2020,10.1002/aenm.202003367,"OPV-DB (Qiu, J., Zenodo, 2026, doi:10.5281/zenodo.20841543)"
PBDT(T)[2F]T,ITIC,CCCCC(CC)Cc1ccc(-c2c3cc(-c4scc(F)c4F)sc3c(-c3ccc(CC(CC)CCCC)s3)c3ccsc23)s1,CCCCCCc1ccc(C2(c3ccc(CCCCCC)cc3)c3cc4c(cc3-c3sc5cc(C=C6C(=O)c7ccccc7C6=C(C#N)C#N)sc5c32)C(c2ccc(CCCCCC)cc2)(c2ccc(CCCCCC)cc2)c2c-4sc3cc(C=C4C(=O)c5ccccc5C4=C(C#N)C#N)sc23)cc1,0.94,15.9,62.0,9.8,-5.22,-3.22,-5.576,-3.916,,,2020,10.1021/acs.jpcc.0c03282,"OPV-DB (Qiu, J., Zenodo, 2026, doi:10.5281/zenodo.20841543)"
PTB7-Th,W1,CCCCC(CC)COC(=O)c1sc2csc(-c3cc4c(-c5ccc(CC(CC)CCCC)s5)c5sccc5c(-c5ccc(CC(CC)CCCC)s5)c4s3)c2c1F,CCOc1c(OCC)c(-c2ccc(-c3cc4c(-c5cc(F)c(CC)s5)c5sc(-c6ccc(-c7c(F)c(F)c(-c8ccc(-c9cc%10c(-c%11cc(F)c(CC)s%11)c%11sc(-c%12ccc(-c%13c(F)c(F)c(-c%14ccc(-c%15cc%16c(-c%17cc(F)c(CC)s%17)c%17sccc%17c(-c%17cc(F)c(CC)s%17)c%16s%15)s%14)c(OCC)c%13OCC)s%12)cc%11c(-c%11cc(F)c(CC)s%11)c%10s9)s8)c(OCC)c7OCC)s6)cc5c(-c5cc(F)c(CC)s5)c4s3)s2)c(F)c(F)c1-c1cccs1,0.65,22.1,64.0,9.22,-5.29,-3.72,-5.65,-4.1,,,2020,10.1021/acsami.0c12100,"OPV-DB (Qiu, J., Zenodo, 2026, doi:10.5281/zenodo.20841543)"
PBDBT-2Cl,IT-M,CCCCC(CC)Cc1sc(-c2c3cc(-c4ccc(-c5sc(-c6cccs6)c6c5C(=O)c5c(CC(CC)CCCC)sc(CC(CC)CCCC)c5C6=O)s4)sc3c(-c3cc(Cl)c(CC(CC)CCCC)s3)c3ccsc23)cc1Cl,CCCCCCc1ccc(C2(c3ccc(CCCCCC)cc3)c3cc4c(cc3-c3sc5cc(/C=C6\C(=O)c7ccc(C)cc7C6=C(C#N)C#N)sc5c32)C(c2ccc(CCCCCC)cc2)(c2ccc(CCCCCC)cc2)c2c-4sc3cc(/C=C4\C(=O)c5ccc(C)cc5C4=C(C#N)C#N)sc23)cc1,1.04,14.6,60.46,9.18,-5.51,-3.63,-5.514,-3.808,,,2020,10.1016/j.nanoen.2020.105032,"OPV-DB (Qiu, J., Zenodo, 2026, doi:10.5281/zenodo.20841543)"
PBDB-T-SF,IT-4F,CCCCC(CC)CSc1sc(-c2c3cc(-c4ccc(-c5sc(-c6cccs6)c6c5C(=O)c5c(CC(CC)CCCC)sc(CC(CC)CCCC)c5C6=O)s4)sc3c(-c3cc(F)c(SCC(CC)CCCC)s3)c3ccsc23)cc1F,CCCCCCc1ccc(C2(c3ccc(CCCCCC)cc3)c3cc4c(cc3-c3sc5cc(/C=C6\C(=O)c7cc(F)c(F)cc7C6=C(C#N)C#N)sc5c32)C(c2ccc(CCCCCC)cc2)(c2ccc(CCCCCC)cc2)c2c-4sc3cc(/C=C4\C(=O)c5cc(F)c(F)cc5C4=C(C#N)C#N)sc23)cc1,0.879,22.18,71.92,14.02,-5.41,-3.62,-5.66,-4.14,,,2020,10.1016/j.orgel.2020.105636,"OPV-DB (Qiu, J., Zenodo, 2026, doi:10.5281/zenodo.20841543)"
PBDB-T,i-mO-4F,CCCCC(CC)Cc1ccc(-c2c3cc(-c4ccc(-c5sc(-c6cccs6)c6c5C(=O)c5c(CC(CC)CCCC)sc(CC(CC)CCCC)c5C6=O)s4)sc3c(-c3ccc(CC(CC)CCCC)s3)c3ccsc23)s1,CCCCCCOc1cccc(C2(c3cccc(OCCCCCC)c3)c3cc4c(cc3-c3sc(-c5scc(/C=C6\C(=O)c7cc(F)c(F)cc7C6=C(C#N)C#N)c5OCC(CC)CCCC)cc32)C(c2cccc(OCCCCCC)c2)(c2cccc(OCCCCCC)c2)c2cc(-c3scc(/C=C5\C(=O)c6cc(F)c(F)cc6C5=C(C#N)C#N)c3OCC(CC)CCCC)sc2-4)c1,0.916,21.55,71.1,14.02,-5.33,-3.48,-5.5,-3.81,,,2020,10.1039/d0ta07960j,"OPV-DB (Qiu, J., Zenodo, 2026, doi:10.5281/zenodo.20841543)"
PBDB-T,IPT2F-TT,CCCCC(CC)Cc1ccc(-c2c3cc(-c4ccc(-c5sc(-c6cccs6)c6c5C(=O)c5c(CC(CC)CCCC)sc(CC(CC)CCCC)c5C6=O)s4)sc3c(-c3ccc(CC(CC)CCCC)s3)c3ccsc23)s1,CCCCCCc1ccc(C2(c3ccc(CCCCCC)cc3)c3cc4c(cc3-c3sc(/C=C5\C(=O)c6ccc(F)cc6C5=C(C#N)C#N)cc32)C(c2ccc(CCCCCC)cc2)(c2ccc(CCCCCC)cc2)c2c-4sc3c4sc(/C=C5\C(=O)c6ccc(F)cc6C5=C(C#N)C#N)cc4n(-c4cc5sc(CCCCCC)cc5s4)c23)cc1,0.84,22.24,75.1,14.02,-5.33,-3.48,-5.6,-4.0,,,2020,10.1002/adfm.202006141,"OPV-DB (Qiu, J., Zenodo, 2026, doi:10.5281/zenodo.20841543)"
PBDB-T,IPT-2F,CCCCC(CC)Cc1ccc(-c2c3cc(-c4ccc(-c5sc(-c6cccs6)c6c5C(=O)c5c(CC(CC)CCCC)sc(CC(CC)CCCC)c5C6=O)s4)sc3c(-c3ccc(CC(CC)CCCC)s3)c3ccsc23)s1,CCCCCCCCn1c2cc(/C=C3\C(=O)c4ccc(F)cc4C3=C(C#N)C#N)sc2c2sc3c(c21)C(c1ccc(CCCCCC)cc1)(c1ccc(CCCCCC)cc1)c1cc2c(cc1-3)C(c1ccc(CCCCCC)cc1)(c1ccc(CCCCCC)cc1)c1cc(/C=C3\C(=O)c4ccc(F)cc4C3=C(C#N)C#N)sc1-2,0.86,22.2,73.0,14.0,-5.33,-3.48,-5.51,-3.96,,,2020,10.1021/acsami.0c19700,"OPV-DB (Qiu, J., Zenodo, 2026, doi:10.5281/zenodo.20841543)"
BT-2F,N3,CCCCCCc1ccc(C2(c3ccc(CCCCCC)cc3)c3cc(/C=C4\C(=O)c5cc(F)c(F)cc5C4=C(C#N)C#N)sc3-c3sc4c(OCC(CC)CCCC)c5c6c(sc5c(OCC(CC)CCCC)c4c32)-c2sc(/C=C3\C(=O)c4cc(F)c(F)cc4C3=C(C#N)C#N)cc2C6(c2ccc(CCCCCC)cc2)c2ccc(CCCCCC)cc2)cc1,CCCCCCCCCCCc1c(/C=C2\C(=O)c3cc(F)c(F)cc3C2=C(C#N)C#N)sc2c1sc1c3c4nsnc4c4c5sc6c(CCCCCCCCCCC)c(/C=C7\C(=O)c8cc(F)c(F)cc8C7=C(C#N)C#N)sc6c5n(CCC(CC)CCCC)c4c3n(CCC(CC)CCCC)c21,0.84,23.81,70.22,14.09,-5.54,-4.05,-5.64,-3.86,,,2020,10.1016/j.jechem.2020.09.025,"OPV-DB (Qiu, J., Zenodo, 2026, doi:10.5281/zenodo.20841543)"
PTQ10,ZITI-C,CCCCCCCCC(CCCCCC)COc1cnc2c(-c3cccs3)c(F)c(F)cc2n1,CCCCCCC(CCCC)CC1(CC(CCCC)CCCCCC)C2=C(c3cc4c(cc31)-c1sc(/C=C3\C(=O)c5cc(F)c(F)cc5C3=C(C#N)C#N)cc1C4)C(CC(CCCC)CCCCCC)(CC(CCCC)CCCCCC)c1cc3c(cc12)Cc1cc(/C=C2\C(=O)c4cc(F)c(F)cc4C2=C(C#N)C#N)sc1-3,0.93,20.42,68.9,13.13,-5.54,-2.92,-5.65,-3.81,,,2020,10.1021/acs.jpcc.0c05654,"OPV-DB (Qiu, J., Zenodo, 2026, doi:10.5281/zenodo.20841543)"
2TRA,O-IDTBR,CCCCCCCCCCCCC(CCCCCCCCCC)Cc1cc(-c2cc(F)cc3nsnc23)sc1-c1cccs1,CCCCCCCCC1(CCCCCCCC)c2cc3c(cc2-c2sc(-c4ccc(/C=C5\SC(=S)N(CC)C5=O)c5nsnc45)cc21)C(CCCCCCCC)(CCCCCCCC)c1cc(-c2ccc(/C=C4\SC(=S)N(CC)C4=O)c4nsnc24)sc1-3,1.06,14.59,65.4,10.08,-5.27,-3.65,-5.52,-3.89,,,2020,10.1016/j.orgel.2020.105874,"OPV-DB (Qiu, J., Zenodo, 2026, doi:10.5281/zenodo.20841543)"
PBDB-TF,F-H,CCCCC(CC)Cc1sc(-c2c3cc(-c4ccc(-c5sc(-c6cccs6)c6c5C(=O)c5c(CC(CC)CCCC)sc(CC(CC)CCCC)c5C6=O)s4)sc3c(-c3cc(F)c(CC(CC)CCCC)s3)c3ccsc23)cc1F,CCCCCCCCC1(CCCCCCCC)c2cc3c(cc2-c2cc4c(cc21)-c1sc(/C=C2\C(=O)c5ccccc5C2=C(C#N)C#N)cc1C4(CCCCCCCC)CCCCCCCC)C(CCCCCCCC)(CCCCCCCC)c1cc(/C=C2\C(=O)c4ccccc4C2=C(C#N)C#N)sc1-3,0.94,15.81,66.0,10.06,-5.49,-3.64,-5.43,-3.71,,,2020,10.1039/d0ta03087b,"OPV-DB (Qiu, J., Zenodo, 2026, doi:10.5281/zenodo.20841543)"
PM6,PY-OT,CCCCC(CC)Cc1sc(-c2c3cc(-c4ccc(-c5sc(-c6cccs6)c6c5C(=O)c5c(CC(CC)CCCC)sc(CC(CC)CCCC)c5C6=O)s4)sc3c(-c3cc(F)c(CC(CC)CCCC)s3)c3ccsc23)cc1F,CCCCCCCCCCCc1c(/C=C2\C(=O)c3ccccc3C2=C(C#N)C#N)sc2c1sc1c3c4nsnc4c4c5sc6c(CCCCCCCCCCC)c(/C=C7\C(=O)c8ccc(-c9cccs9)cc8C7=C(C#N)C#N)sc6c5n(CC(CCCCCCCC)CCCCCCCCCC)c4c3n(CC(CCCCCCCC)CCCCCCCCCC)c21,0.954,16.82,62.6,10.04,-5.56,-3.65,-5.69,-3.9,,,2020,10.1002/adma.202005942,"OPV-DB (Qiu, J., Zenodo, 2026, doi:10.5281/zenodo.20841543)"
PM6,PF3-DTCO,CCCCC(CC)Cc1sc(-c2c3cc(-c4ccc(-c5sc(-c6cccs6)c6c5C(=O)c5c(CC(CC)CCCC)sc(CC(CC)CCCC)c5C6=O)s4)sc3c(-c3cc(F)c(CC(CC)CCCC)s3)c3ccsc23)cc1F,CCCCCCCCCCCCCCCCC1(CCCCCCCCCCCCCCCC)c2cc3c(cc2-c2sc4cc(/C=C5\C(=O)c6ccccc6C5=C(C#N)C#N)sc4c21)C(CCCCCCCCCCCCCCCC)(CCCCCCCCCCCCCCCC)c1c-3sc2cc(/C=C3\C(=O)c4cc(-c5cc6c(s5)-c5sccc5OC6(CCC(C)CCCC(C)C)CCC(C)CCCC(C)C)ccc4C3=C(C#N)C#N)sc12,0.943,15.75,68.2,10.13,-5.56,-3.65,-5.71,-3.95,,,2020,10.1002/solr.202000142,"OPV-DB (Qiu, J., Zenodo, 2026, doi:10.5281/zenodo.20841543)"
PE42,Y6,CCCCCCCCC(CCCCCC)Cn1nc2c(-c3cc4scc(CCCCCC)c4s3)c(F)c(F)c(-c3cc4sc(-c5cc6c(-c7ccc(OCC(CCCC)CCCCCC)c(F)c7)c7sccc7c(-c7ccc(OCC(CCCC)CCCCCC)c(F)c7)c6s5)c(CCCCCC)c4s3)c2n1,CCCCCCCCCCCc1c(/C=C2\C(=O)c3cc(F)c(F)cc3C2=C(C#N)C#N)sc2c1sc1c3c4nsnc4c4c5sc6c(CCCCCCCCCCC)c(/C=C7\C(=O)c8cc(F)c(F)cc8C7=C(C#N)C#N)sc6c5n(CC(CC)CCCC)c4c3n(CC(CC)CCCC)c21,0.74,23.25,59.0,10.11,-5.4,-3.42,-5.65,-4.09,,,2020,10.1021/acsami.0c07720,"OPV-DB (Qiu, J., Zenodo, 2026, doi:10.5281/zenodo.20841543)"
FTAZ,IT-M,CCCCCCC(CCCC)CCc1c2cc(-c3ccc(-c4c(F)c(F)c(-c5cccs5)c5nn(CC(CCCC)CCCCCC)nc45)s3)sc2c(CCC(CCCC)CCCCCC)c2ccsc12,CCCCCCc1ccc(C2(c3ccc(CCCCCC)cc3)c3cc4c(cc3-c3sc5cc(/C=C6\C(=O)c7ccc(C)cc7C6=C(C#N)C#N)sc5c32)C(c2ccc(CCCCCC)cc2)(c2ccc(CCCCCC)cc2)c2c-4sc3cc(/C=C4\C(=O)c5ccc(C)cc5C4=C(C#N)C#N)sc23)cc1,0.95,16.3,64.0,9.8,-5.38,-3.17,-5.58,-3.98,,,2020,10.1002/aenm.202000823,"OPV-DB (Qiu, J., Zenodo, 2026, doi:10.5281/zenodo.20841543)"
PBDB-T,ICPDT-4F,CCCCC(CC)Cc1ccc(-c2c3cc(-c4ccc(-c5sc(-c6cccs6)c6c5C(=O)c5c(CC(CC)CCCC)sc(CC(CC)CCCC)c5C6=O)s4)sc3c(-c3ccc(CC(CC)CCCC)s3)c3ccsc23)s1,CCc1ccc(C2(c3ccc(CC)cc3)c3cc4c(cc3-c3sc5c(c32)C(CC)(CC)c2cc(/C=C3\C(=O)c6cc(F)c(F)cc6C3=C(C#N)C#N)sc2-5)C(c2ccc(CC)cc2)(c2ccc(CC)cc2)c2c-4sc3c2C(CC)(CC)c2cc(/C=C4\C(=O)c5cc(F)c(F)cc5C4=C(C#N)C#N)sc2-3)cc1,0.78,19.87,63.3,9.8,-5.33,-3.53,-5.33,-3.91,,,2020,10.1021/acs.jpcc.0c09663,"OPV-DB (Qiu, J., Zenodo, 2026, doi:10.5281/zenodo.20841543)"
PBDB-T,ITIC-Th1,CCCCC(CC)Cc1ccc(-c2c3cc(-c4ccc(-c5sc(-c6cccs6)c6c5C(=O)c5c(CC(CC)CCCC)sc(CC(CC)CCCC)c5C6=O)s4)sc3c(-c3ccc(CC(CC)CCCC)s3)c3ccsc23)s1,CCCCCCc1ccc(C2(c3ccc(CCCCCC)s3)c3cc4c(cc3-c3sc5cc(C=C6C(=O)c7cc(F)ccc7C6=C(C#N)C#N)sc5c32)C(c2ccc(CCCCCC)s2)(c2ccc(CCCCCC)s2)c2c-4sc3cc(C=C4C(=O)c5cc(F)ccc5C4=C(C#N)C#N)sc23)s1,0.802,16.9,73.4,9.9,-5.33,-3.48,-5.74,-4.01,,,2020,10.1002/admi.202000577,"OPV-DB (Qiu, J., Zenodo, 2026, doi:10.5281/zenodo.20841543)"
PTQ10,ZITI-C,CCCCCCCCC(CCCCCC)COc1cnc2c(C)c(F)c(F)c(-c3ccc(C)s3)c2n1,CCCCCCC(CCCC)CC1(CC(CCCC)CCCCCC)C2=C(c3cc4c(cc31)Cc1cc(/C=C3\C(=O)c5cc(F)c(F)cc5C3=C(C#N)C#N)sc1-4)C(CC(CCCC)CCCCCC)(CC(CCCC)CCCCCC)c1cc3c(cc12)-c1sc(/C=C2\C(=O)c4cc(F)c(F)cc4C2=C(C#N)C#N)cc1C3,0.93,20.11,68.9,13.13,-5.6,-3.52,-5.65,-3.81,,,2020,10.1021/acs.jpcc.0c05654.s001,"OPV-DB (Qiu, J., Zenodo, 2026, doi:10.5281/zenodo.20841543)"
PM6,6TIC-4F,CCCCC(CC)Cc1sc(-c2c3cc(-c4ccc(-c5sc(-c6cccs6)c6c5C(=O)c5c(CC(CC)CCCC)sc(CC(CC)CCCC)c5C6=O)s4)sc3c(-c3cc(F)c(CC(CC)CCCC)s3)c3ccsc23)cc1F,CCCCCCc1ccc(C2(c3ccc(CCCCCC)cc3)c3c(sc4cc(/C=C5\C(=O)c6cc(F)c(F)cc6C5=C(C#N)C#N)sc34)-c3sc4c5c(sc4c32)-c2sc3cc(/C=C4\C(=O)c6cc(F)c(F)cc6C4=C(C#N)C#N)sc3c2C5(c2ccc(CCCCCC)cc2)c2ccc(CCCCCC)cc2)cc1,0.756,23.8,73.4,13.2,-5.56,-3.65,-5.44,-4.07,,,2020,10.1002/smtd.202000687,"OPV-DB (Qiu, J., Zenodo, 2026, doi:10.5281/zenodo.20841543)"
PBDB-T,IPT2F-Ph,CCCCC(CC)Cc1ccc(-c2c3cc(-c4ccc(-c5sc(-c6cccs6)c6c5C(=O)c5c(CC(CC)CCCC)sc(CC(CC)CCCC)c5C6=O)s4)sc3c(-c3ccc(CC(CC)CCCC)s3)c3ccsc23)s1,CCCCCCc1ccc(-n2c3cc(/C=C4\C(=O)c5ccc(F)cc5C4=C(C#N)C#N)sc3c3sc4c(c32)C(c2ccc(CCCCCC)cc2)(c2ccc(CCCCCC)cc2)c2cc3c(cc2-4)C(c2ccc(CCCCCC)cc2)(c2ccc(CCCCCC)cc2)c2cc(/C=C4\C(=O)c5ccc(F)cc5C4=C(C#N)C#N)sc2-3)cc1,0.86,21.18,72.1,13.13,-5.33,-3.48,-5.57,-4.0,,,2020,10.1002/adfm.202006141,"OPV-DB (Qiu, J., Zenodo, 2026, doi:10.5281/zenodo.20841543)"
PBDB-TF,BTDTP-4F,CCCCC(CC)Cc1sc(-c2c3cc(-c4ccc(-c5sc(-c6cccs6)c6c5C(=O)c5c(CC(CC)CCCC)sc(CC(CC)CCCC)c5C6=O)s4)sc3c(-c3cc(F)c(CC(CC)CCCC)s3)c3ccsc23)cc1F,CCCCCCCCCCCc1c(/C=C2\C(=O)c3cc(F)c(F)cc3C2=C(C#N)C#N)sc2c1sc1c3c4nsnc4c4c5sc6c7sc(/C=C8\C(=O)c9cc(F)c(F)cc9C8=C(C#N)C#N)cc7n(CC(CC)CCCC)c6c5n(CC(CCCC)CCCCCC)c4c3n(CC(CCCC)CCCCCC)c21,0.866,21.25,71.3,13.12,-5.49,-3.64,-5.56,-3.93,,,2020,10.1002/smll.202001942,"OPV-DB (Qiu, J., Zenodo, 2026, doi:10.5281/zenodo.20841543)"
PBDB-T-2F,TfIF-4FIC,CCCCC(CC)Cc1sc(-c2c3cc(-c4ccc(-c5sc(-c6cccs6)c6c5C(=O)c5c(CC(CC)CCCC)sc(CC(CC)CCCC)c5C6=O)s4)sc3c(-c3cc(F)c(CC(CC)CCCC)s3)c3ccsc23)cc1F,CCCCCCCCC1(CCCCCCCC)c2cc3c(cc2-c2cc4c(cc21)-c1sc(/C=C2\C(=O)c5cc(F)c(F)cc5C2=C(C#N)C#N)cc1C4(CCCCCCCC)CCCCCCCC)C(CCCCCCCC)(CCCCCCCC)c1cc2c(cc1-3)C(CCCCCCCC)(CCCCCCCC)c1cc(/C=C3\C(=O)c4cc(F)c(F)cc4C3=C(C#N)C#N)sc1-2,0.98,17.6,76.0,13.1,-5.48,-3.64,-5.71,-3.96,,,2020,10.1021/acsami.0c09909,"OPV-DB (Qiu, J., Zenodo, 2026, doi:10.5281/zenodo.20841543)"
BTR-Cl,BTP-2F-2Cl,CCCCCCc1cc(-c2cc3c(-c4cc(Cl)c(CC(CC)CCCC)s4)c4sc(-c5cc(CCCCCC)c(-c6cc(CCCCCC)c(-c7ccc(/C=C8/SC(=S)N(CCCCCC)C8=O)s7)s6)s5)cc4c(-c4cc(Cl)c(CC(CC)CCCC)s4)c3s2)sc1-c1cc(CCCCCC)c(-c2ccc(/C=C3\SC(=S)N(CC(CC)CCCC)C3=O)s2)s1,CCCCCCCCCCCc1c(/C=C2\C(=O)c3cc(F)c(F)cc3C2=C(C#N)C#N)sc2c1sc1c3c4nsnc4c4c5sc6c(CCCCCCCCCCC)c(/C=C7\C(=O)c8cc(Cl)c(Cl)cc8C7=C(C#N)C#N)sc6c5n(CC(CC)CCCC)c4c3n(CC(CC)CCCC)c21,0.823,22.35,71.4,13.1,-5.46,-3.7,-5.67,-3.99,,,2020,10.1002/advs.202004262,"OPV-DB (Qiu, J., Zenodo, 2026, doi:10.5281/zenodo.20841543)"
PTQ10,TPT10,CCCCCCCCC(CCCCCC)COc1cnc2c(C)c(F)c(F)c(-c3ccc(C)s3)c2n1,O=C(C(C=C(Br)C=C1)=C1C/2=C(C#N)/C#N)C2=C/C3=C(CCCCCCCCCCC)C(SC4=C5N(CC(CC)CCCC)C6=C4C7=NSN=C7C8=C6N(CC(CC)CCCC)C9=C8SC%10=C9SC(/C=C%11/C(C%12=C(C%11=O)C=CC(Br)=C%12)=C(C#N)\\C#N)=C%10CCCCCCCCCCC)=C5S3,0.89,21.15,66.2,13.14,-5.54,-3.99,-5.52,-3.99,,,2020,10.1039/d0ta04941g,"OPV-DB (Qiu, J., Zenodo, 2026, doi:10.5281/zenodo.20841543)"
PMT49,Y6,CCCCCCCCc1csc2cc(-c3sc(-c4cc5sc(-c6cc7c(-c8cc(C)c(CC(CC)CCCC)s8)c8sccc8c(-c8cc(C)c(CC(CC)CCCC)s8)c7s6)c(CCCCCCCC)c5s4)c4c3C(=O)N(CC(CCCCCC)CCCCCCCC)C4=O)sc12,CCCCCCCCCCCc1c(/C=C2\C(=O)c3cc(F)c(F)cc3C2=C(C#N)C#N)sc2c1sc1c3c4nsnc4c4c5sc6c(CCCCCCCCCCC)c(/C=C7\C(=O)c8cc(F)c(F)cc8C7=C(C#N)C#N)sc6c5n(CC(CC)CCCC)c4c3n(CC(CC)CCCC)c21,0.81,24.99,70.3,14.2,-5.35,-3.47,-5.65,-4.09,,,2020,10.1039/d0tc02032j,"OPV-DB (Qiu, J., Zenodo, 2026, doi:10.5281/zenodo.20841543)"
PM6,BTP-2ThCl,CCCCC(CC)Cc1sc(-c2c3cc(-c4ccc(-c5sc(-c6cccs6)c6c5C(=O)c5c(CC(CC)CCCC)sc(CC(CC)CCCC)c5C6=O)s4)sc3c(-c3cc(F)c(CC(CC)CCCC)s3)c3ccsc23)cc1F,CCCCCCCCCCCc1c(/C=C2\C(=O)c3c(csc3Cl)C2=C(C#N)C#N)sc2c1sc1c3c4nsnc4c4c5sc6c(CCCCCCCCCCC)c(/C=C7\C(=O)c8c(csc8Cl)C7=C(C#N)C#N)sc6c5n(CC(CC)CCCC)c4c3n(CC(CC)CCCC)c21,0.884,23.38,69.3,14.33,-5.45,-3.65,-5.67,-3.95,,,2020,10.1016/j.joule.2020.03.023,"OPV-DB (Qiu, J., Zenodo, 2026, doi:10.5281/zenodo.20841543)"
PBDB-TF,AOIC,CCCCC(CC)Cc1sc(-c2c3cc(-c4ccc(-c5sc(-c6cccs6)c6c5C(=O)c5c(CC(CC)CCCC)sc(CC(CC)CCCC)c5C6=O)s4)sc3c(-c3cc(F)c(CC(CC)CCCC)s3)c3ccsc23)cc1F,CCCCCCc1ccc(C2(c3ccc(CCCCCC)cc3)c3cc4c(cc3-c3sc(/C=C5\C(=O)c6cc(F)c(F)cc6C5=C(C#N)C#N)cc32)C(c2ccc(CCCCCC)cc2)(c2ccc(CCCCCC)cc2)c2c-4sc3c2C(c2ccc(CCCCCC)cc2)(c2ccc(CCCCCC)cc2)c2c-3sc3cc(/C=C4\C(=O)c5cc(F)c(F)cc5C4=C(C#N)C#N)sc23)cc1,0.822,21.09,52.8,9.16,-5.49,-3.64,-5.5,-3.93,,,2020,10.1021/acs.chemmater.0c04318,"OPV-DB (Qiu, J., Zenodo, 2026, doi:10.5281/zenodo.20841543)"
PTB7-Th,BPTCN,CCCCC(CC)COC(=O)c1sc2csc(-c3cc4c(-c5ccc(CC(CC)CCCC)s5)c5sccc5c(-c5ccc(CC(CC)CCCC)s5)c4s3)c2c1F,CCCCCCCCc1cc(/C=c2/sc(=C(C#N)C#N)n(CC)c2=O)sc1-c1sc(-c2ccc(-c3sc(-c4sc(/C=c5/sc(=C(C#N)C#N)n(CC)c5=O)cc4CCCCCCCC)c4c3C(=O)N(CC(CC)CCCC)C4=O)c3nsnc23)c2c1C(=O)N(CC(CC)CCCC)C2=O,0.72,23.65,55.26,9.24,-5.14,-3.42,-5.38,-3.66,,,2020,10.1039/d0tc00225a,"OPV-DB (Qiu, J., Zenodo, 2026, doi:10.5281/zenodo.20841543)"
PBDB-T,BTCIC,CCCCC(CC)Cc1ccc(-c2c3cc(-c4ccc(-c5sc(-c6cccs6)c6c5C(=O)c5c(CC(CC)CCCC)sc(CC(CC)CCCC)c5C6=O)s4)sc3c(-c3ccc(CC(CC)CCCC)s3)c3ccsc23)s1,CCCCC(CC)CC1(CC(CC)CCCC)c2cc(/C=C3\C(=O)c4ccccc4C3=C(C#N)C#N)sc2-c2sc(-c3ccc(-c4cc5c(s4)-c4sc(/C=C6\C(=O)c7ccccc7C6=C(C#N)C#N)cc4C5(CC(CC)CCCC)CC(CC)CCCC)c4nsnc34)cc21,0.79,18.6,63.0,9.3,-5.33,-3.48,-5.53,-4.0,,,2020,10.1021/acsami.0c01850,"OPV-DB (Qiu, J., Zenodo, 2026, doi:10.5281/zenodo.20841543)"
PBDT-AFBT,IEICO-4F,CCCCCCCCC(CCCCCC)COc1c(F)c(-c2cccs2)c2nsnc2c1-c1ccc(-c2cc3c(-c4ccc(CC(CC)CCCC)s4)c4sccc4c(-c4ccc(CC(CC)CCCC)s4)c3s2)s1,CCCCCCc1ccc(C2(c3ccc(CCCCCC)cc3)c3cc4c(cc3-c3sc(-c5sc(/C=C6\C(=O)c7cc(F)c(F)cc7C6=C(C#N)C#N)cc5OCC(CC)CCCC)cc32)C(c2ccc(CCCCCC)cc2)(c2ccc(CCCCCC)cc2)c2cc(-c3scc(/C=C5/C(=O)c6cc(F)c(F)cc6C5=C(C#N)C#N)c3OCC(CC)CCCC)sc2-4)cc1,0.744,22.92,54.46,9.29,-5.35,-3.56,-5.45,-4.07,,,2020,10.1021/acsami.0c17571,"OPV-DB (Qiu, J., Zenodo, 2026, doi:10.5281/zenodo.20841543)"
PBDB-T,"PNDIBS, 55 kDa",CCCCC(CC)Cc1ccc(-c2c3cc(-c4ccc(-c5sc(-c6cccs6)c6c5C(=O)c5c(CC(CC)CCCC)sc(CC(CC)CCCC)c5C6=O)s4)sc3c(-c3ccc(CC(CC)CCCC)s3)c3ccsc23)s1,CCCCCCCCCCCCC(CCCCCCCCCC)CN1C(=O)c2ccc3c4c(c(-c5ccc(-c6ccc[se]6)[se]5)cc(c24)C1=O)C(=O)N(CC(CCCCCCCCCC)CCCCCCCCCCCC)C3=O,0.85,17.94,61.0,9.28,-5.33,-2.92,-5.72,-3.84,,,2020,10.1039/d0ta08195g,"OPV-DB (Qiu, J., Zenodo, 2026, doi:10.5281/zenodo.20841543)"
PM6,PF1-TS4,CCCCC(CC)Cc1sc(-c2c3cc(-c4ccc(-c5sc(-c6cccs6)c6c5C(=O)c5c(CC(CC)CCCC)sc(CC(CC)CCCC)c5C6=O)s4)sc3c(-c3cc(F)c(CC(CC)CCCC)s3)c3ccsc23)cc1F,CCCCCCCCCCCCCCCCC1(CCCCCCCCCCCCCCCC)c2cc3c(cc2-c2sc(/C=C4\C(=O)c5ccccc5C4=C(C#N)C#N)cc21)C(CCCCCCCCCCCCCCCC)(CCCCCCCCCCCCCCCC)c1cc(/C=C2\C(=O)c4cc(-c5ccc(SCCCCSc6cccs6)s5)ccc4C2=C(C#N)C#N)sc1-3,0.98,15.04,58.5,8.63,-5.56,-3.65,-5.75,-3.89,,,2020,10.1002/anie.202005662,"OPV-DB (Qiu, J., Zenodo, 2026, doi:10.5281/zenodo.20841543)"
PM6,T-TT,CCCCC(CC)Cc1sc(-c2c3cc(-c4ccc(-c5sc(-c6cccs6)c6c5C(=O)c5c(CC(CC)CCCC)sc(CC(CC)CCCC)c5C6=O)s4)sc3c(-c3cc(F)c(CC(CC)CCCC)s3)c3ccsc23)cc1F,CCCCCCc1ccc(C2(c3ccc(CCCCCC)cc3)c3cc4c(cc3-c3sc(/C=C5\C(=O)c6ccccc6C5=C(C#N)C#N)cc32)C(c2ccc(CCCCCC)cc2)(c2ccc(CCCCCC)cc2)c2c-4sc3cc(/C=C4\C(=O)c5ccccc5C4=C(C#N)C#N)sc23)cc1,0.966,16.0,62.7,9.7,-5.56,-3.65,-5.43,-3.47,,,2020,10.1016/j.dyepig.2020.108388,"OPV-DB (Qiu, J., Zenodo, 2026, doi:10.5281/zenodo.20841543)"
PBDB-T,PNDIHD/DT-1,CCCCC(CC)Cc1ccc(-c2c3cc(-c4ccc(-c5sc(-c6cccs6)c6c5C(=O)c5c(CC(CC)CCCC)sc(CC(CC)CCCC)c5C6=O)s4)sc3c(-c3ccc(CC(CC)CCCC)s3)c3ccsc23)s1,CCCCCCCCCCCCC(CCCCCCCCCC)CN1C(=O)c2ccc3c4c(c(-c5ccc(-c6cccs6)s5)cc(c24)C1=O)C(=O)N(CC(CCCCCCCCCC)CCCCCCCCCCCC)C3=O,0.87,11.04,62.0,6.01,-5.33,-3.53,-5.53,-4.02,,,2020,10.1021/acs.chemmater.0c04721,"OPV-DB (Qiu, J., Zenodo, 2026, doi:10.5281/zenodo.20841543)"
PDHP-Ph,Y6,CCCCCCCCn1nc(-c2ccc(C)cc2)c2c(-c3cccs3)sc(-c3ccc(-c4cc5c(-c6ccc(CC(CC)CCCC)s6)c6sccc6c(-c6ccc(CC(CC)CCCC)s6)c5s4)s3)c2c1=O,CCCCCCCCCCCc1c(/C=C2\C(=O)c3cc(F)c(F)cc3C2=C(C#N)C#N)sc2c1sc1c3c4nsnc4c4c5sc6c(CCCCCCCCCCC)c(/C=C7\C(=O)c8cc(F)c(F)cc8C7=C(C#N)C#N)sc6c5n(CC(CC)CCCC)c4c3n(CC(CC)CCCC)c21,0.816,12.8,57.5,6.0,-5.23,-3.21,-5.58,-4.23,,,2020,10.1021/acs.macromol.0c00459,"OPV-DB (Qiu, J., Zenodo, 2026, doi:10.5281/zenodo.20841543)"
PBDB-T,P(NDI2OD-T2),CCCCC(CC)Cc1ccc(-c2c3cc(-c4ccc(-c5sc(-c6cccs6)c6c5C(=O)c5c(CC(CC)CCCC)sc(CC(CC)CCCC)c5C6=O)s4)sc3c(-c3ccc(CC(CC)CCCC)s3)c3ccsc23)s1,CCCCCCCCCCC(CCCCCCCC)CN1C(=O)c2ccc3c4c(c(-c5ccc(-c6cccs6)s5)cc(c24)C1=O)C(=O)N(C(CCCCCCCC)CCCCCCCCCC)C3=O,0.86,13.08,52.0,6.0,-5.33,-3.48,-5.49,-4.05,,,2020,10.1002/aenm.202003367,"OPV-DB (Qiu, J., Zenodo, 2026, doi:10.5281/zenodo.20841543)"
PM6,IDIC16,CCCCC(CC)Cc1sc(-c2c3cc(-c4ccc(-c5sc(-c6cccs6)c6c5C(=O)c5c(CC(CC)CCCC)sc(CC(CC)CCCC)c5C6=O)s4)sc3c(-c3cc(F)c(CC(CC)CCCC)s3)c3ccsc23)cc1F,CCCCCCCCCCCCCCCCC1(CCCCCCCCCCCCCCCC)c2cc3c(cc2-c2sc(/C=C4\C(=O)c5ccccc5C4=C(C#N)C#N)cc21)C(CCCCCCCCCCCCCCCC)(CCCCCCCCCCCCCCCC)c1cc(/C=C2\C(=O)c4ccccc4C2=C(C#N)C#N)sc1-3,0.99,11.8,51.0,5.96,-5.56,-3.65,-5.885,-3.91,,,2020,10.1002/anie.202005662,"OPV-DB (Qiu, J., Zenodo, 2026, doi:10.5281/zenodo.20841543)"
PBDB-T,SM1,CCCCC(CC)Cc1ccc(-c2c3cc(-c4ccc(-c5sc(-c6cccs6)c6c5C(=O)c5c(CC(CC)CCCC)sc(CC(CC)CCCC)c5C6=O)s4)sc3c(-c3ccc(CC(CC)CCCC)s3)c3ccsc23)s1,CCCCCCCCc1cc(/C=C(/C#N)C(=O)OCC(CC)CCCC)sc1-c1ccc(-c2sc(-c3cc4c(-c5ccc(CC(CC)CCCC)s5)c5sc(-c6cc(CCCCCCCC)c(-c7ccc(-c8sc(/C=C(\C#N)C(=O)OCC(CC)CCCC)cc8CCCCCCCC)s7)s6)cc5c(-c5ccc(CC(CC)CCCC)s5)c4s3)cc2CCCCCCCC)s1,0.91,10.84,60.38,5.96,-5.33,-3.48,-5.25,-2.8,,,2020,10.1016/j.orgel.2020.106029,"OPV-DB (Qiu, J., Zenodo, 2026, doi:10.5281/zenodo.20841543)"
PBDB-T,HF-TCIC,CCCCC(CC)Cc1ccc(-c2c3cc(-c4ccc(-c5sc(-c6cccs6)c6c5C(=O)c5c(CC(CC)CCCC)sc(CC(CC)CCCC)c5C6=O)s4)sc3c(-c3ccc(CC(CC)CCCC)s3)c3ccsc23)s1,CCCCC(CC)CC1(CC(CC)CCCC)c2cc(/C=C3\C(=O)c4cc(F)c(F)cc4C3=C(C#N)C#N)sc2-c2sc(-c3sc(-c4cc5c(s4)-c4sc(/C=C6\C(=O)c7cc(F)c(F)cc7C6=C(C#N)C#N)cc4C5(CC(CC)CCCC)CC(CC)CCCC)c(F)c3F)cc21,0.75,19.88,64.0,9.86,-5.33,-3.48,-5.43,-3.83,,,2020,10.1021/acsenergylett.0c00857,"OPV-DB (Qiu, J., Zenodo, 2026, doi:10.5281/zenodo.20841543)"
PTB7-Th,PBID,CCCCC(CC)COC(=O)c1sc2csc(-c3cc4c(-c5ccc(CC(CC)CCCC)s5)c5sccc5c(-c5ccc(CC(CC)CCCC)s5)c4s3)c2c1F,CCCCCCCCCCC(CCCCCCCC)Cn1c(=O)c2ccsc2c2sc(-c3cc4c(=O)n(CC(CCCCCCCC)CCCCCCCCCC)c(=O)c5c(sc6c5sc5c7sc(-c8cc9c(=O)n(CC(CCCCCCCC)CCCCCCCCCC)c(=O)c%10cc(-c%11ccc%12c(c%11)N(CC(CC)CCCC)C(=O)/C%12=C%11/C(=O)N(CC(CC)CCCC)c%12ccccc%12%11)sc%10c9s8)cc7c(=O)n(CCC(CCCCCCCC)CCCCCCCCC)c(=O)c56)c4s3)cc2c1=O,1.01,12.19,47.58,5.86,-5.29,-3.72,-6.08,-3.55,,,2020,10.1016/j.dyepig.2020.109049,"OPV-DB (Qiu, J., Zenodo, 2026, doi:10.5281/zenodo.20841543)"
S1,IDTP-4F,CCCCC(CC)Cc1sc(-c2c3cc(-c4ccc(-c5sc(-c6ccc(-c7cc8c(-c9cc(F)c(CC(CC)CCCC)s9)c9sc(-c%10scc(C(=O)OC)c%10F)cc9c(-c9cc(F)c(CC(CC)CCCC)s9)c8s7)s6)c6c5C(=O)c5c(CC(CC)CCCC)sc(CC(CC)CCCC)c5C6=O)s4)sc3c(-c3cc(F)c(CC(CC)CCCC)s3)c3ccsc23)cc1F,CCCCCCc1ccc(C2(c3ccc(CCCCCC)cc3)c3cc4c(cc3-c3sc(/C=C5\C(=O)c6cc(F)c(F)cc6C5=C(C#N)C#N)cc32)C(c2ccc(CCCCCC)cc2)(c2ccc(CCCCCC)cc2)c2c-4sc3c4sc(/C=C5\C(=O)c6cc(F)c(F)cc6C5=C(C#N)C#N)cc4n(CC(CC)CCCC)c23)cc1,0.892,22.4,73.2,14.6,-5.52,-3.72,-5.54,-3.98,,,2020,10.1002/adfm.202000383,"OPV-DB (Qiu, J., Zenodo, 2026, doi:10.5281/zenodo.20841543)"
PTB7-Th,AOIC1,CCCCC(CC)COC(=O)c1sc2csc(-c3cc4c(-c5ccc(CC(CC)CCCC)s5)c5sccc5c(-c5ccc(CC(CC)CCCC)s5)c4s3)c2c1F,CCCCCCc1ccc(C2(c3ccc(CCCCCC)cc3)c3cc4c(cc3-c3sc5c(c32)C(c2ccc(CCCCCC)cc2)(c2ccc(CCCCCC)cc2)c2cc(/C=C3\C(=O)c6cc(F)c(F)cc6C3=C(C#N)C#N)sc2-5)C(c2ccc(CCCCCC)cc2)(c2ccc(CCCCCC)cc2)c2c-4sc3cc(/C=C4\C(=O)c5cc(F)c(F)cc5C4=C(C#N)C#N)sc23)cc1,0.751,19.64,66.8,9.85,-5.21,-3.6,-5.53,-3.94,,,2020,10.1021/acs.chemmater.0c04318,"OPV-DB (Qiu, J., Zenodo, 2026, doi:10.5281/zenodo.20841543)"
PBDB-T,BT-IC4F,CCCCC(CC)Cc1ccc(-c2c3cc(-c4ccc(-c5sc(-c6cccs6)c6c5C(=O)c5c(CC(CC)CCCC)sc(CC(CC)CCCC)c5C6=O)s4)sc3c(-c3ccc(CC(CC)CCCC)s3)c3ccsc23)s1,CCC1(CC)c2cc(/C=C3\C(=O)c4cc(F)c(F)cc4C3=C(C#N)C#N)sc2-c2sc(-c3ccc(-c4cc5c(s4)-c4sc(/C=C6\C(=O)c7cc(F)c(F)cc7C6=C(C#N)C#N)cc4C5(CC)CC)c4nsnc34)cc21,0.69,21.4,66.4,9.83,-5.33,-3.48,-5.89,-4.27,,,2020,10.1039/d0ta03683h,"OPV-DB (Qiu, J., Zenodo, 2026, doi:10.5281/zenodo.20841543)"
PBDB-T,P(BDT2BOY5-F),CCCCC(CC)Cc1ccc(-c2c3cc(-c4ccc(-c5sc(-c6cccs6)c6c5C(=O)c5c(CC(CC)CCCC)sc(CC(CC)CCCC)c5C6=O)s4)sc3c(-c3ccc(CC(CC)CCCC)s3)c3ccsc23)s1,CCCCCCCCCCCc1c(/C=C2\C(=O)c3ccccc3C2=C(C#N)C#N)sc2c1sc1c3c4nsnc4c4c5sc6c(CCCCCCCCCCC)c(/C=C7\C(=O)c8cc(-c9cc%10c(-c%11cc(F)c(CC(CC)CCCC)s%11)c%11sccc%11c(-c%11cc(F)c(CC(CC)CCCC)s%11)c%10s9)ccc8C7=C(C#N)C#N)sc6c5n(CC(CCCC)CCCCCC)c4c3n(CC(CCCC)CCCCCC)c21,0.92,19.03,55.0,9.83,-5.33,-3.48,-5.61,-4.16,,,2020,10.1002/aenm.202003367,"OPV-DB (Qiu, J., Zenodo, 2026, doi:10.5281/zenodo.20841543)"
PFT,PC61BM,CCc1sc(-c2c3cc(-c4ccc(-c5c(F)c(F)c(-c6ccc(-c7cc8c(-c9cc(F)c(CC)s9)c9oc(-c%10ccc(-c%11c(F)c(F)c(-c%12ccc(-c%13cc%14c(-c%15cc(F)c(CC)s%15)c%15oc(-c%16ccc(-c%17c(F)c(F)c(-c%18cccs%18)c%18nn(CC)nc%17%18)s%16)cc%15c(-c%15cc(F)c(CC)s%15)c%14o%13)s%12)c%12nn(CC)nc%11%12)s%10)cc9c(-c9cc(F)c(CC)s9)c8o7)s6)c6nn(CC)nc56)s4)oc3c(-c3cc(F)c(CC)s3)c3ccoc23)cc1F,COC(=O)CCCC1(c2ccccc2)C23c4c5c6c7c8c9c(c%10c%11c2c2c%12c4c4c%13c5c5c7c7c8c8c%14c9c%10c9c%10c%11c2c2c%11c%12c4c4c%12c%13c5c5c7c7c8c8c%14c9c9c%10c2c2c%11c4c4c%12c5c7c5c8c9c2c45)C613,0.94,16.1,64.02,9.68,-5.48,-3.48,-6.1,-3.7,,,2020,10.1021/acs.macromol.0c01042,"OPV-DB (Qiu, J., Zenodo, 2026, doi:10.5281/zenodo.20841543)"
PBDBT-2Cl,ITIC,CCCCC(CC)Cc1sc(-c2c3cc(-c4ccc(-c5sc(-c6cccs6)c6c5C(=O)c5c(CC(CC)CCCC)sc(CC(CC)CCCC)c5C6=O)s4)sc3c(-c3cc(Cl)c(CC(CC)CCCC)s3)c3ccsc23)cc1Cl,CCCCCCc1ccc(C2(c3ccc(CCCCCC)cc3)c3cc4c(cc3-c3sc5cc(C=C6C(=O)c7ccccc7C6=C(C#N)C#N)sc5c32)C(c2ccc(CCCCCC)cc2)(c2ccc(CCCCCC)cc2)c2c-4sc3cc(C=C4C(=O)c5ccccc5C4=C(C#N)C#N)sc23)cc1,1.02,14.86,63.76,9.66,-5.51,-3.63,-5.576,-3.916,,,2020,10.1016/j.nanoen.2020.105032,"OPV-DB (Qiu, J., Zenodo, 2026, doi:10.5281/zenodo.20841543)"
PM6,PT-IDTIC,CCCCC(CC)Cc1sc(-c2c3cc(-c4ccc(-c5sc(-c6cccs6)c6c5C(=O)c5c(CC(CC)CCCC)sc(CC(CC)CCCC)c5C6=O)s4)sc3c(-c3cc(F)c(CC(CC)CCCC)s3)c3ccsc23)cc1F,CCCCCCCCCCCCCCCCC1(CCCCCCCCCCCCCCCC)c2cc3c(cc2-c2sc(/C=C4\C(=O)c5ccccc5C4=C(C#N)C#N)cc21)C(CCCCCCCCCCCCCCCC)(CCCCCCCCCCCCCCCC)c1cc(/C=C2\C(=O)c4cc(-c5cccs5)ccc4C2=C(C#N)C#N)sc1-3,0.94,15.48,66.0,9.65,-5.54,-3.65,-5.79,-3.87,,,2020,10.1002/aenm.202001408,"OPV-DB (Qiu, J., Zenodo, 2026, doi:10.5281/zenodo.20841543)"
J71,SIDIC,CCCCCCCCC(CCCCCC)Cn1nc2c(-c3cccs3)c(F)c(F)c(-c3ccc(-c4cc5c(-c6ccc([Si](CCC)(CCC)CCC)s6)c6sccc6c(-c6ccc([Si](CCC)(CCC)CCC)s6)c5s4)s3)c2n1,CCCCCCC1(CCCCCC)c2cc3c(cc2-c2sc(/C=C4\C(=O)c5cc(F)c(F)cc5C4=C(C#N)C#N)cc21)C(CCCCCC)(CCCCCC)c1cc(-c2cc4c(s2)-c2cc5c(cc2C4(CCCCCC)CCCCCC)-c2sc(/C=C4\C(=O)c6cc(F)c(F)cc6C4=C(C#N)C#N)cc2C5(CCCCCC)CCCCCC)sc1-3,0.883,18.3,60.2,9.71,-5.4,-3.24,-5.44,-3.93,,,2020,10.1021/acsapm.0c00748,"OPV-DB (Qiu, J., Zenodo, 2026, doi:10.5281/zenodo.20841543)"
PBDT(T)FTAZ,N2200,CCCCCCCCc1ccc(-c2c3cc(-c4ccc(-c5c(F)c(F)c(-c6cccs6)c6nn(CC(CCCCCC)CCCCCCCC)nc56)s4)sc3c(-c3ccc(CCCCCCCC)s3)c3ccsc23)s1,CCCCCCCCCCC(CCCCCCCC)CN1C(=O)c2ccc3c4c(c(-c5ccc(-c6cccs6)s5)cc(c24)C1=O)C(=O)N(CC(CCCCCCCC)CCCCCCCCCC)C3=O,0.8,13.15,56.56,6.14,-5.71,-3.21,-5.71,-4.02,,,2020,10.1016/j.solener.2020.03.035,"OPV-DB (Qiu, J., Zenodo, 2026, doi:10.5281/zenodo.20841543)"
PTB7-Th,IDTT-CT,CCCCC(CC)COC(=O)c1sc2csc(-c3cc4c(-c5ccc(CC(CC)CCCC)s5)c5sccc5c(-c5ccc(CC(CC)CCCC)s5)c4s3)c2c1F,CCc1ccc(C2(c3ccc(CC)cc3)c3cc4c(cc3-c3sc5cc(C6=CC(=C7C(=O)N(CC)C(=S)N(CC)C7=O)CCC6)sc5c32)C(c2ccc(CC)cc2)(c2ccc(CC)cc2)c2c-4sc3cc(C4=CC(=C5C(=O)N(CC)C(=S)N(CC)C5=O)CCC4)sc23)cc1,0.93,12.58,50.45,6.13,-5.21,-3.6,-5.28,-3.65,,,2020,10.1039/d0ta09924d,"OPV-DB (Qiu, J., Zenodo, 2026, doi:10.5281/zenodo.20841543)"
PBDT-TS1,P2TPDBT[2F]T,CCCCCCCCSc1ccc(-c2c3cc(-c4scc5sc(C(=O)OCC(CC)CCCC)c(F)c45)sc3c(-c3ccc(SCCCCCCCC)s3)c3ccsc23)s1,CCCCCCCCC(CCCCCC)CN1C(=O)c2csc(-c3ccc(-c4sc(-c5scc(F)c5F)c5c4C(=O)N(CC(CCCCCC)CCCCCCCC)C5=O)c4nsnc34)c2C1=O,0.99,9.67,63.0,6.2,-5.33,-3.52,-5.86,-4.075,,,2020,10.1002/solr.202000181,"OPV-DB (Qiu, J., Zenodo, 2026, doi:10.5281/zenodo.20841543)"
C1,PC71BM,CCCCCCCCCCC(CCCCCCCC)CN1C(=O)C2=C(c3cc4sc(-c5cccs5)cc4s3)N(CC(CCCCCCCC)CCCCCCCCCC)C(=O)C2=C1c1cc2sccc2s1,COC(=O)CCCC1(c2ccccc2)C23c4c5ccc6c7cc8c9c%10c(cc%11cc%12c%13c%14c(cc%15c%16ccc-5c2c%16c2c5c%16c%17c(c(c46)c7c9c%17c4c%10c%11c%13c4c%16c%14c%152)C513)C%12)C8,0.88,11.13,63.0,6.17,-5.1,-3.6,-5.9,-3.9,,,2020,10.1021/acsami.0c12147,"OPV-DB (Qiu, J., Zenodo, 2026, doi:10.5281/zenodo.20841543)"
PBDB-T,TTPBT-IC,CCCCC(CC)Cc1ccc(-c2c3cc(-c4ccc(-c5sc(-c6cccs6)c6c5C(=O)c5c(CC(CC)CCCC)sc(CC(CC)CCCC)c5C6=O)s4)sc3c(-c3ccc(CC(CC)CCCC)s3)c3ccsc23)s1,CCCCCCCCCCCCC(CCCCCCCCCC)Cn1c2c3sc(/C=C4\C(=O)c5ccccc5C4=C(C#N)C#N)c(CCCCCCCCCCC)c3sc2c2c3nsnc3c3c4sc5c(CCCCCCCCCCC)c(/C=C6\C(=O)c7ccccc7C6=C(C#N)C#N)sc5c4n(CC(CCCCCCCCCC)CCCCCCCCCCCC)c3c21,0.91,21.9,69.0,13.8,-5.33,-3.48,-5.69,-3.84,,,2020,10.1016/j.nanoen.2020.104718,"OPV-DB (Qiu, J., Zenodo, 2026, doi:10.5281/zenodo.20841543)"
PM6,M4,CCCCC(CC)Cc1sc(-c2c3cc(-c4ccc(-c5sc(-c6cccs6)c6c5C(=O)c5c(CC(CC)CCCC)sc(CC(CC)CCCC)c5C6=O)s4)sc3c(-c3cc(F)c(CC(CC)CCCC)s3)c3ccsc23)cc1F,CCCCCCCCC(CCCC)COc1c2sc3c4sc(/C=C5\C(=O)c6cc(F)c(F)cc6C5=C(C#N)C#N)cc4n(CC(CC)CCCC)c3c2c(OCC(CCCC)CCCCCCCC)c2sc3c4sc(/C=C5\C(=O)c6cc(F)c(F)cc6C5=C(C#N)C#N)cc4n(CC(CC)CCCC)c3c12,0.88,23.44,71.52,14.75,-5.56,-3.65,-5.61,-3.97,,,2020,10.1039/d0ta09351c,"OPV-DB (Qiu, J., Zenodo, 2026, doi:10.5281/zenodo.20841543)"
PBB-F,IT-4F,CCc1ccc(-c2c3nc(-c4ccc(-c5cc6c(-c7cc(F)c(CC)s7)c7sc(-c8ccc(-c9nc%10c(-c%11ccc(CC)s%11)c%11sc(-c%12ccc(-c%13cc%14c(-c%15cc(F)c(CC)s%15)c%15sc(-c%16ccc(-c%17nc%18c(s%17)[C@]%17(c%19ccc(CC)s%19)c%19nc(-c%20cccs%20)sc%19[C@]%18%17c%17ccc(CC)s%17)s%16)cc%15c(-c%15cc(F)c(CC)s%15)c%14s%13)s%12)nc%11c(-c%11ccc(CC)s%11)c%10s9)s8)cc7c(-c7cc(F)c(CC)s7)c6s5)s4)sc3c(-c3ccc(CC)s3)c3nc(-c4ccc(-c5cc6c(-c7cc(F)c(CC)s7)c7sccc7c(-c7cc(F)c(CC)s7)c6s5)s4)sc23)s1,CCCCCCc1ccc(C2(c3ccc(CCCCCC)cc3)c3cc4c(cc3-c3sc5cc(/C=C6\C(=O)c7cc(F)c(F)cc7C6=C(C#N)C#N)sc5c32)C(c2ccc(CCCCCC)cc2)(c2ccc(CCCCCC)cc2)c2c-4sc3cc(/C=C4\C(=O)c5cc(F)c(F)cc5C4=C(C#N)C#N)sc23)cc1,0.92,22.4,71.1,14.7,-5.57,-3.57,-5.66,-4.14,,,2020,10.1039/d0ta04734a,"OPV-DB (Qiu, J., Zenodo, 2026, doi:10.5281/zenodo.20841543)"
PM6,TPQx-6F,CCCCC(CC)Cc1sc(-c2c3cc(-c4ccc(-c5sc(-c6cccs6)c6c5C(=O)c5c(CC(CC)CCCC)sc(CC(CC)CCCC)c5C6=O)s4)sc3c(-c3cc(F)c(CC(CC)CCCC)s3)c3ccsc23)cc1F,CCc1sc(-c2nc3c(nc2-c2cc(F)c(CC)s2)c2c4sc5c(CC)c(/C=C6\C(=O)c7cc(F)c(F)cc7C6=C(C#N)C#N)sc5c4n(CC)c2c2c3c3sc4c(CC)c(/C=C5\C(=O)c6cc(F)c(F)cc6C5=C(C#N)C#N)sc4c3n2CC)cc1F,0.92,22.37,72.16,14.62,-5.56,-3.65,-5.61,-3.78,,,2020,10.1039/d0qm00034e,"OPV-DB (Qiu, J., Zenodo, 2026, doi:10.5281/zenodo.20841543)"
PBDB-T,Y1,CCCCC(CC)Cc1ccc(-c2c3cc(-c4ccc(-c5sc(-c6cccs6)c6c5C(=O)c5c(CC(CC)CCCC)sc(CC(CC)CCCC)c5C6=O)s4)sc3c(-c3ccc(CC(CC)CCCC)s3)c3ccsc23)s1,CCCCC(CC)Cn1nc2c(n1)c1c3sc4cc(/C=C5\C(=O)c6ccccc6C5=C(C#N)C#N)sc4c3n(CC(CC)CCCC)c1c1c2c2sc3cc(/C=C4\C(=O)c5ccccc5C4=C(C#N)C#N)sc3c2n1CC(CC)CCCC,0.87,22.4,69.9,13.8,-5.33,-3.48,-5.45,-3.95,,,2020,10.1002/adma.202003891,"OPV-DB (Qiu, J., Zenodo, 2026, doi:10.5281/zenodo.20841543)"
PBDB-T,PIDIC2T2F,CCCCC(CC)Cc1ccc(-c2c3cc(-c4ccc(-c5sc(-c6cccs6)c6c5C(=O)c5c(CC(CC)CCCC)sc(CC(CC)CCCC)c5C6=O)s4)sc3c(-c3ccc(CC(CC)CCCC)s3)c3ccsc23)s1,CCCCCCCCCCCCCCCCC1(CCCCCCCCCCCCCCCC)c2cc3c(cc2-c2sc(/C=C4\C(=O)c5ccccc5C4=C(C#N)C#N)cc21)C(CCCCCCCCCCCCCCCC)(CCCCCCCCCCCCCCCC)c1cc(/C=C2\C(=O)c4ccc(-c5cc(F)c(-c6sccc6F)s5)cc4C2=C(C#N)C#N)sc1-3,0.85,9.0,53.0,4.07,-5.33,-3.48,-5.73,-3.89,,,2020,10.1021/acsami.0c08442,"OPV-DB (Qiu, J., Zenodo, 2026, doi:10.5281/zenodo.20841543)"
PTC8,ITIC,CCCCCCCCc1csc(-c2cc3c(-c4ccc(CC(CC)CCCC)s4)c4sccc4c(-c4ccc(CC(CC)CCCC)s4)c3s2)c1,CCCCCCc1ccc(C2(c3ccc(CCCCCC)cc3)c3cc4c(cc3-c3sc5cc(C=C6C(=O)c7ccccc7C6=C(C#N)C#N)sc5c32)C(c2ccc(CCCCCC)cc2)(c2ccc(CCCCCC)cc2)c2c-4sc3cc(C=C4C(=O)c5ccccc5C4=C(C#N)C#N)sc23)cc1,0.9,11.57,38.7,4.04,-5.3,-3.58,-5.576,-3.916,,,2020,10.1016/j.dyepig.2020.108987,"OPV-DB (Qiu, J., Zenodo, 2026, doi:10.5281/zenodo.20841543)"
PBD-SF,FINIC,CCCCC(CC)CSc1sc(-c2c3cc(-c4ccc(-c5sc(-c6cccs6)c6c5C(=O)c5c(CC(CC)CCCC)sc(CC(CC)CCCC)c5C6=O)s4)sc3c(-c3cc(F)c(SCC(CC)CCCC)s3)c3ccsc23)cc1F,CCCCCCc1ccc(C2(c3ccc(CCCCCC)c(F)c3)c3cc4c(cc3-c3sc5c(sc6cc(/C=C7\C(=O)c8cc(F)c(F)cc8C7=C(C#N)C#N)sc65)c32)C(c2ccc(CCCCCC)c(F)c2)(c2ccc(CCCCCC)c(F)c2)c2c-4sc3c2sc2cc(/C=C4\C(=O)c5cc(F)c(F)cc5C4=C(C#N)C#N)sc23)cc1F,0.88,22.0,73.0,14.0,-5.32,-3.51,-5.5,-3.99,,,2020,10.1002/adma.202000645,"OPV-DB (Qiu, J., Zenodo, 2026, doi:10.5281/zenodo.20841543)"
PBDB-T2Cl,Y1-4F,CCCCC(CC)Cc1sc(-c2c3cc(-c4ccc(-c5sc(-c6cccs6)c6c5C(=O)c5c(CC(CC)CCCC)sc(CC(CC)CCCC)c5C6=O)s4)sc3c(-c3cc(Cl)c(CC(CC)CCCC)s3)c3ccsc23)cc1Cl,CCCCC(CC)Cn1nc2c(n1)c1c3sc4cc(/C=C5\C(=O)c6cc(F)c(F)cc6C5=C(C#N)C#N)sc4c3n(CC(CC)CCCC)c1c1c2c2sc3cc(/C=C4\C(=O)c5cc(F)c(F)cc5C4=C(C#N)C#N)sc3c2n1CC(CC)CCCC,0.83,25.4,65.6,14.0,-5.52,-3.57,-5.56,-4.11,,,2020,10.1021/acs.nanolett.0c05045,"OPV-DB (Qiu, J., Zenodo, 2026, doi:10.5281/zenodo.20841543)"
PBDB-T,m-INPOIC,CCCCC(CC)Cc1ccc(-c2c3cc(-c4ccc(-c5sc(-c6cccs6)c6c5C(=O)c5c(CC(CC)CCCC)sc(CC(CC)CCCC)c5C6=O)s4)sc3c(-c3ccc(CC(CC)CCCC)s3)c3ccsc23)s1,CCCCCCCCn1c2cc(/C=C3\C(=O)c4cc(F)c(F)cc4C3=C(C#N)C#N)sc2c2sc3c(c21)C(c1cccc(OCCCCCC)c1)(c1cccc(OCCCCCC)c1)c1cc2c(cc1-3)C(c1cccc(OCCCCCC)c1)(c1cccc(OCCCCCC)c1)c1c-2sc2c3sc(/C=C4\C(=O)c5cc(F)c(F)cc5C4=C(C#N)C#N)cc3n(CCCCCCCC)c12,0.85,22.5,71.4,13.9,-5.33,-3.48,-5.41,-3.97,,,2020,10.1016/j.jechem.2020.05.054,"OPV-DB (Qiu, J., Zenodo, 2026, doi:10.5281/zenodo.20841543)"
PM20Si,Y6,CCCCC(CC)Cc1sc(-c2c3cc(-c4ccc(-c5sc(-c6ccc(-c7cc8c(-c9cc(F)c(CC(CC)CCCC)s9)c9sc(-c%10sc(-c%11c(F)c(F)c(-c%12cc(CCCCC[Si](C)(O[Si](C)(C)C)O[Si](C)(C)C)cs%12)c%12nsnc%11%12)cc%10CCCCC[Si](C)(O[Si](C)(C)C)O[Si](C)(C)C)cc9c(-c9cc(F)c(CC(CC)CCCC)s9)c8s7)s6)c6c5C(=O)c5c(CC(CC)CCCC)sc(CC(CC)CCCC)c5C6=O)s4)sc3c(-c3cc(F)c(CC(CC)CCCC)s3)c3ccsc23)cc1F,CCCCCCCCCCCc1c(/C=C2\C(=O)c3cc(F)c(F)cc3C2=C(C#N)C#N)sc2c1sc1c3c4nsnc4c4c5sc6c(CCCCCCCCCCC)c(/C=C7\C(=O)c8cc(F)c(F)cc8C7=C(C#N)C#N)sc6c5n(CC(CC)CCCC)c4c3n(CC(CC)CCCC)c21,0.85,23.88,69.45,14.06,-5.49,-3.07,-5.65,-4.1,,,2020,10.1039/d0py00890g,"OPV-DB (Qiu, J., Zenodo, 2026, doi:10.5281/zenodo.20841543)"
PBDB-TF,BTTPC,CCCCC(CC)Cc1sc(-c2c3cc(-c4ccc(-c5sc(-c6cccs6)c6c5C(=O)c5c(CC(CC)CCCC)sc(CC(CC)CCCC)c5C6=O)s4)sc3c(-c3cc(F)c(CC(CC)CCCC)s3)c3ccsc23)cc1F,CCc1c(/C=C2\C(=O)c3cc4ccsc4cc3C2=C(C#N)C#N)sc2c1sc1c3c4nsnc4c4c5sc6c(CC)c(/C=C7\C(=O)c8cc9ccsc9cc8C7=C(C#N)C#N)sc6c5n(CC)c4c3n(CC)c21,0.98,15.89,60.0,9.4,-5.49,-3.64,-5.47,-3.78,,,2020,10.1002/adma.202001621,"OPV-DB (Qiu, J., Zenodo, 2026, doi:10.5281/zenodo.20841543)"
PBDTTT-E-T,DCNBT-TPC,CCCCC(CC)COC(=O)c1cc2csc(-c3cc4c(-c5ccc(CC(CC)CCCC)s5)c5sccc5c(-c5ccc(CC(CC)CCCC)s5)c4s3)c2s1,CCCCCCCCC1(CCCCCCCC)Oc2cc3c(cc2-c2sccc21)OC(CCCCCCCC)(CCCCCCCC)c1cc(-c2c(C#N)c(C#N)cc4nsnc24)sc1-3,0.73,19.44,65.8,9.34,-5.09,-3.22,-5.54,-3.8,,,2020,10.1002/adma.202001476,"OPV-DB (Qiu, J., Zenodo, 2026, doi:10.5281/zenodo.20841543)"
PTCO1,ITIC,CCCCC(CC)Cc1ccc(-c2c3cc(-c4cc(C(C)=O)cs4)sc3c(-c3ccc(CC(CC)CCCC)s3)c3ccsc23)s1,CCCCCCc1ccc(C2(c3ccc(CCCCCC)cc3)c3cc4c(cc3-c3sc5cc(C=C6C(=O)c7ccccc7C6=C(C#N)C#N)sc5c32)C(c2ccc(CCCCCC)cc2)(c2ccc(CCCCCC)cc2)c2c-4sc3cc(C=C4C(=O)c5ccccc5C4=C(C#N)C#N)sc23)cc1,0.95,16.91,57.9,9.33,-5.33,-3.64,-5.576,-3.916,,,2020,10.1016/j.dyepig.2020.108987,"OPV-DB (Qiu, J., Zenodo, 2026, doi:10.5281/zenodo.20841543)"
PBDB-T,PNDIHD/DT-0.41,CCCCC(CC)Cc1ccc(-c2c3cc(-c4ccc(-c5sc(-c6cccs6)c6c5C(=O)c5c(CC(CC)CCCC)sc(CC(CC)CCCC)c5C6=O)s4)sc3c(-c3ccc(CC(CC)CCCC)s3)c3ccsc23)s1,CCCCCCCCCCCCC(CCCCCCCCCC)CN1C(=O)c2cc(-c3ccc(-c4ccc(-c5cc6c7c(ccc8c7c5C(=O)N(CC(CCCCCC)CCCCCCCC)C8=O)C(=O)N(CC(CCCCCC)CCCCCCCC)C6=O)s4)s3)c3c4c(cc(-c5ccc(-c6cccs6)s5)c(c24)C1=O)C(=O)N(CC(CCCCCCCCCC)CCCCCCCCCCCC)C3=O,0.89,15.83,66.0,9.31,-5.33,-3.53,-5.53,-4.02,,,2020,10.1021/acs.chemmater.0c04721,"OPV-DB (Qiu, J., Zenodo, 2026, doi:10.5281/zenodo.20841543)"
PTzBI-oF,PY5T,CCCCCCCCN1C(=O)c2c(c(-c3cc(F)c(-c4cc5c(-c6ccc(CC(CC)CCCC)s6)c6sccc6c(-c6ccc(CC(CC)CCCC)s6)c5s4)s3)c3nn(CC(CC)CCCC)nc3c2-c2cc(F)cs2)C1=O,CCCCCCCCCCCCC(CCCCCCCCCC)Cn1c2c3sc(/C=C4\C(=O)c5ccccc5C4=C(C#N)C#N)c(CCCCCCCCCCC)c3sc2c2c3nsnc3c3c4sc5c(CCCCCCCCCCC)c(/C=C6\C(=O)c7ccc(-c8cccs8)cc7C6=C(C#N)C#N)sc5c4n(CC(CCCCCCCCCC)CCCCCCCCCCCC)c3c21,0.91,9.91,44.42,3.95,-5.25,-3.25,-5.71,-3.76,,,2020,10.1021/acsenergylett.0c02053,"OPV-DB (Qiu, J., Zenodo, 2026, doi:10.5281/zenodo.20841543)"
PBDB-T2Cl,BTA3,CCCCC(CC)Cc1sc(-c2c3cc(-c4ccc(-c5sc(-c6cccs6)c6c5C(=O)c5c(CC(CC)CCCC)sc(CC(CC)CCCC)c5C6=O)s4)sc3c(-c3cc(Cl)c(CC(CC)CCCC)s3)c3ccsc23)cc1Cl,CCCCCCCCn1nc2c(/C=c3\sc(=C(C#N)C#N)n(CC)c3=O)ccc(-c3cc4c(s3)-c3cc5c(cc3C4(c3ccc(CCCCCC)cc3)c3ccc(CCCCCC)cc3)-c3sc(-c4ccc(/C=c6\sc(=C(C#N)C#N)n(CC)c6=O)c6nn(CCCCCCCC)nc46)cc3C5(c3ccc(CCCCCC)cc3)c3ccc(CCCCCC)cc3)c2n1,1.29,5.8,49.9,3.9,-5.51,-3.63,-5.49,-3.72,,,2020,10.1002/adma.202002122,"OPV-DB (Qiu, J., Zenodo, 2026, doi:10.5281/zenodo.20841543)"
PSBDB-T,IT-M,CCCCC(CC)C[Si]1(CC(CC)CCCC)c2ccsc2-c2sc(-c3cccc4nsnc34)cc21,CCCCCCc1ccc(C2(c3ccc(CCCCCC)cc3)c3cc4c(cc3-c3sc5cc(/C=C6\C(=O)c7ccc(C)cc7C6=C(C#N)C#N)sc5c32)C(c2ccc(CCCCCC)cc2)(c2ccc(CCCCCC)cc2)c2c-4sc3cc(/C=C4\C(=O)c5ccc(C)cc5C4=C(C#N)C#N)sc23)cc1,0.91,10.77,41.0,4.0,-4.8,-3.3,-5.514,-3.808,,,2020,10.1016/j.dyepig.2020.108601,"OPV-DB (Qiu, J., Zenodo, 2026, doi:10.5281/zenodo.20841543)"
PBT1-C-2Cl,BTA3,CCCCCCC(CCCC)Cc1ccc(-c2c3cc(-c4sc(-c5sc(-c6cc(Cl)cs6)c6c5C(=O)c5c(CC(CC)CCCC)sc(CC(CC)CCCC)c5C6=O)cc4Cl)sc3c(-c3ccc(CC(CCCC)CCCCCC)cc3)c3ccsc23)cc1,CCCCCCCCn1nc2c(/C=c3\sc(=C(C#N)C#N)n(CC)c3=O)ccc(-c3cc4c(s3)-c3cc5c(cc3C4(c3ccc(CCCCCC)cc3)c3ccc(CCCCCC)cc3)-c3sc(-c4ccc(/C=c6\sc(=C(C#N)C#N)n(CC)c6=O)c6nn(CCCCCCCC)nc46)cc3C5(c3ccc(CCCCCC)cc3)c3ccc(CCCCCC)cc3)c2n1,1.29,6.42,46.5,4.0,-5.59,-3.53,-5.49,-3.72,,,2020,10.1002/adma.202002122,"OPV-DB (Qiu, J., Zenodo, 2026, doi:10.5281/zenodo.20841543)"
SM2,PC71BM,CCCCCCCCCCCCN1C(=O)c2cccc3c(-c4ccc(-c5ccc(-c6ccc(-c7ccc8c9c(cccc79)C(=O)N(CCCCCCCCCCCC)C8=O)s6)c(F)c5)s4)ccc(c23)C1=O,COC(=O)CCCC1(c2ccccc2)C23c4c5ccc6c7cc8c9c%10c(cc%11cc%12c%13c%14c(cc%15c%16ccc-5c2c%16c2c5c%16c%17c(c(c46)c7c9c%17c4c%10c%11c%13c4c%16c%14c%152)C513)C%12)C8,0.97,12.73,76.0,9.38,-5.98,-3.62,-5.9,-3.9,,,2020,10.1016/j.nanoen.2020.104708,"OPV-DB (Qiu, J., Zenodo, 2026, doi:10.5281/zenodo.20841543)"
PBDB-TF,BTIC-F-m,CCCCC(CC)Cc1sc(-c2c3cc(-c4ccc(-c5sc(-c6cccs6)c6c5C(=O)c5c(CC(CC)CCCC)sc(CC(CC)CCCC)c5C6=O)s4)sc3c(-c3cc(F)c(CC(CC)CCCC)s3)c3ccsc23)cc1F,CCCCCCCCCCCc1c(/C=C2\C(=O)c3cc(F)ccc3C2=C(C#N)C#N)sc2c1sc1c3c4nsnc4c4c5sc6c(CCCCCCCCCCC)c(/C=C7\C(=O)c8cc(F)ccc8C7=C(C#N)C#N)sc6c5n(CC(CC)CCCC)c4c3n(CC(CC)CCC)c21,0.92,21.41,69.1,13.61,-5.49,-3.64,-5.42,-3.9,,,2020,10.1016/j.joule.2020.02.004,"OPV-DB (Qiu, J., Zenodo, 2026, doi:10.5281/zenodo.20841543)"
PBDB-PS2F,IT-4F,CCCCCCCCC(CCCCCC)CSc1c(F)cc(-c2c3cc(-c4ccc(-c5sc(-c6cccs6)c6c5C(=O)c5c(CC(CC)CCCC)sc(CC(CC)CCCC)c5C6=O)s4)sc3c(-c3cc(F)c(SCC(CCCCCC)CCCCCCCC)c(F)c3)c3ccsc23)cc1F,CCCCCCc1ccc(C2(c3ccc(CCCCCC)cc3)c3cc4c(cc3-c3sc5cc(/C=C6\C(=O)c7cc(F)c(F)cc7C6=C(C#N)C#N)sc5c32)C(c2ccc(CCCCCC)cc2)(c2ccc(CCCCCC)cc2)c2c-4sc3cc(/C=C4\C(=O)c5cc(F)c(F)cc5C4=C(C#N)C#N)sc23)cc1,0.9,21.53,69.68,13.56,-5.72,-3.83,-5.66,-4.14,,,2020,10.1021/acsami.0c10658,"OPV-DB (Qiu, J., Zenodo, 2026, doi:10.5281/zenodo.20841543)"
PM7,PC71BM,CCCCC(CC)Cc1sc(-c2c3ccsc3c(-c3cc(Cl)c(CC(CC)CCCC)s3)c3sc(-c4ccc(-c5sc(-c6cccs6)c6c5C(=O)c5c(CC(CC)CCCC)sc(CC(CC)CCCC)c5C6=O)s4)cc23)cc1Cl,COC(=O)CCCC1(c2ccccc2)C23c4c5ccc6c7cc8c9c%10c(cc%11cc%12c%13c%14c(cc%15c%16ccc-5c2c%16c2c5c%16c%17c(c(c46)c7c9c%17c4c%10c%11c%13c4c%16c%14c%152)C513)C%12)C8,0.96,15.79,65.0,9.82,-5.575,-3.67,-5.9,-3.9,,,2020,10.1002/ente.202000710,"OPV-DB (Qiu, J., Zenodo, 2026, doi:10.5281/zenodo.20841543)"
PffBT-3,PC71BM,CCCCCCC(CCCC)Cc1cc(-c2c(F)c(F)cc3nsnc23)sc1-c1sccc1OCC(CCC)CCCCC,COC(=O)CCCC1(c2ccccc2)C23c4c5ccc6c7cc8c9c%10c(cc%11cc%12c%13c%14c(cc%15c%16ccc-5c2c%16c2c5c%16c%17c(c(c46)c7c9c%17c4c%10c%11c%13c4c%16c%14c%152)C513)C%12)C8,0.67,21.46,70.9,9.81,-5.2,-3.74,-5.9,-3.9,,,2020,10.1039/d0nj01006e,"OPV-DB (Qiu, J., Zenodo, 2026, doi:10.5281/zenodo.20841543)"
PBDB-T,Y2,CCCCC(CC)Cc1ccc(-c2c3cc(-c4ccc(-c5sc(-c6cccs6)c6c5C(=O)c5c(CC(CC)CCCC)sc(CC(CC)CCCC)c5C6=O)s4)sc3c(-c3ccc(CC(CC)CCCC)s3)c3ccsc23)s1,CCCCC(CC)Cn1nc2c(n1)c1c3sc4cc(/C=C5\C(=O)c6cscc6C5=C(C#N)C#N)sc4c3n(CC(CC)CCCC)c1c1c2c2sc3cc(/C=C4\C(=O)c5cscc5C4=C(C#N)C#N)sc3c2n1CC(CC)CCCC,0.82,23.56,69.4,13.4,-5.33,-3.48,-5.43,-4.04,,,2020,10.1021/acsenergylett.0c00537,"OPV-DB (Qiu, J., Zenodo, 2026, doi:10.5281/zenodo.20841543)"
PM6,NCBDT-4Cl,CCCCC(CC)Cc1sc(-c2c3cc(-c4ccc(-c5sc(-c6cccs6)c6c5C(=O)c5c(CC(CC)CCCC)sc(CC(CC)CCCC)c5C6=O)s4)sc3c(-c3cc(F)c(CC(CC)CCCC)s3)c3ccsc23)cc1F,CCCCCCCCc1c2sc3c(c2c(CCCCCCCC)c2sc4c(c12)C(c1ccc(CCCCCC)cc1)(c1ccc(CCCCCC)cc1)c1cc(/C=C2\C(=O)c5cc(Cl)c(Cl)cc5C2=C(C#N)C#N)sc1-4)C(c1ccc(CCCCCC)cc1)(c1ccc(CCCCCC)cc1)c1cc(/C=C2\C(=O)c4cc(Cl)c(Cl)cc4C2=C(C#N)C#N)sc1-3,0.827,21.81,74.77,13.48,-5.56,-3.65,-5.6,-4.02,,,2020,10.1002/adfm.202007088,"OPV-DB (Qiu, J., Zenodo, 2026, doi:10.5281/zenodo.20841543)"
PTB7-Th,AOIC2,CCCCC(CC)COC(=O)c1sc2csc(-c3cc4c(-c5ccc(CC(CC)CCCC)s5)c5sccc5c(-c5ccc(CC(CC)CCCC)s5)c4s3)c2c1F,CCCCCCc1ccc(C2(c3ccc(CCCCCC)cc3)c3cc4c(cc3-c3sc(/C=C5\C(=O)c6cc(F)c(F)cc6C5=C(C#N)C#N)cc32)C(c2ccc(CCCCCC)cc2)(c2ccc(CCCCCC)cc2)c2c-4sc3c4c(sc23)-c2sc(/C=C3\C(=O)c5cc(F)c(F)cc5C3=C(C#N)C#N)cc2C4(c2ccc(CCCCCC)cc2)c2ccc(CCCCCC)cc2)cc1,0.764,19.35,63.3,9.35,-5.21,-3.6,-5.62,-3.83,,,2020,10.1021/acs.chemmater.0c04318,"OPV-DB (Qiu, J., Zenodo, 2026, doi:10.5281/zenodo.20841543)"
PBDB-T,i-cc34,CCCCC(CC)Cc1ccc(-c2c3cc(-c4ccc(-c5sc(-c6cccs6)c6c5C(=O)c5c(CC(CC)CCCC)sc(CC(CC)CCCC)c5C6=O)s4)sc3c(-c3ccc(CC(CC)CCCC)s3)c3ccsc23)s1,CCCCCCc1ccc(C2(c3ccc(CCCCCC)cc3)c3cc4c(cc3-c3sc(-c5scc(/C=C6\C(=O)c7cscc7C6=C(C#N)C#N)c5OCC(CC)CCCC)cc32)C(c2ccc(CCCCCC)cc2)(c2ccc(CCCCCC)cc2)c2cc(-c3scc(/C=C5\C(=O)c6cscc6C5=C(C#N)C#N)c3OCC(CC)CCCC)sc2-4)cc1,0.96,15.46,63.0,9.35,-5.26,-3.16,-5.39,-3.75,,,2020,10.1021/acsami.0c03842,"OPV-DB (Qiu, J., Zenodo, 2026, doi:10.5281/zenodo.20841543)"
BSFTR,Y6,CCCCCCc1cc(-c2cc3c(-c4cc(F)c(SCC(CC)CCCC)s4)c4sc(-c5cc(CCCCCC)c(-c6cc(CCCCCC)c(-c7ccc(/C=C8/SC(=S)N(CC(CC)CCCC)C8=O)s7)s6)s5)cc4c(-c4cc(F)c(SCC(CC)CCCC)s4)c3s2)sc1-c1cc(CCCCCC)c(-c2ccc(/C=C3/SC(=S)N(CC(CC)CCCC)C3=O)s2)s1,CCCCCCCCCCCc1c(/C=C2\C(=O)c3cc(F)c(F)cc3C2=C(C#N)C#N)sc2c1sc1c3c4nsnc4c4c5sc6c(CCCCCCCCCCC)c(/C=C7\C(=O)c8cc(F)c(F)cc8C7=C(C#N)C#N)sc6c5n(CC(CC)CCCC)c4c3n(CC(CC)CCCC)c21,0.85,23.16,69.66,13.69,-5.59,-3.61,-5.65,-4.09,,,2020,10.1016/j.jechem.2020.09.025,"OPV-DB (Qiu, J., Zenodo, 2026, doi:10.5281/zenodo.20841543)"
PBDBT-2Cl,IT-2Cl,CCCCC(CC)Cc1sc(-c2c3cc(-c4ccc(-c5sc(-c6cccs6)c6c5C(=O)c5c(CC(CC)CCCC)sc(CC(CC)CCCC)c5C6=O)s4)sc3c(-c3cc(Cl)c(CC(CC)CCCC)s3)c3ccsc23)cc1Cl,CCCCCCc1ccc(C2(c3ccc(CCCCCC)cc3)c3cc4c(cc3-c3sc5cc(/C=C6\C(=O)c7cc(Cl)ccc7C6=C(C#N)C#N)sc5c32)C(c2ccc(CCCCCC)cc2)(c2ccc(CCCCCC)cc2)c2c-4sc3cc(/C=C4\C(=O)c5cc(Cl)ccc5C4=C(C#N)C#N)sc23)cc1,0.91,19.85,75.74,13.68,-5.51,-3.63,-5.42,-3.9,,,2020,10.1016/j.nanoen.2020.105032,"OPV-DB (Qiu, J., Zenodo, 2026, doi:10.5281/zenodo.20841543)"
P4T2F-HD,Y6-BO,CCCCCCCCC(CCCCCC)Cc1csc(-c2cc(CC(CCCCCC)CCCCCCCC)c(-c3cc(F)c(-c4sccc4F)s3)s2)c1,CCCCCCCCCCCc1c(/C=C2\C(=O)c3cc(F)c(F)cc3C2=C(C#N)C#N)sc2c1sc1c3c4nsnc4c4c5sc6c(CCCCCCCCCCC)c(/C=C7\C(=O)c8cc(F)c(F)cc8C7=C(C#N)C#N)sc6c5n(CC(CCCC)CCCCCC)c4c3n(CC(CCCC)CCCCCC)c21,0.72,24.39,75.3,13.65,-5.35,-3.43,-5.65,-4.1,,,2020,10.1002/adma.202008158,"OPV-DB (Qiu, J., Zenodo, 2026, doi:10.5281/zenodo.20841543)"
PE44,Y6,CCCCCCCCC(CCCCCC)Cn1nc2c(-c3cc4scc(CCCCCC)c4s3)c(F)c(F)c(-c3cc4sc(-c5cc6c(-c7cc(F)c(OCC(CCCC)CCCCCC)c(F)c7)c7sccc7c(-c7cc(F)c(OCC(CCCC)CCCCCC)c(F)c7)c6s5)c(CCCCCC)c4s3)c2n1,CCCCCCCCCCCc1c(/C=C2\C(=O)c3cc(F)c(F)cc3C2=C(C#N)C#N)sc2c1sc1c3c4nsnc4c4c5sc6c(CCCCCCCCCCC)c(/C=C7\C(=O)c8cc(F)c(F)cc8C7=C(C#N)C#N)sc6c5n(CC(CC)CCCC)c4c3n(CC(CC)CCCC)c21,0.82,25.29,66.0,13.62,-5.49,-3.49,-5.65,-4.09,,,2020,10.1021/acsami.0c07720,"OPV-DB (Qiu, J., Zenodo, 2026, doi:10.5281/zenodo.20841543)"
PBDTCl,Y6,CCCCC(CC)Cc1ccc(-c2c3cc(-c4cc5c(-c6cc(Cl)c(CC(CC)CCCC)s6)c6sccc6c(-c6cc(Cl)c(CC(CC)CCCC)s6)c5s4)sc3c(-c3ccc(CC(CC)CCCC)s3)c3ccsc23)s1,CCCCCCCCCCCc1c(/C=C2\C(=O)c3cc(F)c(F)cc3C2=C(C#N)C#N)sc2c1sc1c3c4nsnc4c4c5sc6c(CCCCCCCCCCC)c(/C=C7\C(=O)c8cc(F)c(F)cc8C7=C(C#N)C#N)sc6c5n(CC(CC)CCCC)c4c3n(CC(CC)CCCC)c21,0.84,23.16,69.2,13.46,-5.57,-3.44,-5.65,-4.09,,,2020,10.1002/chem.202000951,"OPV-DB (Qiu, J., Zenodo, 2026, doi:10.5281/zenodo.20841543)"
PT2,TTPTTT-4F,CCCCCCCCc1sc(CCCCCCCC)c2c1C(=O)c1c(-c3cccs3)sc(-c3ccc(-c4cc5c(-c6ccc(CC(CC)CCCC)s6)c6sccc6c(-c6ccc(CC(CC)CCCC)s6)c5s4)s3)c1C2=O,CCCCCCC1=CCC(C2(c3ccc(CCCCCC)cc3)c3cc4c(cc3-c3sc5cc(/C=C6\C(=O)c7cc(F)c(F)cc7C6C(C#N)C#N)sc5c32)C(c2ccc(CCCCCC)cc2)(c2ccc(CCCCCC)cc2)c2c-4sc3c2sc2cc(/C=C4\C(=O)C5=C(C=C(F)C(F)C5)C4=C(C#N)C#N)sc23)C=C1,0.88,19.89,75.7,13.45,-5.35,-3.58,-5.69,-4.12,,,2020,10.1002/advs.202001986,"OPV-DB (Qiu, J., Zenodo, 2026, doi:10.5281/zenodo.20841543)"
PBQ7,Y6,CCCCCCCCOc1cccc(-c2nc3c(-c4cccs4)c(F)c(F)c(-c4ccc(-c5cc6c(-c7cc(F)c(CC(CC)CCCC)s7)c7sccc7c(-c7cc(F)c(CC(CC)CCCC)s7)c6s5)s4)c3nc2-c2cccc(OCCCCCCCC)c2)c1,CCCCCCCCCCCc1c(/C=C2\C(=O)c3cc(F)c(F)cc3C2=C(C#N)C#N)sc2c1sc1c3c4nsnc4c4c5sc6c(CCCCCCCCCCC)c(/C=C7\C(=O)c8cc(F)c(F)cc8C7=C(C#N)C#N)sc6c5n(CC(CC)CCCC)c4c3n(CC(CC)CCCC)c21,0.81,25.83,64.3,13.45,-5.38,-3.14,-5.65,-4.1,,,2020,10.1021/acs.chemmater.0c00459,"OPV-DB (Qiu, J., Zenodo, 2026, doi:10.5281/zenodo.20841543)"
PBDB-T,TPT10,CCCCC(CC)Cc1ccc(-c2c3cc(-c4ccc(-c5sc(-c6cccs6)c6c5C(=O)c5c(CC(CC)CCCC)sc(CC(CC)CCCC)c5C6=O)s4)sc3c(-c3ccc(CC(CC)CCCC)s3)c3ccsc23)s1,O=C(C(C=C(Br)C=C1)=C1C/2=C(C#N)/C#N)C2=C/C3=C(CCCCCCCCCCC)C(SC4=C5N(CC(CC)CCCC)C6=C4C7=NSN=C7C8=C6N(CC(CC)CCCC)C9=C8SC%10=C9SC(/C=C%11/C(C%12=C(C%11=O)C=CC(Br)=C%12)=C(C#N)\\C#N)=C%10CCCCCCCCCCC)=C5S3,0.783,23.73,68.8,13.41,-5.33,-2.92,-5.52,-3.99,,,2020,10.1039/d0ta04941g,"OPV-DB (Qiu, J., Zenodo, 2026, doi:10.5281/zenodo.20841543)"
PTCO8,ITIC,CCCCCCCCC(=O)c1csc(-c2cc3c(-c4ccc(CC(CC)CCCC)s4)c4sccc4c(-c4ccc(CC(CC)CCCC)s4)c3s2)c1,CCCCCCc1ccc(C2(c3ccc(CCCCCC)cc3)c3cc4c(cc3-c3sc5cc(C=C6C(=O)c7ccccc7C6=C(C#N)C#N)sc5c32)C(c2ccc(CCCCCC)cc2)(c2ccc(CCCCCC)cc2)c2c-4sc3cc(C=C4C(=O)c5ccccc5C4=C(C#N)C#N)sc23)cc1,0.99,14.33,41.5,5.91,-5.39,-3.68,-5.576,-3.916,,,2020,10.1016/j.dyepig.2020.108987,"OPV-DB (Qiu, J., Zenodo, 2026, doi:10.5281/zenodo.20841543)"
DRCN5T,IT-M,CCCCCCCCc1cc(/C=c2\sc(=C(C#N)C#N)n(CC)c2=O)sc1-c1cc(CCCCCCCC)c(-c2ccc(-c3sc(-c4sc(/C=c5\sc(=C(C#N)C#N)n(CC)c5=O)cc4CCCCCCCC)cc3CCCCCCCC)s2)s1,CCCCCCc1ccc(C2(c3ccc(CCCCCC)cc3)c3cc4c(cc3-c3sc5cc(/C=C6\C(=O)c7ccc(C)cc7C6=C(C#N)C#N)sc5c32)C(c2ccc(CCCCCC)cc2)(c2ccc(CCCCCC)cc2)c2c-4sc3cc(/C=C4\C(=O)c5ccc(C)cc5C4=C(C#N)C#N)sc23)cc1,0.93,12.2,53.0,5.9,-5.22,-3.41,-5.514,-3.808,,,2020,10.1021/acsami.0c14922,"OPV-DB (Qiu, J., Zenodo, 2026, doi:10.5281/zenodo.20841543)"
P(TDPPPy-T)-ran,PC71BM,CCCCCCCCC(CCCCCC)CN1C(=O)C2=C(c3cccs3)N(CC(CCCCCC)CCCCCCCC)C(=O)C2=C1c1ccc(-c2ccc(-c3ccc(C4=C5C(=O)N(CC(CCCCCC)CCCCCCCC)C(c6ccc(-c7cccs7)cn6)=C5C(=O)N4CC(CCCCCC)CCCCCCCC)s3)s2)cn1,COC(=O)CCCC1(c2ccccc2)C23c4c5ccc6c7cc8c9c%10c(cc%11cc%12c%13c%14c(cc%15c%16ccc-5c2c%16c2c5c%16c%17c(c(c46)c7c9c%17c4c%10c%11c%13c4c%16c%14c%152)C513)C%12)C8,0.85,11.2,61.0,5.9,-5.16,-3.2,-5.9,-3.9,,,2020,10.1021/acs.macromol.0c01655,"OPV-DB (Qiu, J., Zenodo, 2026, doi:10.5281/zenodo.20841543)"
PDT2fBT-BT10,PC71BM,CCCCCCCCCCCCC(CCCCCCCCCC)Cc1csc(-c2c(F)c(F)c(-c3cc(CC(CCCCCCCCCC)CCCCCCCCCCCC)c(-c4ccc(-c5ccc(-c6c(F)c(F)c(-c7ccc(-c8cccs8)s7)c7nsnc67)s5)s4)s3)c3nsnc23)c1,COC(=O)CCCC1(c2ccccc2)C23c4c5ccc6c7cc8c9c%10c(cc%11cc%12c%13c%14c(cc%15c%16ccc-5c2c%16c2c5c%16c%17c(c(c46)c7c9c%17c4c%10c%11c%13c4c%16c%14c%152)C513)C%12)C8,0.766,19.26,63.71,9.42,-5.42,-3.8,-5.9,-3.9,,,2020,10.1002/adma.202002217,"OPV-DB (Qiu, J., Zenodo, 2026, doi:10.5281/zenodo.20841543)"
PTB7-Th,ITIC,CCCCC(CC)COC(=O)c1sc2csc(-c3cc4c(-c5ccc(CC(CC)CCCC)s5)c5sccc5c(-c5ccc(CC(CC)CCCC)s5)c4s3)c2c1F,CCCCCCc1ccc(C2(c3ccc(CCCCCC)cc3)c3cc4c(cc3-c3sc5cc(C=C6C(=O)c7ccccc7C6=C(C#N)C#N)sc5c32)C(c2ccc(CCCCCC)cc2)(c2ccc(CCCCCC)cc2)c2c-4sc3cc(C=C4C(=O)c5ccccc5C4=C(C#N)C#N)sc23)cc1,0.791,17.81,65.63,9.5,-5.21,-3.6,-5.576,-3.916,,,2020,10.1016/j.orgel.2020.105827,"OPV-DB (Qiu, J., Zenodo, 2026, doi:10.5281/zenodo.20841543)"
PBDT-2FBnT,ITIC,CCCCC(CC)Cc1ccc(-c2c3cc(-c4sc(-c5cc(F)c(-c6cccs6)cc5F)cc4CC(CC)CCCC)sc3c(-c3ccc(CC(CC)CCCC)s3)c3ccsc23)s1,CCCCCCc1ccc(C2(c3ccc(CCCCCC)cc3)c3cc4c(cc3-c3sc5cc(C=C6C(=O)c7ccccc7C6=C(C#N)C#N)sc5c32)C(c2ccc(CCCCCC)cc2)(c2ccc(CCCCCC)cc2)c2c-4sc3cc(C=C4C(=O)c5ccccc5C4=C(C#N)C#N)sc23)cc1,0.919,16.1,64.1,9.5,-5.48,-3.45,-5.576,-3.916,,,2020,10.1016/j.solener.2020.06.090,"OPV-DB (Qiu, J., Zenodo, 2026, doi:10.5281/zenodo.20841543)"
S1,IDTTP-4F,CCCCC(CC)Cc1sc(-c2c3cc(-c4ccc(-c5sc(-c6ccc(-c7cc8c(-c9cc(F)c(CC(CC)CCCC)s9)c9sc(-c%10scc(C(=O)OC)c%10F)cc9c(-c9cc(F)c(CC(CC)CCCC)s9)c8s7)s6)c6c5C(=O)c5c(CC(CC)CCCC)sc(CC(CC)CCCC)c5C6=O)s4)sc3c(-c3cc(F)c(CC(CC)CCCC)s3)c3ccsc23)cc1F,CCCCCCc1ccc(C2(c3ccc(CCCCCC)cc3)c3cc4c(cc3-c3sc5cc(/C=C6\C(=O)c7cc(F)c(F)cc7C6=C(C#N)C#N)sc5c32)C(c2ccc(CCCCCC)cc2)(c2ccc(CCCCCC)cc2)c2c-4sc3c4sc(/C=C5\C(=O)c6cc(F)c(F)cc6C5=C(C#N)C#N)cc4n(CC(CC)CCCC)c23)cc1,0.897,21.4,70.2,13.5,-5.52,-3.72,-5.53,-3.97,,,2020,10.1002/adfm.202000383,"OPV-DB (Qiu, J., Zenodo, 2026, doi:10.5281/zenodo.20841543)"
PBDB-T,IDTTC,CCCCC(CC)Cc1ccc(-c2c3cc(-c4ccc(-c5sc(-c6cccs6)c6c5C(=O)c5c(CC(CC)CCCC)sc(CC(CC)CCCC)c5C6=O)s4)sc3c(-c3ccc(CC(CC)CCCC)s3)c3ccsc23)s1,CCCCCCc1ccc(C2(c3ccc(CCCCCC)cc3)c3cc4c(cc3-c3sc5cc(/C=C6\C(=O)C7Sc8ccsc8C7C6=C(C#N)C#N)sc5c32)C(c2ccc(CCCCCC)cc2)(c2ccc(CCCCCC)cc2)c2c-4sc3cc(/C=C4\C(=O)C5Sc6ccsc6C5C4=C(C#N)C#N)sc23)cc1,1.01,18.25,73.2,13.49,-5.33,-3.48,-5.4,-3.72,,,2020,10.1039/d0nr00698j,"OPV-DB (Qiu, J., Zenodo, 2026, doi:10.5281/zenodo.20841543)"
PBDB-TF,BTP-S2,CCCCC(CC)Cc1sc(-c2c3cc(-c4ccc(-c5sc(-c6cccs6)c6c5C(=O)c5c(CC(CC)CCCC)sc(CC(CC)CCCC)c5C6=O)s4)sc3c(-c3cc(F)c(CC(CC)CCCC)s3)c3ccsc23)cc1F,CCCCCCCCCCCc1c(/C=C2\C(=O)c3cc(Cl)c(Cl)cc3C2=C(C#N)C#N)sc2c1sc1c3c4nsnc4c4c5sc6c(CCCCCCCCCCC)c(/C=C7\C(=O)c8c(Cl)c(Cl)c(Cl)c(Cl)c8C7=C(C#N)C#N)sc6c5n(CC(CCCC)CCCCCC)c4c3n(CC(CCCC)CCCCCC)c21,0.945,24.07,72.0,16.37,-5.49,-3.64,-5.65,-4.01,,,2020,10.1002/adma.202001160,"OPV-DB (Qiu, J., Zenodo, 2026, doi:10.5281/zenodo.20841543)"
PBDB-T,i-cc23,CCCCC(CC)Cc1ccc(-c2c3cc(-c4ccc(-c5sc(-c6cccs6)c6c5C(=O)c5c(CC(CC)CCCC)sc(CC(CC)CCCC)c5C6=O)s4)sc3c(-c3ccc(CC(CC)CCCC)s3)c3ccsc23)s1,CCCCCCc1ccc(C2(c3ccc(CCCCCC)cc3)c3cc4c(cc3-c3sc(-c5scc(/C=C6\C(=O)c7sccc7C6=C(C#N)C#N)c5OCC(CC)CCCC)cc32)C(c2ccc(CCCCCC)cc2)(c2ccc(CCCCCC)cc2)c2cc(-c3scc(/C=C5\C(=O)c6sccc6C5=C(C#N)C#N)c3OCC(CC)CCCC)sc2-4)cc1,1.09,11.1,59.5,7.23,-5.33,-3.48,-5.34,-3.64,,,2020,10.1021/acsami.0c03842,"OPV-DB (Qiu, J., Zenodo, 2026, doi:10.5281/zenodo.20841543)"
PBQ10,Y6,CCCCCCCCC(CCCCCC)COc1cnc2c(-c3ccc(-c4cc5c(-c6cc(F)c(CC(CC)CCCC)s6)c6sccc6c(-c6cc(F)c(CC(CC)CCCC)s6)c5s4)s3)c(F)c(F)c(-c3cccs3)c2n1,CCCCCCCCCCCc1c(/C=C2\C(=O)c3cc(F)c(F)cc3C2=C(C#N)C#N)sc2c1sc1c3c4nsnc4c4c5sc6c(CCCCCCCCCCC)c(/C=C7\C(=O)c8cc(F)c(F)cc8C7=C(C#N)C#N)sc6c5n(CC(CC)CCCC)c4c3n(CC(CC)CCCC)c21,0.85,25.77,74.6,16.34,-5.455,-3.12,-5.65,-4.1,,,2020,10.1021/acs.chemmater.0c00459,"OPV-DB (Qiu, J., Zenodo, 2026, doi:10.5281/zenodo.20841543)"
OPz1,Y6,CCCCC(CC)Cc1sc(-c2c3cc(-c4ccc(-c5sc(-c6ccc(-c7cc8c(-c9cc(F)c(CC(CC)CCCC)s9)c9sc(-c%10nc(C(=O)OCC)cs%10)cc9c(-c9cc(F)c(CC(CC)CCCC)s9)c8s7)s6)c6c5C(=O)c5c(CC(CC)CCCC)sc(CC(CC)CCCC)c5C6=O)s4)sc3c(-c3cc(F)c(CC(CC)CCCC)s3)c3ccsc23)cc1F,CCCCCCCCCCCc1c(/C=C2\C(=O)c3cc(F)c(F)cc3C2=C(C#N)C#N)sc2c1sc1c3c4nsnc4c4c5sc6c(CCCCCCCCCCC)c(/C=C7\C(=O)c8cc(F)c(F)cc8C7=C(C#N)C#N)sc6c5n(CC(CC)CCCC)c4c3n(CC(CC)CCCC)c21,0.871,25.34,73.7,16.28,-5.52,-3.62,-5.65,-4.1,,,2020,10.1021/acs.macromol.0c01462,"OPV-DB (Qiu, J., Zenodo, 2026, doi:10.5281/zenodo.20841543)"
PBDB-TF,TPT10,CCCCC(CC)Cc1sc(-c2c3cc(-c4ccc(-c5sc(-c6cccs6)c6c5C(=O)c5c(CC(CC)CCCC)sc(CC(CC)CCCC)c5C6=O)s4)sc3c(-c3cc(F)c(CC(CC)CCCC)s3)c3ccsc23)cc1F,O=C(C(C=C(Br)C=C1)=C1C/2=C(C#N)/C#N)C2=C/C3=C(CCCCCCCCCCC)C(SC4=C5N(CC(CC)CCCC)C6=C4C7=NSN=C7C8=C6N(CC(CC)CCCC)C9=C8SC%10=C9SC(/C=C%11/C(C%12=C(C%11=O)C=CC(Br)=C%12)=C(C#N)\\C#N)=C%10CCCCCCCCCCC)=C5S3,0.899,23.91,73.0,16.26,-5.5,-3.61,-5.52,-3.99,,,2020,10.1039/d0ta04941g,"OPV-DB (Qiu, J., Zenodo, 2026, doi:10.5281/zenodo.20841543)"
W1,Y6,CCOc1c(OCC)c(-c2ccc(-c3cc4c(-c5cc(F)c(CC)s5)c5sc(-c6ccc(-c7c(F)c(F)c(-c8ccc(-c9cc%10c(-c%11cc(F)c(CC)s%11)c%11sc(-c%12ccc(-c%13c(F)c(F)c(-c%14ccc(-c%15cc%16c(-c%17cc(F)c(CC)s%17)c%17sccc%17c(-c%17cc(F)c(CC)s%17)c%16s%15)s%14)c(OCC)c%13OCC)s%12)cc%11c(-c%11cc(F)c(CC)s%11)c%10s9)s8)c(OCC)c7OCC)s6)cc5c(-c5cc(F)c(CC)s5)c4s3)s2)c(F)c(F)c1-c1cccs1,CCCCCCCCCCCc1c(/C=C2\C(=O)c3cc(F)c(F)cc3C2=C(C#N)C#N)sc2c1sc1c3c4nsnc4c4c5sc6c(CCCCCCCCCCC)c(/C=C7\C(=O)c8cc(F)c(F)cc8C7=C(C#N)C#N)sc6c5n(CC(CC)CCCC)c4c3n(CC(CC)CCCC)c21,0.881,26.01,70.8,16.23,-5.65,-4.1,-5.65,-4.09,,,2020,10.1016/j.nanoen.2020.105161,"OPV-DB (Qiu, J., Zenodo, 2026, doi:10.5281/zenodo.20841543)"
PBDB-T,m-4TBC-2F,CCCCC(CC)Cc1ccc(-c2c3cc(-c4ccc(-c5sc(-c6cccs6)c6c5C(=O)c5c(CC(CC)CCCC)sc(CC(CC)CCCC)c5C6=O)s4)sc3c(-c3ccc(CC(CC)CCCC)s3)c3ccsc23)s1,CCOc1cc(OCC)cc(-c2cc(-c3ccc(/C=C4\C(=O)c5cc(F)c(F)cc5C4=C(C#N)C#N)s3)sc2-c2sc(-c3ccc(/C=C4\C(=O)c5cc(F)c(F)cc5C4=C(C#N)C#N)s3)cc2-c2cc(OCC)cc(OCC)c2)c1,0.84,7.9,40.0,2.63,-5.33,-3.48,-5.68,-4.0,,,2020,10.1002/anie.202010856,"OPV-DB (Qiu, J., Zenodo, 2026, doi:10.5281/zenodo.20841543)"
PBTATBT-2f,Y6,CCCCCCCCC(CCCCCC)Cc1csc(-c2c(F)c(F)c(-c3cc(CC(CCCCCC)CCCCCCCC)c(-c4ccc(-c5ccc(-c6cccs6)c6nsnc56)s4)s3)c3nc(CC(CCCCCC)CCCCCCCC)sc23)c1,CCCCCCCCCCCc1c(/C=C2\C(=O)c3cc(F)c(F)cc3C2=C(C#N)C#N)sc2c1sc1c3c4nsnc4c4c5sc6c(CCCCCCCCCCC)c(/C=C7\C(=O)c8cc(F)c(F)cc8C7=C(C#N)C#N)sc6c5n(CC(CC)CCCC)c4c3n(CC(CC)CCCC)c21,0.9,10.07,28.9,2.61,-5.45,-3.76,-5.65,-4.09,,,2020,10.1021/acsenergylett.0c00691,"OPV-DB (Qiu, J., Zenodo, 2026, doi:10.5281/zenodo.20841543)"
PBD-SF,INIC,CCCCC(CC)CSc1sc(-c2c3cc(-c4ccc(-c5sc(-c6cccs6)c6c5C(=O)c5c(CC(CC)CCCC)sc(CC(CC)CCCC)c5C6=O)s4)sc3c(-c3cc(F)c(SCC(CC)CCCC)s3)c3ccsc23)cc1F,CCCCCCc1ccc(C2(c3ccc(CCCCCC)cc3)c3cc4c(cc3-c3sc5c(sc6cc(/C=C7\C(=O)c8ccccc8C7=C(C#N)C#N)sc65)c32)C(c2ccc(CCCCCC)cc2)(c2ccc(CCCCCC)cc2)c2c-4sc3c2sc2cc(/C=C4\C(=O)c5ccccc5C4=C(C#N)C#N)sc23)cc1,1.06,9.89,49.0,5.1,-5.32,-3.51,-5.45,-3.88,,,2020,10.1002/adma.202000645,"OPV-DB (Qiu, J., Zenodo, 2026, doi:10.5281/zenodo.20841543)"
PBDB-T,BTCPDTO4,CCCCC(CC)Cc1ccc(-c2c3cc(-c4ccc(-c5sc(-c6cccs6)c6c5C(=O)c5c(CC(CC)CCCC)sc(CC(CC)CCCC)c5C6=O)s4)sc3c(-c3ccc(CC(CC)CCCC)s3)c3ccsc23)s1,CCOc1c(OCC)c(-c2cc3c(s2)-c2sc(/C=C4\C(=O)c5cc(F)c(F)cc5C4=C(C#N)C#N)cc2C3(CC)CC)c2nsnc2c1-c1cc2c(s1)-c1sc(/C=C3\C(=O)c4cc(F)c(F)cc4C3=C(C#N)C#N)cc1C2(CC)CC,0.78,21.21,71.0,11.85,-5.33,-3.48,-5.52,-3.9,,,2020,10.1021/acsaem.0c02083,"OPV-DB (Qiu, J., Zenodo, 2026, doi:10.5281/zenodo.20841543)"
PBDB-T,PG1,CCCCC(CC)Cc1ccc(-c2c3cc(-c4ccc(-c5sc(-c6cccs6)c6c5C(=O)c5c(CC(CC)CCCC)sc(CC(CC)CCCC)c5C6=O)s4)sc3c(-c3ccc(CC(CC)CCCC)s3)c3ccsc23)s1,CCCCCCCCC(CCCCCC)Cn1nc2c(-c3cccs3)c(F)c(F)c(-c3ccc(-c4cc5c(-c6ccc([Si](CCC)(CCC)CCC)s6)c6sccc6c(-c6ccc([Si](CCC)(CCC)CCC)s6)c5s4)s3)c2n1,0.94,17.8,69.0,11.5,-5.33,-3.48,-5.66,-3.81,,,2020,10.1039/d0tc03303k,"OPV-DB (Qiu, J., Zenodo, 2026, doi:10.5281/zenodo.20841543)"
PM6,NTO-4F,CCCCC(CC)Cc1sc(-c2c3cc(-c4ccc(-c5sc(-c6cccs6)c6c5C(=O)c5c(CC(CC)CCCC)sc(CC(CC)CCCC)c5C6=O)s4)sc3c(-c3cc(F)c(CC(CC)CCCC)s3)c3ccsc23)cc1F,CCCCCCc1ccc(C2(c3ccc(CCCCCC)cc3)c3cc(/C=C4\C(=O)c5cc(F)c(F)cc5C4=C(C#N)C#N)sc3-c3sc4c(cc(OCC(CC)CCCC)c5c6sc7c(c6cc(OCC(CC)CCCC)c45)C(c4ccc(CCCCCC)cc4)(c4ccc(CCCCCC)cc4)c4cc(/C=C5\C(=O)c6cc(F)c(F)cc6C5=C(C#N)C#N)sc4-7)c32)cc1,0.99,19.1,61.0,11.5,-5.56,-3.65,-5.61,-3.88,,,2020,10.1039/d0tc00270d,"OPV-DB (Qiu, J., Zenodo, 2026, doi:10.5281/zenodo.20841543)"
J71,BTP-BO-4Cl,CCCCCCCCC(CCCCCC)Cn1nc2c(-c3cccs3)c(F)c(F)c(-c3ccc(-c4cc5c(-c6ccc([Si](CCC)(CCC)CCC)s6)c6sccc6c(-c6ccc([Si](CCC)(CCC)CCC)s6)c5s4)s3)c2n1,CCCCCCCCCCCc1c(/C=C2\C(=O)c3cc(Cl)c(Cl)cc3C2=C(C#N)C#N)sc2c1Cc1c-2n(CC(CCCC)CCCCCC)c2c1c1nsnc1c1c3c(n(CC(CCCC)CCCCCC)c12)-c1sc(/C=C2\C(=O)c4cc(Cl)c(Cl)cc4C2=C(C#N)C#N)c(CCCCCCCCCCC)c1C3,0.881,22.88,57.79,11.63,-5.4,-3.24,-5.62,-4.05,,,2020,10.1039/d0se00605j,"OPV-DB (Qiu, J., Zenodo, 2026, doi:10.5281/zenodo.20841543)"
PBDTS-TPTI,PC71BM,CCCCCCCCCCC(CCCCCCCC)Cn1c(=O)c2cc3c(cc2c2sccc21)c(=O)n(CC(CCCCCCCC)CCCCCCCCCC)c1cc(-c2cc4c(-c5ccc(SCC(CC)CCCC)s5)c5sccc5c(-c5ccc(SCC(CC)CCCC)s5)c4s2)sc31,COC(=O)CCCC1(c2ccccc2)C23c4c5ccc6c7cc8c9c%10c(cc%11cc%12c%13c%14c(cc%15c%16ccc-5c2c%16c2c5c%16c%17c(c(c46)c7c9c%17c4c%10c%11c%13c4c%16c%14c%152)C513)C%12)C8,0.99,12.6,42.7,5.35,-5.56,-3.76,-5.9,-3.9,,,2020,10.1016/j.synthmet.2020.116413,"OPV-DB (Qiu, J., Zenodo, 2026, doi:10.5281/zenodo.20841543)"
PBDB-T,PIDIC2T2Cl,CCCCC(CC)Cc1ccc(-c2c3cc(-c4ccc(-c5sc(-c6cccs6)c6c5C(=O)c5c(CC(CC)CCCC)sc(CC(CC)CCCC)c5C6=O)s4)sc3c(-c3ccc(CC(CC)CCCC)s3)c3ccsc23)s1,CCCCCCCCCCCCCCCCC1(CCCCCCCCCCCCCCCC)c2cc3c(cc2-c2sc(/C=C4\C(=O)c5ccccc5C4=C(C#N)C#N)cc21)C(CCCCCCCCCCCCCCCC)(CCCCCCCCCCCCCCCC)c1cc(/C=C2\C(=O)c4ccc(-c5cc(Cl)c(-c6sccc6Cl)s5)cc4C2=C(C#N)C#N)sc1-3,0.82,10.75,60.0,5.34,-5.33,-3.48,-5.67,-3.87,,,2020,10.1021/acsami.0c08442,"OPV-DB (Qiu, J., Zenodo, 2026, doi:10.5281/zenodo.20841543)"
PBDB-T,IDT-Fu-IC,CCCCC(CC)Cc1ccc(-c2c3cc(-c4ccc(-c5sc(-c6cccs6)c6c5C(=O)c5c(CC(CC)CCCC)sc(CC(CC)CCCC)c5C6=O)s4)sc3c(-c3ccc(CC(CC)CCCC)s3)c3ccsc23)s1,CCCCCCOc1ccc(C2(c3ccc(OCCCCCC)cc3)c3cc4c(cc3-c3sc(-c5ccc(/C=C6\C(=O)c7ccccc7C6=C(C#N)C#N)o5)cc32)C(c2ccc(OCCCCCC)cc2)(c2ccc(OCCCCCC)cc2)c2cc(-c3ccc(/C=C5\C(=O)c6ccccc6C5=C(C#N)C#N)o3)sc2-4)cc1,0.95,10.87,51.51,5.32,-5.33,-3.48,-5.35,-3.86,,,2020,10.1016/j.orgel.2020.106015,"OPV-DB (Qiu, J., Zenodo, 2026, doi:10.5281/zenodo.20841543)"
T-EHPPD-T-EHBDT,ITIC-F,CCc1ccc(-c2c3cc(-c4ccc(-c5nnc(-c6ccc(-c7cc8c(-c9ccc(CC)s9)c9sc(-c%10ccc(-c%11nnc(-c%12ccc(-c%13cc%14c(-c%15ccc(CC)s%15)c%15sc(-c%16ccc(-c%17nnc(-c%18cccs%18)c%18c%17C(=O)N(CC)C%18=O)s%16)cc%15c(-c%15ccc(CC)s%15)c%14s%13)s%12)c%12c%11C(=O)N(CC)C%12=O)s%10)cc9c(-c9ccc(CC)s9)c8s7)s6)c6c5C(=O)N(CC)C6=O)s4)sc3c(-c3ccc(CC)s3)c3ccsc23)s1,CCc1ccc(C2(c3ccc(CC)cc3)c3cc4c(cc3-c3sc5cc(/C=C6\C(=O)c7cc(F)c(F)cc7C6=C(C#N)C#N)sc5c32)C(c2ccc(CC)cc2)(c2ccc(CC)cc2)c2c-4sc3cc(/C=C4\C(=O)c5cc(F)c(F)cc5C4=C(C#N)C#N)sc23)cc1,0.773,17.2,56.0,7.39,-5.47,-3.68,-5.66,-4.14,,,2020,10.1039/d0nj04573j,"OPV-DB (Qiu, J., Zenodo, 2026, doi:10.5281/zenodo.20841543)"
PTB7-Th,PBTP,CCCCC(CC)COC(=O)c1sc2csc(-c3cc4c(-c5ccc(CC(CC)CCCC)s5)c5sccc5c(-c5ccc(CC(CC)CCCC)s5)c4s3)c2c1F,CCCCCCCCCCC(CCCCCCCC)Cn1c(=O)c2ccsc2c2sc(-c3cc4c(=O)n(CC(CCCCCCCC)CCCCCCCCCC)c(=O)c5c(sc6c5sc5c7sc(-c8cc9c(=O)n(CC(CCCCCCCC)CCCCCCCCCC)c(=O)c%10cc(-c%11scc%12nc(CCCCCC)c(CCCCCC)nc%11%12)sc%10c9s8)cc7c(=O)n(CCC(CCCCCCCC)CCCCCCCCC)c(=O)c56)c4s3)cc2c1=O,1.02,13.28,54.14,7.35,-5.29,-3.72,-6.0,-3.58,,,2020,10.1016/j.dyepig.2020.109049,"OPV-DB (Qiu, J., Zenodo, 2026, doi:10.5281/zenodo.20841543)"
J101,MeIC,CCCCCCCCC(CCCCCC)Cn1nc2c(-c3cccs3)c(Cl)c(Cl)c(-c3ccc(-c4cc5c(-c6ccc([Si](CCC)(CCC)CCC)s6)c6sccc6c(-c6ccc([Si](CCC)(CCC)CCC)s6)c5s4)s3)c2n1,CCCCCCc1ccc(C2(c3ccc(CCCCCC)cc3)c3cc4c(cc3-c3sc5cc(/C=C6\C(=O)c7c(csc7C)C6=C(C#N)C#N)sc5c32)C(c2ccc(CCCCCC)cc2)(c2ccc(CCCCCC)cc2)c2c-4sc3cc(/C=C4\C(=O)c5c(csc5C)C4=C(C#N)C#N)sc23)cc1,0.94,17.8,70.72,11.83,-5.3,-3.5,-5.57,-3.93,,,2020,10.1016/j.orgel.2020.105880,"OPV-DB (Qiu, J., Zenodo, 2026, doi:10.5281/zenodo.20841543)"
PBDB-TF,AOIC2,CCCCC(CC)Cc1sc(-c2c3cc(-c4ccc(-c5sc(-c6cccs6)c6c5C(=O)c5c(CC(CC)CCCC)sc(CC(CC)CCCC)c5C6=O)s4)sc3c(-c3cc(F)c(CC(CC)CCCC)s3)c3ccsc23)cc1F,CCCCCCc1ccc(C2(c3ccc(CCCCCC)cc3)c3cc4c(cc3-c3sc(/C=C5\C(=O)c6cc(F)c(F)cc6C5=C(C#N)C#N)cc32)C(c2ccc(CCCCCC)cc2)(c2ccc(CCCCCC)cc2)c2c-4sc3c4c(sc23)-c2sc(/C=C3\C(=O)c5cc(F)c(F)cc5C3=C(C#N)C#N)cc2C4(c2ccc(CCCCCC)cc2)c2ccc(CCCCCC)cc2)cc1,0.918,19.41,66.2,11.8,-5.49,-3.64,-5.62,-3.83,,,2020,10.1021/acs.chemmater.0c04318,"OPV-DB (Qiu, J., Zenodo, 2026, doi:10.5281/zenodo.20841543)"
PM6,TSeIC4Br,CCCCC(CC)Cc1sc(-c2c3cc(-c4ccc(-c5sc(-c6cccs6)c6c5C(=O)c5c(CC(CC)CCCC)sc(CC(CC)CCCC)c5C6=O)s4)sc3c(-c3cc(F)c(CC(CC)CCCC)s3)c3ccsc23)cc1F,*/C(C#N)=C1C(=C\c2cc3sc4c(c3[se]2)C(c2ccc(CCCCCC)cc2)(c2ccc(CCCCCC)cc2)c2cc3c(cc2-4)C(c2ccc(CCCCCC)cc2)(c2ccc(CCCCCC)cc2)c2c-3sc3cc(/C=C4\C(=O)c5cc(Br)c(Br)cc5C4=C(C#N)C#N)[se]c23)\C(=O)c2cc(Br)c(Br)cc2\1,0.77,21.27,72.4,11.92,-5.56,-3.65,-5.69,-3.97,,,2020,10.1002/solr.202000212,"OPV-DB (Qiu, J., Zenodo, 2026, doi:10.5281/zenodo.20841543)"
PBDB-T,o-DOC6-2F,CCCCC(CC)Cc1ccc(-c2c3cc(-c4ccc(-c5sc(-c6cccs6)c6c5C(=O)c5c(CC(CC)CCCC)sc(CC(CC)CCCC)c5C6=O)s4)sc3c(-c3ccc(CC(CC)CCCC)s3)c3ccsc23)s1,CCCCCCOc1c(-c2cc3c(s2)-c2sc(/C=C4\C(=O)c5cc(F)c(F)cc5C4=C(C#N)C#N)cc2C3(CC(CC)CCCC)CC(CC)CCCC)ccc(-c2cc3c(s2)-c2sc(/C=C4\C(=O)c5cc(F)c(F)cc5C4=C(C#N)C#N)cc2C3(CC(CC)CCCC)CC(CC)CCCC)c1OCCCCCC,0.89,18.58,71.8,11.87,-5.33,-3.48,-5.49,-3.83,,,2020,10.1021/acsami.0c13993,"OPV-DB (Qiu, J., Zenodo, 2026, doi:10.5281/zenodo.20841543)"
PBDT2FT-TQxT,ITIC,CCCCCCOc1cccc(-c2nc3c(-c4cccs4)c(F)c(F)c(-c4ccc(-c5cc6c(-c7sc(CC(CC)CCCC)c(F)c7F)c7sccc7c(-c7sc(CC(CC)CCCC)c(F)c7F)c6s5)s4)c3nc2-c2cccc(OCCCCCC)c2)c1,CCCCCCc1ccc(C2(c3ccc(CCCCCC)cc3)c3cc4c(cc3-c3sc5cc(C=C6C(=O)c7ccccc7C6=C(C#N)C#N)sc5c32)C(c2ccc(CCCCCC)cc2)(c2ccc(CCCCCC)cc2)c2c-4sc3cc(C=C4C(=O)c5ccccc5C4=C(C#N)C#N)sc23)cc1,0.98,9.46,53.0,5.13,-5.58,-3.37,-5.576,-3.916,,,2020,10.1016/j.dyepig.2020.108577,"OPV-DB (Qiu, J., Zenodo, 2026, doi:10.5281/zenodo.20841543)"
P3HT,TPBT-RCN,CCCCCCc1ccsc1,CCCCCCCCCCCc1c(/C=c2/sc(=C(C#N)C#N)n(CC)c2=O)sc2c1sc1c3c4nsnc4c4c5sc6c(CCCCCCCCCCC)c(/C=c7/sc(=C(C#N)C#N)n(CC)c7=O)sc6c5n(CC(CC)CCCC)c4c3n(CC(CC)CCCC)c21,0.81,10.29,61.4,5.11,-5.01,-3.12,-5.42,-3.71,,,2020,10.1021/acs.jpcc.0c07162,"OPV-DB (Qiu, J., Zenodo, 2026, doi:10.5281/zenodo.20841543)"
PBDB-TF,DTNIF,CCCCC(CC)Cc1sc(-c2c3cc(-c4ccc(-c5sc(-c6cccs6)c6c5C(=O)c5c(CC(CC)CCCC)sc(CC(CC)CCCC)c5C6=O)s4)sc3c(-c3cc(F)c(CC(CC)CCCC)s3)c3ccsc23)cc1F,CCCCC(CC)CC1(CC(CC)CCCC)c2cc(C=C3C(=O)c4cc(F)ccc4C3=C(C#N)C#N)sc2-c2c1ccc1c3c(ccc21)C(CC(CC)CCCC)(CC(CC)CCCC)c1cc(C=C2C(=O)c4cc(F)ccc4C2=C(C#N)C#N)sc1-3,1.01,12.76,56.86,7.31,-5.49,-3.64,-5.82,-3.92,,,2020,10.1039/d0ee03378b,"OPV-DB (Qiu, J., Zenodo, 2026, doi:10.5281/zenodo.20841543)"
PTzBT,PC71BM,CCCCCCCCC(CCCCCC)Cc1ccsc1-c1nc2sc(-c3sc(-c4cc(CC(CCCC)CCCCCC)c(-c5nc6sc(-c7sccc7CC(CCCC)CCCCCC)nc6s5)s4)cc3CC(CCCCCC)CCCCCCCC)nc2s1,CCCCC(=O)OCC1(C2=CC=CC=C2)C3=CC=CC4=CC=CC5=CC=CC6=CC=C7C=CC=CC8=CC=CC1=C8C7=C6C5=C4C3,0.88,11.8,71.0,7.4,-5.12,-2.76,-6.1,-3.9,,,2020,10.1021/acs.macromol.0c01787,"OPV-DB (Qiu, J., Zenodo, 2026, doi:10.5281/zenodo.20841543)"
PTQ10,ZITI-N,CCCCCCCCC(CCCCCC)COc1cnc2c(-c3cccs3)c(F)c(F)cc2n1,CCCCCCC(CCCC)CC1(CC(CCCC)CCCCCC)C2=C(c3cc4c(cc31)c1sc(/C=C3\C(=O)c5cc(F)c(F)cc5C3=C(C#N)C#N)cc1n4C)C(CC(CCCC)CCCCCC)(CC(CCCC)CCCCCC)c1cc3c4sc(/C=C5\C(=O)c6cc(F)c(F)cc6C5=C(C#N)C#N)cc4n(C)c3cc12,0.97,12.81,59.7,7.39,-5.54,-2.92,-5.57,-3.82,,,2020,10.1021/acs.jpcc.0c05654,"OPV-DB (Qiu, J., Zenodo, 2026, doi:10.5281/zenodo.20841543)"
PBPD-p,IT-4F,CCCCC(CC)Cc1ccc(-c2c3cc(-c4ccc(-c5sc(-c6cccs6)c6c5C(=O)c5c(CC(CC)CCCC)sc(CC(CC)CCCC)c5C6=O)s4)sc3c(-c3ccc(CC(CC)CCCC)cc3)c3ccsc23)cc1,CCCCCCc1ccc(C2(c3ccc(CCCCCC)cc3)c3cc4c(cc3-c3sc5cc(/C=C6\C(=O)c7cc(F)c(F)cc7C6=C(C#N)C#N)sc5c32)C(c2ccc(CCCCCC)cc2)(c2ccc(CCCCCC)cc2)c2c-4sc3cc(/C=C4\C(=O)c5cc(F)c(F)cc5C4=C(C#N)C#N)sc23)cc1,0.81,15.97,53.9,6.97,-5.39,-3.57,-5.66,-4.14,,,2020,10.1002/marc.202000170,"OPV-DB (Qiu, J., Zenodo, 2026, doi:10.5281/zenodo.20841543)"
PTQ10,Y1-4F,CCCCCCCCC(CCCCCC)COc1cnc2c(C)c(F)c(F)c(-c3ccc(C)s3)c2n1,CCCCC(CC)Cn1nc2c(n1)c1c3sc4cc(/C=C5\C(=O)c6cc(F)c(F)cc6C5=C(C#N)C#N)sc4c3n(CC(CC)CCCC)c1c1c2c2sc3cc(/C=C4\C(=O)c5cc(F)c(F)cc5C4=C(C#N)C#N)sc3c2n1CC(CC)CCCC,0.85,15.3,52.8,6.9,-5.54,-2.98,-5.56,-4.11,,,2020,10.1021/acs.nanolett.0c05045,"OPV-DB (Qiu, J., Zenodo, 2026, doi:10.5281/zenodo.20841543)"
PffBT-2,PC71BM,CCCCCCC(CCCC)Cc1cc(-c2c(F)c(F)cc3nsnc23)sc1-c1sccc1OC(CCC)CCCCC,COC(=O)CCCC1(c2ccccc2)C23c4c5ccc6c7cc8c9c%10c(cc%11cc%12c%13c%14c(cc%15c%16ccc-5c2c%16c2c5c%16c%17c(c(c46)c7c9c%17c4c%10c%11c%13c4c%16c%14c%152)C513)C%12)C8,0.65,20.01,57.2,7.28,-5.2,-3.74,-5.9,-3.9,,,2020,10.1039/d0nj01006e,"OPV-DB (Qiu, J., Zenodo, 2026, doi:10.5281/zenodo.20841543)"
PDCBT-Cl,ITIC,CCCCCCCCC(CCCCCC)CCOC(=O)c1csc(-c2cc(C(=O)OCCC(CCCCCC)CCCCCCCC)c(-c3ccc(-c4sccc4Cl)s3)s2)c1,CCCCCCc1ccc(C2(c3ccc(CCCCCC)cc3)c3cc4c(cc3-c3sc5cc(C=C6C(=O)c7ccccc7C6=C(C#N)C#N)sc5c32)C(c2ccc(CCCCCC)cc2)(c2ccc(CCCCCC)cc2)c2c-4sc3cc(C=C4C(=O)c5ccccc5C4=C(C#N)C#N)sc23)cc1,1.02,10.8,65.9,7.25,-5.34,-3.01,-5.49,-3.83,,,2020,10.1016/j.joule.2020.04.014,"OPV-DB (Qiu, J., Zenodo, 2026, doi:10.5281/zenodo.20841543)"
PTB7-Th,PBTI2(30HD)-FT,CCCCC(CC)COC(=O)c1sc2csc(-c3cc4c(-c5ccc(CC(CC)CCCC)s5)c5sccc5c(-c5ccc(CC(CC)CCCC)s5)c4s3)c2c1F,CCCCCCCCCCCCC(CCCCCCCCCC)Cn1c(=O)c2ccsc2c2sc3c(sc4c5sc(-c6sc(-c7cc8c(=O)n(CC(CCCCCC)CCCCCCCC)c(=O)c9c(sc%10c9sc9c%11sc(-c%12scc(F)c%12F)cc%11c(=O)n(CC(CCCCCC)CCCCCCCC)c(=O)c9%10)c8s7)c(F)c6F)cc5c(=O)n(CC(CCCCCCCCCC)CCCCCCCCCCCC)c(=O)c43)c2c1=O,1.04,12.54,55.45,7.23,-5.29,-3.72,-6.1,-3.45,,,2020,10.1002/solr.202000436,"OPV-DB (Qiu, J., Zenodo, 2026, doi:10.5281/zenodo.20841543)"
SM1,PC71BM,CCCCCCCCc1cc(/C=C(/C#N)C(=O)OCC(CC)CCCC)sc1-c1ccc(-c2sc(-c3cc4c(-c5ccc(CC(CC)CCCC)s5)c5sc(-c6cc(CCCCCCCC)c(-c7ccc(-c8sc(/C=C(\C#N)C(=O)OCC(CC)CCCC)cc8CCCCCCCC)s7)s6)cc5c(-c5ccc(CC(CC)CCCC)s5)c4s3)cc2CCCCCCCC)s1,COC(=O)CCCC1(c2ccccc2)C23c4c5ccc6c7cc8c9c%10c(cc%11cc%12c%13c%14c(cc%15c%16ccc-5c2c%16c2c5c%16c%17c(c(c46)c7c9c%17c4c%10c%11c%13c4c%16c%14c%152)C513)C%12)C8,1.07,24.49,79.0,20.56,-5.25,-2.8,-5.9,-3.9,,,2020,10.1016/j.nanoen.2020.104708,"OPV-DB (Qiu, J., Zenodo, 2026, doi:10.5281/zenodo.20841543)"
OPz4,Y6,CCCCC(CC)Cc1sc(-c2c3cc(-c4nc(C(=O)OCC)cs4)sc3c(-c3cc(F)c(CC(CC)CCCC)s3)c3ccsc23)cc1F,CCCCCCCCCCCc1c(/C=C2\C(=O)c3cc(F)c(F)cc3C2=C(C#N)C#N)sc2c1sc1c3c4nsnc4c4c5sc6c(CCCCCCCCCCC)c(/C=C7\C(=O)c8cc(F)c(F)cc8C7=C(C#N)C#N)sc6c5n(CC(CC)CCCC)c4c3n(CC(CC)CCCC)c21,0.25,1.48,27.5,0.1,-5.84,-3.68,-5.65,-4.1,,,2020,10.1021/acs.macromol.0c01462,"OPV-DB (Qiu, J., Zenodo, 2026, doi:10.5281/zenodo.20841543)"
J61,P-5T,CCCCCCCCCCCCSc1ccc(-c2c3cc(-c4ccc(-c5c(F)c(F)c(-c6cccs6)c6nn(CC(CCCCCC)CCCCCCCC)nc56)s4)sc3c(-c3ccc(SCCCCCCCCCCCC)s3)c3ccsc23)s1,CCCCCCCCCCC(CCCCCCCC)Cc1sc(CC(CCCCCCCC)CCCCCCCCCC)c2c1C(=O)c1c(-c3ccc(-c4cccs4)s3)sc(-c3ccc(-c4cccs4)s3)c1C2=O,1.23,0.66,23.95,0.2,-5.3,-3.15,-5.41,-3.48,,,2020,10.1039/d0ta07833f,"OPV-DB (Qiu, J., Zenodo, 2026, doi:10.5281/zenodo.20841543)"
J71,BTP-4F-12,CCCCCCCCC(CCCCCC)Cn1nc2c(-c3cccs3)c(F)c(F)c(-c3ccc(-c4cc5c(-c6ccc([Si](CCC)(CCC)CCC)s6)c6sccc6c(-c6ccc([Si](CCC)(CCC)CCC)s6)c5s4)s3)c2n1,CCCCCCCCCCCc1c(/C=C2\C(=O)c3cc(F)c(F)cc3C2=C(C#N)C#N)sc2c1sc1c3c4nsnc4c4c5sc6c(CCCCCCCCCCC)c(/C=C7\C(=O)c8cc(F)c(F)cc8C7=C(C#N)C#N)sc6c5n(CC(CC)CCCC)c4c3n(CC(CC)CCCC)c21,0.841,23.61,58.99,11.7,-5.4,-3.24,-5.65,-4.09,,,2021,10.1002/pol.20210118,"OPV-DB (Qiu, J., Zenodo, 2026, doi:10.5281/zenodo.20841543)"
Nap-SiBTz,N2200,CCCCCCCCC(CCCCCC)COc1ccc2cc(-c3ccc(-c4c5cc(-c6ccc(-c7c(F)c(F)c(-c8cccs8)c8nn(CCCCCC[Si](C)(O[Si](C)(C)C)O[Si](C)(C)C)nc78)s6)sc5c(-c5ccc(-c6ccc7cc(OCC(CCCCCC)CCCCCCCC)ccc7c6)s5)c5ccsc45)s3)ccc2c1,CCCCCCCCCCC(CCCCCCCC)CN1C(=O)c2ccc3c4c(c(-c5ccc(-c6cccs6)s5)cc(c24)C1=O)C(=O)N(CC(CCCCCCCC)CCCCCCCCCC)C3=O,0.84,19.21,70.08,11.66,-5.21,-3.34,-5.71,-4.02,,,2021,10.1021/acsami.1c05921,"OPV-DB (Qiu, J., Zenodo, 2026, doi:10.5281/zenodo.20841543)"
PBDB-T,PNEHD,CCCCC(CC)Cc1ccc(-c2c3cc(-c4ccc(-c5sc(-c6cccs6)c6c5C(=O)c5c(CC(CC)CCCC)sc(CC(CC)CCCC)c5C6=O)s4)sc3c(-c3ccc(CC(CC)CCCC)s3)c3ccsc23)s1,C#Cc1c2ccsc2c(C#Cc2cc3c4c(ccc5c4c2C(=O)N(CC(CCCCCC)CCCCCCCC)C5=O)C(=O)N(CC(CCCCCC)CCCCCCCC)C3=O)c2ccsc12,0.8,1.56,33.0,0.42,-5.33,-3.48,-5.95,-3.84,,,2021,10.1016/j.dyepig.2021.109246,"OPV-DB (Qiu, J., Zenodo, 2026, doi:10.5281/zenodo.20841543)"
PM6,IEICO,CCCCC(CC)Cc1sc(-c2c3cc(-c4ccc(-c5sc(-c6cccs6)c6c5C(=O)c5c(CC(CC)CCCC)sc(CC(CC)CCCC)c5C6=O)s4)sc3c(-c3cc(F)c(CC(CC)CCCC)s3)c3ccsc23)cc1F,CCCCCCc1ccc(C2(c3ccc(CCCCCC)cc3)c3cc4c(cc3-c3sc(-c5sc(/C=C6\C(=O)c7ccccc7C6=C(C#N)C#N)cc5OCC(CC)CCCC)cc32)C(c2ccc(CCCCCC)cc2)(c2ccc(CCCCCC)cc2)c2cc(-c3sc(/C=C5\C(=O)c6ccccc6C5=C(C#N)C#N)cc3OCC(CC)CCCC)sc2-4)cc1,0.923,1.433,30.78,0.41,-5.56,-3.65,-5.32,-3.95,,,2021,10.1002/anie.202103357,"OPV-DB (Qiu, J., Zenodo, 2026, doi:10.5281/zenodo.20841543)"
PBDB-T,PBDB-T,CCCCC(CC)Cc1ccc(-c2c3cc(-c4ccc(-c5sc(-c6cccs6)c6c5C(=O)c5c(CC(CC)CCCC)sc(CC(CC)CCCC)c5C6=O)s4)sc3c(-c3ccc(CC(CC)CCCC)s3)c3ccsc23)s1,CCCCC(CC)Cc1ccc(-c2c3cc(-c4ccc(-c5sc(-c6cccs6)c6c5C(=O)c5c(CC(CC)CCCC)sc(CC(CC)CCCC)c5C6=O)s4)sc3c(-c3ccc(CC(CC)CCCC)s3)c3ccsc23)s1,0.98,1.17,34.8,0.4,-5.33,-3.48,-5.33,-3.48,,,2021,10.1002/adfm.202101892,"OPV-DB (Qiu, J., Zenodo, 2026, doi:10.5281/zenodo.20841543)"
PBDB-T,MS-4F,CCCCC(CC)Cc1ccc(-c2c3cc(-c4ccc(-c5sc(-c6cccs6)c6c5C(=O)c5c(CC(CC)CCCC)sc(CC(CC)CCCC)c5C6=O)s4)sc3c(-c3ccc(CC(CC)CCCC)s3)c3ccsc23)s1,CCCCCCCCCCC(CCCCCCCC)Cn1c2c(sc3c4sc(/C=C5\C(=O)c6cc(F)c(F)cc6\C5=C(\C#N)N=O)cc4c4nn(CC(CC)CC)nc4c32)c2c3nsnc3c3c4sc5c6sc(/C=C7\C(=O)c8cc(F)c(F)cc8C7=C(C#N)C#N)cc6c6nn(CC(CC)CCCC)nc6c5c4n(CC(CCCCCCCC)CCCCCCCCCC)c3c21,0.85,19.61,70.6,11.75,-5.33,-3.48,-5.63,-3.91,,,2021,10.1002/cssc.202100592,"OPV-DB (Qiu, J., Zenodo, 2026, doi:10.5281/zenodo.20841543)"
PF1,Y6,CCCCCCCCC(CCCCCC)Cc1cc2sc(-c3c4cc(-c5sc(-c6c(F)cc(-c7cc(CC(CC)CCCC)cs7)c7nsnc67)cc5CC(CC)CCCC)sc4c(-c4cc5sc(CC(CCCCCC)CCCCCCCC)cc5s4)c4ccsc34)cc2s1,CCCCCCCCCCCc1c(/C=C2\C(=O)c3cc(F)c(F)cc3C2=C(C#N)C#N)sc2c1sc1c3c4nsnc4c4c5sc6c(CCCCCCCCCCC)c(/C=C7\C(=O)c8cc(F)c(F)cc8C7=C(C#N)C#N)sc6c5n(CC(CC)CCCC)c4c3n(CC(CC)CCCC)c21,0.87,26.3,76.0,17.3,-5.39,-3.7,-5.65,-4.09,,,2021,10.1016/j.cej.2021.134117,"OPV-DB (Qiu, J., Zenodo, 2026, doi:10.5281/zenodo.20841543)"
J52,NoCA-1,CCCCCCCCC(CCCCCC)Cn1nc2c(-c3cccs3)c(F)c(F)c(-c3ccc(-c4cc5c(-c6ccc(CC(CC)CCCC)s6)c6sccc6c(-c6ccc(CC(CC)CCCC)s6)c5s4)s3)c2n1,CCCCC(CC)COc1c(OCC(CC)CCCC)c(-c2cc3c(s2)-c2sc(/C=C4\C(=O)c5cc(F)c(F)cc5C4=C(C#N)C#N)cc2C3(CC(CC)CCCC)CC(CC)CCCC)c2nn(CC(CC)CCCC)nc2c1-c1cc2c(s1)-c1sc(/C=C3\C(=O)c4cc(F)c(F)cc4C3=C(C#N)C#N)cc1C2(CC(CC)CCCC)CC(CC)CCCC,0.769,24.69,61.7,11.71,-5.2,-3.05,-5.45,-3.88,,,2021,10.1002/anie.202106753,"OPV-DB (Qiu, J., Zenodo, 2026, doi:10.5281/zenodo.20841543)"
FTAZ,F9IC,CCCCCCC(CCCC)CCc1c2cc(-c3ccc(-c4c(F)c(F)c(-c5cccs5)c5nn(CC(CCCC)CCCCCC)nc45)s3)sc2c(CCC(CCCC)CCCCCC)c2ccsc12,CCCCCCc1ccc(C2(c3ccc(CCCCCC)cc3)c3cc4c(cc3-c3sc5c(sc6cc(/C=C7\C(=O)c8cc(F)c(F)cc8C7=C(C#N)C#N)sc65)c32)C(c2ccc(CCCCCC)cc2)(c2ccc(CCCCCC)cc2)c2c-4sc3c2sc2cc(/C=C4\C(=O)c5cc(F)c(F)cc5C4=C(C#N)C#N)sc23)cc1,0.873,20.2,66.4,11.7,-5.38,-3.17,-5.52,-3.995,,,2021,10.1002/solr.202100868,"OPV-DB (Qiu, J., Zenodo, 2026, doi:10.5281/zenodo.20841543)"
PBDB-T-2Cl,IDTT-Br-2F,CCCCC(CC)Cc1sc(-c2c3cc(-c4ccc(-c5sc(-c6cccs6)c6c5C(=O)c5c(CC(CC)CCCC)sc(CC(CC)CCCC)c5C6=O)s4)sc3c(-c3cc(Cl)c(CC(CC)CCCC)s3)c3ccsc23)cc1Cl,CCCCCCc1ccc(C2(c3ccc(CCCCCC)cc3)c3cc4c(cc3-c3sc5cc(/C=C6\C(=O)c7cc(F)c(F)cc7C6=C(C#N)C#N)sc5c32)C(c2ccc(CCCCCC)cc2)(c2ccc(CCCCCC)cc2)c2c-4sc3cc(/C=C4\C(=O)c5sc(Br)cc5C4=C(C#N)C#N)sc23)cc1,0.97,17.4,66.1,11.4,-5.52,-3.6,-5.79,-3.99,,,2021,10.1016/j.orgel.2021.106357,"OPV-DB (Qiu, J., Zenodo, 2026, doi:10.5281/zenodo.20841543)"
PBDB-TF,Y25,CCCCC(CC)Cc1sc(-c2c3cc(-c4ccc(-c5sc(-c6cccs6)c6c5C(=O)c5c(CC(CC)CCCC)sc(CC(CC)CCCC)c5C6=O)s4)sc3c(-c3cc(F)c(CC(CC)CCCC)s3)c3ccsc23)cc1F,CCCCC(CC)Cn1nc2c(n1)c1c3sc(/C=C4\C(=O)c5cc(F)c(F)cc5C4=C(C#N)C#N)cc3n(CC(CC)CCCC)c1c1c2c2sc(/C=C3\C(=O)c4cc(F)c(F)cc4C3=C(C#N)C#N)cc2n1CC(CC)CCCC,0.8,20.19,72.1,11.65,-5.49,-3.64,-5.49,-4.06,,,2021,10.1002/solr.202100281,"OPV-DB (Qiu, J., Zenodo, 2026, doi:10.5281/zenodo.20841543)"
PBDB-T,BTP-4Cl,CCCCC(CC)Cc1ccc(-c2c3cc(-c4ccc(-c5sc(-c6cccs6)c6c5C(=O)c5c(CC(CC)CCCC)sc(CC(CC)CCCC)c5C6=O)s4)sc3c(-c3ccc(CC(CC)CCCC)s3)c3ccsc23)s1,CCCCCCCCCc1c(/C=C2\C(=O)c3cc(Cl)c(Cl)cc3C2=C(C#N)C#N)sc2c1sc1c3c4nsnc4c4c5sc6c(CCC)c(/C=C7\C(=O)c8cc(Cl)c(Cl)cc8C7=C(C#N)C#N)sc6c5n(CC(CCCC)CCCCCC)c4c3n(CC(CCCC)CCCCCC)c21,0.75,22.9,68.8,11.8,-5.33,-3.48,-5.66,-4.14,,,2021,10.1002/anie.202102622,"OPV-DB (Qiu, J., Zenodo, 2026, doi:10.5281/zenodo.20841543)"
PBDB-T,MS-4Cl,CCCCC(CC)Cc1ccc(-c2c3cc(-c4ccc(-c5sc(-c6cccs6)c6c5C(=O)c5c(CC(CC)CCCC)sc(CC(CC)CCCC)c5C6=O)s4)sc3c(-c3ccc(CC(CC)CCCC)s3)c3ccsc23)s1,CCCCCCCCCCC(CCCCCCCC)Cn1c2c(sc3c4sc(/C=C5\C(=O)c6cc(Cl)c(Cl)cc6\C5=C(\C#N)N=O)cc4c4nn(CC(CC)CC)nc4c32)c2c3nsnc3c3c4sc5c6sc(/C=C7\C(=O)c8cc(Cl)c(Cl)cc8C7=C(C#N)C#N)cc6c6nn(CC(CC)CCCC)nc6c5c4n(CC(CCCCCCCC)CCCCCCCCCC)c3c21,0.81,20.3,71.2,11.79,-5.33,-3.48,-5.68,-3.99,,,2021,10.1002/cssc.202100592,"OPV-DB (Qiu, J., Zenodo, 2026, doi:10.5281/zenodo.20841543)"
PBDB-T,6TIC-2Br,CCCCC(CC)Cc1ccc(-c2c3cc(-c4ccc(-c5sc(-c6cccs6)c6c5C(=O)c5c(CC(CC)CCCC)sc(CC(CC)CCCC)c5C6=O)s4)sc3c(-c3ccc(CC(CC)CCCC)s3)c3ccsc23)s1,CCCCCCc1ccc(C2(c3ccc(CCCCCC)cc3)c3c(sc4cc(/C=C5\C(=O)c6cc(Br)ccc6C5=C(C#N)C#N)sc34)-c3sc4c5c(sc4c32)-c2sc3cc(/C=C4\C(=O)c6cc(Br)ccc6C4=C(C#N)C#N)sc3c2C5(c2ccc(CCCCCC)cc2)c2ccc(CCCCCC)cc2)cc1,0.76,22.74,68.27,11.77,-5.33,-3.48,-5.42,-4.1,,,2021,10.1016/j.solener.2021.11.077,"OPV-DB (Qiu, J., Zenodo, 2026, doi:10.5281/zenodo.20841543)"
J61,m-ITIC,CCCCCCCCCCCCSc1ccc(-c2c3cc(-c4ccc(-c5c(F)c(F)c(-c6cccs6)c6nn(CC(CCCCCC)CCCCCCCC)nc56)s4)sc3c(-c3ccc(SCCCCCCCCCCCC)s3)c3ccsc23)s1,CCCCCCc1cccc(C2(c3cccc(CCCCCC)c3)c3cc4c(cc3-c3sc5cc(C=C6C(=O)c7ccccc7C6=C(C#N)C#N)sc5c32)C(c2cccc(CCCCCC)c2)(c2cccc(CCCCCC)c2)c2c-4sc3cc(C=C4C(=O)c5ccccc5C4=C(C#N)C#N)sc23)c1,0.91,18.31,70.5,11.77,-5.3,-3.15,-5.527,-3.854,,,2021,10.1016/j.synthmet.2021.116736,"OPV-DB (Qiu, J., Zenodo, 2026, doi:10.5281/zenodo.20841543)"
J71,ITIC,CCCCCCCCC(CCCCCC)Cn1nc2c(-c3cccs3)c(F)c(F)c(-c3ccc(-c4cc5c(-c6ccc([Si](CCC)(CCC)CCC)s6)c6sccc6c(-c6ccc([Si](CCC)(CCC)CCC)s6)c5s4)s3)c2n1,CCCCCCc1ccc(C2(c3ccc(CCCCCC)cc3)c3cc4c(cc3-c3sc5cc(C=C6C(=O)c7ccccc7C6=C(C#N)C#N)sc5c32)C(c2ccc(CCCCCC)cc2)(c2ccc(CCCCCC)cc2)c2c-4sc3cc(C=C4C(=O)c5ccccc5C4=C(C#N)C#N)sc23)cc1,0.94,17.32,69.8,11.41,-5.4,-3.24,-5.576,-3.916,,,2021,10.1016/j.synthmet.2021.116736,"OPV-DB (Qiu, J., Zenodo, 2026, doi:10.5281/zenodo.20841543)"
PBDB-T,PYV,CCCCC(CC)Cc1ccc(-c2c3cc(-c4ccc(-c5sc(-c6cccs6)c6c5C(=O)c5c(CC(CC)CCCC)sc(CC(CC)CCCC)c5C6=O)s4)sc3c(-c3ccc(CC(CC)CCCC)s3)c3ccsc23)s1,C=Cc1ccc2c(c1)C(=O)/C(=C\c1sc3c(sc4c5c6nsnc6c6c7sc8c(CCCCCCCCCCC)c(/C=C9\C(=O)c%10ccccc%10C9=C(C#N)C#N)sc8c7n(CC(CCCCCCCC)CCCCCCCCCC)c6c5n(CC(CCCCCCCC)CCCCCCCCCC)c34)c1CCCCCCCCCCC)C2=C(C#N)C#N,0.84,20.67,66.26,11.51,-5.33,-3.48,-5.61,-3.89,,,2021,10.1016/j.polymer.2021.124104,"OPV-DB (Qiu, J., Zenodo, 2026, doi:10.5281/zenodo.20841543)"
PPDT2FBT,N2200,CCCCCCCCC(CCCCCC)COc1ccc(OCC(CCCCCC)CCCCCCCC)c(-c2ccc(-c3c(F)c(F)c(-c4cccs4)c4nsnc34)s2)c1,CCCCCCCCCCC(CCCCCCCC)CN1C(=O)c2ccc3c4c(c(-c5ccc(-c6cccs6)s5)cc(c24)C1=O)C(=O)N(CC(CCCCCCCC)CCCCCCCCCC)C3=O,0.85,11.9,51.0,5.1,-5.43,-3.67,-5.71,-4.02,,,2021,10.1039/d1tc04800g,"OPV-DB (Qiu, J., Zenodo, 2026, doi:10.5281/zenodo.20841543)"
PBDB-TF,Y-T,CCCCC(CC)Cc1sc(-c2c3cc(-c4ccc(-c5sc(-c6cccs6)c6c5C(=O)c5c(CC(CC)CCCC)sc(CC(CC)CCCC)c5C6=O)s4)sc3c(-c3cc(F)c(CC(CC)CCCC)s3)c3ccsc23)cc1F,CCc1c(C=C2C(=O)N(CC)C(=S)N(CC)C2=O)sc2c1sc1c3c4nsnc4c4c5sc6c(CC)c(C=C7C(=O)N(CC)C(=S)N(CC)C7=O)sc6c5n(CC)c4c3n(CC)c21,1.19,9.21,46.2,5.06,-5.49,-3.64,-5.42,-3.7,,,2021,10.1016/j.nanoen.2021.106538,"OPV-DB (Qiu, J., Zenodo, 2026, doi:10.5281/zenodo.20841543)"
PTQ10,BTP-Th,CCCCCCCCC(CCCCCC)COc1cnc2c(C)c(F)c(F)c(-c3ccc(C)s3)c2n1,CCCCCCCCc1ccc(-c2c(/C=C3\C(=O)c4cc(F)c(F)cc4C3=C(C#N)C#N)sc3c2sc2c4c5nsnc5c5c6sc7c(-c8ccc(CCCCCCCC)s8)c(/C=C8\C(=O)c9cc(F)c(F)cc9C8=C(C#N)C#N)sc7c6n(CC(CC)CCCC)c5c4n(CC(CC)CCCC)c32)s1,0.872,24.8,74.7,16.8,-5.53,-2.81,-5.6,-3.78,,,2021,10.1002/aenm.202100079,"OPV-DB (Qiu, J., Zenodo, 2026, doi:10.5281/zenodo.20841543)"
PM6,BP5T-4F,CCCCC(CC)Cc1sc(-c2c3cc(-c4ccc(-c5sc(-c6cccs6)c6c5C(=O)c5c(CC(CC)CCCC)sc(CC(CC)CCCC)c5C6=O)s4)sc3c(-c3cc(F)c(CC(CC)CCCC)s3)c3ccsc23)cc1F,CCCCCCCCCc1c(/C=C2\C(=O)c3cc(F)c(F)cc3C2=C(C#N)C#N)sc2c1sc1c2sc2c3c4nsnc4c4c5sc6c(CCCCCCCCC)c(/C=C7\C(=O)c8cc(F)c(F)cc8C7=C(C#N)C#N)sc6c5n(CC(CCCC)CCCCCC)c4c3n(CC(CCCC)CCCCCC)c12,0.89,24.6,76.0,16.7,-5.56,-3.65,-5.63,-3.88,,,2021,10.1002/solr.202100868,"OPV-DB (Qiu, J., Zenodo, 2026, doi:10.5281/zenodo.20841543)"
PBDB-T,CPIC-3,CCCCC(CC)Cc1ccc(-c2c3cc(-c4ccc(-c5sc(-c6cccs6)c6c5C(=O)c5c(CC(CC)CCCC)sc(CC(CC)CCCC)c5C6=O)s4)sc3c(-c3ccc(CC(CC)CCCC)s3)c3ccsc23)s1,CCCCCCCCC1(CCCCCCCC)c2cc(/C=C3\C(=O)c4cc(F)c(F)cc4C3=C(C#N)C#N)sc2-c2sc(-c3cc4c(s3)-c3sc(-c5cc6c(s5)-c5sc(/C=C7\C(=O)c8cc(F)c(F)cc8C7=C(C#N)C#N)cc5C6(CCCCCCCC)CCCCCCCC)cc3C4(CCCCCCCC)CCCCCCCC)cc21,0.71,5.77,41.5,1.71,-5.33,-3.48,-5.2,-3.48,,,2021,10.1002/asia.202101147,"OPV-DB (Qiu, J., Zenodo, 2026, doi:10.5281/zenodo.20841543)"
PBDB-T,P(QxCN-T2)-p,CCCCC(CC)Cc1ccc(-c2c3cc(-c4ccc(-c5sc(-c6cccs6)c6c5C(=O)c5c(CC(CC)CCCC)sc(CC(CC)CCCC)c5C6=O)s4)sc3c(-c3ccc(CC(CC)CCCC)s3)c3ccsc23)s1,CCCCCCCCC(CCCCCC)COc1ccc(-c2nc3cc(C#N)c(C#N)c(-c4ccc(-c5cccs5)s4)c3nc2-c2ccc(OCC(CCCCCC)CCCCCCCC)cc2)cc1,0.98,5.16,32.0,1.53,-5.57,-3.42,-5.95,-3.43,,,2021,10.1021/acsami.1c12288,"OPV-DB (Qiu, J., Zenodo, 2026, doi:10.5281/zenodo.20841543)"
P5T-2F,eC9,CCCCCCCCCCC(CCCCCCCC)Cc1sc(CC(CCCCCCCC)CCCCCCCCCC)c2c1C(=O)c1c(-c3ccc(-c4cc(F)cs4)s3)sc(-c3ccc(-c4cc(F)cs4)s3)c1C2=O,CCCCCCCCCc1c(/C=C2\C(=O)c3cc(Cl)c(Cl)cc3C2=C(C#N)C#N)sc2c1sc1c3c4nsnc4c4c5sc6c(CCCCCCCCC)c(/C=C7\C(=O)c8cc(Cl)c(Cl)cc8C7=C(C#N)C#N)sc6c5n(CC(CCCC)CCCCCC)c4c3n(CC(CCCC)CCCCCC)c21,0.837,26.5,78.9,17.7,-5.51,-3.56,-5.68,-3.9,,,2021,10.1021/acsmaterialslett.1c00328,"OPV-DB (Qiu, J., Zenodo, 2026, doi:10.5281/zenodo.20841543)"
PTQ10,BTP-Ph,CCCCCCCCC(CCCCCC)COc1cnc2c(C)c(F)c(F)c(-c3ccc(C)s3)c2n1,CCCCCCc1ccc(-c2c(/C=C3\C(=O)c4cc(F)c(F)cc4C3=C(C#N)C#N)sc3c2sc2c4c5nsnc5c5c6sc7c(-c8ccc(CCCCCC)cc8)c(/C=C8\C(=O)c9cc(F)c(F)cc9C8=C(C#N)C#N)sc7c6n(CC(CC)CCCC)c5c4n(CC(CC)CCCC)c32)cc1,0.882,24.3,75.3,17.1,-5.53,-2.81,-5.58,-3.79,,,2021,10.1002/aenm.202100079,"OPV-DB (Qiu, J., Zenodo, 2026, doi:10.5281/zenodo.20841543)"
PBDB-T,L1,CCCCC(CC)Cc1ccc(-c2c3cc(-c4ccc(-c5sc(-c6cccs6)c6c5C(=O)c5c(CC(CC)CCCC)sc(CC(CC)CCCC)c5C6=O)s4)sc3c(-c3ccc(CC(CC)CCCC)s3)c3ccsc23)s1,CCc1csc(-c2cc3oc(=O)c4cc(-c5cc(CC)c(-c6cc7c(-c8ccc(CC)s8)c8sc(-c9sc(-c%10cc%11oc(=O)c%12cc(-c%13cc(CC)c(-c%14cc%15c(-c%16ccc(CC)s%16)c%16sc(-c%17sc(-c%18cc%19oc(=O)c%20cc(-c%21cc(CC)c(-c%22cc%23c(-c%24ccc(CC)s%24)c%24sccc%24c(-c%24ccc(CC)s%24)c%23s%22)s%21)sc%20c%19s%18)cc%17CC)cc%16c(-c%16ccc(CC)s%16)c%15s%14)s%13)sc%12c%11s%10)cc9CC)cc8c(-c8ccc(CC)s8)c7s6)s5)sc4c3s2)c1,0.69,7.44,40.27,2.07,-5.33,-3.48,-5.45,-2.79,,,2021,10.1039/d1tc04425g,"OPV-DB (Qiu, J., Zenodo, 2026, doi:10.5281/zenodo.20841543)"
D18-Cl,BTFM,CCCCCCC(CCCC)Cc1csc(-c2cc3c4nsnc4c4cc(-c5cc(CC(CCCC)CCCCCC)c(-c6cc7c(-c8cc(Cl)c(CC(CC)CCCC)s8)c8sccc8c(-c8cc(Cl)c(CC(CC)CCCC)s8)c7s6)s5)sc4c3s2)c1,CCCCCCCCCCCc1c(/C=C2\C(=O)c3cc4cc(C(F)(F)F)ccc4cc3C2=C(C#N)C#N)sc2c1sc1c3c4nsnc4c4c5sc6c(CCCCCCCCCCC)c(/C=C7\C(=O)c8cc9cc(C(F)(F)F)ccc9cc8C7=C(C#N)C#N)sc6c5n(CC(CCCC)CCCCCC)c4c3n(CC(CCCC)CCCCCC)c21,0.875,26.72,73.12,17.1,-5.48,-2.75,-5.62,-4.04,,,2021,10.1039/d1ee03225a,"OPV-DB (Qiu, J., Zenodo, 2026, doi:10.5281/zenodo.20841543)"
PBDB-T,LL3,CCCCC(CC)Cc1ccc(-c2c3cc(-c4ccc(-c5sc(-c6cccs6)c6c5C(=O)c5c(CC(CC)CCCC)sc(CC(CC)CCCC)c5C6=O)s4)sc3c(-c3ccc(CC(CC)CCCC)s3)c3ccsc23)s1,CCCCCCCCc1c(/C=C2\C(=O)c3cc(Cl)c(Cl)cc3C2=C(C#N)C#N)sc2c1sc1c3c4nn(CC)nc4c4c5sc6c(CCCCCCCC)c(/C=C7\C(=O)c8cc9c(cc8C7=C(C#N)C#N)C7C8C=CC(C8)C97)sc6c5n(CC)c4c3n(CC)c21,0.86,26.97,72.3,16.82,-5.33,-3.48,-5.48,-3.78,,,2021,10.1002/adfm.202103445,"OPV-DB (Qiu, J., Zenodo, 2026, doi:10.5281/zenodo.20841543)"
PM6,BT-BO-L4F,CCCCC(CC)Cc1sc(-c2c3cc(-c4ccc(-c5sc(-c6cccs6)c6c5C(=O)c5c(CC(CC)CCCC)sc(CC(CC)CCCC)c5C6=O)s4)sc3c(-c3cc(F)c(CC(CC)CCCC)s3)c3ccsc23)cc1F,CCCCCCCCCCCc1c(/C=C2\C(=O)c3cc4cc(F)c(F)cc4cc3C2=C(C#N)C#N)sc2c1sc1c3c4nsnc4c4c5sc6c(CCCCCCCCCCC)c(/C=C7\C(=O)c8cc9cc(F)c(F)cc9cc8C7=C(C#N)C#N)sc6c5n(CC(CCCC)CCCCCC)c4c3n(CC(CCCC)CCCCCC)c21,0.83,27.62,70.52,16.81,-5.56,-3.65,-5.58,-3.98,,,2021,10.1002/aenm.202102172,"OPV-DB (Qiu, J., Zenodo, 2026, doi:10.5281/zenodo.20841543)"
PM6,EH-HD-4F,CCCCC(CC)Cc1sc(-c2c3cc(-c4ccc(-c5sc(-c6cccs6)c6c5C(=O)c5c(CC(CC)CCCC)sc(CC(CC)CCCC)c5C6=O)s4)sc3c(-c3cc(F)c(CC(CC)CCCC)s3)c3ccsc23)cc1F,CCCCCCCCCCCc1c(/C=C2\C(=O)c3cc(F)c(F)cc3C2=C(C#N)C#N)sc2c1sc1c3c4nsnc4c4c5sc6c(CCCCCCCCCCC)c(/C=C7\C(=O)c8cc(F)c(F)cc8C7=C(C#N)C#N)sc6c5n(CC(CCCCCC)CCCCCCCC)c4c3n(CC(CC)CCCC)c21,0.84,27.5,79.3,18.38,-5.56,-3.65,-5.69,-4.04,,,2021,10.1016/j.cej.2021.132832,"OPV-DB (Qiu, J., Zenodo, 2026, doi:10.5281/zenodo.20841543)"
J50,PC71BM,CCCCCCCCC(CCCCCC)Cc1ccc(-c2c3cc(-c4ccc(-c5c(F)c(F)c(-c6cccs6)c6nn(CCCCCCCC)nc56)s4)sc3c(-c3ccc(CC(CCCCCC)CCCCCCCC)s3)c3ccsc23)s1,COC(=O)CCCC1(c2ccccc2)C23c4c5ccc6c7cc8c9c%10c(cc%11cc%12c%13c%14c(cc%15c%16ccc-5c2c%16c2c5c%16c%17c(c(c46)c7c9c%17c4c%10c%11c%13c4c%16c%14c%152)C513)C%12)C8,0.6,5.38,52.8,1.7,-5.13,-3.16,-5.9,-3.9,,,2021,10.1021/accountsmr.1c00119,"OPV-DB (Qiu, J., Zenodo, 2026, doi:10.5281/zenodo.20841543)"
D18-Cl,BTF,CCCCCCC(CCCC)Cc1csc(-c2cc3c4nsnc4c4cc(-c5cc(CC(CCCC)CCCCCC)c(-c6cc7c(-c8cc(Cl)c(CC(CC)CCCC)s8)c8sccc8c(-c8cc(Cl)c(CC(CC)CCCC)s8)c7s6)s5)sc4c3s2)c1,CCCCCCCCCCCc1c(/C=C2\C(=O)c3cc4cc(F)c(F)c(F)c4cc3C2=C(C#N)C#N)sc2c1sc1c3c4nsnc4c4c5sc6c(CCCCCCCCCCC)c(/C=C7\C(=O)c8cc9cc(F)c(F)c(F)c9cc8C7=C(C#N)C#N)sc6c5n(CC(CCCC)CCCCCC)c4c3n(CC(CCCC)CCCCCC)c21,0.863,26.87,74.57,17.3,-5.48,-2.75,-5.65,-4.07,,,2021,10.1039/d1ee03225a,"OPV-DB (Qiu, J., Zenodo, 2026, doi:10.5281/zenodo.20841543)"
D18,BTSe-IC2F,CCCCCCC(CCCC)Cc1csc(-c2cc3c4nsnc4c4cc(-c5cc(CC(CCCC)CCCCCC)c(-c6cc7c(-c8cc(F)c(CC(CC)CCCC)s8)c8sccc8c(-c8cc(F)c(CC(CC)CCCC)s8)c7s6)s5)sc4c3s2)c1,CCCCCCCCCCCc1c(/C=C2\C(=O)c3cc(F)c(F)cc3C2=C(C#N)C#N)sc2c1sc1c3c4n[se]nc4c4c5sc6c(CCCCCCCCCCC)c(/C=C7\C(=O)c8cc(F)c(F)cc8C7=C(C#N)C#N)sc6c5n(CCCCCCCCc5ccccc5)c4c3n(CCCCCCCCc3ccccc3)c21,0.831,26.96,77.22,17.3,-5.51,-2.77,-5.64,-3.95,,,2021,10.1021/acsami.1c20813,"OPV-DB (Qiu, J., Zenodo, 2026, doi:10.5281/zenodo.20841543)"
PMZ-30,Y6,CCCCC(CC)Cc1csc(-c2cnc(-c3cc(CC(CC)CCCC)c(-c4cc5c(-c6cc(F)c(CC(CC)CCCC)s6)c6sc(-c7ccc(-c8sc(-c9ccc(-c%10cc%11c(-c%12cc(F)c(CC(CC)CCCC)s%12)c%12sccc%12c(-c%12cc(F)c(CC(CC)CCCC)s%12)c%11s%10)s9)c9c8C(=O)c8c(CC(CC)CCCC)sc(CC(CC)CCCC)c8C9=O)s7)cc6c(-c6cc(F)c(CC(CC)CCCC)s6)c5s4)s3)cn2)c1,CCCCCCCCCCCc1c(/C=C2\C(=O)c3cc(F)c(F)cc3C2=C(C#N)C#N)sc2c1sc1c3c4nsnc4c4c5sc6c(CCCCCCCCCCC)c(/C=C7\C(=O)c8cc(F)c(F)cc8C7=C(C#N)C#N)sc6c5n(CC(CC)CCCC)c4c3n(CC(CC)CCCC)c21,0.847,26.92,75.3,17.17,-5.66,-3.64,-5.65,-4.09,,,2021,10.1002/adfm.202109271,"OPV-DB (Qiu, J., Zenodo, 2026, doi:10.5281/zenodo.20841543)"
PTQ10,BTP-FTh,CCCCCCCCC(CCCCCC)COc1cnc2c(-c3cccs3)c(F)c(F)cc2n1,CCCCCCc1sc(-c2c(/C=C3\C(=O)c4cc(F)c(F)cc4C3=C(C#N)C#N)sc3c2sc2c4c5nsnc5c5c6sc7c(-c8cc(F)c(CCCCCC)s8)c(/C=C8\C(=O)c9cc(F)c(F)cc9C8=C(C#N)C#N)sc7c6n(CC(CCCC)CCCCCC)c5c4n(CC(CCCC)CCCCCC)c32)cc1F,0.849,26.33,76.7,17.16,-5.54,-2.92,-5.8,-4.04,,,2021,10.1002/adma.202109516,"OPV-DB (Qiu, J., Zenodo, 2026, doi:10.5281/zenodo.20841543)"
PM6,Y6,CCCCC(CC)Cc1sc(-c2c3cc(-c4ccc(-c5sc(-c6cccs6)c6c5C(=O)c5c(CC(CC)CCCC)sc(CC(CC)CCCC)c5C6=O)s4)sc3c(-c3cc(F)c(CC(CC)CCCC)s3)c3ccsc23)cc1F,CCCCCCCCCCCc1c(/C=C2\C(=O)c3cc(F)c(F)cc3C2=C(C#N)C#N)sc2c1sc1c3c4nsnc4c4c5sc6c(CCCCCCCCCCC)c(/C=C7\C(=O)c8cc(F)c(F)cc8C7=C(C#N)C#N)sc6c5n(CC(CC)CCCC)c4c3n(CC(CC)CCCC)c21,0.89,29.0,77.96,20.28,-5.56,-3.65,-5.65,-4.09,,,2021,10.1016/j.solener.2021.10.002,"OPV-DB (Qiu, J., Zenodo, 2026, doi:10.5281/zenodo.20841543)"
Q7,MeIC,CCCCCCCCCCCCc1csc(-c2cc3c(=O)n(CC(CCCCCC)CCCCCCCC)c(=O)c4cc(-c5sc(-c6cc7c(-c8cc(F)c(CC(CC)CCCC)s8)c8sccc8c(-c8cc(F)c(CC(CC)CCCC)s8)c7s6)c(CCCCCCCCCCCC)c5F)sc4c3s2)c1F,CCCCCCc1ccc(C2(c3ccc(CCCCCC)cc3)c3cc4c(cc3-c3sc5cc(/C=C6\C(=O)c7c(csc7C)C6=C(C#N)C#N)sc5c32)C(c2ccc(CCCCCC)cc2)(c2ccc(CCCCCC)cc2)c2c-4sc3cc(/C=C4\C(=O)c5c(csc5C)C4=C(C#N)C#N)sc23)cc1,1.09,1.15,38.5,0.48,-5.78,-3.82,-5.57,-3.92,,,2021,10.1021/acsami.1c23196,"OPV-DB (Qiu, J., Zenodo, 2026, doi:10.5281/zenodo.20841543)"
PT1,PC70BM,CCCCCCc1ccc(/C=C/c2ccc(/C=C/c3ccc(/C=C/c4ccsc4-c4ccc(-c5cc(CCCCCC)c(-c6cccs6)s5)s4)s3)s2)s1,CCCCC(=O)OCC1(C2=CC=CC=C2)C3=CC=CC4=CC=CC5=CC=CC6=CC=C7C=CC=CC8=CC=CC1=C8C7=C6C5=C4C3,0.96,5.63,34.0,1.84,-5.08,-2.83,-6.1,-3.9,,,2021,10.1016/j.jorganchem.2021.122220,"OPV-DB (Qiu, J., Zenodo, 2026, doi:10.5281/zenodo.20841543)"
PBDB-T,IDBDT-O,CCCCC(CC)Cc1ccc(-c2c3cc(-c4ccc(-c5sc(-c6cccs6)c6c5C(=O)c5c(CC(CC)CCCC)sc(CC(CC)CCCC)c5C6=O)s4)sc3c(-c3ccc(CC(CC)CCCC)s3)c3ccsc23)s1,CCOc1c2cc(/C=C3\C(=O)c4ccccc4C3=C(C#N)C#N)sc2c(OCC)c2c3c(sc12)-c1cc2c(cc1C3(c1ccc(CC)cc1)c1ccc(CC)cc1)-c1sc3c(OCC)c4cc(/C=C5\C(=O)c6ccccc6C5=C(C#N)C#N)sc4c(OCC)c3c1C2(c1ccc(CC)cc1)c1ccc(CC)cc1,0.89,5.21,39.3,1.83,-5.33,-3.48,-5.68,-3.68,,,2021,10.1016/j.synthmet.2021.116922,"OPV-DB (Qiu, J., Zenodo, 2026, doi:10.5281/zenodo.20841543)"
J74,m-ITIC,CCCCCCCCC(CCCCCC)Cn1nc2c(-c3cccs3)c(F)c(F)c(-c3ccc(-c4cc5c(C6CC=C([Si](C)(C)CCCCCCCC)S6)c6sccc6c(-c6ccc([Si](C)(C)CCCCCCCC)s6)c5s4)s3)c2n1,CCCCCCc1cccc(C2(c3cccc(CCCCCC)c3)c3cc4c(cc3-c3sc5cc(C=C6C(=O)c7ccccc7C6=C(C#N)C#N)sc5c32)C(c2cccc(CCCCCC)c2)(c2cccc(CCCCCC)c2)c2c-4sc3cc(C=C4C(=O)c5ccccc5C4=C(C#N)C#N)sc23)c1,0.99,15.89,61.2,9.63,-5.56,-3.06,-5.527,-3.854,,,2021,10.1016/j.synthmet.2021.116736,"OPV-DB (Qiu, J., Zenodo, 2026, doi:10.5281/zenodo.20841543)"
J52,IEICO-4F,CCCCCCCCC(CCCCCC)Cn1nc2c(-c3cccs3)c(F)c(F)c(-c3ccc(-c4cc5c(-c6ccc(CC(CC)CCCC)s6)c6sccc6c(-c6ccc(CC(CC)CCCC)s6)c5s4)s3)c2n1,CCCCCCc1ccc(C2(c3ccc(CCCCCC)cc3)c3cc4c(cc3-c3sc(-c5sc(/C=C6\C(=O)c7cc(F)c(F)cc7C6=C(C#N)C#N)cc5OCC(CC)CCCC)cc32)C(c2ccc(CCCCCC)cc2)(c2ccc(CCCCCC)cc2)c2cc(-c3scc(/C=C5/C(=O)c6cc(F)c(F)cc6C5=C(C#N)C#N)c3OCC(CC)CCCC)sc2-4)cc1,0.72,23.78,56.43,9.63,-5.2,-3.05,-5.44,-4.19,,,2021,10.1039/d1tc04676d,"OPV-DB (Qiu, J., Zenodo, 2026, doi:10.5281/zenodo.20841543)"
PBT-F,IT-4F,CCCCCCCCOc1c(OCCCCCCCC)c(-c2ccc(-c3cc4c(-c5cc(F)c(CC(CC)CCCC)s5)c5sccc5c(-c5cc(F)c(CC(CC)CCCC)s5)c4s3)s2)c2nsnc2c1-c1cccs1,CCCCCCc1ccc(C2(c3ccc(CCCCCC)cc3)c3cc4c(cc3-c3sc5cc(/C=C6\C(=O)c7cc(F)c(F)cc7C6=C(C#N)C#N)sc5c32)C(c2ccc(CCCCCC)cc2)(c2ccc(CCCCCC)cc2)c2c-4sc3cc(/C=C4\C(=O)c5cc(F)c(F)cc5C4=C(C#N)C#N)sc23)cc1,0.778,21.73,54.5,9.14,-5.39,-3.65,-5.66,-4.14,,,2021,10.1021/accountsmr.1c00119,"OPV-DB (Qiu, J., Zenodo, 2026, doi:10.5281/zenodo.20841543)"
PTB7-Th,O-IDTBCN,CCCCC(CC)COC(=O)c1sc2csc(-c3cc4c(-c5ccc(CC(CC)CCCC)s5)c5sccc5c(-c5ccc(CC(CC)CCCC)s5)c4s3)c2c1F,CCCCCCCCC1(CCCCCCCC)c2cc3c(cc2-c2sc(-c4ccc(C=C(C#N)C#N)c5nsnc45)cc21)C(CCCCCCCC)(CCCCCCCC)c1cc(-c2ccc(C=C(C#N)C#N)c4nsnc24)sc1-3,0.74,17.7,70.0,9.1,-5.21,-3.6,-5.8,-3.8,,,2021,10.1002/aenm.202100839,"OPV-DB (Qiu, J., Zenodo, 2026, doi:10.5281/zenodo.20841543)"
PM6,PYN-BDTF,CCCCC(CC)Cc1sc(-c2c3cc(-c4ccc(-c5sc(-c6cccs6)c6c5C(=O)c5c(CC(CC)CCCC)sc(CC(CC)CCCC)c5C6=O)s4)sc3c(-c3cc(F)c(CC(CC)CCCC)s3)c3ccsc23)cc1F,CCCCCCCCCCCc1c(/C=C2\C(=O)c3cc4ccccc4cc3C2=C(C#N)C#N)sc2c1sc1c3c4nsnc4c4c5sc6c(CCCCCCCCCCC)c(/C=C7\C(=O)c8cc9cc(-c%10cc%11c(-c%12cc(F)c(CC(CCCCCC)CCCCCCCC)s%12)c%12sccc%12c(-c%12cc(F)c(CC(CCCCCC)CCCCCCCC)s%12)c%11s%10)ccc9cc8C7=C(C#N)C#N)sc6c5n(CC(CCCCCCCC)CCCCCCCCCC)c4c3n(CC(CCCCCCCC)CCCCCCCCCC)c21,0.96,16.6,57.0,9.08,-5.56,-3.65,-5.67,-3.77,,,2021,10.1021/acsenergylett.1c00009,"OPV-DB (Qiu, J., Zenodo, 2026, doi:10.5281/zenodo.20841543)"
P1-3T,PC61BM,CCCCCCCCC(CCCCCC)Cc1csc(-c2ccc(-c3cc(CC(CCCCCC)CCCCCCCC)c(-c4cccs4)s3)c3nsnc23)c1,COC(=O)CCCC1(c2ccccc2)C23c4c5c6c7c8c9c(c%10c%11c2c2c%12c4c4c%13c5c5c7c7c8c8c%14c9c%10c9c%10c%11c2c2c%11c%12c4c4c%12c%13c5c5c7c7c8c8c%14c9c9c%10c2c2c%11c4c4c%12c5c7c5c8c9c2c45)C613,0.73,8.24,63.8,3.84,-5.06,-3.43,-6.1,-3.7,,,2021,10.1016/j.dyepig.2021.109206,"OPV-DB (Qiu, J., Zenodo, 2026, doi:10.5281/zenodo.20841543)"
PBDB-T,PNEOD,CCCCC(CC)Cc1ccc(-c2c3cc(-c4ccc(-c5sc(-c6cccs6)c6c5C(=O)c5c(CC(CC)CCCC)sc(CC(CC)CCCC)c5C6=O)s4)sc3c(-c3ccc(CC(CC)CCCC)s3)c3ccsc23)s1,C#Cc1c2ccsc2c(C#Cc2cc3c4c(ccc5c4c2C(=O)N(CC(CCCCCCCC)CCCCCCCCCC)C5=O)C(=O)N(CC(CCCCCCCC)CCCCCCCCCC)C3=O)c2ccsc12,0.81,8.19,52.0,3.76,-5.33,-3.48,-5.98,-3.82,,,2021,10.1016/j.dyepig.2021.109246,"OPV-DB (Qiu, J., Zenodo, 2026, doi:10.5281/zenodo.20841543)"
PBDB-TF,NITT-ThCl,CCCCC(CC)Cc1sc(-c2c3cc(-c4ccc(-c5sc(-c6cccs6)c6c5C(=O)c5c(CC(CC)CCCC)sc(CC(CC)CCCC)c5C6=O)s4)sc3c(-c3cc(F)c(CC(CC)CCCC)s3)c3ccsc23)cc1F,CCCCCCc1ccc(C2(c3ccc(CCCCCC)cc3)c3cc4c(OCC(CC)CCCC)c5c(cc4c(OCC(CC)CCCC)c3-c3sc4cc(/C=C6\C(=O)c7c(csc7Cl)C6=C(C#N)C#N)sc4c32)C(c2ccc(CCCCCC)cc2)(c2ccc(CCCCCC)cc2)c2c-5sc3cc(/C=C4\C(=O)c5c(csc5Cl)C4=C(C#N)C#N)sc23)cc1,0.97,16.3,60.6,9.58,-5.49,-3.64,-5.71,-4.1,,,2021,10.1016/j.cej.2021.130618,"OPV-DB (Qiu, J., Zenodo, 2026, doi:10.5281/zenodo.20841543)"
PBDTT-S-TT-CF,PC71BM,CCCCC(CC)CSc1ccc(-c2c3cc(-c4scc5c(F)c(C(=O)C(CC)CCCC)sc45)sc3c(-c3ccc(SCC(CC)CCCC)s3)c3ccsc23)s1,COC(=O)CCCC1(c2ccccc2)C23c4c5ccc6c7cc8c9c%10c(cc%11cc%12c%13c%14c(cc%15c%16ccc-5c2c%16c2c5c%16c%17c(c(c46)c7c9c%17c4c%10c%11c%13c4c%16c%14c%152)C513)C%12)C8,0.89,15.1,71.0,9.58,-5.44,-3.31,-5.9,-3.9,,,2021,10.1021/accountsmr.1c00119,"OPV-DB (Qiu, J., Zenodo, 2026, doi:10.5281/zenodo.20841543)"
PBDB-T,IDT-BOC6,CCCCC(CC)Cc1ccc(-c2c3cc(-c4ccc(-c5sc(-c6cccs6)c6c5C(=O)c5c(CC(CC)CCCC)sc(CC(CC)CCCC)c5C6=O)s4)sc3c(-c3ccc(CC(CC)CCCC)s3)c3ccsc23)s1,CCCCCCOc1cc(-c2cc3c(s2)-c2cc4c(cc2C3(c2ccc(CCCCCC)cc2)c2ccc(CCCCCC)cc2)-c2sc(-c3cc(OCCCCCC)c(C=C5C(=O)c6ccccc6C5=C(C#N)C#N)cc3OCCCCCC)cc2C4(c2ccc(CCCCCC)cc2)c2ccc(CCCCCC)cc2)c(OCCCCCC)cc1C=C1C(=O)c2ccccc2C1=C(C#N)C#N,1.01,17.52,54.0,9.6,-5.33,-3.48,-5.51,-3.78,,,2021,10.1016/j.synthmet.2021.116736,"OPV-DB (Qiu, J., Zenodo, 2026, doi:10.5281/zenodo.20841543)"
PM6,MOITIC,CCCCC(CC)Cc1sc(-c2c3cc(-c4ccc(-c5sc(-c6cccs6)c6c5C(=O)c5c(CC(CC)CCCC)sc(CC(CC)CCCC)c5C6=O)s4)sc3c(-c3cc(F)c(CC(CC)CCCC)s3)c3ccsc23)cc1F,CCCCCCOc1cccc(C2(c3cccc(OCCCCCC)c3)c3cc4c(cc3-c3sc5cc(/C=C6\C(=O)c7ccccc7C6=C(C#N)C#N)sc5c32)C(c2cccc(OCCCCCC)c2)(c2cccc(OCCCCCC)c2)c2c-4sc3cc(/C=C4\C(=O)c5ccccc5C4=C(C#N)C#N)sc23)c1,0.999,15.0,63.8,9.6,-5.56,-3.65,-5.5,-3.74,,,2021,10.1016/j.orgel.2021.106227,"OPV-DB (Qiu, J., Zenodo, 2026, doi:10.5281/zenodo.20841543)"
PBDB-TF,ITCC-M,CCCCC(CC)Cc1sc(-c2c3cc(-c4ccc(-c5sc(-c6cccs6)c6c5C(=O)c5c(CC(CC)CCCC)sc(CC(CC)CCCC)c5C6=O)s4)sc3c(-c3cc(F)c(CC(CC)CCCC)s3)c3ccsc23)cc1F,CCCCCCc1ccc(C2(c3ccc(CCCCCC)cc3)c3cc4c(cc3-c3sc5cc(/C=C6\C(=O)c7sc(C)cc7C6=C(C#N)C#N)sc5c32)C(c2ccc(CCCCCC)cc2)(c2ccc(CCCCCC)cc2)c2c-4sc3cc(/C=C4\C(=O)c5sc(C)cc5C4=C(C#N)C#N)sc23)cc1,1.16,13.8,58.8,9.3,-5.49,-3.64,-5.43,-3.68,,,2021,10.1002/adfm.202102189,"OPV-DB (Qiu, J., Zenodo, 2026, doi:10.5281/zenodo.20841543)"
Qx-8F,Y6,CCOc1c(F)c(F)c(-c2nc3c(-c4cccs4)ccc(-c4ccc(-c5cc6c(-c7ccc(CC)s7)c7sc(-c8ccc(-c9ccc(-c%10ccc(-c%11cc%12c(-c%13ccc(CC)s%13)c%13sc(-c%14ccc(-c%15ccc(-c%16ccc(-c%17cc%18c(-c%19ccc(CC)s%19)c%19sccc%19c(-c%19ccc(CC)s%19)c%18s%17)s%16)c%16nc(-c%17c(F)c(F)c(OCC)c(F)c%17F)c(-c%17c(F)c(F)c(OCC)c(F)c%17F)nc%15%16)s%14)cc%13c(-c%13ccc(CC)s%13)c%12s%11)s%10)c%10nc(-c%11c(F)c(F)c(OCC)c(F)c%11F)c(-c%11c(F)c(F)c(OCC)c(F)c%11F)nc9%10)s8)cc7c(-c7ccc(CC)s7)c6s5)s4)c3nc2-c2c(F)c(F)c(OCC)c(F)c2F)c(F)c1F,CCCCCCCCCCCc1c(/C=C2\C(=O)c3cc(F)c(F)cc3C2=C(C#N)C#N)sc2c1sc1c3c4nsnc4c4c5sc6c(CCCCCCCCCCC)c(/C=C7\C(=O)c8cc(F)c(F)cc8C7=C(C#N)C#N)sc6c5n(CC(CC)CCCC)c4c3n(CC(CC)CCCC)c21,0.627,19.06,50.71,6.07,-5.11,-3.45,-5.65,-4.09,,,2021,10.1039/d1ta01500a,"OPV-DB (Qiu, J., Zenodo, 2026, doi:10.5281/zenodo.20841543)"
J52,m-ITIC,CCCCCCCCC(CCCCCC)Cn1nc2c(-c3cccs3)c(F)c(F)c(-c3ccc(-c4cc5c(-c6ccc(CC(CC)CCCC)s6)c6sccc6c(-c6ccc(CC(CC)CCCC)s6)c5s4)s3)c2n1,CCCCCCc1cccc(C2(c3cccc(CCCCCC)c3)c3cc4c(cc3-c3sc5cc(C=C6C(=O)c7ccccc7C6=C(C#N)C#N)sc5c32)C(c2cccc(CCCCCC)c2)(c2cccc(CCCCCC)c2)c2c-4sc3cc(C=C4C(=O)c5ccccc5C4=C(C#N)C#N)sc23)c1,0.979,14.43,42.9,6.05,-5.2,-3.05,-5.527,-3.854,,,2021,10.1021/accountsmr.1c00119,"OPV-DB (Qiu, J., Zenodo, 2026, doi:10.5281/zenodo.20841543)"
PBDB-TF,DTP-out-F,CCCCC(CC)Cc1sc(-c2c3cc(-c4ccc(-c5sc(-c6cccs6)c6c5C(=O)c5c(CC(CC)CCCC)sc(CC(CC)CCCC)c5C6=O)s4)sc3c(-c3cc(F)c(CC(CC)CCCC)s3)c3ccsc23)cc1F,CCCCCCc1ccc(C2(c3ccc(CCCCCC)cc3)Oc3cc(/C=C4\C(=O)c5cc(F)c(F)cc5C4=C(C#N)C#N)sc3-c3sc(-c4cc(F)c(-c5cc6c(s5)-c5sc(/C=C7\C(=O)c8cc(F)c(F)cc8C7=C(C#N)C#N)cc5OC6(c5ccc(CCCCCC)cc5)c5ccc(CCCCCC)cc5)cc4F)cc32)cc1,0.86,10.16,45.4,3.97,-5.49,-3.64,-5.61,-3.96,,,2021,10.1021/acsami.1c06299,"OPV-DB (Qiu, J., Zenodo, 2026, doi:10.5281/zenodo.20841543)"
pBαCN,PC71BM,CCCCCCC(CCCC)Cc1csc(/C=C(\C#N)c2cc3sc(/C(C#N)=C/c4cc(CC(CCCC)CCCCCC)c(-c5cc6c(-c7ccc(CC(CCCC)CCCCCC)s7)c7sccc7c(-c7ccc(CC(CCCC)CCCCCC)s7)c6s5)s4)cc3s2)c1,COC(=O)CCCC1(c2ccccc2)C23c4c5ccc6c7cc8c9c%10c(cc%11cc%12c%13c%14c(cc%15c%16ccc-5c2c%16c2c5c%16c%17c(c(c46)c7c9c%17c4c%10c%11c%13c4c%16c%14c%152)C513)C%12)C8,0.92,8.87,48.7,3.96,-5.57,-3.14,-5.87,-4.2,,,2021,10.1021/acs.macromol.1c01103,"OPV-DB (Qiu, J., Zenodo, 2026, doi:10.5281/zenodo.20841543)"
P3HT,Qx1,CCCCCCc1ccsc1,CCCCCCc1ccc(C2(c3ccc(CCCCCC)cc3)c3cc4c(cc3-c3sc(-c5ccc(/C=C6/SC(=S)N(CC)C6=O)c6nc(-c7ccccc7)c(-c7ccccc7)nc56)cc32)C(c2ccc(CCCCCC)cc2)(c2ccc(CCCCCC)cc2)c2cc(-c3ccc(/C=C5/SC(=S)N(CC)C5=O)c5nc(-c6ccccc6)c(-c6ccccc6)nc35)sc2-4)cc1,1.0,6.02,67.0,4.03,-5.01,-3.12,-5.42,-3.6,,,2021,10.1016/j.synthmet.2021.116736,"OPV-DB (Qiu, J., Zenodo, 2026, doi:10.5281/zenodo.20841543)"
PBDB-TF,TPDC-4F,CCCCC(CC)Cc1sc(-c2c3cc(-c4ccc(-c5sc(-c6cccs6)c6c5C(=O)c5c(CC(CC)CCCC)sc(CC(CC)CCCC)c5C6=O)s4)sc3c(-c3cc(F)c(CC(CC)CCCC)s3)c3ccsc23)cc1F,CCN1C(=O)c2c(-c3cc4c(s3)-c3sc(/C=C5\C(=O)c6cc(F)c(F)cc6C5=C(C#N)C#N)cc3C4(CC)CC)sc(-c3cc4c(s3)-c3sc(/C=C5\C(=O)c6cc(F)c(F)cc6C5=C(C#N)C#N)cc3C4(CC)CC)c2C1=O,0.852,22.19,70.6,13.35,-5.49,-3.64,-5.83,-3.99,,,2021,10.1039/d1ta03643b,"OPV-DB (Qiu, J., Zenodo, 2026, doi:10.5281/zenodo.20841543)"
PBDB-T,Y9,CCCCC(CC)Cc1ccc(-c2c3cc(-c4ccc(-c5sc(-c6cccs6)c6c5C(=O)c5c(CC(CC)CCCC)sc(CC(CC)CCCC)c5C6=O)s4)sc3c(-c3ccc(CC(CC)CCCC)s3)c3ccsc23)s1,CCCCCCCCCCCc1c(/C=C2\C(=O)c3ccccc3C2=C(C#N)C#N)sc2c1sc1c3c4nn(CC(CC)CCCC)nc4c4c5sc6c(CCCCCCCCCCC)c(/C=C7\C(=O)c8ccccc8C7=C(C#N)C#N)sc6c5n(CC(CC)CCCC)c4c3n(CC(CC)CCCC)c21,0.92,22.36,65.24,13.34,-5.33,-3.48,-5.59,-3.78,,,2021,10.1002/aesr.202100138,"OPV-DB (Qiu, J., Zenodo, 2026, doi:10.5281/zenodo.20841543)"
PBDB-T,RRg-C24,CCCCC(CC)Cc1ccc(-c2c3cc(-c4ccc(-c5sc(-c6cccs6)c6c5C(=O)c5c(CC(CC)CCCC)sc(CC(CC)CCCC)c5C6=O)s4)sc3c(-c3ccc(CC(CC)CCCC)s3)c3ccsc23)s1,CCCCCCCCCCCCC(CCCCCCCCCC)Cn1c2c3sc(/C=C4/C(=O)c5ccccc5C4=C(C#N)C#N)cc3sc2c2c3nsnc3c3c4sc5cc(/C=C6/C(=O)c7cc(-c8cc9c(-c%10cc(Cl)c(CC(CC)CCCC)s%10)c%10sccc%10c(-c%10cc(Cl)c(CC(CC)CCCC)s%10)c9s8)ccc7C6=C(C#N)C#N)sc5c4n(CC(CCCCCCCCCC)CCCCCCCCCCCC)c3c21,0.88,21.67,71.0,13.53,-5.33,-3.48,-5.68,-3.93,,,2021,10.1002/aenm.202103239,"OPV-DB (Qiu, J., Zenodo, 2026, doi:10.5281/zenodo.20841543)"
PHT4,IT-4Cl,CCCCCCCCC(CCCCCC)CCOc1cnc2cc(F)c(F)c(-c3cccs3)c2n1,CCCCCCc1ccc(C2(c3ccc(CCCCCC)cc3)c3cc4c(cc3-c3sc5cc(/C=C6\C(=O)c7cc(Cl)c(Cl)cc7C6=C(C#N)C#N)sc5c32)C(c2ccc(CCCCCC)cc2)(c2ccc(CCCCCC)cc2)c2c-4sc3cc(/C=C4\C(=O)c5cc(Cl)c(Cl)cc5C4=C(C#N)C#N)sc23)cc1,0.881,20.94,72.65,13.4,-5.55,-3.63,-5.75,-4.09,,,2021,10.1021/acsami.1c13245,"OPV-DB (Qiu, J., Zenodo, 2026, doi:10.5281/zenodo.20841543)"
PM6,FINIC,CCCCC(CC)Cc1sc(-c2c3cc(-c4ccc(-c5sc(-c6cccs6)c6c5C(=O)c5c(CC(CC)CCCC)sc(CC(CC)CCCC)c5C6=O)s4)sc3c(-c3cc(F)c(CC(CC)CCCC)s3)c3ccsc23)cc1F,CCCCCCc1ccc(C2(c3ccc(CCCCCC)c(F)c3)c3cc4c(cc3-c3sc5c(sc6cc(/C=C7\C(=O)c8cc(F)c(F)cc8C7=C(C#N)C#N)sc65)c32)C(c2ccc(CCCCCC)c(F)c2)(c2ccc(CCCCCC)c(F)c2)c2c-4sc3c2sc2cc(/C=C4\C(=O)c5cc(F)c(F)cc5C4=C(C#N)C#N)sc23)cc1F,0.925,19.5,74.4,13.4,-5.56,-3.65,-5.5,-3.99,,,2021,10.1039/d1ta09106a,"OPV-DB (Qiu, J., Zenodo, 2026, doi:10.5281/zenodo.20841543)"
PBDTTPD-HT,BTP-4F,CCCCCCCCN1C(=O)c2c(-c3cc(CCCCCC)cs3)sc(-c3cc(CCCCCC)c(-c4cc5c(-c6ccc(CC(CC)CCCC)s6)c6sccc6c(-c6ccc(CC(CC)CCCC)s6)c5s4)s3)c2C1=O,CCCCCCCCCCCc1c(/C=C2\C(=O)c3cc(F)c(F)cc3C2=C(C#N)C#N)sc2c1sc1c3c4nsnc4c4c5sc6c(CCCCCCCCCCC)c(/C=C7\C(=O)c8cc(F)c(F)cc8C7=C(C#N)C#N)sc6c5n(CC(CC)CCCC)c4c3n(CC(CC)CCCC)c21,0.75,26.36,69.0,13.62,-5.33,-3.545,-5.65,-4.09,,,2021,10.1016/j.xcrp.2021.100517,"OPV-DB (Qiu, J., Zenodo, 2026, doi:10.5281/zenodo.20841543)"
J71,TSFX-2F,CCCCCCCCC(CCCCCC)Cn1nc2c(-c3cccs3)c(F)c(F)c(-c3ccc(-c4cc5c(-c6ccc([Si](CCC)(CCC)CCC)s6)c6sccc6c(-c6ccc([Si](CCC)(CCC)CCC)s6)c5s4)s3)c2n1,CCCCCCc1cccc(C2(c3cccc(CCCCCC)c3)c3cc4c(cc3-c3sc(/C=C5\C(=O)c6cc(F)ccc6C5=C(C#N)C#N)cc32)C2(c3ccccc3Oc3ccccc32)c2cc3c(cc2-4)C(c2cccc(CCCCCC)c2)(c2cccc(CCCCCC)c2)c2cc(/C=C4\C(=O)c5cc(F)ccc5C4=C(C#N)C#N)sc2-3)c1,0.89,15.27,69.3,9.42,-5.4,-3.24,-5.82,-3.94,,,2021,10.1016/j.orgel.2021.106120,"OPV-DB (Qiu, J., Zenodo, 2026, doi:10.5281/zenodo.20841543)"
J71,PY-IT,CCCCCCCCC(CCCCCC)Cn1nc2c(-c3cccs3)c(F)c(F)c(-c3ccc(-c4cc5c(-c6ccc([Si](CCC)(CCC)CCC)s6)c6sccc6c(-c6ccc([Si](CCC)(CCC)CCC)s6)c5s4)s3)c2n1,CCCCCCCCCCCc1c(/C=C2\C(=O)c3ccccc3C2=C(C#N)C#N)sc2c1sc1c3c4nsnc4c4c5sc6c(CCCCCCCCCCC)c(/C=C7\C(=O)c8cc(-c9cccs9)ccc8C7=C(C#N)C#N)sc6c5n(CC(CCCCCCCC)CCCCCCCCCC)c4c3n(CC(CCCCCCCC)CCCCCCCCCC)c21,0.914,21.44,68.5,13.43,-5.4,-3.24,-5.68,-3.94,,,2021,10.1016/j.matt.2021.12.002,"OPV-DB (Qiu, J., Zenodo, 2026, doi:10.5281/zenodo.20841543)"
PIDT-QxM,Y6BO,CCCCCCCCCCCc1c(/C=C2\C(=O)c3cc(F)c(F)cc3C2=C(C#N)C#N)sc2c1sc1c3c4nsnc4c4c5sc6c(CCCCCCCCCCC)c(/C=C7\C(=O)c8cc(F)c(F)cc8C7=C(C#N)C#N)sc6c5n(CC(CCCC)CCCCCC)c4c3n(CC(CCCC)CCCCCC)c21,CCCCCCCCCCCc1c(/C=C2\C(=O)c3cc(F)c(F)cc3C2=C(C#N)C#N)sc2c1sc1c3c4nsnc4c4c5sc6c(CCCCCCCCCCC)c(/C=C7\C(=O)c8cc(F)c(F)cc8C7=C(C#N)C#N)sc6c5n(CC(CCCC)CCCCCC)c4c3n(CC(CCCC)CCCCCC)c21,0.74,20.78,61.0,9.49,-5.18,-3.15,-5.62,-4.11,,,2021,10.1016/j.dyepig.2021.109346,"OPV-DB (Qiu, J., Zenodo, 2026, doi:10.5281/zenodo.20841543)"
M1,PC71BM,CCCCC(CC)COc1c2sc3c4sc(/C=C5\C(=O)c6ccccc6C5=C(C#N)C#N)cc4n(CC(CC)CCCC)c3c2c(OCC(CC)CCCC)c2sc3c4sc(/C=C5\C(=O)c6ccccc6C5=C(C#N)C#N)cc4n(CC(CC)CCCC)c3c12,COC(=O)CCCC1(c2ccccc2)C23c4c5ccc6c7cc8c9c%10c(cc%11cc%12c%13c%14c(cc%15c%16ccc-5c2c%16c2c5c%16c%17c(c(c46)c7c9c%17c4c%10c%11c%13c4c%16c%14c%152)C513)C%12)C8,0.855,16.83,65.9,9.48,-5.48,-3.8,-5.9,-3.9,,,2021,10.1021/acsapm.1c00989,"OPV-DB (Qiu, J., Zenodo, 2026, doi:10.5281/zenodo.20841543)"
PBDT-S,Y6,CCCCCCc1ccc(C2(c3ccc(CCCCCC)cc3)c3cc4c(cc3-c3sc(/C=C(\C#N)c5cccs5)cc32)C(c2ccc(CCCCCC)cc2)(c2ccc(CCCCCC)cc2)c2cc(/C=C(\C#N)c3ccc(-c5cc6c(-c7ccc(SC(CC)CCCC)s7)c7sccc7c(-c7ccc(SC(CC)CCCC)s7)c6s5)s3)sc2-4)cc1,CCCCCCCCCCCc1c(/C=C2\C(=O)c3cc(F)c(F)cc3C2=C(C#N)C#N)sc2c1sc1c3c4nsnc4c4c5sc6c(CCCCCCCCCCC)c(/C=C7\C(=O)c8cc(F)c(F)cc8C7=C(C#N)C#N)sc6c5n(CC(CC)CCCC)c4c3n(CC(CC)CCCC)c21,0.92,14.63,43.38,5.86,-5.51,-3.42,-5.69,-4.03,,,2021,10.1039/d1ra03233j,"OPV-DB (Qiu, J., Zenodo, 2026, doi:10.5281/zenodo.20841543)"
PBDB-T-2Cl,BDSeTICBr-γ,CCCCC(CC)Cc1sc(-c2c3cc(-c4ccc(-c5sc(-c6cccs6)c6c5C(=O)c5c(CC(CC)CCCC)sc(CC(CC)CCCC)c5C6=O)s4)sc3c(-c3cc(Cl)c(CC(CC)CCCC)s3)c3ccsc23)cc1Cl,CCCCCCc1ccc(C2(c3ccc(CCCCCC)cc3)c3cc(/C=C4\C(=O)c5cc(Br)ccc5C4=C(C#N)C#N)sc3-c3[se]c4cc5c6c([se]c5cc4c32)-c2sc(/C=C3\C(=O)c4cc(Br)ccc4C3=C(C#N)C#N)cc2C6(c2ccc(CCCCCC)cc2)c2ccc(CCCCCC)cc2)cc1,0.888,17.98,59.0,9.42,-5.52,-3.6,-5.67,-3.97,,,2021,10.1039/d1ra05426k,"OPV-DB (Qiu, J., Zenodo, 2026, doi:10.5281/zenodo.20841543)"
PPDT2FBT,PCBM,CCCCCCCCC(CCCCCC)COc1ccc(OCC(CCCCCC)CCCCCCCC)c(-c2ccc(-c3c(F)c(F)c(-c4cccs4)c4nsnc34)s2)c1,COC(=O)CCCC1(c2ccccc2)C23c4c5c6c7c8c9c(c%10c%11c2c2c%12c4c4c%13c5c5c7c7c8c8c%14c9c%10c9c%10c%11c2c2c%11c%12c4c4c%12c%13c5c5c7c7c8c8c%14c9c9c%10c2c2c%11c4c4c%12c5c7c5c8c9c2c45)C613,0.79,16.3,73.0,9.4,-5.43,-3.67,-6.1,-3.7,,,2021,10.1039/d1tc04800g,"OPV-DB (Qiu, J., Zenodo, 2026, doi:10.5281/zenodo.20841543)"
PTPDBDT,Cl-ITIC,CCCCCCCCN1C(=O)c2csc(-c3cc4c(-c5ccc(CC(CC)CCCC)s5)c5sccc5c(-c5ccc(CC(CC)CCCC)s5)c4s3)c2C1=O,CCCCCCc1ccc(C2(c3ccc(CCCCCC)cc3)c3cc4c(cc3-c3sc5cc(C=C6C(=O)c7cc(Cl)ccc7C6=C(C#N)C#N)sc5c32)C(c2ccc(CCCCCC)cc2)(c2ccc(CCCCCC)cc2)c2c-4sc3cc(C=C4C(=O)c5cc(Cl)ccc5C4=C(C#N)C#N)sc23)cc1,0.94,15.6,65.0,9.5,-5.6,-3.75,-5.7,-4.14,,,2021,10.1016/j.synthmet.2021.116736,"OPV-DB (Qiu, J., Zenodo, 2026, doi:10.5281/zenodo.20841543)"
PM6,F8IDT-Br,CCCCC(CC)Cc1sc(-c2c3cc(-c4ccc(-c5sc(-c6cccs6)c6c5C(=O)c5c(CC(CC)CCCC)sc(CC(CC)CCCC)c5C6=O)s4)sc3c(-c3cc(F)c(CC(CC)CCCC)s3)c3ccsc23)cc1F,CCC1(CC)c2cc(-c3ccc(/C=C4\C(=O)c5cc(Br)ccc5C4=C(C#N)C#N)s3)ccc2-c2ccc(-c3ccc(/C=C4\C(=O)c5cc(Br)ccc5C4=C(C#N)C#N)s3)cc21,0.98,14.6,67.76,9.7,-5.56,-3.65,-5.82,-3.87,,,2021,10.1021/acsaem.1c00369,"OPV-DB (Qiu, J., Zenodo, 2026, doi:10.5281/zenodo.20841543)"
PBDB-T,PNEOD-C8,CCCCC(CC)Cc1ccc(-c2c3cc(-c4ccc(-c5sc(-c6cccs6)c6c5C(=O)c5c(CC(CC)CCCC)sc(CC(CC)CCCC)c5C6=O)s4)sc3c(-c3ccc(CC(CC)CCCC)s3)c3ccsc23)s1,C#Cc1c2cc(CCCCCCCC)sc2c(C#Cc2cc3c4c(ccc5c4c2C(=O)N(CC(CCCCCCCC)CCCCCCCCCC)C5=O)C(=O)N(CC(CCCCCCCC)CCCCCCCCCC)C3=O)c2cc(CCCCCCCC)sc12,0.86,12.4,54.0,5.84,-5.33,-3.48,-6.0,-3.9,,,2021,10.1016/j.dyepig.2021.109246,"OPV-DB (Qiu, J., Zenodo, 2026, doi:10.5281/zenodo.20841543)"
PCDTBT,MPU5,CCCCCCCCC(CCCCCCCC)n1c2ccccc2c2ccc(-c3ccc(-c4ccc(-c5cccs5)c5nsnc45)s3)cc21,CCCCC(CC)CN1C(=O)C2=C(c3ccc(/C=c4\sc(=C(C#N)C#N)n(CC)c4=O)[se]3)N(CC(CC)CCCC)C(=O)C2=C1c1ccc(/C=c2\sc(=C(C#N)C#N)n(CC)c2=O)[se]1,0.94,16.32,66.0,9.98,-5.5,-3.6,-5.75,-4.0,,,2021,10.1016/j.solener.2021.04.049,"OPV-DB (Qiu, J., Zenodo, 2026, doi:10.5281/zenodo.20841543)"
PBDB-T,Py-2F,CCCCC(CC)Cc1ccc(-c2c3cc(-c4ccc(-c5sc(-c6cccs6)c6c5C(=O)c5c(CC(CC)CCCC)sc(CC(CC)CCCC)c5C6=O)s4)sc3c(-c3ccc(CC(CC)CCCC)s3)c3ccsc23)s1,CCCCCCCCCCC(CCCCCCCC)Cc1cc(-c2cc(C(C)C)c3ccc4c(-c5cc(CC(CCCCCCCC)CCCCCCCCCC)c(/C=C6\C(=O)c7cc(F)c(F)cc7C6=C(C#N)C#N)s5)cc(C(C)C)c5ccc2c3c45)sc1/C=C1\C(=O)c2cc(F)c(F)cc2C1=C(C#N)C#N,0.92,15.44,68.2,9.73,-5.33,-3.48,-5.85,-3.82,,,2021,10.1016/j.synthmet.2021.116904,"OPV-DB (Qiu, J., Zenodo, 2026, doi:10.5281/zenodo.20841543)"
PBDB-T,DTCFSV-IC,CCCCC(CC)Cc1ccc(-c2c3cc(-c4ccc(-c5sc(-c6cccs6)c6c5C(=O)c5c(CC(CC)CCCC)sc(CC(CC)CCCC)c5C6=O)s4)sc3c(-c3ccc(CC(CC)CCCC)s3)c3ccsc23)s1,CCCCCCCCOc1ccc(C(=C2c3cc4c(cc3-c3cc5c(cc32)-c2sc(/C=C3\C(=O)c6ccccc6C3=C(C#N)C#N)cc2C5(c2ccc(OCCCCCCCC)cc2)c2ccc(OCCCCCCCC)cc2)C(c2ccc(OCCCCCCCC)cc2)(c2ccc(OCCCCCCCC)cc2)c2cc(/C=C3\C(=O)c5ccccc5C3=C(C#N)C#N)sc2-4)c2ccc(OCCCCCCCC)cc2)cc1,1.04,11.34,51.0,6.01,-5.33,-3.48,-5.6,-3.7,,,2021,10.1002/chem.202102252,"OPV-DB (Qiu, J., Zenodo, 2026, doi:10.5281/zenodo.20841543)"
PBDT3T,ITIC,CCCCC(CC)Cc1ccsc1-c1ccc(-c2sc(-c3cc4c(-c5cc(F)c(CC(CC)CCCC)s5)c5sccc5c(-c5cc(F)c(CC(CC)CCCC)s5)c4s3)cc2CC(CC)CCCC)s1,CCCCCCc1ccc(C2(c3ccc(CCCCCC)cc3)c3cc4c(cc3-c3sc5cc(C=C6C(=O)c7ccccc7C6=C(C#N)C#N)sc5c32)C(c2ccc(CCCCCC)cc2)(c2ccc(CCCCCC)cc2)c2c-4sc3cc(C=C4C(=O)c5ccccc5C4=C(C#N)C#N)sc23)cc1,1.02,11.82,49.5,5.96,-5.48,-3.21,-5.576,-3.916,,,2021,10.1002/aesr.202100069,"OPV-DB (Qiu, J., Zenodo, 2026, doi:10.5281/zenodo.20841543)"
PBDB-T,IDT-2O,CCCCC(CC)Cc1ccc(-c2c3cc(-c4ccc(-c5sc(-c6cccs6)c6c5C(=O)c5c(CC(CC)CCCC)sc(CC(CC)CCCC)c5C6=O)s4)sc3c(-c3ccc(CC(CC)CCCC)s3)c3ccsc23)s1,CCCCCCCCC1(CCCCCCCC)c2cc3c(cc2-c2sc(/C=C4\C(=O)c5ccc(C)cc5C4=C(C#N)C#N)cc21)C(CCCCCCCC)(CCCCCCCC)c1cc(/C=C2\C(=O)c4ccc(C)cc4C2=C(C#N)C#N)sc1-3,0.86,15.64,72.3,9.68,-5.33,-3.48,-5.73,-3.85,,,2021,10.1016/j.synthmet.2021.116736,"OPV-DB (Qiu, J., Zenodo, 2026, doi:10.5281/zenodo.20841543)"
PTB7-Th,6-IFIC,CCCCC(CC)COC(=O)c1sc2csc(-c3cc4c(-c5ccc(CC(CC)CCCC)s5)c5sccc5c(-c5ccc(CC(CC)CCCC)s5)c4s3)c2c1F,CCCCCCCCC1(CCCCCCCC)c2cc3c(cc2-c2sc(-c4sc(/C=C5\C(=O)c6ccccc6C5=C(C#N)C#N)c5sc(C(=O)OCC(CC)CCCCCC)c(F)c45)cc21)C(CCCCCCCC)(CCCCCCCC)c1cc(-c2sc(/C=C4\C(=O)c5ccccc5C4=C(C#N)C#N)c4sc(C(=O)OCC(CC)CCCCCC)c(F)c24)sc1-3,0.69,22.35,61.4,9.74,-5.21,-3.6,-5.34,-4.02,,,2021,10.1021/acsami.1c13404,"OPV-DB (Qiu, J., Zenodo, 2026, doi:10.5281/zenodo.20841543)"
PBDB-TF,PIST-4F,CCCCC(CC)Cc1sc(-c2c3cc(-c4ccc(-c5sc(-c6cccs6)c6c5C(=O)c5c(CC(CC)CCCC)sc(CC(CC)CCCC)c5C6=O)s4)sc3c(-c3cc(F)c(CC(CC)CCCC)s3)c3ccsc23)cc1F,CCCCCCc1ccc(C2(c3ccc(CCCCCC)cc3)c3cc4c(cc3-c3sc(/C=C5\C(=O)c6cc(F)c(F)cc6C5=C(C#N)C#N)cc32)C(c2ccc(CCCCCC)cc2)(c2ccc(CCCCCC)cc2)c2cc(-c3sc(/C=C5\C(=O)c6cc(F)c(F)cc6C5=C(C#N)C#N)cc3SCC(CC)CCCC)sc2-4)cc1,0.87,21.9,72.0,13.8,-5.49,-3.64,-5.65,-4.03,,,2021,10.1002/cjoc.202100323,"OPV-DB (Qiu, J., Zenodo, 2026, doi:10.5281/zenodo.20841543)"
PBDFP-Bz,Y6,CCCCCCCCC(CCCCCC)Cn1nc2c(-c3cccs3)c(F)c(F)c(-c3ccc(-c4cc5c(-c6ccc(SCC(CC)CCCC)c(F)c6)c6occc6c(-c6ccc(SCC(CC)CCCC)c(F)c6)c5o4)s3)c2n1,CCCCCCCCCCCc1c(/C=C2\C(=O)c3cc(F)c(F)cc3C2=C(C#N)C#N)sc2c1sc1c3c4nsnc4c4c5sc6c(CCCCCCCCCCC)c(/C=C7\C(=O)c8cc(F)c(F)cc8C7=C(C#N)C#N)sc6c5n(CC(CC)CCCC)c4c3n(CC(CC)CCCC)c21,0.83,23.41,75.23,14.62,-5.5,-3.46,-5.65,-4.09,,,2021,10.1039/d1tc03409j,"OPV-DB (Qiu, J., Zenodo, 2026, doi:10.5281/zenodo.20841543)"
P5T,eC9,CCCCCCCCCCC(CCCCCCCC)Cc1sc(CC(CCCCCCCC)CCCCCCCCCC)c2c1C(=O)c1c(-c3ccc(-c4cccs4)s3)sc(-c3ccc(-c4cccs4)s3)c1C2=O,CCCCCCCCCc1c(/C=C2\C(=O)c3cc(Cl)c(Cl)cc3C2=C(C#N)C#N)sc2c1sc1c3c4nsnc4c4c5sc6c(CCCCCCCCC)c(/C=C7\C(=O)c8cc(Cl)c(Cl)cc8C7=C(C#N)C#N)sc6c5n(CC(CCCC)CCCCCC)c4c3n(CC(CCCC)CCCCCC)c21,0.832,14.6,50.5,6.13,-5.41,-3.48,-5.68,-3.9,,,2021,10.1021/acsmaterialslett.1c00328,"OPV-DB (Qiu, J., Zenodo, 2026, doi:10.5281/zenodo.20841543)"
PF2,Y6,CCCCCCCCC(CCCCCC)Cc1cc2sc(-c3c4cc(-c5sc(-c6c(F)c(F)c(-c7cc(CC(CC)CCCC)cs7)c7nsnc67)cc5CC(CC)CCCC)sc4c(-c4cc5sc(CC(CCCCCC)CCCCCCCC)cc5s4)c4ccsc34)cc2s1,CCCCCCCCCCCc1c(/C=C2\C(=O)c3cc(F)c(F)cc3C2=C(C#N)C#N)sc2c1sc1c3c4nsnc4c4c5sc6c(CCCCCCCCCCC)c(/C=C7\C(=O)c8cc(F)c(F)cc8C7=C(C#N)C#N)sc6c5n(CC(CC)CCCC)c4c3n(CC(CC)CCCC)c21,0.88,22.9,70.0,14.1,-5.48,-3.73,-5.65,-4.09,,,2021,10.1016/j.cej.2021.134117,"OPV-DB (Qiu, J., Zenodo, 2026, doi:10.5281/zenodo.20841543)"
SM1-F,Y6,CCCCCCCCc1cc(/C=C(/C#N)C(=O)OCC(CC)CCCC)sc1-c1ccc(-c2sc(-c3cc4c(-c5cc(F)c(CC(CC)CCCC)s5)c5sc(-c6cc(CCCCCCCC)c(-c7ccc(-c8sc(/C=C(\C#N)C(=O)OCC(CC)CCCC)cc8CCCCCCCC)s7)s6)cc5c(-c5cc(F)c(CC(CC)CCCC)s5)c4s3)cc2CCCCCCCC)s1,CCCCCCCCCCCc1c(/C=C2\C(=O)c3cc(F)c(F)cc3C2=C(C#N)C#N)sc2c1sc1c3c4nsnc4c4c5sc6c(CCCCCCCCCCC)c(/C=C7\C(=O)c8cc(F)c(F)cc8C7=C(C#N)C#N)sc6c5n(CC(CC)CCCC)c4c3n(CC(CC)CCCC)c21,0.866,23.25,69.9,14.07,-5.37,-2.81,-5.65,-4.09,,,2021,10.1016/j.optmat.2021.111217,"OPV-DB (Qiu, J., Zenodo, 2026, doi:10.5281/zenodo.20841543)"
H2,Y6,CCCCCCCCCCCc1c(/C=C2\C(=O)c3ccccc3C2=C(C#N)C#N)sc2c1sc1c3c4nsnc4c4c5sc6c(CCCCCCCCCCC)c(/C=C7\C(=O)c8ccccc8C7=C(C#N)C#N)sc6c5n(CC(CC)CCCC)c4c3n(CC(CC)CCCC)c21.CCl.CCl,CCCCCCCCCCCc1c(/C=C2\C(=O)c3cc(F)c(F)cc3C2=C(C#N)C#N)sc2c1sc1c3c4nsnc4c4c5sc6c(CCCCCCCCCCC)c(/C=C7\C(=O)c8cc(F)c(F)cc8C7=C(C#N)C#N)sc6c5n(CC(CC)CCCC)c4c3n(CC(CC)CCCC)c21,0.85,24.13,67.3,13.8,-5.62,-3.94,-5.65,-4.09,,,2021,10.1002/solr.202100510,"OPV-DB (Qiu, J., Zenodo, 2026, doi:10.5281/zenodo.20841543)"
PBDB-T,PZ1,CCCCC(CC)Cc1ccc(-c2c3cc(-c4ccc(-c5sc(-c6cccs6)c6c5C(=O)c5c(CC(CC)CCCC)sc(CC(CC)CCCC)c5C6=O)s4)sc3c(-c3ccc(CC(CC)CCCC)s3)c3ccsc23)s1,CCCCCCCCCCCCCCCCC1(CCCCCCCCCCCCCCCC)c2cc3c(cc2-c2sc(/C=C4\C(=O)C5=C(C=CC(c6cccs6)C=C5)C4=C(C#N)C#N)cc21)C(CCCCCCCCCCCCCCCC)(CCCCCCCCCCCCCCCC)c1cc(/C=C2\C(=O)c4ccccc4C2=C(C#N)C#N)sc1-3,0.83,16.05,68.99,9.19,-5.33,-3.48,-5.74,-3.86,,,2021,10.1002/solr.202100868,"OPV-DB (Qiu, J., Zenodo, 2026, doi:10.5281/zenodo.20841543)"
PM6,BP-4F,CCCCC(CC)Cc1sc(-c2c3cc(-c4ccc(-c5sc(-c6cccs6)c6c5C(=O)c5c(CC(CC)CCCC)sc(CC(CC)CCCC)c5C6=O)s4)sc3c(-c3cc(F)c(CC(CC)CCCC)s3)c3ccsc23)cc1F,CCCCCCc1ccc(S2(c3ccc(CCCCCC)cc3)c3cc(/C=C4\C(=O)c5cc(F)c(F)cc5C4=C(C#N)C#N)sc3-c3sc4c(-c5ccc(CC(CC)CCCC)cc5)c5c6c(sc5c(-c5ccc(CC(CC)CCCC)cc5)c4c32)-c2sc(/C=C3\C(=O)c4cc(F)c(F)cc4C3=C(C#N)C#N)cc2S6(c2ccc(CCCCCC)cc2)c2ccc(CCCCCC)cc2)cc1,0.857,24.12,68.41,14.14,-5.56,-3.65,-5.63,-3.9,,,2021,10.1039/d1tc02748d,"OPV-DB (Qiu, J., Zenodo, 2026, doi:10.5281/zenodo.20841543)"
J52-Cl,F-BTA3,CCCCCCCCC(CCCCCC)Cn1nc2c(-c3cccs3)c(F)c(F)c(-c3ccc(-c4cc5c(-c6cc(Cl)c(CC(CC)CCCC)s6)c6sccc6c(-c6cc(Cl)c(CC(CC)CCCC)s6)c5s4)s3)c2n1,CCCCCCCCn1nc2c(C=c3sc(=C(C#N)C#N)n(CC)c3=O)cc(F)c(-c3cc4c(s3)-c3cc5c(cc3C4(c3ccc(CCCCCC)cc3)c3ccc(CCCCCC)cc3)-c3sc(-c4c(F)cc(C=c6sc(=C(C#N)C#N)n(CC)c6=O)c6nn(CCCCCCCC)nc46)cc3C5(c3ccc(CCCCCC)cc3)c3ccc(CCCCCC)cc3)c2n1,1.15,12.81,68.55,10.1,-5.39,-3.45,-5.52,-3.39,,,2021,10.1021/acsami.1c08487,"OPV-DB (Qiu, J., Zenodo, 2026, doi:10.5281/zenodo.20841543)"
PF2,PC71BM,CCCCCCCCC(CCCCCC)Cc1cc2sc(-c3c4cc(-c5sc(-c6c(F)c(F)c(-c7cc(CC(CC)CCCC)cs7)c7nsnc67)cc5CC(CC)CCCC)sc4c(-c4cc5sc(CC(CCCCCC)CCCCCCCC)cc5s4)c4ccsc34)cc2s1,COC(=O)CCCC1(c2ccccc2)C23c4c5ccc6c7cc8c9c%10c(cc%11cc%12c%13c%14c(cc%15c%16ccc-5c2c%16c2c5c%16c%17c(c(c46)c7c9c%17c4c%10c%11c%13c4c%16c%14c%152)C513)C%12)C8,0.754,17.9,73.0,9.8,-5.48,-3.73,-5.9,-3.9,,,2021,10.1039/d1me00151e,"OPV-DB (Qiu, J., Zenodo, 2026, doi:10.5281/zenodo.20841543)"
PM6,C8IDT-Br,CCCCC(CC)Cc1sc(-c2c3cc(-c4ccc(-c5sc(-c6cccs6)c6c5C(=O)c5c(CC(CC)CCCC)sc(CC(CC)CCCC)c5C6=O)s4)sc3c(-c3cc(F)c(CC(CC)CCCC)s3)c3ccsc23)cc1F,CCn1c2cc(-c3ccc(/C=C4\C(=O)c5cc(Br)ccc5C4=C(C#N)C#N)s3)ccc2c2ccc(-c3ccc(/C=C4\C(=O)c5cc(Br)ccc5C4=C(C#N)C#N)s3)cc21,0.97,15.66,64.81,9.85,-5.56,-3.65,-5.73,-3.86,,,2021,10.1021/acsaem.1c00369,"OPV-DB (Qiu, J., Zenodo, 2026, doi:10.5281/zenodo.20841543)"
PBDB-T,BTC6-2F,CCCCC(CC)Cc1ccc(-c2c3cc(-c4ccc(-c5sc(-c6cccs6)c6c5C(=O)c5c(CC(CC)CCCC)sc(CC(CC)CCCC)c5C6=O)s4)sc3c(-c3ccc(CC(CC)CCCC)s3)c3ccsc23)s1,CCn1nc2c(-c3cc4c(s3)-c3sc(/C=C5\C(=O)c6ccc(F)cc6C5=C(C#N)C#N)cc3C4(CC)CC)c(F)c(F)c(-c3cc4c(s3)-c3sc(/C=C5\C(=O)c6ccc(F)cc6C5=C(C#N)C#N)cc3C4(CC)CC)c2n1,0.81,19.32,64.14,10.1,-5.33,-3.48,-5.52,-3.8,,,2021,10.1039/d1nj01978c,"OPV-DB (Qiu, J., Zenodo, 2026, doi:10.5281/zenodo.20841543)"
PBDB-T,IDTT2OT-2F,CCCCC(CC)Cc1ccc(-c2c3cc(-c4ccc(-c5sc(-c6cccs6)c6c5C(=O)c5c(CC(CC)CCCC)sc(CC(CC)CCCC)c5C6=O)s4)sc3c(-c3ccc(CC(CC)CCCC)s3)c3ccsc23)s1,CCCCCCc1ccc(C2(c3ccc(CCCCCC)cc3)c3cc4c(cc3-c3sc5cc(-c6sc(/C=C7\C(=O)c8ccc(F)cc8C7=C(C#N)C#N)c(OC)c6OC)sc5c32)C(c2ccc(CCCCCC)cc2)(c2ccc(CCCCCC)cc2)c2c-4sc3cc(-c4sc(/C=C5\C(=O)c6ccc(F)cc6C5=C(C#N)C#N)c(OC)c4OC)sc23)cc1,0.88,17.5,65.1,10.04,-5.33,-3.48,-5.28,-3.83,,,2021,10.1016/j.synthmet.2021.116880,"OPV-DB (Qiu, J., Zenodo, 2026, doi:10.5281/zenodo.20841543)"
PClBTA-PS,IT4Cl,CCCCCCCCC(CCCCCC)CSc1ccc(-c2c3cc(-c4sc(-c5c(F)c(F)c(-c6cc(Cl)cs6)c6nn(CC(CCCCCC)CCCCCCCC)nc56)cc4Cl)sc3c(-c3ccc(SCC(CCCCCC)CCCCCCCC)cc3)c3ccsc23)cc1,CCCCCCc1ccc(C2(c3ccc(CCCCCC)cc3)c3cc4c(cc3-c3sc5cc(/C=C6\C(=O)c7cc(Cl)c(Cl)cc7C6=C(C#N)C#N)sc5c32)C(c2ccc(CCCCCC)cc2)(c2ccc(CCCCCC)cc2)c2c-4sc3cc(/C=C4\C(=O)c5cc(Cl)c(Cl)cc5C4=C(C#N)C#N)sc23)cc1,0.82,21.13,76.2,13.2,-5.63,-3.68,-5.75,-4.09,,,2021,10.1021/acsami.1c24348,"OPV-DB (Qiu, J., Zenodo, 2026, doi:10.5281/zenodo.20841543)"
PBDB-T,SN6IC-4F,CCCCC(CC)Cc1ccc(-c2c3cc(-c4ccc(-c5sc(-c6cccs6)c6c5C(=O)c5c(CC(CC)CCCC)sc(CC(CC)CCCC)c5C6=O)s4)sc3c(-c3ccc(CC(CC)CCCC)s3)c3ccsc23)s1,CCCCCCCCC(CCCCCCCC)n1c2cc(/C=C3\C(=O)c4cc(F)c(F)cc4C3=C(C#N)C#N)sc2c2sc3c(sc4c5sc(/C=C6\C(=O)c7cc(F)c(F)cc7C6=C(C#N)C#N)cc5n(C(CCCCCCCC)CCCCCCCC)c43)c21,0.78,23.2,73.0,13.2,-5.33,-3.48,-5.52,-4.11,,,2021,10.1002/solr.202100868,"OPV-DB (Qiu, J., Zenodo, 2026, doi:10.5281/zenodo.20841543)"
P3TCO-D,IT-4F,CCCCCCCCCCC(=O)c1ccsc1-c1ccc(-c2sc(-c3cc4c(-c5cc(F)c(CC(CC)CCCC)s5)c5sccc5c(-c5cc(F)c(CC(CC)CCCC)s5)c4s3)cc2C(=O)CCCCCCCCCC)s1,CCCCCCc1ccc(C2(c3ccc(CCCCCC)cc3)c3cc4c(cc3-c3sc5cc(/C=C6\C(=O)c7cc(F)c(F)cc7C6=C(C#N)C#N)sc5c32)C(c2ccc(CCCCCC)cc2)(c2ccc(CCCCCC)cc2)c2c-4sc3cc(/C=C4\C(=O)c5cc(F)c(F)cc5C4=C(C#N)C#N)sc23)cc1,0.84,19.34,62.1,10.1,-5.55,-3.67,-5.66,-4.14,,,2021,10.1016/j.polymer.2021.123475,"OPV-DB (Qiu, J., Zenodo, 2026, doi:10.5281/zenodo.20841543)"
D18,SY6,CCCCCCC(CCCC)Cc1csc(-c2cc3c4nsnc4c4cc(-c5cc(CC(CCCC)CCCCCC)c(-c6cc7c(-c8cc(F)c(CC(CC)CCCC)s8)c8sccc8c(-c8cc(F)c(CC(CC)CCCC)s8)c7s6)s5)sc4c3s2)c1,CCCCCCCCCCCc1c(/C=C2\C(=O)c3cc(-c4cccs4)ccc3C2=C(C#N)C#N)sc2c1sc1c3c4nsnc4c4c5sc6c(CCCCCCCCCCC)c(/C=C7\C(=O)c8cc(-c9cccs9)ccc8C7=C(C#N)C#N)sc6c5n(CC(CCCCCCCC)CCCCCCCCCC)c4c3n(CC(CCCCCCCC)CCCCCCCCCC)c21,0.86,21.81,69.98,13.13,-5.51,-2.77,-5.56,-3.87,,,2021,10.1016/j.dyepig.2021.109824,"OPV-DB (Qiu, J., Zenodo, 2026, doi:10.5281/zenodo.20841543)"
PST-TTC,ITIC,CCCCCCCCOC(=O)c1ccsc1-c1ccc(-c2sc(-c3cc4c(-c5ccc(SCC(CC)CCCC)s5)c5sccc5c(-c5ccc(SCC(CC)CCCC)s5)c4s3)cc2C(=O)OCCCCCCCC)s1,CCCCCCc1ccc(C2(c3ccc(CCCCCC)cc3)c3cc4c(cc3-c3sc5cc(C=C6C(=O)c7ccccc7C6=C(C#N)C#N)sc5c32)C(c2ccc(CCCCCC)cc2)(c2ccc(CCCCCC)cc2)c2c-4sc3cc(C=C4C(=O)c5ccccc5C4=C(C#N)C#N)sc23)cc1,0.99,15.04,64.5,9.92,-5.39,-3.52,-5.48,-3.83,,,2021,10.1021/acsaem.1c01418,"OPV-DB (Qiu, J., Zenodo, 2026, doi:10.5281/zenodo.20841543)"
PTB7-Th,NCBDT-4Cl,CCCCC(CC)COC(=O)c1sc2csc(-c3cc4c(-c5ccc(CC(CC)CCCC)s5)c5sccc5c(-c5ccc(CC(CC)CCCC)s5)c4s3)c2c1F,CCCCCCCCc1c2sc3c(c2c(CCCCCCCC)c2sc4c(c12)C(c1ccc(CCCCCC)cc1)(c1ccc(CCCCCC)cc1)c1cc(/C=C2\C(=O)c5cc(Cl)c(Cl)cc5C2=C(C#N)C#N)sc1-4)C(c1ccc(CCCCCC)cc1)(c1ccc(CCCCCC)cc1)c1cc(/C=C2\C(=O)c4cc(Cl)c(Cl)cc4C2=C(C#N)C#N)sc1-3,0.68,21.35,68.7,9.91,-5.21,-3.6,-5.6,-4.02,,,2021,10.1039/d1tc00691f,"OPV-DB (Qiu, J., Zenodo, 2026, doi:10.5281/zenodo.20841543)"
PBDB-TF,BTIC-COOMe,CCCCC(CC)Cc1sc(-c2c3cc(-c4ccc(-c5sc(-c6cccs6)c6c5C(=O)c5c(CC(CC)CCCC)sc(CC(CC)CCCC)c5C6=O)s4)sc3c(-c3cc(F)c(CC(CC)CCCC)s3)c3ccsc23)cc1F,CCc1c(/C=C2\C(=O)c3cc(C(=O)OC)ccc3C2=C(C#N)C#N)sc2c1sc1c3c4nsnc4c4c5sc6c(CC)c(/C=C7\C(=O)c8cc(C(=O)OC)ccc8C7=C(C#N)C#N)sc6c5n(CC)c4c3n(CC)c21,0.9,22.13,66.71,13.25,-5.56,-3.65,-5.41,-3.89,,,2021,10.1021/acs.jpclett.1c01077,"OPV-DB (Qiu, J., Zenodo, 2026, doi:10.5281/zenodo.20841543)"
J52,BN-4F,CCCCCCCCC(CCCCCC)Cn1nc2c(-c3cccs3)c(F)c(F)c(-c3ccc(-c4cc5c(-c6ccc(CC(CC)CCCC)s6)c6sccc6c(-c6ccc(CC(CC)CCCC)s6)c5s4)s3)c2n1,CCCCC(CC)COc1cc(-c2cc3c(s2)-c2sc(/C=C4\C(=O)c5cc6cc(F)c(F)cc6cc5C4=C(C#N)C#N)cc2C3(CC(CC)CCCC)CC(CC)CCCC)c(OCC(CC)CCCC)cc1-c1cc2c(s1)-c1sc(/C=C3\C(=O)c4cc5cc(F)c(F)cc5cc4C3=C(C#N)C#N)cc1C2(CC(CC)CCCC)CC(CC)CCCC,0.792,25.76,64.9,13.24,-5.2,-3.05,-5.44,-4.06,,,2021,10.1002/ange.202100390,"OPV-DB (Qiu, J., Zenodo, 2026, doi:10.5281/zenodo.20841543)"
PBDB-T,PYN-BDTF,CCCCC(CC)Cc1ccc(-c2c3cc(-c4ccc(-c5sc(-c6cccs6)c6c5C(=O)c5c(CC(CC)CCCC)sc(CC(CC)CCCC)c5C6=O)s4)sc3c(-c3ccc(CC(CC)CCCC)s3)c3ccsc23)s1,CCCCCCCCCCCc1c(/C=C2\C(=O)c3cc4ccccc4cc3C2=C(C#N)C#N)sc2c1sc1c3c4nsnc4c4c5sc6c(CCCCCCCCCCC)c(/C=C7\C(=O)c8cc9cc(-c%10cc%11c(-c%12cc(F)c(CC(CCCCCC)CCCCCCCC)s%12)c%12sccc%12c(-c%12cc(F)c(CC(CCCCCC)CCCCCCCC)s%12)c%11s%10)ccc9cc8C7=C(C#N)C#N)sc6c5n(CC(CCCCCCCC)CCCCCCCCCC)c4c3n(CC(CCCCCCCC)CCCCCCCCCC)c21,0.86,22.28,69.0,13.22,-5.33,-3.48,-5.67,-3.77,,,2021,10.1021/acsenergylett.1c00009,"OPV-DB (Qiu, J., Zenodo, 2026, doi:10.5281/zenodo.20841543)"
PBDB-T,BT-LIC,CCCCC(CC)Cc1ccc(-c2c3cc(-c4ccc(-c5sc(-c6cccs6)c6c5C(=O)c5c(CC(CC)CCCC)sc(CC(CC)CCCC)c5C6=O)s4)sc3c(-c3ccc(CC(CC)CCCC)s3)c3ccsc23)s1,CCCCCCCCCCCc1c(/C=C2\C(=O)c3cc4ccccc4cc3C2=C(C#N)C#N)sc2c1sc1c3c4nsnc4c4c5sc6c(CCCCCCCCCCC)c(/C=C7\C(=O)c8cc9ccccc9cc8C7=C(C#N)C#N)sc6c5n(CC(CC)CCCC)c4c3n(CC(CC)CCCC)c21,0.86,24.3,63.2,13.2,-5.33,-3.48,-5.42,-3.84,,,2021,10.1021/jacs.1c00211,"OPV-DB (Qiu, J., Zenodo, 2026, doi:10.5281/zenodo.20841543)"
J51,ITIC,CCCCCCCCC(CCCCCC)Cc1ccc(-c2c3cc(-c4ccc(-c5c(F)c(F)c(-c6cccs6)c6nn(CC(CCCCCC)CCCCCCCC)nc56)s4)sc3c(-c3ccc(CC(CCCCCC)CCCCCCCC)s3)c3ccsc23)s1,CCCCCCc1ccc(C2(c3ccc(CCCCCC)cc3)c3cc4c(cc3-c3sc5cc(C=C6C(=O)c7ccccc7C6=C(C#N)C#N)sc5c32)C(c2ccc(CCCCCC)cc2)(c2ccc(CCCCCC)cc2)c2c-4sc3cc(C=C4C(=O)c5ccccc5C4=C(C#N)C#N)sc23)cc1,0.82,16.47,69.0,9.26,-5.29,-3.3,-5.576,-3.916,,,2021,10.1021/accountsmr.1c00119,"OPV-DB (Qiu, J., Zenodo, 2026, doi:10.5281/zenodo.20841543)"
PSPT-TTC,DTCFO-ICCl,CCCCCCCCOC(=O)c1ccsc1-c1ccc(-c2sc(-c3cc4c(-c5ccc(-c6ccc(SCC(CCCCCC)CCCCCCCC)cc6)s5)c5sccc5c(-c5ccc(-c6ccc(SCC(CCCCCC)CCCCCCCC)cc6)s5)c4s3)cc2C(=O)OCCCCCCCC)s1,CCCCCCCCC1(CCCCCCCC)c2cc3c(cc2-c2cc4c(cc21)-c1sc(/C=C2\C(=O)c5cc(Cl)c(Cl)cc5C2=C(C#N)C#N)cc1C4(c1ccc(OCCCCCC)cc1)c1ccc(OCCCCCC)cc1)C(c1ccc(OCCCCCC)cc1)(c1ccc(OCCCCCC)cc1)c1cc(/C=C2\C(=O)c4cc(Cl)c(Cl)cc4C2=C(C#N)C#N)sc1-3,0.87,16.46,62.9,9.26,-5.36,-3.53,-5.71,-4.11,,,2021,10.1021/acsaem.1c01418,"OPV-DB (Qiu, J., Zenodo, 2026, doi:10.5281/zenodo.20841543)"
PBDF-NS,Y6,CCCCCCCCC(CCCCCC)CSc1ccc2cc(-c3c4cc(-c5ccc(-c6c(F)c(F)c(-c7cccs7)c7nn(CC(CCCCCC)CCCCCCCC)nc67)s5)oc4c(-c4ccc5cc(SCC(CCCCCC)CCCCCCCC)ccc5c4)c4ccoc34)ccc2c1,CCCCCCCCCCCc1c(/C=C2\C(=O)c3cc(F)c(F)cc3C2=C(C#N)C#N)sc2c1sc1c3c4nsnc4c4c5sc6c(CCCCCCCCCCC)c(/C=C7\C(=O)c8cc(F)c(F)cc8C7=C(C#N)C#N)sc6c5n(CC(CC)CCCC)c4c3n(CC(CC)CCCC)c21,0.728,26.88,72.9,14.26,-5.44,-3.35,-5.65,-4.09,,,2021,10.1002/aenm.202103684,"OPV-DB (Qiu, J., Zenodo, 2026, doi:10.5281/zenodo.20841543)"
PTQ-10,BT-Cl,CCOc1cnc2c(-c3ccc(-c4c(F)c(F)c(-c5ccc(-c6c(F)c(F)c(-c7cccs7)c7ncc(OCC)nc67)s5)c5ncc(OCC)nc45)s3)c(F)c(F)cc2n1,CCC1(CC)c2cc(/C=C3\C(=O)c4cc(Cl)c(Cl)cc4C3=C(C#N)C#N)sc2-c2sc(-c3ccc(-c4cc5c(s4)-c4sc(/C=C6\C(=O)c7cc(Cl)c(Cl)cc7C6=C(C#N)C#N)cc4C5(CC)CC)c4nsnc34)cc21,0.79,17.85,61.05,8.65,-5.54,-2.92,-5.42,-3.71,,,2021,10.1016/j.orgel.2021.106132,"OPV-DB (Qiu, J., Zenodo, 2026, doi:10.5281/zenodo.20841543)"
PBDB-T,H-2F,CCCCC(CC)Cc1ccc(-c2c3cc(-c4ccc(-c5sc(-c6cccs6)c6c5C(=O)c5c(CC(CC)CCCC)sc(CC(CC)CCCC)c5C6=O)s4)sc3c(-c3ccc(CC(CC)CCCC)s3)c3ccsc23)s1,CCCCCCCCc1cc(-c2sc3c(N(c4ccccc4)c4ccccc4)c(-c4cc(CCCCCCCC)c(/C=C5\C(=O)c6cc(F)c(F)cc6C5=C(C#N)C#N)s4)sc3c2N(c2ccccc2)c2ccccc2)sc1/C=C1\C(=O)c2cc(F)c(F)cc2C1=C(C#N)C#N,0.73,18.78,63.0,8.64,-5.33,-3.48,-5.58,-4.06,,,2021,10.1021/acsami.1c09597,"OPV-DB (Qiu, J., Zenodo, 2026, doi:10.5281/zenodo.20841543)"
PBDB-T,DBD-4F,CCCCC(CC)Cc1ccc(-c2c3cc(-c4ccc(-c5sc(-c6cccs6)c6c5C(=O)c5c(CC(CC)CCCC)sc(CC(CC)CCCC)c5C6=O)s4)sc3c(-c3ccc(CC(CC)CCCC)s3)c3ccsc23)s1,CCCCCCCCC(CCCCCC)COc1cc(-c2cc3c(s2)c2sc(/C=C4\C(=O)c5cc(F)c(F)cc5C4=C(C#N)C#N)cc2n3C(CCCCCCCC)CCCCCCCC)c(OCC(CCCCCC)CCCCCCCC)cc1-c1cc2c(s1)c1sc(/C=C3\C(=O)c4cc(F)c(F)cc4C3=C(C#N)C#N)cc1n2C(CCCCCCCC)CCCCCCCC,0.88,15.92,59.5,8.64,-5.33,-3.48,-5.55,-3.74,,,2021,10.1016/j.cej.2021.128770,"OPV-DB (Qiu, J., Zenodo, 2026, doi:10.5281/zenodo.20841543)"
J52-Cl,BTA5,CCCCCCCCC(CCCCCC)Cn1nc2c(-c3cccs3)c(F)c(F)c(-c3ccc(-c4cc5c(-c6cc(Cl)c(CC(CC)CCCC)s6)c6sccc6c(-c6cc(Cl)c(CC(CC)CCCC)s6)c5s4)s3)c2n1,CCCCCCCCn1nc2c(/C=c3/sc(=C(C#N)C#N)n(Cc4ccccc4)c3=O)ccc(-c3cc4c(s3)-c3cc5c(cc3C4(c3ccc(CCCCCC)cc3)c3ccc(CCCCCC)cc3)-c3sc(-c4ccc(/C=c6/sc(=C(C#N)C#N)n(Cc7ccccc7)c6=O)c6nn(CCCCCCCC)nc46)cc3C5(c3ccc(CCCCCC)cc3)c3ccc(CCCCCC)cc3)c2n1,1.21,11.36,62.86,8.64,-5.39,-3.45,-5.55,-3.71,,,2021,10.1021/acsami.1c03757,"OPV-DB (Qiu, J., Zenodo, 2026, doi:10.5281/zenodo.20841543)"
PBDB-T,LL3-2Cl,CCCCC(CC)Cc1ccc(-c2c3cc(-c4ccc(-c5sc(-c6cccs6)c6c5C(=O)c5c(CC(CC)CCCC)sc(CC(CC)CCCC)c5C6=O)s4)sc3c(-c3ccc(CC(CC)CCCC)s3)c3ccsc23)s1,CCCCCCCCc1c(/C=C2\C(=O)c3cc(Cl)c(Cl)cc3C2=C(C#N)C#N)sc2c1sc1c3c4nn(CC)nc4c4c5sc6c(CCCCCCCC)c(/C=C7\C(=O)c8cc(Cl)c(Cl)cc8C7=C(C#N)C#N)sc6c5n(CC)c4c3n(CC)c21,0.79,26.96,67.7,14.4,-5.33,-3.48,-5.53,-3.92,,,2021,10.1002/adfm.202103445,"OPV-DB (Qiu, J., Zenodo, 2026, doi:10.5281/zenodo.20841543)"
ZR1,Y6,CCc1ccc(-c2c3sc4cc(-c5cc(CC)c(-c6ccc(/C=C7/SC(=S)N(CC)C7=O)s6)s5)sc4c3c(-c3ccc(CC)s3)c3sc4cc(-c5cc(CC)c(-c6ccc(/C=C7/SC(=S)N(CC)C7=O)s6)s5)sc4c23)s1,CCCCCCCCCCCc1c(/C=C2\C(=O)c3cc(F)c(F)cc3C2=C(C#N)C#N)sc2c1sc1c3c4nsnc4c4c5sc6c(CCCCCCCCCCC)c(/C=C7\C(=O)c8cc(F)c(F)cc8C7=C(C#N)C#N)sc6c5n(CC(CC)CCCC)c4c3n(CC(CC)CCCC)c21,0.861,24.34,68.4,14.34,-5.32,-3.53,-5.65,-4.09,,,2021,10.1016/j.optmat.2021.111217,"OPV-DB (Qiu, J., Zenodo, 2026, doi:10.5281/zenodo.20841543)"
PBDB-TF,TB-4Cl,CCCCC(CC)Cc1sc(-c2c3cc(-c4ccc(-c5sc(-c6cccs6)c6c5C(=O)c5c(CC(CC)CCCC)sc(CC(CC)CCCC)c5C6=O)s4)sc3c(-c3cc(F)c(CC(CC)CCCC)s3)c3ccsc23)cc1F,CCCCCCCCc1c(/C=C2\C(=O)c3cc(Cl)c(Cl)cc3C2=C(C#N)C#N)sc2c1sc1c3c4nsnc4c4c5sc(/C=C6\C(=O)c7cc(Cl)c(Cl)cc7C6=C(C#N)C#N)c(CCCCCCCC)c5n(CC(CC)CCCC)c4c3n(CC(CC)CCCC)c21,0.835,23.2,74.6,14.45,-5.49,-3.64,-5.81,-3.94,,,2021,10.1021/acsami.1c02652,"OPV-DB (Qiu, J., Zenodo, 2026, doi:10.5281/zenodo.20841543)"
PBDB-T,BTP-Se,CCCCC(CC)Cc1ccc(-c2c3cc(-c4ccc(-c5sc(-c6cccs6)c6c5C(=O)c5c(CC(CC)CCCC)sc(CC(CC)CCCC)c5C6=O)s4)sc3c(-c3ccc(CC(CC)CCCC)s3)c3ccsc23)s1,CCCCCCCCCCCc1c(/C=C2\C(=O)c3cc(F)c(F)cc3C2=C(C#N)C#N)sc2c1sc1c3c4n[se]nc4c4c5sc6c(CCCCCCCCCCC)c(/C=C/C=C7\C(=O)c8cc(F)c(F)cc8C7=C(C#N)C#N)sc6c5n(CC(CCCC)CCCCCC)c4c3n(CC(CCCC)CCCCCC)c21,0.711,28.66,69.7,14.2,-5.33,-3.48,-5.64,-4.04,,,2021,10.1016/j.cej.2021.132830,"OPV-DB (Qiu, J., Zenodo, 2026, doi:10.5281/zenodo.20841543)"
PTB7-Th,BThIND-Cl,CCCCC(CC)COC(=O)c1sc2csc(-c3cc4c(-c5ccc(CC(CC)CCCC)s5)c5sccc5c(-c5ccc(CC(CC)CCCC)s5)c4s3)c2c1F,CCCCCCC1(CCCCCC)c2cc3c(cc2-c2sc(/C=C4\C(=O)c5cc(Cl)ccc5C4=C(C#N)C#N)cc21)C(CCCCCC)(CCCCCC)c1cc(/C=C2\C(=O)c4cc(Cl)ccc4C2=C(C#N)C#N)sc1-3,0.91,22.58,69.0,14.18,-5.21,-3.6,-5.64,-3.96,,,2021,10.1016/j.mtener.2021.100843,"OPV-DB (Qiu, J., Zenodo, 2026, doi:10.5281/zenodo.20841543)"
PM6,ITC-2Cl,CCCCC(CC)Cc1sc(-c2c3cc(-c4ccc(-c5sc(-c6cccs6)c6c5C(=O)c5c(CC(CC)CCCC)sc(CC(CC)CCCC)c5C6=O)s4)sc3c(-c3cc(F)c(CC(CC)CCCC)s3)c3ccsc23)cc1F,CCCCCCc1ccc(C2(c3ccc(CCCCCC)cc3)c3cc4c(cc3-c3sc5cc(/C=C6\C(=O)c7c(csc7Cl)C6=C(C#N)C#N)sc5c32)C(c2ccc(CCCCCC)cc2)(c2ccc(CCCCCC)cc2)c2c-4sc3cc(/C=C4\C(=O)c5c(csc5Cl)C4=C(C#N)C#N)sc23)cc1,0.916,20.06,77.1,14.17,-5.56,-3.65,-5.58,-4.01,,,2021,10.1002/aenm.202100492,"OPV-DB (Qiu, J., Zenodo, 2026, doi:10.5281/zenodo.20841543)"
L1,Y6,CCc1csc(-c2cc3oc(=O)c4cc(-c5cc(CC)c(-c6cc7c(-c8ccc(CC)s8)c8sc(-c9sc(-c%10cc%11oc(=O)c%12cc(-c%13cc(CC)c(-c%14cc%15c(-c%16ccc(CC)s%16)c%16sc(-c%17sc(-c%18cc%19oc(=O)c%20cc(-c%21cc(CC)c(-c%22cc%23c(-c%24ccc(CC)s%24)c%24sccc%24c(-c%24ccc(CC)s%24)c%23s%22)s%21)sc%20c%19s%18)cc%17CC)cc%16c(-c%16ccc(CC)s%16)c%15s%14)s%13)sc%12c%11s%10)cc9CC)cc8c(-c8ccc(CC)s8)c7s6)s5)sc4c3s2)c1,CCCCCCCCCCCc1c(/C=C2\C(=O)c3cc(F)c(F)cc3C2=C(C#N)C#N)sc2c1sc1c3c4nsnc4c4c5sc6c(CCCCCCCCCCC)c(/C=C7\C(=O)c8cc(F)c(F)cc8C7=C(C#N)C#N)sc6c5n(CC(CC)CCCC)c4c3n(CC(CC)CCCC)c21,0.83,25.28,69.8,14.6,-5.45,-2.79,-5.65,-4.09,,,2021,10.1039/d1ee01193f,"OPV-DB (Qiu, J., Zenodo, 2026, doi:10.5281/zenodo.20841543)"
PM6,BTTPC-Br,CCCCC(CC)Cc1sc(-c2c3cc(-c4ccc(-c5sc(-c6cccs6)c6c5C(=O)c5c(CC(CC)CCCC)sc(CC(CC)CCCC)c5C6=O)s4)sc3c(-c3cc(F)c(CC(CC)CCCC)s3)c3ccsc23)cc1F,CCc1c(/C=C2\C(=O)c3cc4cc(Br)sc4cc3C2=C(C#N)C#N)sc2c1sc1c3c4nsnc4c4c5sc6c(CC)c(/C=C7\C(=O)c8cc9cc(Br)sc9cc8C7=C(C#N)C#N)sc6c5n(CC)c4c3n(CC)c21,0.937,22.16,69.57,14.46,-5.56,-3.65,-5.54,-3.88,,,2021,10.1002/adfm.202108614,"OPV-DB (Qiu, J., Zenodo, 2026, doi:10.5281/zenodo.20841543)"
J52,JC2,CCCCCCCCC(CCCCCC)Cn1nc2c(-c3cccs3)c(F)c(F)c(-c3ccc(-c4cc5c(-c6ccc(CC(CC)CCCC)s6)c6sccc6c(-c6ccc(CC(CC)CCCC)s6)c5s4)s3)c2n1,CCCCCCCCC1(CCCCCCCC)c2cc3c(cc2-c2sc(-c4c5cc(C(=O)OCC)sc5c(/C=c5\sc(=C(C#N)C#N)n(CC)c5=O)c5nn(CC(CC)CCCC)nc45)cc21)C(CCCCCCCC)(CCCCCCCC)c1cc(-c2c4cc(C(=O)OCC)sc4c(/C=c4\sc(=C(C#N)C#N)n(CC)c4=O)c4nn(CC(CC)CCCC)nc24)sc1-3,0.85,19.04,63.5,10.27,-5.2,-3.05,-5.48,-3.73,,,2021,10.1039/d1tc02700j,"OPV-DB (Qiu, J., Zenodo, 2026, doi:10.5281/zenodo.20841543)"
PTB-QxCN,Y6BO,CCCCCCOc1cccc(-c2nc3c(-c4cccs4)cc(C#N)c(-c4ccc(-c5cc6c(-c7ccc(CC(CC)CCCC)s7)c7sccc7c(-c7ccc(CC(CC)CCCC)s7)c6s5)s4)c3nc2-c2cccc(OCCCCCC)c2)c1,CCCCCCCCCCCc1c(/C=C2\C(=O)c3cc(F)c(F)cc3C2=C(C#N)C#N)sc2c1sc1c3c4nsnc4c4c5sc6c(CCCCCCCCCCC)c(/C=C7\C(=O)c8cc(F)c(F)cc8C7=C(C#N)C#N)sc6c5n(CC(CCCC)CCCCCC)c4c3n(CC(CCCC)CCCCCC)c21,0.76,27.9,62.6,13.3,-5.39,-3.49,-5.62,-4.11,,,2021,10.1016/j.jpowsour.2021.229588,"OPV-DB (Qiu, J., Zenodo, 2026, doi:10.5281/zenodo.20841543)"
PBDB-T-2Cl,IDTT-Cl-2F,CCCCC(CC)Cc1sc(-c2c3cc(-c4ccc(-c5sc(-c6cccs6)c6c5C(=O)c5c(CC(CC)CCCC)sc(CC(CC)CCCC)c5C6=O)s4)sc3c(-c3cc(Cl)c(CC(CC)CCCC)s3)c3ccsc23)cc1Cl,CCCCCCc1ccc(C2(c3ccc(CCCCCC)cc3)c3cc4c(cc3-c3sc5cc(/C=C6\C(=O)c7cc(F)c(F)cc7C6=C(C#N)C#N)sc5c32)C(c2ccc(CCCCCC)cc2)(c2ccc(CCCCCC)cc2)c2c-4sc3cc(/C=C4\C(=O)c5sc(Cl)cc5C4=C(C#N)C#N)sc23)cc1,0.96,19.2,71.1,13.3,-5.52,-3.6,-5.42,-3.92,,,2021,10.1002/adfm.202102189,"OPV-DB (Qiu, J., Zenodo, 2026, doi:10.5281/zenodo.20841543)"
PBDB-TF-TT10,Y6,CCCCC(CC)Cc1sc(-c2c3c(c(-c4cc(F)c(CC(CC)CCCC)s4)c4sc(-c5ccc(-c6sc(-c7ccc(-c8cc9c(-c%10cc(F)c(CC(CC)CCCC)s%10)c%10sccc%10c(-c%10cc(F)c(CC(CC)CCCC)s%10)c9s8)s7)c7c6C(=O)c6c(CC(CC)CCCC)sc(CC(CC)CCCC)c6C7=O)s5)cc24)C=C(c2sc4c(C(=O)OCC)csc4c2C(=O)OCC)C3)cc1F,CCCCCCCCCCCc1c(/C=C2\C(=O)c3cc(F)c(F)cc3C2=C(C#N)C#N)sc2c1sc1c3c4nsnc4c4c5sc6c(CCCCCCCCCCC)c(/C=C7\C(=O)c8cc(F)c(F)cc8C7=C(C#N)C#N)sc6c5n(CC(CC)CCCC)c4c3n(CC(CC)CCCC)c21,0.8,25.1,66.0,13.3,-5.44,-3.75,-5.65,-4.09,,,2021,10.1021/acsami.1c03794,"OPV-DB (Qiu, J., Zenodo, 2026, doi:10.5281/zenodo.20841543)"
F-MD,N3,CCCCCCCCC1(CCCCCCCC)c2cc(/C=C3\SC(=S)N(CC)C3=O)sc2-c2sc(-c3cc4c(-c5ccc(CC(CC)CCCC)s5)c5sc(C6=CC7C(S6)c6sc(/C=C8\SC(=S)N(CC)C8=O)cc6C7(CCCCCCCC)CCCCCCCC)cc5c(-c5ccc(CC(CC)CCCC)s5)c4s3)cc21,CCCCCCCCCCCc1c(/C=C2\C(=O)c3cc(F)c(F)cc3C2=C(C#N)C#N)sc2c1sc1c3c4nsnc4c4c5sc6c(CCCCCCCCCCC)c(/C=C7\C(=O)c8cc(F)c(F)cc8C7=C(C#N)C#N)sc6c5n(CCC(CC)CCCC)c4c3n(CCC(CC)CCCC)c21,0.82,23.65,68.0,13.25,-5.3,-3.51,-5.64,-3.86,,,2021,10.1021/acsami.1c22135,"OPV-DB (Qiu, J., Zenodo, 2026, doi:10.5281/zenodo.20841543)"
PBDB-T,CPDT-Me-2Eh,CCCCC(CC)Cc1ccc(-c2c3cc(-c4ccc(-c5sc(-c6cccs6)c6c5C(=O)c5c(CC(CC)CCCC)sc(CC(CC)CCCC)c5C6=O)s4)sc3c(-c3ccc(CC(CC)CCCC)s3)c3ccsc23)s1,CCCCC(CC)CC1(CC(CC)CCCC)c2cc(/C=C3\C(=O)c4cc(C)c(C)cc4C3=C(C#N)C#N)sc2-c2sc(-c3cc4c(s3)-c3sc(/C=C5\C(=O)c6cc(C)c(C)cc6C5=C(C#N)C#N)cc3C4(CC(CC)CCCC)CC(CC)CCCC)cc21,0.83,11.15,47.2,4.39,-5.33,-3.48,-5.18,-3.73,,,2021,10.1016/j.dyepig.2021.109801,"OPV-DB (Qiu, J., Zenodo, 2026, doi:10.5281/zenodo.20841543)"
PAB-Qx,Y6BO,CCCCCCOc1cccc(-c2nc3c(-c4cccs4)ccc(-c4ccc(-c5cc6c(OCC(CC)CCCC)c7sccc7c(OCC(CC)CCCC)c6s5)s4)c3nc2-c2cccc(OCCCCCC)c2)c1,CCCCCCCCCCCc1c(/C=C2\C(=O)c3cc(F)c(F)cc3C2=C(C#N)C#N)sc2c1sc1c3c4nsnc4c4c5sc6c(CCCCCCCCCCC)c(/C=C7\C(=O)c8cc(F)c(F)cc8C7=C(C#N)C#N)sc6c5n(CC(CCCC)CCCCCC)c4c3n(CC(CCCC)CCCCCC)c21,0.62,17.2,40.6,4.35,-5.37,-3.38,-5.62,-4.11,,,2021,10.1016/j.jpowsour.2021.229588,"OPV-DB (Qiu, J., Zenodo, 2026, doi:10.5281/zenodo.20841543)"
PBDTTT-EFT,PC70BM,CCCCCC(CC)OC(=O)c1sc2csc(-c3cc4c(-c5ccc(CC(CC)CCCC)s5)c5sccc5c(-c5ccc(CC(CC)CCCC)s5)c4s3)c2c1F,CCCCC(=O)OCC1(C2=CC=CC=C2)C3=CC=CC4=CC=CC5=CC=CC6=CC=C7C=CC=CC8=CC=CC1=C8C7=C6C5=C4C3,0.79,17.69,73.0,10.19,-5.21,-3.6,-6.1,-3.9,,,2021,10.1021/acsaem.1c00455,"OPV-DB (Qiu, J., Zenodo, 2026, doi:10.5281/zenodo.20841543)"
PCE10,IEICO-4Cl,CCCCC(CC)COC(=O)c1sc2c(-c3cc4c(-c5ccc(CC(CC)CCCC)s5)c5sccc5c(-c5ccc(CC(CC)CCCC)s5)c4s3)scc2c1F,CCCCCCc1ccc(C2(c3ccc(CCCCCC)cc3)c3cc4c(cc3-c3sc(-c5sc(/C=C6\C(=O)c7cc(Cl)c(Cl)cc7C6=C(C#N)C#N)cc5OCC(CC)CCCC)cc32)C(c2ccc(CCCCCC)cc2)(c2ccc(CCCCCC)cc2)c2cc(-c3sc(/C=C5\C(=O)c6cc(Cl)c(Cl)cc6C5=C(C#N)C#N)cc3OCC(CC)CCCC)sc2-4)cc1,0.727,22.8,62.0,10.3,-5.21,-3.6,-5.56,-4.23,,,2021,10.1016/j.dyepig.2021.109171,"OPV-DB (Qiu, J., Zenodo, 2026, doi:10.5281/zenodo.20841543)"
PTB7-Th,IEICO-4Cl,CCCCC(CC)COC(=O)c1sc2csc(-c3cc4c(-c5ccc(CC(CC)CCCC)s5)c5sccc5c(-c5ccc(CC(CC)CCCC)s5)c4s3)c2c1F,CCCCCCc1ccc(C2(c3ccc(CCCCCC)cc3)c3cc4c(cc3-c3sc(-c5sc(/C=C6\C(=O)c7cc(Cl)c(Cl)cc7C6=C(C#N)C#N)cc5OCC(CC)CCCC)cc32)C(c2ccc(CCCCCC)cc2)(c2ccc(CCCCCC)cc2)c2cc(-c3sc(/C=C5\C(=O)c6cc(Cl)c(Cl)cc6C5=C(C#N)C#N)cc3OCC(CC)CCCC)sc2-4)cc1,0.72,22.8,62.0,10.3,-5.21,-3.6,-5.56,-4.23,,,2021,10.1016/j.synthmet.2021.116736,"OPV-DB (Qiu, J., Zenodo, 2026, doi:10.5281/zenodo.20841543)"
H13,IDIC-4F,CCCCCCCCC(CCCCCC)Cn1nc2c(-c3ccc(/C=C(/C#N)C(=O)OCC(CC)CCCC)s3)c(F)c(F)c(-c3ccc(-c4cc5c(-c6cc(F)c(CC(CC)CCCC)s6)c6sc(-c7ccc(-c8c(F)c(F)c(-c9ccc(/C=C(\C#N)C(=O)OCC(CC)CCCC)s9)c9nn(CC(CCCCCC)CCCCCCCC)nc89)s7)cc6c(-c6cc(F)c(CC(CC)CCCC)s6)c5s4)s3)c2n1,CCCCCCc1ccc(C2(c3ccc(CCCCCC)cc3)c3cc4c(cc3-c3sc(/C=C5\C(=O)c6cc(F)c(F)cc6C5=C(C#N)C#N)cc32)C(c2ccc(CCCCCC)cc2)(c2ccc(CCCCCC)cc2)c2cc(/C=C3\C(=O)c5cc(F)c(F)cc5C3=C(C#N)C#N)sc2-4)cc1,0.939,17.3,63.2,10.3,-5.43,-3.39,-5.73,-3.93,,,2021,10.1021/accountsmr.1c00119,"OPV-DB (Qiu, J., Zenodo, 2026, doi:10.5281/zenodo.20841543)"
PTZ6,ITIC,CCCCCCCCCc1nc(-c2nc(CCCCCCCCC)c(-c3ccc(-c4cc5c(-c6cc(OCCCCCC)cc(OCCCCCC)c6)c6sccc6c(-c6cc(OCCCCCC)cc(OCCCCCC)c6)c5s4)s3)s2)sc1-c1cccs1,CCCCCCc1ccc(C2(c3ccc(CCCCCC)cc3)c3cc4c(cc3-c3sc5cc(C=C6C(=O)c7ccccc7C6=C(C#N)C#N)sc5c32)C(c2ccc(CCCCCC)cc2)(c2ccc(CCCCCC)cc2)c2c-4sc3cc(C=C4C(=O)c5ccccc5C4=C(C#N)C#N)sc23)cc1,1.01,14.1,72.3,10.3,-5.36,-3.36,-5.576,-3.916,,,2021,10.1016/j.synthmet.2021.116736,"OPV-DB (Qiu, J., Zenodo, 2026, doi:10.5281/zenodo.20841543)"
PBDS-T,ITIC-Th2,CCCCC(CC)Cc1sc(CC(CC)CCCC)c2c1C(=O)c1c(-c3cccs3)sc(-c3ccc(-c4cc5c(-c6ccc([Si](CCC)(CCC)CCC)s6)c6sccc6c(-c6ccc([Si](CCC)(CCC)CCC)s6)c5s4)s3)c1C2=O,CCCCCCc1ccc(C2(c3ccc(CCCCCC)s3)c3cc4c(cc3-c3sc5cc(/C=C6\C(=O)c7cc(F)c(F)cc7C6=C(C#N)C#N)sc5c32)C(c2ccc(CCCCCC)s2)(c2ccc(CCCCCC)s2)c2c-4sc3cc(/C=C4\C(=O)c5cc(F)c(F)cc5C4=C(C#N)C#N)sc23)s1,0.84,18.72,65.84,10.35,-5.35,-3.67,-5.75,-4.07,,,2021,10.1002/smll.202104451,"OPV-DB (Qiu, J., Zenodo, 2026, doi:10.5281/zenodo.20841543)"
Q4,MeIC,CCCCCCCCCCCCc1csc(-c2cc3c(=O)n(CC(CCCCCC)CCCCCCCC)c(=O)c4cc(-c5cc(CCCCCCCCCCCC)c(-c6cc7c(-c8ccc(CC(CC)CCCC)s8)c8sccc8c(-c8ccc(CC(CC)CCCC)s8)c7s6)s5)sc4c3s2)c1,CCCCCCc1ccc(C2(c3ccc(CCCCCC)cc3)c3cc4c(cc3-c3sc5cc(/C=C6\C(=O)c7c(csc7C)C6=C(C#N)C#N)sc5c32)C(c2ccc(CCCCCC)cc2)(c2ccc(CCCCCC)cc2)c2c-4sc3cc(/C=C4\C(=O)c5c(csc5C)C4=C(C#N)C#N)sc23)cc1,0.99,13.57,76.9,10.34,-5.52,-3.63,-5.57,-3.92,,,2021,10.1021/acsami.1c23196,"OPV-DB (Qiu, J., Zenodo, 2026, doi:10.5281/zenodo.20841543)"
J52-F,JC14,CCCCCCCCC(CCCCCC)Cn1nc2c(-c3cccs3)c(F)c(F)c(-c3ccc(-c4cc5c(-c6cc(F)c(CC(CC)CCCC)s6)c6sccc6c(-c6cc(F)c(CC(CC)CCCC)s6)c5s4)s3)c2n1,CCn1nc2c(-c3cc4c(s3)-c3cc5c(cc3C4(CC)CC)-c3sc(-c4c6ccsc6c(/C=c6\sc(=C(C#N)C#N)n(CC)c6=O)c6nn(CC)nc46)cc3C5(CC)CC)c3ccsc3c(/C=c3\sc(=C(C#N)C#N)n(CC)c3=O)c2n1,1.07,15.78,61.19,10.33,-5.36,-3.42,-5.41,-3.63,,,2021,10.1002/marc.202100810,"OPV-DB (Qiu, J., Zenodo, 2026, doi:10.5281/zenodo.20841543)"
PBDB-T,F-2Cl,CCCCC(CC)Cc1ccc(-c2c3cc(-c4ccc(-c5sc(-c6cccs6)c6c5C(=O)c5c(CC(CC)CCCC)sc(CC(CC)CCCC)c5C6=O)s4)sc3c(-c3ccc(CC(CC)CCCC)s3)c3ccsc23)s1,CCCCCCc1ccc(C2(c3ccc(CCCCCC)cc3)c3cc4c(cc3-c3cc5c(cc32)-c2sc(/C=C3\C(=O)c6cc(Cl)c(Cl)cc6C3=C(C#N)C#N)cc2C5(c2ccc(CCCCCC)cc2)c2ccc(CCCCCC)cc2)C(c2ccc(CCCCCC)cc2)(c2ccc(CCCCCC)cc2)c2cc(/C=C3\C(=O)c5cc(Cl)c(Cl)cc5C3=C(C#N)C#N)sc2-4)cc1,0.743,18.92,73.4,10.31,-5.33,-3.48,-5.63,-3.89,,,2021,10.1021/acsami.1c13035,"OPV-DB (Qiu, J., Zenodo, 2026, doi:10.5281/zenodo.20841543)"
PCPDTBT,PCBM,CCCCC(CC)CC1(CC(CC)CCCC)c2ccsc2-c2sc(-c3cccc4nsnc34)cc21,COC(=O)CCCC1(c2ccccc2)C23c4c5c6c7c8c9c(c%10c%11c2c2c%12c4c4c%13c5c5c7c7c8c8c%14c9c%10c9c%10c%11c2c2c%11c%12c4c4c%12c%13c5c5c7c7c8c8c%14c9c9c%10c2c2c%11c4c4c%12c5c7c5c8c9c2c45)C613,0.58,14.5,52.0,4.4,-5.3,-3.6,-6.1,-3.7,,,2021,10.1021/acsami.1c18776,"OPV-DB (Qiu, J., Zenodo, 2026, doi:10.5281/zenodo.20841543)"
PBDB-T,CPIC-2,CCCCC(CC)Cc1ccc(-c2c3cc(-c4ccc(-c5sc(-c6cccs6)c6c5C(=O)c5c(CC(CC)CCCC)sc(CC(CC)CCCC)c5C6=O)s4)sc3c(-c3ccc(CC(CC)CCCC)s3)c3ccsc23)s1,CCCCCCCCC1(CCCCCCCC)c2cc(/C=C3\C(=O)c4cc(F)c(F)cc4C3=C(C#N)C#N)sc2-c2sc(-c3cc4c(s3)-c3sc(/C=C5\C(=O)c6cc(F)c(F)cc6C5=C(C#N)C#N)cc3C4(CCCCCCCC)CCCCCCCC)cc21,0.69,22.72,63.7,10.01,-5.33,-3.48,-5.3,-3.52,,,2021,10.1002/asia.202101147,"OPV-DB (Qiu, J., Zenodo, 2026, doi:10.5281/zenodo.20841543)"
PTB7-Th,BTPV-4F-eC9,CCCCC(CC)COC(=O)c1sc2csc(-c3cc4c(-c5ccc(CC(CC)CCCC)s5)c5sccc5c(-c5ccc(CC(CC)CCCC)s5)c4s3)c2c1F,CCCCCCCCCc1c(/C=C/C=C2\C(=O)c3cc(F)c(F)cc3C2=C(C#N)C#N)sc2c1sc1c3c4nsnc4c4c5sc6c(CCCCCCCCC)c(/C=C/C=C7\C(=O)c8cc(F)c(F)cc8C7=C(C#N)C#N)sc6c5n(CC(CCCC)CCCCCC)c4c3n(CC(CCCC)CCCCCC)c21,0.661,28.2,68.5,12.77,-5.21,-3.6,-5.38,-4.06,,,2021,10.1002/adfm.202102361,"OPV-DB (Qiu, J., Zenodo, 2026, doi:10.5281/zenodo.20841543)"
P-FP,m-ITIC,CCc1c(F)cc(-c2c3cc(-c4ccc(-c5c(F)c(F)c(-c6ccc(-c7cc8c(-c9cc(F)c(CC)c(F)c9)c9oc(-c%10ccc(-c%11c(F)c(F)c(-c%12ccc(-c%13cc%14c(-c%15cc(F)c(CC)c(F)c%15)c%15oc(-c%16ccc(-c%17c(F)c(F)c(-c%18cccs%18)c%18nn(CC)nc%17%18)s%16)cc%15c(-c%15cc(F)c(CC)c(F)c%15)c%14o%13)s%12)c%12nn(CC)nc%11%12)s%10)cc9c(-c9cc(F)c(CC)c(F)c9)c8o7)s6)c6nn(CC)nc56)s4)oc3c(-c3cc(F)c(CC)c(F)c3)c3ccoc23)cc1F,CCCCCCc1cccc(C2(c3cccc(CCCCCC)c3)c3cc4c(cc3-c3sc5cc(C=C6C(=O)c7ccccc7C6=C(C#N)C#N)sc5c32)C(c2cccc(CCCCCC)c2)(c2cccc(CCCCCC)c2)c2c-4sc3cc(C=C4C(=O)c5ccccc5C4=C(C#N)C#N)sc23)c1,0.995,15.56,60.55,8.86,-5.54,-3.61,-5.527,-3.854,,,2021,10.1039/d1ta04214a,"OPV-DB (Qiu, J., Zenodo, 2026, doi:10.5281/zenodo.20841543)"
PBDB-T-2F,BT-L4F,CCCCC(CC)Cc1sc(-c2c3cc(-c4ccc(-c5sc(-c6cccs6)c6c5C(=O)c5c(CC(CC)CCCC)sc(CC(CC)CCCC)c5C6=O)s4)sc3c(-c3cc(F)c(CC(CC)CCCC)s3)c3ccsc23)cc1F,CCCCCCCCCCCc1c(/C=C2\C(=O)c3cc4cc(F)c(F)cc4cc3C2=C(C#N)C#N)sc2c1sc1c3c4nsnc4c4c5sc6c(CCCCCCCCCCC)c(/C=C7\C(=O)c8cc9cc(F)c(F)cc9cc8C7=C(C#N)C#N)sc6c5n(CC(CC)CCCC)c4c3n(CC(CC)CCCC)c21,0.84,21.2,51.3,9.0,-5.48,-3.64,-5.57,-4.0,,,2021,10.1021/jacs.1c00211,"OPV-DB (Qiu, J., Zenodo, 2026, doi:10.5281/zenodo.20841543)"
PCE10,SiOTIC-4F,CCCCC(CC)COC(=O)c1sc2c(-c3cc4c(-c5ccc(CC(CC)CCCC)s5)c5sccc5c(-c5ccc(CC(CC)CCCC)s5)c4s3)scc2c1F,CCCCC(CC)COc1cc(/C=C2\C(=O)c3cc(F)c(F)cc3C2=C(C#N)C#N)sc1-c1cc2c(s1)-c1sc(-c3sc(/C=C4\C(=O)c5cc(F)c(F)cc5C4=C(C#N)C#N)cc3OCC(CC)CCCC)cc1[Si]2(CC(CC)CCCC)CC(CC)CCCC,0.65,21.6,61.4,9.0,-5.21,-3.6,-5.28,-4.11,,,2021,10.1016/j.dyepig.2021.109171,"OPV-DB (Qiu, J., Zenodo, 2026, doi:10.5281/zenodo.20841543)"
DRCN5T,PC71BM,CCCCCCCCc1cc(/C=c2\sc(=C(C#N)C#N)n(CC)c2=O)sc1-c1cc(CCCCCCCC)c(-c2ccc(-c3sc(-c4sc(/C=c5\sc(=C(C#N)C#N)n(CC)c5=O)cc4CCCCCCCC)cc3CCCCCCCC)s2)s1,COC(=O)CCCC1(c2ccccc2)C23c4c5ccc6c7cc8c9c%10c(cc%11cc%12c%13c%14c(cc%15c%16ccc-5c2c%16c2c5c%16c%17c(c(c46)c7c9c%17c4c%10c%11c%13c4c%16c%14c%152)C513)C%12)C8,0.92,15.48,59.3,8.5,-5.22,-3.41,-5.9,-3.9,,,2021,10.1016/j.solener.2021.11.080,"OPV-DB (Qiu, J., Zenodo, 2026, doi:10.5281/zenodo.20841543)"
PBDB-T,BTC6-0F,CCCCC(CC)Cc1ccc(-c2c3cc(-c4ccc(-c5sc(-c6cccs6)c6c5C(=O)c5c(CC(CC)CCCC)sc(CC(CC)CCCC)c5C6=O)s4)sc3c(-c3ccc(CC(CC)CCCC)s3)c3ccsc23)s1,CCn1nc2c(-c3cc4c(s3)-c3sc(/C=C5\C(=O)c6ccccc6C5=C(C#N)C#N)cc3C4(CC)CC)c(F)c(F)c(-c3cc4c(s3)-c3sc(/C=C5\C(=O)c6ccccc6C5=C(C#N)C#N)cc3C4(CC)CC)c2n1,0.87,17.99,54.2,8.49,-5.33,-3.48,-5.47,-3.71,,,2021,10.1039/d1nj01978c,"OPV-DB (Qiu, J., Zenodo, 2026, doi:10.5281/zenodo.20841543)"
J71,TSFX-4F,CCCCCCCCC(CCCCCC)Cn1nc2c(-c3cccs3)c(F)c(F)c(-c3ccc(-c4cc5c(-c6ccc([Si](CCC)(CCC)CCC)s6)c6sccc6c(-c6ccc([Si](CCC)(CCC)CCC)s6)c5s4)s3)c2n1,CCCCCCc1cccc(C2(c3cccc(CCCCCC)c3)c3cc4c(cc3-c3sc(/C=C5\C(=O)c6cc(F)c(F)cc6C5=C(C#N)C#N)cc32)C2(c3ccccc3Oc3ccccc32)c2cc3c(cc2-4)C(c2cccc(CCCCCC)c2)(c2cccc(CCCCCC)c2)c2cc(/C=C4\C(=O)c5cc(F)c(F)cc5C4=C(C#N)C#N)sc2-3)c1,0.83,15.48,66.16,8.47,-5.4,-3.24,-5.82,-4.04,,,2021,10.1016/j.orgel.2021.106120,"OPV-DB (Qiu, J., Zenodo, 2026, doi:10.5281/zenodo.20841543)"
PCE10-2Cl,Y6,CCOC(=O)c1sc2c(-c3cc4c(-c5cc(Cl)c(CC)s5)c5sc(-c6sc(-c7cc8c(-c9cc(Cl)c(CC)s9)c9sc(-c%10sc(-c%11cc%12c(-c%13cc(Cl)c(CC)s%13)c%13sccc%13c(-c%13cc(Cl)c(CC)s%13)c%12s%11)c%11sc(C(=O)OCC)c(F)c%10%11)cc9c(-c9cc(Cl)c(CC)s9)c8s7)c7sc(C(=O)OCC)c(F)c67)cc5c(-c5cc(Cl)c(CC)s5)c4s3)scc2c1F,CCCCCCCCCCCc1c(/C=C2\C(=O)c3cc(F)c(F)cc3C2=C(C#N)C#N)sc2c1sc1c3c4nsnc4c4c5sc6c(CCCCCCCCCCC)c(/C=C7\C(=O)c8cc(F)c(F)cc8C7=C(C#N)C#N)sc6c5n(CC(CC)CCCC)c4c3n(CC(CC)CCCC)c21,0.801,20.9,54.15,9.05,-5.5,-3.93,-5.65,-4.09,,,2021,10.1002/adfm.202108634,"OPV-DB (Qiu, J., Zenodo, 2026, doi:10.5281/zenodo.20841543)"
PBDB-TF,DTCFDV-IC,CCCCC(CC)Cc1sc(-c2c3cc(-c4ccc(-c5sc(-c6cccs6)c6c5C(=O)c5c(CC(CC)CCCC)sc(CC(CC)CCCC)c5C6=O)s4)sc3c(-c3cc(F)c(CC(CC)CCCC)s3)c3ccsc23)cc1F,CCCCCCCCOc1ccc(C(=C2c3cc4c(cc3-c3sc(/C=C5\C(=O)c6ccccc6C5=C(C#N)C#N)cc32)C(CCCCCCCC)(CCCCCCCC)c2cc3c(cc2-4)C(=C(c2ccc(OCCCCCCCC)cc2)c2ccc(OCCCCCCCC)cc2)c2cc(/C=C4\C(=O)c5ccccc5C4=C(C#N)C#N)sc2-3)c2ccc(OCCCCCCCC)cc2)cc1,1.13,15.55,50.2,8.82,-5.49,-3.64,-5.65,-3.65,,,2021,10.1002/chem.202102252,"OPV-DB (Qiu, J., Zenodo, 2026, doi:10.5281/zenodo.20841543)"
PBDB-T,TCIC2F,CCCCC(CC)Cc1ccc(-c2c3cc(-c4ccc(-c5sc(-c6cccs6)c6c5C(=O)c5c(CC(CC)CCCC)sc(CC(CC)CCCC)c5C6=O)s4)sc3c(-c3ccc(CC(CC)CCCC)s3)c3ccsc23)s1,CCCCCCCCC(CCCCCC)CN1C(=O)c2c(-c3cc4c(s3)-c3sc(/C=C5\C(=O)c6cc(F)c(F)cc6C5=C(C#N)C#N)cc3C4(CC(CC)CCCC)CC(CC)CCCC)sc(-c3cc4c(s3)-c3sc(/C=C5\C(=O)c6cc(F)c(F)cc6C5=C(C#N)C#N)cc3C4(CC(CC)CCCC)CC(CC)CCCC)c2C1=O,0.713,19.1,64.6,8.8,-5.33,-3.48,-5.59,-3.89,,,2021,10.1002/cssc.202100746,"OPV-DB (Qiu, J., Zenodo, 2026, doi:10.5281/zenodo.20841543)"
PDPP4T-2F,PC71BM,CCCCCCCCCCCCC(CCCCCCCCCC)CN1C(=O)C2=C(c3ccc(-c4cc(F)c(-c5sccc5F)s4)s3)N(CC(CCCCCCCCCC)CCCCCCCCCCCC)C(=O)C2=C1c1cccs1,COC(=O)CCCC1(c2ccccc2)C23c4c5ccc6c7cc8c9c%10c(cc%11cc%12c%13c%14c(cc%15c%16ccc-5c2c%16c2c5c%16c%17c(c(c46)c7c9c%17c4c%10c%11c%13c4c%16c%14c%152)C513)C%12)C8,0.8,16.28,68.0,8.93,-5.22,-3.66,-5.9,-3.9,,,2021,10.1016/j.jechem.2021.04.032,"OPV-DB (Qiu, J., Zenodo, 2026, doi:10.5281/zenodo.20841543)"
PBDB-T,DTCFDV-IC,CCCCC(CC)Cc1ccc(-c2c3cc(-c4ccc(-c5sc(-c6cccs6)c6c5C(=O)c5c(CC(CC)CCCC)sc(CC(CC)CCCC)c5C6=O)s4)sc3c(-c3ccc(CC(CC)CCCC)s3)c3ccsc23)s1,CCCCCCCCOc1ccc(C(=C2c3cc4c(cc3-c3sc(/C=C5\C(=O)c6ccccc6C5=C(C#N)C#N)cc32)C(CCCCCCCC)(CCCCCCCC)c2cc3c(cc2-4)C(=C(c2ccc(OCCCCCCCC)cc2)c2ccc(OCCCCCCCC)cc2)c2cc(/C=C4\C(=O)c5ccccc5C4=C(C#N)C#N)sc2-3)c2ccc(OCCCCCCCC)cc2)cc1,1.04,15.98,53.5,8.89,-5.33,-3.48,-5.65,-3.65,,,2021,10.1002/chem.202102252,"OPV-DB (Qiu, J., Zenodo, 2026, doi:10.5281/zenodo.20841543)"
PAB-QxCN,Y6BO,CCCCCCOc1cccc(-c2nc3c(-c4cccs4)cc(C#N)c(-c4ccc(-c5cc6c(OCC(CC)CCCC)c7sccc7c(OCC(CC)CCCC)c6s5)s4)c3nc2-c2cccc(OCCCCCC)c2)c1,CCCCCCCCCCCc1c(/C=C2\C(=O)c3cc(F)c(F)cc3C2=C(C#N)C#N)sc2c1sc1c3c4nsnc4c4c5sc6c(CCCCCCCCCCC)c(/C=C7\C(=O)c8cc(F)c(F)cc8C7=C(C#N)C#N)sc6c5n(CC(CCCC)CCCCCC)c4c3n(CC(CCCC)CCCCCC)c21,0.78,22.5,59.7,8.66,-5.44,-3.48,-5.62,-4.11,,,2021,10.1016/j.jpowsour.2021.229588,"OPV-DB (Qiu, J., Zenodo, 2026, doi:10.5281/zenodo.20841543)"
PBDB-T-2Cl,ITCC-M,CCCCC(CC)Cc1sc(-c2c3cc(-c4ccc(-c5sc(-c6cccs6)c6c5C(=O)c5c(CC(CC)CCCC)sc(CC(CC)CCCC)c5C6=O)s4)sc3c(-c3cc(Cl)c(CC(CC)CCCC)s3)c3ccsc23)cc1Cl,CCCCCCc1ccc(C2(c3ccc(CCCCCC)cc3)c3cc4c(cc3-c3sc5cc(/C=C6\C(=O)c7sc(C)cc7C6=C(C#N)C#N)sc5c32)C(c2ccc(CCCCCC)cc2)(c2ccc(CCCCCC)cc2)c2c-4sc3cc(/C=C4\C(=O)c5sc(C)cc5C4=C(C#N)C#N)sc23)cc1,1.19,12.5,58.9,9.0,-5.52,-3.6,-5.43,-3.68,,,2021,10.1002/adfm.202102189,"OPV-DB (Qiu, J., Zenodo, 2026, doi:10.5281/zenodo.20841543)"
PBT30Si,Y6,CCCCCCC(CCCC)Cc1ccc(-c2c3cc(-c4ccc(-c5sc(-c6ccc(-c7cc8c(-c9ccc([Si](CCC)(CCC)CCC)cc9)c9sc(-c%10ccc(-c%11sc(-c%12cccs%12)c%12c%11C(=O)c%11c(CC(CC)CCCC)sc(CC(CC)CCCC)c%11C%12=O)s%10)cc9c(-c9ccc([Si](CCC)(CCC)CCC)cc9)c8s7)s6)c6c5C(=O)c5c(CC(CC)CCCC)sc(CC(CC)CCCC)c5C6=O)s4)sc3c(-c3ccc(CC(CCCC)CCCCCC)c(Cl)c3)c3ccsc23)cc1Cl,CCCCCCCCCCCc1c(/C=C2\C(=O)c3cc(F)c(F)cc3C2=C(C#N)C#N)sc2c1sc1c3c4nsnc4c4c5sc6c(CCCCCCCCCCC)c(/C=C7\C(=O)c8cc(F)c(F)cc8C7=C(C#N)C#N)sc6c5n(CC(CC)CCCC)c4c3n(CC(CC)CCCC)c21,0.85,18.93,55.56,8.94,-5.51,-3.49,-5.65,-4.09,,,2021,10.1016/j.dyepig.2021.109842,"OPV-DB (Qiu, J., Zenodo, 2026, doi:10.5281/zenodo.20841543)"
PBDB-T,IDT-NTI-2EH,CCCCC(CC)Cc1ccc(-c2c3cc(-c4ccc(-c5sc(-c6cccs6)c6c5C(=O)c5c(CC(CC)CCCC)sc(CC(CC)CCCC)c5C6=O)s4)sc3c(-c3ccc(CC(CC)CCCC)s3)c3ccsc23)s1,CCc1ccc(C2(c3ccc(CC)cc3)c3cc4c(cc3-c3sc(-c5cc6c7c8c(ccc9c8c(c6s5)C(=O)N(CC)C9=O)C(=O)N(CC)C7=O)cc32)C(c2ccc(CC)cc2)(c2ccc(CC)cc2)c2cc(-c3cc5c6c7c(ccc8c7c(c5s3)C(=O)N(CC)C8=O)C(=O)N(CC)C6=O)sc2-4)cc1,0.92,14.43,69.0,9.07,-5.33,-3.48,-5.4,-3.9,,,2021,10.1016/j.synthmet.2021.116736,"OPV-DB (Qiu, J., Zenodo, 2026, doi:10.5281/zenodo.20841543)"
P-4FP,m-ITIC,CCCCCCCCC(CCCCCC)Cn1nc2c(-c3cccs3)c(F)c(F)c(-c3ccc(-c4cc5c(-c6cc(F)c(CC(CC)CCCC)c(F)c6)c6occc6c(-c6cc(F)c(CC(CC)CCCC)c(F)c6)c5o4)s3)c2n1,CCCCCCc1cccc(C2(c3cccc(CCCCCC)c3)c3cc4c(cc3-c3sc5cc(C=C6C(=O)c7ccccc7C6=C(C#N)C#N)sc5c32)C(c2cccc(CCCCCC)c2)(c2cccc(CCCCCC)c2)c2c-4sc3cc(C=C4C(=O)c5ccccc5C4=C(C#N)C#N)sc23)c1,0.96,15.72,57.7,8.7,-5.54,-3.61,-5.52,-3.82,,,2021,10.1021/acsami.1c00327,"OPV-DB (Qiu, J., Zenodo, 2026, doi:10.5281/zenodo.20841543)"
PBDB-T-3,IT-M,CCCCCCCCCCCCOc1ccc(-c2ccc(/C=C/c3cc(-c4cc(CCCCCCCCCCCC)c(-c5cc6c(OCCCCCCCCCCCC)c7sccc7c(OCCCCCCCCCCCC)c6s5)s4)c4nsnc4c3-c3cc(CCCCCCCCCCCC)cs3)s2)cc1,CCCCCCc1ccc(C2(c3ccc(CCCCCC)cc3)c3cc4c(cc3-c3sc5cc(/C=C6\C(=O)c7ccc(C)cc7C6=C(C#N)C#N)sc5c32)C(c2ccc(CCCCCC)cc2)(c2ccc(CCCCCC)cc2)c2c-4sc3cc(/C=C4\C(=O)c5ccc(C)cc5C4=C(C#N)C#N)sc23)cc1,0.901,14.13,67.61,8.61,-5.08,-3.57,-5.514,-3.808,,,2021,10.1002/smtd.202101548,"OPV-DB (Qiu, J., Zenodo, 2026, doi:10.5281/zenodo.20841543)"
SM4,BO-4Cl,CCCCCCCCOc1cc(-c2ccc(-c3ccc4c5c(cccc35)C(=O)N(CCCCCCCC)C4=O)s2)c(OCCCCCCCC)cc1-c1ccc(-c2ccc3c4c(cccc24)C(=O)N(CCCCCCCC)C3=O)s1,CCCCCCCCCCCc1c(/C=C2\C(=O)c3cc(Cl)c(Cl)cc3C2=C(C#N)C#N)sc2c1sc1c3c4nsnc4c4c5sc6c(CCCCCCCCCCC)c(/C=C7\C(=O)c8cc(Cl)c(Cl)cc8C7=C(C#N)C#N)sc6c5n(CC(CCCC)CCCCCC)c4c3n(CC(CCCC)CCCCCC)c21,0.756,18.18,46.88,6.44,-5.8,-3.65,-5.68,-4.1,,,2021,10.1021/acsami.1c06830,"OPV-DB (Qiu, J., Zenodo, 2026, doi:10.5281/zenodo.20841543)"
PHT5,IT-4Cl,CCCCCCCCC(CCCCCC)CCCOc1cnc2cc(F)c(F)c(-c3cccs3)c2n1,CCCCCCc1ccc(C2(c3ccc(CCCCCC)cc3)c3cc4c(cc3-c3sc5cc(/C=C6\C(=O)c7cc(Cl)c(Cl)cc7C6=C(C#N)C#N)sc5c32)C(c2ccc(CCCCCC)cc2)(c2ccc(CCCCCC)cc2)c2c-4sc3cc(/C=C4\C(=O)c5cc(Cl)c(Cl)cc5C4=C(C#N)C#N)sc23)cc1,0.881,20.83,68.97,12.66,-5.56,-3.64,-5.75,-4.09,,,2021,10.1021/acsami.1c13245,"OPV-DB (Qiu, J., Zenodo, 2026, doi:10.5281/zenodo.20841543)"
PBZ-2Si,i-IEOSi-4F,CCCCCCCCC(CCCCCC)Cn1nc2c(-c3cccs3)c(F)c(F)c(-c3ccc(-c4cc5c(-c6ccc(CCCCCC[Si](C)(O[Si](C)(C)C)O[Si](C)(C)C)s6)c6sccc6c(-c6ccc(CCCCCC[Si](C)(O[Si](C)(C)C)O[Si](C)(C)C)s6)c5s4)s3)c2n1,CCCCCCc1ccc(C2(c3ccc(CCCCCC)cc3)c3cc4c(cc3-c3sc(-c5cc(OCCCCC[Si](C)(O[Si](C)(C)C)O[Si](C)(C)C)c(/C=C6\C(=O)c7cc(F)c(F)cc7C6=C(C#N)C#N)s5)cc32)C(c2ccc(CCCCCC)cc2)(c2ccc(CCCCCC)cc2)c2cc(-c3cc(OCCCCC[Si](C)(O[Si](C)(C)C)O[Si](C)(C)C)c(/C=C5\C(=O)c6cc(F)c(F)cc6C5=C(C#N)C#N)s3)sc2-4)cc1,0.9,19.67,71.45,12.66,-5.26,-3.32,-5.6,-3.78,,,2021,10.1016/j.orgel.2021.106087,"OPV-DB (Qiu, J., Zenodo, 2026, doi:10.5281/zenodo.20841543)"
PM6,IT-2Br,CCCCC(CC)Cc1sc(-c2c3cc(-c4ccc(-c5sc(-c6cccs6)c6c5C(=O)c5c(CC(CC)CCCC)sc(CC(CC)CCCC)c5C6=O)s4)sc3c(-c3cc(F)c(CC(CC)CCCC)s3)c3ccsc23)cc1F,CCCCCCc1ccc(C2(c3ccc(CCCCCC)cc3)c3cc4c(cc3-c3sc5cc(/C=C6\C(=O)c7cc(Br)ccc7C6=C(C#N)C#N)sc5c32)C(c2ccc(CCCCCC)cc2)(c2ccc(CCCCCC)cc2)c2c-4sc3cc(/C=C4\C(=O)c5cc(Br)ccc5C4=C(C#N)C#N)sc23)cc1,0.845,21.98,69.53,12.92,-5.56,-3.65,-5.51,-3.98,,,2021,10.1016/j.dyepig.2021.109652,"OPV-DB (Qiu, J., Zenodo, 2026, doi:10.5281/zenodo.20841543)"
PBDB-T,PYV-Tz,CCCCC(CC)Cc1ccc(-c2c3cc(-c4ccc(-c5sc(-c6cccs6)c6c5C(=O)c5c(CC(CC)CCCC)sc(CC(CC)CCCC)c5C6=O)s4)sc3c(-c3ccc(CC(CC)CCCC)s3)c3ccsc23)s1,C=Cc1ccc2c(c1)C(=O)/C(=C\c1sc3c(sc4c5c6nn(CC(CC)CCCC)nc6c6c7sc8c(CCCCCCCCC)c(/C=C9\C(=O)c%10ccccc%10C9=C(C#N)C#N)sc8c7n(CC(CCCCCCCC)CCCCCCCCCC)c6c5n(CC(CCCCCCCC)CCCCCCCCCC)c34)c1CCCCCCCCC)C2=C(C#N)C#N,0.886,21.73,67.62,13.02,-5.33,-3.48,-5.52,-3.87,,,2021,10.1016/j.polymer.2021.124104,"OPV-DB (Qiu, J., Zenodo, 2026, doi:10.5281/zenodo.20841543)"
PB-BTPf,PC71BM,CCCCCCCCCCC(CCCCCCCC)COc1c2cc(-c3sc(-c4c(-c5ccc(F)cc5)c(-c5ccc(F)cc5)c(-c5cc(CCCCCC)cs5)c5nsnc45)cc3CCCCCC)sc2c(OCC(CCCCCCCC)CCCCCCCCCC)c2ccsc12,COC(=O)CCCC1(c2ccccc2)C23c4c5ccc6c7cc8c9c%10c(cc%11cc%12c%13c%14c(cc%15c%16ccc-5c2c%16c2c5c%16c%17c(c(c46)c7c9c%17c4c%10c%11c%13c4c%16c%14c%152)C513)C%12)C8,0.95,9.19,47.58,4.14,-5.47,-3.62,-5.9,-3.9,,,2021,10.1016/j.solener.2021.03.030,"OPV-DB (Qiu, J., Zenodo, 2026, doi:10.5281/zenodo.20841543)"
B1,Y6,CCCCCCc1cc(-c2cc3c(-c4ccc(SCC(CC)CCCC)cc4)c4sc(-c5cc(CCCCCC)c(-c6cc(CCCCCC)c(-c7ccc(/C=C8/SC(=S)N(CCCC)C8=O)s7)s6)s5)cc4c(-c4ccc(SCC(CC)CCCC)cc4)c3s2)sc1-c1cc(CCCCCC)c(-c2ccc(/C=C3/SC(=S)N(CCCC)C3=O)s2)s1,CCCCCCCCCCCc1c(/C=C2\C(=O)c3cc(F)c(F)cc3C2=C(C#N)C#N)sc2c1sc1c3c4nsnc4c4c5sc6c(CCCCCCCCCCC)c(/C=C7\C(=O)c8cc(F)c(F)cc8C7=C(C#N)C#N)sc6c5n(CC(CC)CCCC)c4c3n(CC(CC)CCCC)c21,0.811,23.12,68.0,12.76,-5.37,-3.51,-5.65,-4.09,,,2021,10.1039/d1ee00051a,"OPV-DB (Qiu, J., Zenodo, 2026, doi:10.5281/zenodo.20841543)"
Qx-10F,Y6,CCOc1c(F)c(F)c(-c2nc3c(-c4cccs4)c(F)c(F)c(-c4ccc(-c5cc6c(-c7ccc(CC)s7)c7sc(-c8ccc(-c9c(F)c(F)c(-c%10ccc(-c%11cc%12c(-c%13ccc(CC)s%13)c%13sc(-c%14ccc(-c%15c(F)c(F)c(-c%16ccc(-c%17cc%18c(-c%19ccc(CC)s%19)c%19sccc%19c(-c%19ccc(CC)s%19)c%18s%17)s%16)c%16nc(-c%17c(F)c(F)c(OCC)c(F)c%17F)c(-c%17c(F)c(F)c(OCC)c(F)c%17F)nc%15%16)s%14)cc%13c(-c%13ccc(CC)s%13)c%12s%11)s%10)c%10nc(-c%11c(F)c(F)c(OCC)c(F)c%11F)c(-c%11c(F)c(F)c(OCC)c(F)c%11F)nc9%10)s8)cc7c(-c7ccc(CC)s7)c6s5)s4)c3nc2-c2c(F)c(F)c(OCC)c(F)c2F)c(F)c1F,CCCCCCCCCCCc1c(/C=C2\C(=O)c3cc(F)c(F)cc3C2=C(C#N)C#N)sc2c1sc1c3c4nsnc4c4c5sc6c(CCCCCCCCCCC)c(/C=C7\C(=O)c8cc(F)c(F)cc8C7=C(C#N)C#N)sc6c5n(CC(CC)CCCC)c4c3n(CC(CC)CCCC)c21,0.779,24.83,65.84,12.75,-5.18,-3.49,-5.65,-4.09,,,2021,10.1039/d1ta01500a,"OPV-DB (Qiu, J., Zenodo, 2026, doi:10.5281/zenodo.20841543)"
PTB7-Th,IDT-N,CCCCC(CC)COC(=O)c1sc2csc(-c3cc4c(-c5ccc(CC(CC)CCCC)s5)c5sccc5c(-c5ccc(CC(CC)CCCC)s5)c4s3)c2c1F,CCCCCCc1ccc(C2(c3ccc(CCCCCC)cc3)c3cc4c(cc3-c3sc(/C=C5\C(=O)c6cc7ccccc7cc6C5=C(C#N)C#N)cc32)C(c2ccc(CCCCCC)cc2)(c2ccc(CCCCCC)cc2)c2cc(/C=C3\C(=O)c5cc6ccccc6cc5C3=C(C#N)C#N)sc2-4)cc1,0.73,13.02,58.0,5.5,-5.21,-3.6,-5.74,-4.08,,,2021,10.1016/j.synthmet.2021.116736,"OPV-DB (Qiu, J., Zenodo, 2026, doi:10.5281/zenodo.20841543)"
J52-F,BTA4,CCCCCCCCC(CCCCCC)Cn1nc2c(-c3cccs3)c(F)c(F)c(-c3ccc(-c4cc5c(-c6cc(F)c(CC(CC)CCCC)s6)c6sccc6c(-c6cc(F)c(CC(CC)CCCC)s6)c5s4)s3)c2n1,CCCCCCCCn1nc2c(/C=c3/sc(=C(C#N)C#N)n(-c4ccccc4)c3=O)ccc(-c3cc4c(s3)-c3cc5c(cc3C4(c3ccc(CCCCCC)cc3)c3ccc(CCCCCC)cc3)-c3sc(-c4ccc(/C=c6/sc(=C(C#N)C#N)n(-c7ccccc7)c6=O)c6nn(CCCCCCCC)nc46)cc3C5(c3ccc(CCCCCC)cc3)c3ccc(CCCCCC)cc3)c2n1,1.21,8.39,55.25,5.61,-5.36,-3.42,-5.5,-3.65,,,2021,10.1016/j.synthmet.2021.116736,"OPV-DB (Qiu, J., Zenodo, 2026, doi:10.5281/zenodo.20841543)"
P-4FP,Y6,CCCCCCCCC(CCCCCC)Cn1nc2c(-c3cccs3)c(F)c(F)c(-c3ccc(-c4cc5c(-c6cc(F)c(CC(CC)CCCC)c(F)c6)c6occc6c(-c6cc(F)c(CC(CC)CCCC)c(F)c6)c5o4)s3)c2n1,CCCCCCCCCCCc1c(/C=C2\C(=O)c3cc(F)c(F)cc3C2=C(C#N)C#N)sc2c1sc1c3c4nsnc4c4c5sc6c(CCCCCCCCCCC)c(/C=C7\C(=O)c8cc(F)c(F)cc8C7=C(C#N)C#N)sc6c5n(CC(CC)CCCC)c4c3n(CC(CC)CCCC)c21,0.8,22.61,70.3,12.71,-5.54,-3.61,-5.65,-4.09,,,2021,10.1021/acsami.1c00327,"OPV-DB (Qiu, J., Zenodo, 2026, doi:10.5281/zenodo.20841543)"
PBDB-TF,IDTT-Cl-2F,CCCCC(CC)Cc1sc(-c2c3cc(-c4ccc(-c5sc(-c6cccs6)c6c5C(=O)c5c(CC(CC)CCCC)sc(CC(CC)CCCC)c5C6=O)s4)sc3c(-c3cc(F)c(CC(CC)CCCC)s3)c3ccsc23)cc1F,CCCCCCc1ccc(C2(c3ccc(CCCCCC)cc3)c3cc4c(cc3-c3sc5cc(/C=C6\C(=O)c7cc(F)c(F)cc7C6=C(C#N)C#N)sc5c32)C(c2ccc(CCCCCC)cc2)(c2ccc(CCCCCC)cc2)c2c-4sc3cc(/C=C4\C(=O)c5sc(Cl)cc5C4=C(C#N)C#N)sc23)cc1,0.94,18.8,70.1,12.7,-5.49,-3.64,-5.42,-3.92,,,2021,10.1002/adfm.202102189,"OPV-DB (Qiu, J., Zenodo, 2026, doi:10.5281/zenodo.20841543)"
PM6,PC61BM,CCCCC(CC)Cc1sc(-c2c3cc(-c4ccc(-c5sc(-c6cccs6)c6c5C(=O)c5c(CC(CC)CCCC)sc(CC(CC)CCCC)c5C6=O)s4)sc3c(-c3cc(F)c(CC(CC)CCCC)s3)c3ccsc23)cc1F,COC(=O)CCCC1(c2ccccc2)C23c4c5c6c7c8c9c(c%10c%11c2c2c%12c4c4c%13c5c5c7c7c8c8c%14c9c%10c9c%10c%11c2c2c%11c%12c4c4c%12c%13c5c5c7c7c8c8c%14c9c9c%10c2c2c%11c4c4c%12c5c7c5c8c9c2c45)C613,1.04,15.16,80.01,12.72,-5.56,-3.65,-6.1,-3.7,,,2021,10.1016/j.solener.2021.10.002,"OPV-DB (Qiu, J., Zenodo, 2026, doi:10.5281/zenodo.20841543)"
P2TB2T-Cl,IT-4F,CCCCCCc1csc(-c2ccc(-c3sc(-c4ccc(-c5cc(CCCCCC)c(-c6cc7c(-c8cc(Cl)c(CC(CC)CCCC)s8)c8sccc8c(-c8cc(Cl)c(CC(CC)CCCC)s8)c7s6)s5)s4)c4c3C(=O)c3c(CC(CC)CCCC)sc(CC(CC)CCCC)c3C4=O)s2)c1,CCCCCCc1ccc(C2(c3ccc(CCCCCC)cc3)c3cc4c(cc3-c3sc5cc(/C=C6\C(=O)c7cc(F)c(F)cc7C6=C(C#N)C#N)sc5c32)C(c2ccc(CCCCCC)cc2)(c2ccc(CCCCCC)cc2)c2c-4sc3cc(/C=C4\C(=O)c5cc(F)c(F)cc5C4=C(C#N)C#N)sc23)cc1,0.81,11.17,47.88,4.35,-5.55,-3.81,-5.66,-4.14,,,2021,10.1016/j.solener.2021.06.049,"OPV-DB (Qiu, J., Zenodo, 2026, doi:10.5281/zenodo.20841543)"
PBDB-TF,di-PDI-2F,CCCCC(CC)Cc1sc(-c2c3cc(-c4ccc(-c5sc(-c6cccs6)c6c5C(=O)c5c(CC(CC)CCCC)sc(CC(CC)CCCC)c5C6=O)s4)sc3c(-c3cc(F)c(CC(CC)CCCC)s3)c3ccsc23)cc1F,CCCCCC(CCCCC)N1C(=O)c2ccc3c4c(F)cc5c6c(ccc(c7c(F)cc(c2c37)C1=O)c64)C(=O)N(C(CCCCC)CCCCC)C5=O,0.906,7.84,60.8,4.32,-5.49,-3.64,-6.22,-3.92,,,2021,10.1002/ajoc.202100585,"OPV-DB (Qiu, J., Zenodo, 2026, doi:10.5281/zenodo.20841543)"
PM6,PY-DH,CCCCC(CC)Cc1sc(-c2c3cc(-c4ccc(-c5sc(-c6cccs6)c6c5C(=O)c5c(CC(CC)CCCC)sc(CC(CC)CCCC)c5C6=O)s4)sc3c(-c3cc(F)c(CC(CC)CCCC)s3)c3ccsc23)cc1F,CCCCCCCCCCCCCCC(CCCCCCCCCCCC)Cn1c2c3sc(/C=C4\C(=O)c5ccccc5C4=C(C#N)C#N)c(CC(CCCC)CCCCCC)c3sc2c2c3nsnc3c3c4sc5c(CC(CCCC)CCCCCC)c(/C=C6\C(=O)c7cc(-c8cccs8)ccc7C6=C(C#N)C#N)sc5c4n(CC(CCCCCCCCCCCC)CCCCCCCCCCCCCC)c3c21,0.961,21.39,72.3,14.86,-5.56,-3.65,-5.65,-3.76,,,2021,10.1002/adma.202110155,"OPV-DB (Qiu, J., Zenodo, 2026, doi:10.5281/zenodo.20841543)"
J52,NoCA-5,CCCCCCCCC(CCCCCC)Cn1nc2c(-c3cccs3)c(F)c(F)c(-c3ccc(-c4cc5c(-c6ccc(CC(CC)CCCC)s6)c6sccc6c(-c6ccc(CC(CC)CCCC)s6)c5s4)s3)c2n1,CCCCCCCCc1c(/C=C2\C(=O)c3cc(F)c(F)cc3C2=C(C#N)C#N)sc2c1C(CC(CC)CCCC)(CC(CC)CCCC)c1cc(-c3c(OCC(CC)CCCC)c(OCC(CC)CCCC)c(-c4cc5c(s4)-c4sc(/C=C6\C(=O)c7cc(F)c(F)cc7C6=C(C#N)C#N)c(CCCCCCC)c4C5(CC(CC)CCCC)CC(CC)CCCC)c4nn(CC(CC)CCCC)nc34)sc1-2,0.814,26.02,70.0,14.82,-5.2,-3.05,-5.43,-3.83,,,2021,10.1002/anie.202106753,"OPV-DB (Qiu, J., Zenodo, 2026, doi:10.5281/zenodo.20841543)"
PBDB-T,PY5-BTZ,CCCCC(CC)Cc1ccc(-c2c3cc(-c4ccc(-c5sc(-c6cccs6)c6c5C(=O)c5c(CC(CC)CCCC)sc(CC(CC)CCCC)c5C6=O)s4)sc3c(-c3ccc(CC(CC)CCCC)s3)c3ccsc23)s1,CCCCCCCCCCCc1c(/C=C2\C(=O)c3ccccc3C2=C(C#N)C#N)sc2c1sc1c3c4nsnc4c4c5sc6c(CCCCCCCCCCC)c(/C=C7\C(=O)c8cc(-c9ccc(-c%10c(F)c(F)c(-c%11cccs%11)c%11nn(CC(CCCCCC)CCCCCCCC)nc%10%11)s9)ccc8C7=C(C#N)C#N)sc6c5n(CC(CCCCCCCC)CCCCCCCCCC)c4c3n(CC(CCCCCCCC)CCCCCCCCCC)c21,0.922,22.61,71.1,14.82,-5.33,-3.53,-5.67,-3.72,,,2021,10.1021/acs.chemmater.1c02302,"OPV-DB (Qiu, J., Zenodo, 2026, doi:10.5281/zenodo.20841543)"
PSPT-TTC,ITIC,CCCCCCCCOC(=O)c1ccsc1-c1ccc(-c2sc(-c3cc4c(-c5ccc(-c6ccc(SCC(CCCCCC)CCCCCCCC)cc6)s5)c5sccc5c(-c5ccc(-c6ccc(SCC(CCCCCC)CCCCCCCC)cc6)s5)c4s3)cc2C(=O)OCCCCCCCC)s1,CCCCCCc1ccc(C2(c3ccc(CCCCCC)cc3)c3cc4c(cc3-c3sc5cc(C=C6C(=O)c7ccccc7C6=C(C#N)C#N)sc5c32)C(c2ccc(CCCCCC)cc2)(c2ccc(CCCCCC)cc2)c2c-4sc3cc(C=C4C(=O)c5ccccc5C4=C(C#N)C#N)sc23)cc1,0.98,13.59,61.2,8.33,-5.36,-3.53,-5.48,-3.83,,,2021,10.1021/acsaem.1c01418,"OPV-DB (Qiu, J., Zenodo, 2026, doi:10.5281/zenodo.20841543)"
PB-BTf,PC71BM,CCCCCCCCCCC(CCCCCCCC)COc1c2cc(-c3sc(-c4c(F)c(F)c(-c5cc(CCCCCC)cs5)c5nsnc45)cc3CCCCCC)sc2c(OCC(CCCCCCCC)CCCCCCCCCC)c2ccsc12,COC(=O)CCCC1(c2ccccc2)C23c4c5ccc6c7cc8c9c%10c(cc%11cc%12c%13c%14c(cc%15c%16ccc-5c2c%16c2c5c%16c%17c(c(c46)c7c9c%17c4c%10c%11c%13c4c%16c%14c%152)C513)C%12)C8,0.79,16.47,65.29,8.43,-5.42,-3.72,-5.9,-3.9,,,2021,10.1016/j.solener.2021.03.030,"OPV-DB (Qiu, J., Zenodo, 2026, doi:10.5281/zenodo.20841543)"
PBDT,Y6,CCCCCCC(CCCC)Cc1csc(-c2c(F)c(F)c(-c3cc(CC(CCCC)CCCCCC)c(-c4cc5c(OCC(CC)CCCC)c6sccc6c(OCC(CC)CCCC)c5s4)s3)c3nsnc23)c1,CCCCCCCCCCCc1c(/C=C2\C(=O)c3cc(F)c(F)cc3C2=C(C#N)C#N)sc2c1sc1c3c4nsnc4c4c5sc6c(CCCCCCCCCCC)c(/C=C7\C(=O)c8cc(F)c(F)cc8C7=C(C#N)C#N)sc6c5n(CC(CC)CCCC)c4c3n(CC(CC)CCCC)c21,0.89,18.74,50.6,8.41,-5.48,-3.39,-5.69,-4.03,,,2021,10.1039/d1ra03233j,"OPV-DB (Qiu, J., Zenodo, 2026, doi:10.5281/zenodo.20841543)"
J51,N2200,CCCCCCCCC(CCCCCC)Cc1ccc(-c2c3cc(-c4ccc(-c5c(F)c(F)c(-c6cccs6)c6nn(CC(CCCCCC)CCCCCCCC)nc56)s4)sc3c(-c3ccc(CC(CCCCCC)CCCCCCCC)s3)c3ccsc23)s1,CCCCCCCCCCC(CCCCCCCC)CN1C(=O)c2ccc3c4c(c(-c5ccc(-c6cccs6)s5)cc(c24)C1=O)C(=O)N(CC(CCCCCCCC)CCCCCCCCCC)C3=O,0.85,14.74,69.44,8.73,-5.29,-3.3,-5.71,-4.02,,,2021,10.1039/d1tc00240f,"OPV-DB (Qiu, J., Zenodo, 2026, doi:10.5281/zenodo.20841543)"
PTB7-Th,IDT(DCV)2,CCCCC(CC)COC(=O)c1sc2csc(-c3cc4c(-c5ccc(CC(CC)CCCC)s5)c5sccc5c(-c5ccc(CC(CC)CCCC)s5)c4s3)c2c1F,CCCCCCc1ccc(C2(c3ccc(CCCCCC)cc3)c3cc4c(cc3-c3sc(C=C(C#N)C#N)cc32)C(c2ccc(CCCCCC)cc2)(c2ccc(CCCCCC)cc2)c2cc(C=C(C#N)C#N)sc2-4)cc1,0.92,8.41,55.0,3.53,-5.21,-3.6,-5.81,-3.65,,,2021,10.1016/j.synthmet.2021.116736,"OPV-DB (Qiu, J., Zenodo, 2026, doi:10.5281/zenodo.20841543)"
PTB7,NIDCS-HO,CCCCC(CC)COC(=O)c1sc2c(-c3cc4c(OCC(CC)CCCC)c5sccc5c(OCC(CC)CCCC)c4s3)scc2c1F,CCCCCCOc1cc(/C=C(\C#N)c2ccc(-c3ccc4c5c(cccc35)C(=O)N(CC(CC)CCCC)C4=O)s2)c(OCCCCCC)cc1/C=C(\C#N)c1ccc(-c2ccc3c4c(cccc24)C(=O)N(CC(CC)CCCC)C3=O)s1,1.01,7.57,42.0,3.53,-5.19,-3.43,-5.79,-3.75,,,2021,10.1002/asia.202100660,"OPV-DB (Qiu, J., Zenodo, 2026, doi:10.5281/zenodo.20841543)"
PBDB-TF,PTIC-4Cl,CCCCC(CC)Cc1sc(-c2c3cc(-c4ccc(-c5sc(-c6cccs6)c6c5C(=O)c5c(CC(CC)CCCC)sc(CC(CC)CCCC)c5C6=O)s4)sc3c(-c3cc(F)c(CC(CC)CCCC)s3)c3ccsc23)cc1F,CCCCCCCCc1c(/C=C2\C(=O)c3cc(Cl)c(Cl)cc3C2=C(C#N)C#N)sc2c3c4nsnc4c4c5sc6c7sc(/C=C8\C(=O)c9cc(Cl)c(Cl)cc9C8=C(C#N)C#N)cc7n(CC(CCCC)CCCCCC)c6c5n(CC(CCCC)CCCCCC)c4c3n(CC(CC)CCCC)c12,0.86,23.3,73.9,14.81,-5.49,-3.64,-5.68,-3.91,,,2021,10.1021/acsami.1c02652,"OPV-DB (Qiu, J., Zenodo, 2026, doi:10.5281/zenodo.20841543)"
PM6,PY2S-H,CCCCC(CC)Cc1sc(-c2c3cc(-c4ccc(-c5sc(-c6cccs6)c6c5C(=O)c5c(CC(CC)CCCC)sc(CC(CC)CCCC)c5C6=O)s4)sc3c(-c3cc(F)c(CC(CC)CCCC)s3)c3ccsc23)cc1F,CCCCCCCCCCCCC(CCCCCCCCCC)Cn1c2c3sc(/C=C4\C(=O)c5ccccc5C4=C(C#N)C#N)c(CCCCCCCCCCC)c3sc2c2c3nsnc3c3c4sc5c(CCCCCCCCCCC)c(/C=C6\C(=O)c7ccccc7C6=C(C#N)C#N)sc5c4n(CC(CCCCCCCCCC)CCCCCCCCCCCC)c3c21,0.941,22.3,70.7,14.8,-5.56,-3.65,-5.76,-3.87,,,2021,10.1016/j.nanoen.2021.106718,"OPV-DB (Qiu, J., Zenodo, 2026, doi:10.5281/zenodo.20841543)"
PM7,Y5,CCCCC(CC)Cc1sc(-c2c3ccsc3c(-c3cc(Cl)c(CC(CC)CCCC)s3)c3sc(-c4ccc(-c5sc(-c6cccs6)c6c5C(=O)c5c(CC(CC)CCCC)sc(CC(CC)CCCC)c5C6=O)s4)cc23)cc1Cl,CCCCCCCCCCCc1c(/C=C2\C(=O)c3ccccc3C2=C(C#N)C#N)sc2c1sc1c3c4nsnc4c4c5sc6c(CCCCCCCCCCC)c(/C=C7\C(=O)c8ccccc8C7=C(C#N)C#N)sc6c5n(CC(CC)CCCC)c4c3n(CC(CC)CCCC)c21,0.98,7.8,,3.28,-5.575,-3.67,-5.55,-3.87,,,2021,10.1039/d1ta00576f,"OPV-DB (Qiu, J., Zenodo, 2026, doi:10.5281/zenodo.20841543)"
J52,i-V-4F,CCCCCCCCC(CCCCCC)Cn1nc2c(-c3cccs3)c(F)c(F)c(-c3ccc(-c4cc5c(-c6ccc(CC(CC)CCCC)s6)c6sccc6c(-c6ccc(CC(CC)CCCC)s6)c5s4)s3)c2n1,CCCCCCc1ccc(C2(c3ccc(CCCCCC)cc3)c3cc4c(cc3-c3sc(-c5scc(/C=C/C=C6\C(=O)c7cc(F)c(F)cc7C6=C(C#N)C#N)c5OCC(CC)CCCC)cc32)C(c2ccc(CCCCCC)cc2)(c2ccc(CCCCCC)cc2)c2cc(-c3scc(/C=C/C=C5\C(=O)c6cc(F)c(F)cc6C5=C(C#N)C#N)c3OCC(CC)CCCC)sc2-4)cc1,0.751,19.56,57.4,8.44,-5.21,-2.89,-5.49,-3.55,,,2021,10.1021/acsaem.1c00467,"OPV-DB (Qiu, J., Zenodo, 2026, doi:10.5281/zenodo.20841543)"
PB-BT,PC71BM,CCCCCCCCCCC(CCCCCCCC)COc1c2cc(-c3sc(-c4ccc(-c5cc(CCCCCC)cs5)c5nsnc45)cc3CCCCCC)sc2c(OCC(CCCCCCCC)CCCCCCCCCC)c2ccsc12,COC(=O)CCCC1(c2ccccc2)C23c4c5ccc6c7cc8c9c%10c(cc%11cc%12c%13c%14c(cc%15c%16ccc-5c2c%16c2c5c%16c%17c(c(c46)c7c9c%17c4c%10c%11c%13c4c%16c%14c%152)C513)C%12)C8,0.75,13.5,61.66,6.25,-5.36,-3.67,-5.9,-3.9,,,2021,10.1016/j.solener.2021.03.030,"OPV-DB (Qiu, J., Zenodo, 2026, doi:10.5281/zenodo.20841543)"
B1,BTP-eC9,CCCCCCc1cc(-c2cc3c(-c4ccc(SCC(CC)CCCC)cc4)c4sc(-c5cc(CCCCCC)c(-c6cc(CCCCCC)c(-c7ccc(/C=C8/SC(=S)N(CCCC)C8=O)s7)s6)s5)cc4c(-c4ccc(SCC(CC)CCCC)cc4)c3s2)sc1-c1cc(CCCCCC)c(-c2ccc(/C=C3/SC(=S)N(CCCC)C3=O)s2)s1,CCCCCCCCCc1c(/C=C2\C(=O)c3cc(Cl)c(Cl)cc3C2=C(C#N)C#N)sc2c1sc1c3c4nsnc4c4c5sc6c(CCCCCCCCC)c(/C=C7\C(=O)c8cc(Cl)c(Cl)cc8C7=C(C#N)C#N)sc6c5n(CC(CCCC)CCCCCC)c4c3n(CC(CCCC)CCCCCC)c21,0.827,24.3,73.92,14.86,-5.37,-3.51,-5.68,-3.9,,,2021,10.1039/d1ee00051a,"OPV-DB (Qiu, J., Zenodo, 2026, doi:10.5281/zenodo.20841543)"
PTB7-Th,IDTT(TCV)2,CCCCC(CC)COC(=O)c1sc2csc(-c3cc4c(-c5ccc(CC(CC)CCCC)s5)c5sccc5c(-c5ccc(CC(CC)CCCC)s5)c4s3)c2c1F,CCCCCCc1ccc(C2(c3ccc(CCCCCC)cc3)c3cc4c(cc3-c3sc(-c5ccc(C(C#N)=C(C#N)C#N)s5)cc32)C(c2ccc(CCCCCC)cc2)(c2ccc(CCCCCC)cc2)c2cc(-c3ccc(C(C#N)=C(C#N)C#N)s3)sc2-4)cc1,0.66,11.98,50.0,3.57,-5.21,-3.6,-5.58,-4.06,,,2021,10.1016/j.synthmet.2021.116736,"OPV-DB (Qiu, J., Zenodo, 2026, doi:10.5281/zenodo.20841543)"
PST-TTC,DTCFO-ICCl,CCCCCCCCOC(=O)c1ccsc1-c1ccc(-c2sc(-c3cc4c(-c5ccc(SCC(CC)CCCC)s5)c5sccc5c(-c5ccc(SCC(CC)CCCC)s5)c4s3)cc2C(=O)OCCCCCCCC)s1,CCCCCCCCC1(CCCCCCCC)c2cc3c(cc2-c2cc4c(cc21)-c1sc(/C=C2\C(=O)c5cc(Cl)c(Cl)cc5C2=C(C#N)C#N)cc1C4(c1ccc(OCCCCCC)cc1)c1ccc(OCCCCCC)cc1)C(c1ccc(OCCCCCC)cc1)(c1ccc(OCCCCCC)cc1)c1cc(/C=C2\C(=O)c4cc(Cl)c(Cl)cc4C2=C(C#N)C#N)sc1-3,0.86,18.4,64.6,10.46,-5.39,-3.52,-5.71,-4.11,,,2021,10.1021/acsaem.1c01418,"OPV-DB (Qiu, J., Zenodo, 2026, doi:10.5281/zenodo.20841543)"
J52,i-IEOSi-4F,CCCCCCCCC(CCCCCC)Cn1nc2c(-c3cccs3)c(F)c(F)c(-c3ccc(-c4cc5c(-c6ccc(CC(CC)CCCC)s6)c6sccc6c(-c6ccc(CC(CC)CCCC)s6)c5s4)s3)c2n1,CCCCCCc1ccc(C2(c3ccc(CCCCCC)cc3)c3cc4c(cc3-c3sc(-c5cc(OCCCCC[Si](C)(O[Si](C)(C)C)O[Si](C)(C)C)c(/C=C6\C(=O)c7cc(F)c(F)cc7C6=C(C#N)C#N)s5)cc32)C(c2ccc(CCCCCC)cc2)(c2ccc(CCCCCC)cc2)c2cc(-c3cc(OCCCCC[Si](C)(O[Si](C)(C)C)O[Si](C)(C)C)c(/C=C5\C(=O)c6cc(F)c(F)cc6C5=C(C#N)C#N)s3)sc2-4)cc1,0.88,19.15,62.03,10.46,-5.2,-3.05,-5.6,-3.78,,,2021,10.1016/j.orgel.2021.106087,"OPV-DB (Qiu, J., Zenodo, 2026, doi:10.5281/zenodo.20841543)"
PBDB-T,4T-3,CCCCC(CC)Cc1ccc(-c2c3cc(-c4ccc(-c5sc(-c6cccs6)c6c5C(=O)c5c(CC(CC)CCCC)sc(CC(CC)CCCC)c5C6=O)s4)sc3c(-c3ccc(CC(CC)CCCC)s3)c3ccsc23)s1,CCCCC(CC)Cc1cc(/C=C2\C(=O)c3cc(F)c(F)cc3C2=C(C#N)C#N)sc1-c1sc(-c2cc(CC(CC)CCCC)c(-c3sc(/C=C4\C(=O)c5cc(F)c(F)cc5C4=C(C#N)C#N)cc3CC(CC)CCCC)s2)cc1CC(CC)CCCC,0.81,17.27,72.5,10.15,-5.33,-3.48,-5.86,-3.98,,,2021,10.1002/adfm.202101742,"OPV-DB (Qiu, J., Zenodo, 2026, doi:10.5281/zenodo.20841543)"
PCE10,DTPC-DFIC,CCCCC(CC)COC(=O)c1sc2c(-c3cc4c(-c5ccc(CC(CC)CCCC)s5)c5sccc5c(-c5ccc(CC(CC)CCCC)s5)c4s3)scc2c1F,CCCCCCCCC(CCCCCC)Cn1c2cc3c4c(ccc5c6ccc7c8c(cc1c(c86)c2c45)-c1sc(/C=C2\C(=O)c4cc(F)c(F)cc4C2=C(C#N)C#N)cc1C7(c1ccc(CCCCCC)cc1)c1ccc(CCCCCC)cc1)C(c1ccc(CCCCCC)cc1)(c1ccc(CCCCCC)cc1)c1cc(/C=C2\C(=O)c4cc(F)c(F)cc4C2=C(C#N)C#N)sc1-3,0.76,21.92,61.3,10.21,-5.21,-3.6,-5.31,-4.1,,,2021,10.1016/j.dyepig.2021.109171,"OPV-DB (Qiu, J., Zenodo, 2026, doi:10.5281/zenodo.20841543)"
TBFCl50-BDD,BTP-4F,CCCCC(CC)Cc1ccc(-c2c3cc(-c4ccc(-c5sc(-c6ccc(-c7cc8c(-c9cc(Cl)c(CC(CC)CCCC)s9)c9oc(-c%10ccc(-c%11sc(-c%12cccs%12)c%12c%11C(=O)c%11c(CC(CC)CCCC)sc(CC(CC)CCCC)c%11C%12=O)s%10)cc9c(-c9cc(Cl)c(CC(CC)CCCC)s9)c8s7)s6)c6c5C(=O)c5c(CC(CC)CCCC)sc(CC(CC)CCCC)c5C6=O)s4)sc3c(-c3ccc(CC(CC)CCCC)s3)c3ccsc23)s1,CCCCCCCCCCCc1c(/C=C2\C(=O)c3cc(F)c(F)cc3C2=C(C#N)C#N)sc2c1sc1c3c4nsnc4c4c5sc6c(CCCCCCCCCCC)c(/C=C7\C(=O)c8cc(F)c(F)cc8C7=C(C#N)C#N)sc6c5n(CC(CC)CCCC)c4c3n(CC(CC)CCCC)c21,0.849,22.43,55.82,10.58,-5.45,-3.26,-5.65,-4.09,,,2021,10.1016/j.solener.2021.05.011,"OPV-DB (Qiu, J., Zenodo, 2026, doi:10.5281/zenodo.20841543)"
PBDB-T,BTP-S,CCCCC(CC)Cc1ccc(-c2c3cc(-c4ccc(-c5sc(-c6cccs6)c6c5C(=O)c5c(CC(CC)CCCC)sc(CC(CC)CCCC)c5C6=O)s4)sc3c(-c3ccc(CC(CC)CCCC)s3)c3ccsc23)s1,CCCCCCCCCCCc1c(/C=C2\C(=O)c3cc(F)c(F)cc3C2=C(C#N)C#N)sc2c1sc1c3c4nsnc4c4c5sc6c(CCCCCCCCCCC)c(/C=C/C=C7\C(=O)c8cc(F)c(F)cc8C7=C(C#N)C#N)sc6c5n(CC(CCCC)CCCCCC)c4c3n(CC(CCCC)CCCCCC)c21,0.711,26.5,66.7,12.56,-5.33,-3.48,-5.66,-4.03,,,2021,10.1016/j.cej.2021.132830,"OPV-DB (Qiu, J., Zenodo, 2026, doi:10.5281/zenodo.20841543)"
3BDT-4,Y6,CCc1ccc(-c2c3cc(-c4cc5c(-c6ccc(CC)s6)c6sc(-c7cc8c(-c9ccc(CC)s9)c9sc(-c%10cc(CC)c(-c%11ccc(/C=C%12/SC(=S)N(CC)C%12=O)s%11)s%10)cc9c(-c9ccc(CC)s9)c8s7)cc6c(-c6ccc(CC)s6)c5s4)sc3c(-c3ccc(CC)s3)c3cc(-c4cc(CC)c(-c5ccc(/C=C6\SC(=S)N(CC)C6=O)s5)s4)sc23)s1,CCCCCCCCCCCc1c(/C=C2\C(=O)c3cc(F)c(F)cc3C2=C(C#N)C#N)sc2c1sc1c3c4nsnc4c4c5sc6c(CCCCCCCCCCC)c(/C=C7\C(=O)c8cc(F)c(F)cc8C7=C(C#N)C#N)sc6c5n(CC(CC)CCCC)c4c3n(CC(CC)CCCC)c21,0.829,17.0,41.3,5.82,-5.14,-3.44,-5.65,-4.09,,,2021,10.1039/d1ta01680f,"OPV-DB (Qiu, J., Zenodo, 2026, doi:10.5281/zenodo.20841543)"
J52-Cl,BTA7,CCCCCCCCC(CCCCCC)Cn1nc2c(-c3cccs3)c(F)c(F)c(-c3ccc(-c4cc5c(-c6cc(Cl)c(CC(CC)CCCC)s6)c6sccc6c(-c6cc(Cl)c(CC(CC)CCCC)s6)c5s4)s3)c2n1,CCCCCCCCn1nc2c(C=C(C#N)C#N)ccc(-c3cc4c(s3)-c3cc5c(cc3C4(c3ccc(CCCCCC)cc3)c3ccc(CCCCCC)cc3)-c3sc(-c4ccc(C=C(C#N)C#N)c6nn(CCCCCCCC)nc46)cc3C5(c3ccc(CCCCCC)cc3)c3ccc(CCCCCC)cc3)c2n1,1.13,9.74,52.5,5.78,-5.39,-3.45,-5.56,-3.66,,,2021,10.1016/j.orgel.2021.106195,"OPV-DB (Qiu, J., Zenodo, 2026, doi:10.5281/zenodo.20841543)"
PBDB-T,IDTT2OT-4F,CCCCC(CC)Cc1ccc(-c2c3cc(-c4ccc(-c5sc(-c6cccs6)c6c5C(=O)c5c(CC(CC)CCCC)sc(CC(CC)CCCC)c5C6=O)s4)sc3c(-c3ccc(CC(CC)CCCC)s3)c3ccsc23)s1,CCCCCCc1ccc(C2(c3ccc(CCCCCC)cc3)c3cc4c(cc3-c3sc5cc(-c6sc(/C=C7\C(=O)c8cc(F)c(F)cc8C7=C(C#N)C#N)c(OC)c6OC)sc5c32)C(c2ccc(CCCCCC)cc2)(c2ccc(CCCCCC)cc2)c2c-4sc3cc(-c4sc(/C=C5\C(=O)c6cc(F)c(F)cc6C5=C(C#N)C#N)c(OC)c4OC)sc23)cc1,0.86,19.3,62.4,10.4,-5.33,-3.48,-5.32,-3.9,,,2021,10.1016/j.synthmet.2021.116880,"OPV-DB (Qiu, J., Zenodo, 2026, doi:10.5281/zenodo.20841543)"
PBT1,Y6,CCCCC(CC)Cc1cc(-c2sc(-c3cc(CC(CC)CCCC)c(-c4cccs4)s3)c3c2C(=O)c2c(CC(CC)CCCC)sc(CC(CC)CCCC)c2C3=O)sc1-c1cccs1,CCCCCCCCCCCc1c(/C=C2\C(=O)c3cc(F)c(F)cc3C2=C(C#N)C#N)sc2c1sc1c3c4nsnc4c4c5sc6c(CCCCCCCCCCC)c(/C=C7\C(=O)c8cc(F)c(F)cc8C7=C(C#N)C#N)sc6c5n(CC(CC)CCCC)c4c3n(CC(CC)CCCC)c21,0.82,25.95,49.07,10.44,-5.275,-3.385,-5.65,-4.09,,,2021,10.1016/j.dyepig.2021.109842,"OPV-DB (Qiu, J., Zenodo, 2026, doi:10.5281/zenodo.20841543)"
PTB7-Th,4TIC,CCCCC(CC)COC(=O)c1sc2csc(-c3cc4c(-c5ccc(CC(CC)CCCC)s5)c5sccc5c(-c5ccc(CC(CC)CCCC)s5)c4s3)c2c1F,CCCCCCc1ccc(C2(c3ccc(CCCCCC)cc3)c3cc(/C=C4\C(=O)c5ccccc5C4=C(C#N)C#N)sc3-c3sc4c5c(sc4c32)-c2sc(/C=C3\C(=O)c4ccccc4C3=C(C#N)C#N)cc2C5(c2ccc(CCCCCC)cc2)c2ccc(CCCCCC)cc2)cc1,0.78,18.8,72.0,10.43,-5.21,-3.6,-5.452,-3.99,,,2021,10.1016/j.synthmet.2021.116736,"OPV-DB (Qiu, J., Zenodo, 2026, doi:10.5281/zenodo.20841543)"
PTQ9,Y6,CCCCCCCCC(CCCCCC)COc1cnc2c(-c3cccs3)cc(F)cc2n1,CCCCCCCCCCCc1c(/C=C2\C(=O)c3cc(F)c(F)cc3C2=C(C#N)C#N)sc2c1sc1c3c4nsnc4c4c5sc6c(CCCCCCCCCCC)c(/C=C7\C(=O)c8cc(F)c(F)cc8C7=C(C#N)C#N)sc6c5n(CC(CC)CCCC)c4c3n(CC(CC)CCCC)c21,0.82,23.72,54.0,10.5,-5.41,-2.87,-5.65,-4.09,,,2021,10.1021/accountsmr.1c00119,"OPV-DB (Qiu, J., Zenodo, 2026, doi:10.5281/zenodo.20841543)"
PBDB-T,DBTD-4F,CCCCC(CC)Cc1ccc(-c2c3cc(-c4ccc(-c5sc(-c6cccs6)c6c5C(=O)c5c(CC(CC)CCCC)sc(CC(CC)CCCC)c5C6=O)s4)sc3c(-c3ccc(CC(CC)CCCC)s3)c3ccsc23)s1,CCCCCCCCOc1c(OCCCCCCCC)c(-c2cc3c(s2)c2sc(/C=C4\C(=O)c5cc(F)c(F)cc5C4=C(C#N)C#N)cc2n3C(CCCCCCCC)CCCCCCCC)c2nsnc2c1-c1cc2c(s1)c1sc(/C=C3\C(=O)c4cc(F)c(F)cc4C3=C(C#N)C#N)cc1n2C(CCCCCCCC)CCCCCCCC,0.81,12.91,53.0,5.55,-5.33,-3.48,-5.51,-3.9,,,2021,10.1016/j.cej.2021.128770,"OPV-DB (Qiu, J., Zenodo, 2026, doi:10.5281/zenodo.20841543)"
PCE10,PNDI-DTBT,CCCCC(CC)COC(=O)c1sc2c(-c3cc4c(-c5ccc(CC(CC)CCCC)s5)c5sccc5c(-c5ccc(CC(CC)CCCC)s5)c4s3)scc2c1F,CCCCCCCCCCCCC(CCCCCCCCCC)CN1C(=O)c2ccc3c4c(c(-c5ccc(-c6ccc(-c7cccs7)c7nsnc67)s5)cc(c24)C1=O)C(=O)N(CC(CCCCCCCCCC)CCCCCCCCCCCC)C3=O,0.82,12.8,50.0,5.5,-5.22,-3.34,-5.77,-3.96,,,2021,10.1021/acs.chemmater.1c00825,"OPV-DB (Qiu, J., Zenodo, 2026, doi:10.5281/zenodo.20841543)"
J52,UF-Qx-2F,CCCCCCCCC(CCCCCC)Cn1nc2c(-c3cccs3)c(F)c(F)c(-c3ccc(-c4cc5c(-c6ccc(CC(CC)CCCC)s6)c6sccc6c(-c6ccc(CC(CC)CCCC)s6)c5s4)s3)c2n1,CCCCCCc1ccc(-c2nc3c(-c4cc5c(s4)-c4sc(/C=C6\C(=O)c7cc(F)c(F)cc7C6=C(C#N)C#N)cc4C5(CC(CC)CCCC)CC(CC)CCCC)ccc(-c4cc5c(s4)-c4sc(/C=C6\C(=O)c7cc(F)c(F)cc7\C6=C(\C)C#N)cc4C5(CC(CC)CCCC)CC(CC)CCCC)c3nc2-c2ccc(CCCCCC)cc2)cc1,0.78,21.64,62.1,10.54,-5.2,-3.05,-5.53,-3.84,,,2021,10.1016/j.cej.2021.131473,"OPV-DB (Qiu, J., Zenodo, 2026, doi:10.5281/zenodo.20841543)"
PBT-SF,IT-4F,CCCCCCCCOc1c(OCCCCCCCC)c(-c2ccc(-c3cc4c(-c5cc(F)c(SCC(CC)CCCC)s5)c5sccc5c(-c5cc(F)c(SCC(CC)CCCC)s5)c4s3)s2)c2nsnc2c1-c1cccs1,CCCCCCc1ccc(C2(c3ccc(CCCCCC)cc3)c3cc4c(cc3-c3sc5cc(/C=C6\C(=O)c7cc(F)c(F)cc7C6=C(C#N)C#N)sc5c32)C(c2ccc(CCCCCC)cc2)(c2ccc(CCCCCC)cc2)c2c-4sc3cc(/C=C4\C(=O)c5cc(F)c(F)cc5C4=C(C#N)C#N)sc23)cc1,0.8,21.53,60.6,10.51,-5.46,-3.58,-5.66,-4.14,,,2021,10.1021/accountsmr.1c00119,"OPV-DB (Qiu, J., Zenodo, 2026, doi:10.5281/zenodo.20841543)"
PBDB-T-2Cl,ITCC-Br,CCCCC(CC)Cc1sc(-c2c3cc(-c4ccc(-c5sc(-c6cccs6)c6c5C(=O)c5c(CC(CC)CCCC)sc(CC(CC)CCCC)c5C6=O)s4)sc3c(-c3cc(Cl)c(CC(CC)CCCC)s3)c3ccsc23)cc1Cl,CCCCCCc1ccc(C2(c3ccc(CCCCCC)cc3)c3cc4c(cc3-c3sc5cc(/C=C6\C(=O)c7sc(Br)cc7C6=C(C#N)C#N)sc5c32)C(c2ccc(CCCCCC)cc2)(c2ccc(CCCCCC)cc2)c2c-4sc3cc(/C=C4\C(=O)c5sc(Br)cc5C4=C(C#N)C#N)sc23)cc1,1.04,15.9,63.8,10.5,-5.52,-3.6,-5.74,-3.91,,,2021,10.1016/j.orgel.2021.106357,"OPV-DB (Qiu, J., Zenodo, 2026, doi:10.5281/zenodo.20841543)"
H11,IDIC-4F,CCCCCCCCC(CCCCCC)Cn1nc2c(-c3ccc(/C=C(/C#N)C(=O)OCC(CC)CCCC)s3)c(F)c(F)c(-c3ccc(-c4cc5c(-c6ccc(CC(CC)CCCC)s6)c6sc(-c7ccc(-c8c(F)c(F)c(-c9ccc(/C=C(\C#N)C(=O)OCC(CC)CCCC)s9)c9nn(CC(CCCCCC)CCCCCCCC)nc89)s7)cc6c(-c6ccc(CC(CC)CCCC)s6)c5s4)s3)c2n1,CCCCCCc1ccc(C2(c3ccc(CCCCCC)cc3)c3cc4c(cc3-c3sc(/C=C5\C(=O)c6cc(F)c(F)cc6C5=C(C#N)C#N)cc32)C(c2ccc(CCCCCC)cc2)(c2ccc(CCCCCC)cc2)c2cc(/C=C3\C(=O)c5cc(F)c(F)cc5C3=C(C#N)C#N)sc2-4)cc1,0.842,18.2,68.2,10.4,-5.27,-3.45,-5.73,-3.93,,,2021,10.1021/accountsmr.1c00119,"OPV-DB (Qiu, J., Zenodo, 2026, doi:10.5281/zenodo.20841543)"
J51,PNDI-DTBT,CCCCCCCCC(CCCCCC)Cc1ccc(-c2c3cc(-c4ccc(-c5c(F)c(F)c(-c6cccs6)c6nn(CC(CCCCCC)CCCCCCCC)nc56)s4)sc3c(-c3ccc(CC(CCCCCC)CCCCCCCC)s3)c3ccsc23)s1,CCCCCCCCCCCCC(CCCCCCCCCC)CN1C(=O)c2ccc3c4c(c(-c5ccc(-c6ccc(-c7cccs7)c7nsnc67)s5)cc(c24)C1=O)C(=O)N(CC(CCCCCCCCCC)CCCCCCCCCCCC)C3=O,0.83,12.6,58.0,6.3,-5.17,-3.0,-5.77,-3.96,,,2021,10.1021/acs.chemmater.1c00825,"OPV-DB (Qiu, J., Zenodo, 2026, doi:10.5281/zenodo.20841543)"
PF2,N2200,CCCCCCCCC(CCCCCC)Cc1cc2sc(-c3c4cc(-c5sc(-c6c(F)c(F)c(-c7cc(CC(CC)CCCC)cs7)c7nsnc67)cc5CC(CC)CCCC)sc4c(-c4cc5sc(CC(CCCCCC)CCCCCCCC)cc5s4)c4ccsc34)cc2s1,CCCCCCCCCCC(CCCCCCCC)CN1C(=O)c2ccc3c4c(c(-c5ccc(-c6cccs6)s5)cc(c24)C1=O)C(=O)N(CC(CCCCCCCC)CCCCCCCCCC)C3=O,0.82,12.84,58.89,6.28,-5.48,-3.73,-5.71,-4.02,,,2021,10.1016/j.orgel.2021.106319,"OPV-DB (Qiu, J., Zenodo, 2026, doi:10.5281/zenodo.20841543)"
PBDT2FBT-T3,PC71BM,CCCCCCC(CCCC)Cc1ccc(-c2ccc(-c3ccc(-c4c5cc(-c6sc(-c7c(F)c(F)c(-c8cc(CC(CC)CCCC)cs8)c8nsnc78)cc6CC(CC)CCCC)sc5c(-c5ccc(-c6ccc(-c7ccc(CC(CCCC)CCCCCC)s7)s6)s5)c5ccsc45)s3)s2)s1,COC(=O)CCCC1(c2ccccc2)C23c4c5ccc6c7cc8c9c%10c(cc%11cc%12c%13c%14c(cc%15c%16ccc-5c2c%16c2c5c%16c%17c(c(c46)c7c9c%17c4c%10c%11c%13c4c%16c%14c%152)C513)C%12)C8,0.86,12.0,60.8,6.27,-5.31,-3.62,-5.9,-3.9,,,2021,10.1016/j.tsf.2021.139043,"OPV-DB (Qiu, J., Zenodo, 2026, doi:10.5281/zenodo.20841543)"
L-MD,N3,CCCCCCCCc1cc(/C=C2\SC(=S)N(CC)C2=O)sc1-c1ccc(-c2sc(-c3cc4c(-c5ccc(CC(CC)CCCC)s5)c5sc(-c6cc(CCCCCCCC)c(-c7ccc(-c8sc(/C=C9\SC(=S)N(CC)C9=O)cc8CCCCCCCC)s7)s6)cc5c(-c5ccc(CC(CC)CCCC)s5)c4s3)cc2CCCCCCCC)s1,CCCCCCCCCCCc1c(/C=C2\C(=O)c3cc(F)c(F)cc3C2=C(C#N)C#N)sc2c1sc1c3c4nsnc4c4c5sc6c(CCCCCCCCCCC)c(/C=C7\C(=O)c8cc(F)c(F)cc8C7=C(C#N)C#N)sc6c5n(CCC(CC)CCCC)c4c3n(CCC(CC)CCCC)c21,0.8,19.89,52.0,8.05,-5.24,-3.49,-5.64,-3.86,,,2021,10.1021/acsami.1c22135,"OPV-DB (Qiu, J., Zenodo, 2026, doi:10.5281/zenodo.20841543)"
PBDB-T,OCH3-2F,CCCCC(CC)Cc1ccc(-c2c3cc(-c4ccc(-c5sc(-c6cccs6)c6c5C(=O)c5c(CC(CC)CCCC)sc(CC(CC)CCCC)c5C6=O)s4)sc3c(-c3ccc(CC(CC)CCCC)s3)c3ccsc23)s1,CCCCCCCCc1cc(-c2sc3c(N(c4ccc(OC)cc4)c4ccc(OC)cc4)c(-c4cc(CCCCCCCC)c(/C=C5\C(=O)c6cc(F)c(F)cc6C5=C(C#N)C#N)s4)sc3c2N(c2ccc(OC)cc2)c2ccc(OC)cc2)sc1/C=C1\C(=O)c2cc(F)c(F)cc2C1=C(C#N)C#N,0.74,16.66,64.6,8.01,-5.33,-3.48,-5.4,-4.04,,,2021,10.1021/acsami.1c09597,"OPV-DB (Qiu, J., Zenodo, 2026, doi:10.5281/zenodo.20841543)"
PBDTT FTTE,PC70BM,CCCCCC(CC)OC(=O)c1sc2c(-c3cc4c(-c5ccc(CC(CC)CCCC)s5)c5sccc5c(-c5ccc(CC(CC)CCCC)s5)c4s3)scc2c1F,CCCCC(=O)OCC1(C2=CC=CC=C2)C3=CC=CC4=CC=CC5=CC=CC6=CC=C7C=CC=CC8=CC=CC1=C8C7=C6C5=C4C3,0.78,16.25,64.0,8.22,-5.24,-3.45,-6.1,-3.9,,,2021,10.1016/j.optmat.2021.111070,"OPV-DB (Qiu, J., Zenodo, 2026, doi:10.5281/zenodo.20841543)"
J64,ITIC,CCCCCCCCC(CCCCCC)Cn1nc2c(-c3cccs3)c(F)c(F)c(-c3ccc(-c4cc5c(-c6ccc(SCC7CCCCC7)s6)c6sccc6c(-c6ccc(SCC7CCCCC7)s6)c5s4)s3)c2n1,CCCCCCc1ccc(C2(c3ccc(CCCCCC)cc3)c3cc4c(cc3-c3sc5cc(C=C6C(=O)c7ccccc7C6=C(C#N)C#N)sc5c32)C(c2ccc(CCCCCC)cc2)(c2ccc(CCCCCC)cc2)c2c-4sc3cc(C=C4C(=O)c5ccccc5C4=C(C#N)C#N)sc23)cc1,0.889,15.4,62.7,8.59,-5.33,-3.09,-5.576,-3.916,,,2021,10.1021/accountsmr.1c00119,"OPV-DB (Qiu, J., Zenodo, 2026, doi:10.5281/zenodo.20841543)"
PBDB-T,QCIC1,CCCCC(CC)Cc1ccc(-c2c3cc(-c4ccc(-c5sc(-c6cccs6)c6c5C(=O)c5c(CC(CC)CCCC)sc(CC(CC)CCCC)c5C6=O)s4)sc3c(-c3ccc(CC(CC)CCCC)s3)c3ccsc23)s1,CCCCC(CC)COc1c(OCC(CC)CCCC)c(-c2cc3c(s2)C2SC(CC(C)C(=C(C#N)C#N)C4=C(C=O)CC(F)C(F)=C4)=CC2C3(CC(CC)CCCC)CC(CC)CCCC)c2nccnc2c1-c1cc2c(s1)-c1sc(/C=C3\C(=O)C4C=C(F)C(F)=CC4C3=C(C#N)C#N)cc1C2(CC(CC)CCCC)CC(CC)CCCC,0.822,18.81,55.5,8.58,-5.33,-3.48,-5.52,-3.8,,,2021,10.1002/cssc.202100689,"OPV-DB (Qiu, J., Zenodo, 2026, doi:10.5281/zenodo.20841543)"
PBDB-T,Y5-BiSe-In,CCCCC(CC)Cc1ccc(-c2c3cc(-c4ccc(-c5sc(-c6cccs6)c6c5C(=O)c5c(CC(CC)CCCC)sc(CC(CC)CCCC)c5C6=O)s4)sc3c(-c3ccc(CC(CC)CCCC)s3)c3ccsc23)s1,CCCCCCCCCCCCC(CCCCCCCCCC)Cn1c2c3sc(/C=C4/C(=O)c5ccccc5C4=C(C#N)C#N)c(CCCCCCCCCCC)c3sc2c2c3nsnc3c3c4sc5c(CCCCCCCCCCC)c(/C=C6/C(=O)c7cc(-c8ccc(-c9ccc[se]9)[se]8)ccc7C6=C(C#N)C#N)sc5c4n(CC(CCCCCCCCCC)CCCCCCCCCCCC)c3c21,0.86,16.54,59.0,8.52,-5.33,-3.48,-5.66,-4.25,,,2021,10.1002/adfm.202108508,"OPV-DB (Qiu, J., Zenodo, 2026, doi:10.5281/zenodo.20841543)"
J71,CSeT-IC,CCCCCCCCC(CCCCCC)Cn1nc2c(-c3cccs3)c(F)c(F)c(-c3ccc(-c4cc5c(-c6ccc([Si](CCC)(CCC)CCC)s6)c6sccc6c(-c6ccc([Si](CCC)(CCC)CCC)s6)c5s4)s3)c2n1,CCCCCCc1ccc(C2(c3ccc(CCCCCC)cc3)c3cc4c(cc3-c3[se]c5cc(/C=C6\C(=O)c7ccccc7C6=C(C#N)C#N)sc5c32)C(c2ccc(CCCCCC)cc2)(c2ccc(CCCCCC)cc2)c2c-4[se]c3cc(/C=C4\C(=O)c5ccccc5C4=C(C#N)C#N)sc23)cc1,0.912,17.17,54.8,8.52,-5.4,-3.24,-5.6,-3.91,,,2021,10.1021/acsami.1c12028,"OPV-DB (Qiu, J., Zenodo, 2026, doi:10.5281/zenodo.20841543)"
PTB7-Th,IEIC,CCCCC(CC)COC(=O)c1sc2csc(-c3cc4c(-c5ccc(CC(CC)CCCC)s5)c5sccc5c(-c5ccc(CC(CC)CCCC)s5)c4s3)c2c1F,CCCCCCc1ccc(C2(c3ccc(CCCCCC)cc3)c3cc4c(cc3-c3sc(-c5sc(/C=C6\C(=O)c7ccccc7C6=C(C#N)C#N)cc5CC(CC)CCCC)cc32)C(c2ccc(CCCCCC)cc2)(c2ccc(CCCCCC)cc2)c2cc(-c3sc(/C=C5\C(=O)c6ccccc6C5=C(C#N)C#N)cc3CC(CC)CCCC)sc2-4)cc1,0.97,13.55,48.0,6.31,-5.21,-3.6,-5.42,-3.82,,,2021,10.1016/j.synthmet.2021.116736,"OPV-DB (Qiu, J., Zenodo, 2026, doi:10.5281/zenodo.20841543)"
PBDB-T,BTTBo-4F,CCCCC(CC)Cc1ccc(-c2c3cc(-c4ccc(-c5sc(-c6cccs6)c6c5C(=O)c5c(CC(CC)CCCC)sc(CC(CC)CCCC)c5C6=O)s4)sc3c(-c3ccc(CC(CC)CCCC)s3)c3ccsc23)s1,CCC(=O)c1cc2c3cc(-c4cc5c(s4)-c4sc(/C=C6\C(=O)c7cc(F)c(F)cc7C6=C(C#N)C#N)cc4C5(CC)CC)sc3c3sc(-c4cc5c(s4)-c4sc(/C=C6\C(=O)c7cc(F)c(F)cc7C6=C(C#N)C#N)cc4C5(CC)CC)cc3c2s1,0.85,15.04,64.61,8.27,-5.33,-3.48,-5.56,-3.85,,,2021,10.1039/d1tc03259c,"OPV-DB (Qiu, J., Zenodo, 2026, doi:10.5281/zenodo.20841543)"
PTQ-10,BT-F,CCOc1cnc2c(-c3ccc(-c4c(F)c(F)c(-c5ccc(-c6c(F)c(F)c(-c7cccs7)c7ncc(OCC)nc67)s5)c5ncc(OCC)nc45)s3)c(F)c(F)cc2n1,CCCCCCc1ccc(C2(c3ccc(CCCCCC)cc3)c3cc(/C=C4\C(=O)c5cc(F)ccc5C4=C(C#N)C#N)sc3-c3sc4c(OCC(CC)CCCC)c5c6c(sc5c(OCC(CC)CCCC)c4c32)-c2sc(/C=C3\C(=O)c4cc(F)ccc4C3=C(C#N)C#N)cc2C6(c2ccc(CCCCCC)cc2)c2ccc(CCCCCC)cc2)cc1,0.82,16.99,59.3,8.26,-5.54,-2.92,-5.515,-4.005,,,2021,10.1016/j.orgel.2021.106132,"OPV-DB (Qiu, J., Zenodo, 2026, doi:10.5281/zenodo.20841543)"
PvBDT-Cl,Y6-T,CCCCCCC(CCCC)CC1=CC2C(c3cccs3)=c3sc(CC(CCCC)CCCCCC)cc3=C(c3ccc(-c4cc5c(-c6cc(F)c(CC(CC)CCCC)s6)c6sccc6c(-c6cc(Cl)c(CC(CC)CCCC)s6)c5s4)s3)C2S1,CCCCCCCCCCCc1c(/C=C2\C(=O)c3cscc3C2=C(C#N)C#N)sc2c1sc1c3c4nsnc4c4c5sc6c(CCCCCCCCCCC)c(/C=C7\C(=O)c8cscc8C7=C(C#N)C#N)sc6c5n(CC(CC)CCCC)c4c3n(CC(CC)CCCC)c21,0.91,15.31,59.1,8.23,-5.49,-3.49,-5.51,-3.86,,,2021,10.1016/j.jpowsour.2021.229961,"OPV-DB (Qiu, J., Zenodo, 2026, doi:10.5281/zenodo.20841543)"
P2TB2T-F,IT-4F,CCCCCCc1csc(-c2ccc(-c3sc(-c4ccc(-c5cc(CCCCCC)c(-c6cc7c(-c8cc(F)c(CC(CC)CCCC)s8)c8sccc8c(-c8cc(F)c(CC(CC)CCCC)s8)c7s6)s5)s4)c4c3C(=O)c3c(CC(CC)CCCC)sc(CC(CC)CCCC)c3C4=O)s2)c1,CCCCCCc1ccc(C2(c3ccc(CCCCCC)cc3)c3cc4c(cc3-c3sc5cc(/C=C6\C(=O)c7cc(F)c(F)cc7C6=C(C#N)C#N)sc5c32)C(c2ccc(CCCCCC)cc2)(c2ccc(CCCCCC)cc2)c2c-4sc3cc(/C=C4\C(=O)c5cc(F)c(F)cc5C4=C(C#N)C#N)sc23)cc1,0.81,10.25,44.31,3.69,-5.54,-3.83,-5.66,-4.14,,,2021,10.1016/j.solener.2021.06.049,"OPV-DB (Qiu, J., Zenodo, 2026, doi:10.5281/zenodo.20841543)"
PBDB-TF,BTIC-OCOMe,CCCCC(CC)Cc1sc(-c2c3cc(-c4ccc(-c5sc(-c6cccs6)c6c5C(=O)c5c(CC(CC)CCCC)sc(CC(CC)CCCC)c5C6=O)s4)sc3c(-c3cc(F)c(CC(CC)CCCC)s3)c3ccsc23)cc1F,CCc1c(/C=C2\C(=O)c3cc(OC(C)=O)ccc3C2=C(C#N)C#N)sc2c1sc1c3c4nsnc4c4c5sc6c(CC)c(/C=C7\C(=O)c8cc(OC(C)=O)ccc8C7=C(C#N)C#N)sc6c5n(CC)c4c3n(CC)c21,0.95,15.55,56.2,8.32,-5.56,-3.65,-5.35,-3.83,,,2021,10.1021/acs.jpclett.1c01077,"OPV-DB (Qiu, J., Zenodo, 2026, doi:10.5281/zenodo.20841543)"
PBDB-T,PNDI-DTBT,CCCCC(CC)Cc1ccc(-c2c3cc(-c4ccc(-c5sc(-c6cccs6)c6c5C(=O)c5c(CC(CC)CCCC)sc(CC(CC)CCCC)c5C6=O)s4)sc3c(-c3ccc(CC(CC)CCCC)s3)c3ccsc23)s1,CCCCCCCCCCCCC(CCCCCCCCCC)CN1C(=O)c2ccc3c4c(c(-c5ccc(-c6ccc(-c7cccs7)c7nsnc67)s5)cc(c24)C1=O)C(=O)N(CC(CCCCCCCCCC)CCCCCCCCCCCC)C3=O,0.89,14.3,63.0,8.3,-5.27,-3.22,-5.77,-3.96,,,2021,10.1021/acs.chemmater.1c00825,"OPV-DB (Qiu, J., Zenodo, 2026, doi:10.5281/zenodo.20841543)"
PBDB-T,Y5-BiSe-Out,CCCCC(CC)Cc1ccc(-c2c3cc(-c4ccc(-c5sc(-c6cccs6)c6c5C(=O)c5c(CC(CC)CCCC)sc(CC(CC)CCCC)c5C6=O)s4)sc3c(-c3ccc(CC(CC)CCCC)s3)c3ccsc23)s1,CCCCCCCCCCCCC(CCCCCCCCCC)Cn1c2c3sc(/C=C4/C(=O)c5ccccc5C4=C(C#N)C#N)c(CCCCCCCCCCC)c3sc2c2c3nsnc3c3c4sc5c(CCCCCCCCCCC)c(/C=C6/C(=O)c7ccc(-c8ccc(-c9ccc[se]9)[se]8)cc7C6=C(C#N)C#N)sc5c4n(CC(CCCCCCCCCC)CCCCCCCCCCCC)c3c21,0.92,18.12,66.0,10.67,-5.33,-3.48,-5.64,-4.22,,,2021,10.1002/adfm.202108508,"OPV-DB (Qiu, J., Zenodo, 2026, doi:10.5281/zenodo.20841543)"
PBDTBT-TSi,m-ITIC,CCCCCCCCCc1nc(-c2nc(CCCCCCCCC)c(-c3ccc(-c4cc5c(-c6ccc([Si](CCC)(CCC)CCC)s6)c6sccc6c(-c6ccc([Si](CCC)(CCC)CCC)s6)c5s4)s3)s2)sc1-c1cccs1,CCCCCCc1cccc(C2(c3cccc(CCCCCC)c3)c3cc4c(cc3-c3sc5cc(C=C6C(=O)c7ccccc7C6=C(C#N)C#N)sc5c32)C(c2cccc(CCCCCC)c2)(c2cccc(CCCCCC)c2)c2c-4sc3cc(C=C4C(=O)c5ccccc5C4=C(C#N)C#N)sc23)c1,0.947,17.17,65.57,10.66,-5.33,-3.54,-5.527,-3.854,,,2021,10.1016/j.orgel.2021.106130,"OPV-DB (Qiu, J., Zenodo, 2026, doi:10.5281/zenodo.20841543)"
PBDB-TF,BT-LIC,CCCCC(CC)Cc1sc(-c2c3cc(-c4ccc(-c5sc(-c6cccs6)c6c5C(=O)c5c(CC(CC)CCCC)sc(CC(CC)CCCC)c5C6=O)s4)sc3c(-c3cc(F)c(CC(CC)CCCC)s3)c3ccsc23)cc1F,CCCCCCCCCCCc1c(/C=C2\C(=O)c3cc4ccccc4cc3C2=C(C#N)C#N)sc2c1sc1c3c4nsnc4c4c5sc6c(CCCCCCCCCCC)c(/C=C7\C(=O)c8cc9ccccc9cc8C7=C(C#N)C#N)sc6c5n(CC(CC)CCCC)c4c3n(CC(CC)CCCC)c21,0.85,23.5,52.0,10.4,-5.49,-3.64,-5.42,-3.84,,,2021,10.1021/jacs.1c00211,"OPV-DB (Qiu, J., Zenodo, 2026, doi:10.5281/zenodo.20841543)"
PIDTT-QxM,Y6BO,CCCCCCc1ccc(C2(c3ccc(CCCCCC)cc3)c3cc4c(cc3-c3sc5ccsc5c32)C(c2ccc(CCCCCC)cc2)(c2ccc(CCCCCC)cc2)c2c-4sc3cc(-c4cccc5nc(-c6ccc(OC)cc6)c(-c6ccc(OC)cc6)nc45)sc23)cc1,CCCCCCCCCCCc1c(/C=C2\C(=O)c3cc(F)c(F)cc3C2=C(C#N)C#N)sc2c1sc1c3c4nsnc4c4c5sc6c(CCCCCCCCCCC)c(/C=C7\C(=O)c8cc(F)c(F)cc8C7=C(C#N)C#N)sc6c5n(CC(CCCC)CCCCCC)c4c3n(CC(CCCC)CCCCCC)c21,0.73,23.25,61.3,10.4,-5.09,-3.15,-5.62,-4.11,,,2021,10.1016/j.dyepig.2021.109346,"OPV-DB (Qiu, J., Zenodo, 2026, doi:10.5281/zenodo.20841543)"
PFBZ,ITIC,CCCCCCCCC(CCCCCC)Cn1nc2c(-c3cccs3)c(F)c(F)c(-c3ccc(-c4cc5c(-c6cc(F)c(CC(CC)CCCC)s6)c6sccc6c(-c6cc(F)c(CC(CC)CCCC)s6)c5s4)s3)c2n1,CCCCCCc1ccc(C2(c3ccc(CCCCCC)cc3)c3cc4c(cc3-c3sc5cc(C=C6C(=O)c7ccccc7C6=C(C#N)C#N)sc5c32)C(c2ccc(CCCCCC)cc2)(c2ccc(CCCCCC)cc2)c2c-4sc3cc(C=C4C(=O)c5ccccc5C4=C(C#N)C#N)sc23)cc1,0.9,18.8,62.0,10.4,-5.36,-3.42,-5.576,-3.916,,,2021,10.1016/j.synthmet.2021.116736,"OPV-DB (Qiu, J., Zenodo, 2026, doi:10.5281/zenodo.20841543)"
PTB2T-F,IT-4F,CCCCCCc1cc(-c2ccc(-c3sc(-c4cccs4)c4c3C(=O)c3c(CC(CC)CCCC)sc(CC(CC)CCCC)c3C4=O)s2)sc1-c1cc2c(-c3cc(F)c(CC(CC)CCCC)s3)c3sccc3c(-c3cc(F)c(CC(CC)CCCC)s3)c2s1,CCCCCCc1ccc(C2(c3ccc(CCCCCC)cc3)c3cc4c(cc3-c3sc5cc(/C=C6\C(=O)c7cc(F)c(F)cc7C6=C(C#N)C#N)sc5c32)C(c2ccc(CCCCCC)cc2)(c2ccc(CCCCCC)cc2)c2c-4sc3cc(/C=C4\C(=O)c5cc(F)c(F)cc5C4=C(C#N)C#N)sc23)cc1,0.81,20.54,65.23,10.79,-5.67,-3.88,-5.66,-4.14,,,2021,10.1016/j.solener.2021.06.049,"OPV-DB (Qiu, J., Zenodo, 2026, doi:10.5281/zenodo.20841543)"
P-CIT,Y6,CCCCCCCCC(CCCCCC)Cn1nc2c(-c3cccs3)c(F)c(F)c(-c3ccc(-c4cc5c(-c6cc(Cl)c(CC(CC)CCCC)s6)c6occc6c(-c6cc(Cl)c(CC(CC)CCCC)s6)c5o4)s3)c2n1,CCCCCCCCCCCc1c(/C=C2\C(=O)c3cc(F)c(F)cc3C2=C(C#N)C#N)sc2c1sc1c3c4nsnc4c4c5sc6c(CCCCCCCCCCC)c(/C=C7\C(=O)c8cc(F)c(F)cc8C7=C(C#N)C#N)sc6c5n(CC(CC)CCCC)c4c3n(CC(CC)CCCC)c21,0.77,19.71,70.1,10.64,-5.5,-3.55,-5.65,-4.09,,,2021,10.1021/acsami.1c00327,"OPV-DB (Qiu, J., Zenodo, 2026, doi:10.5281/zenodo.20841543)"
PBDB-T-2Cl,BDSeTICBr-δ,CCCCC(CC)Cc1sc(-c2c3cc(-c4ccc(-c5sc(-c6cccs6)c6c5C(=O)c5c(CC(CC)CCCC)sc(CC(CC)CCCC)c5C6=O)s4)sc3c(-c3cc(Cl)c(CC(CC)CCCC)s3)c3ccsc23)cc1Cl,CCCCCCc1ccc(C2(c3ccc(CCCCCC)cc3)c3cc(/C=C4\C(=O)c5ccc(Br)cc5C4=C(C#N)C#N)sc3-c3[se]c4cc5c6c([se]c5cc4c32)-c2sc(/C=C3\C(=O)c4ccc(Br)cc4C3=C(C#N)C#N)cc2C6(c2ccc(CCCCCC)cc2)c2ccc(CCCCCC)cc2)cc1,0.888,18.8,63.7,10.63,-5.52,-3.6,-5.67,-3.97,,,2021,10.1039/d1ra05426k,"OPV-DB (Qiu, J., Zenodo, 2026, doi:10.5281/zenodo.20841543)"
P-FT,Y6,CCc1sc(-c2c3cc(-c4ccc(-c5c(F)c(F)c(-c6ccc(-c7cc8c(-c9cc(F)c(CC)s9)c9oc(-c%10ccc(-c%11c(F)c(F)c(-c%12ccc(-c%13cc%14c(-c%15cc(F)c(CC)s%15)c%15oc(-c%16ccc(-c%17c(F)c(F)c(-c%18cccs%18)c%18nn(CC)nc%17%18)s%16)cc%15c(-c%15cc(F)c(CC)s%15)c%14o%13)s%12)c%12nn(CC)nc%11%12)s%10)cc9c(-c9cc(F)c(CC)s9)c8o7)s6)c6nn(CC)nc56)s4)oc3c(-c3cc(F)c(CC)s3)c3ccoc23)cc1F,CCCCCCCCCCCc1c(/C=C2\C(=O)c3cc(F)c(F)cc3C2=C(C#N)C#N)sc2c1sc1c3c4nsnc4c4c5sc6c(CCCCCCCCCCC)c(/C=C7\C(=O)c8cc(F)c(F)cc8C7=C(C#N)C#N)sc6c5n(CC(CC)CCCC)c4c3n(CC(CC)CCCC)c21,0.745,21.87,65.12,10.61,-5.48,-3.48,-5.65,-4.09,,,2021,10.1039/d1ta04214a,"OPV-DB (Qiu, J., Zenodo, 2026, doi:10.5281/zenodo.20841543)"
P3HT,Qx1b,CCCCCCc1ccsc1,CCCCCCCCC1(CCCCCCCC)c2cc3c(cc2-c2sc(-c4ccc(/C=C5/SC(=S)N(CC)C5=O)c5nc(-c6ccccc6)c(-c6ccccc6)nc45)cc21)C(CCCCCCCC)(CCCCCCCC)c1cc(-c2ccc(/C=C4/SC(=S)N(CC)C4=O)c4nc(-c5ccccc5)c(-c5ccccc5)nc24)sc1-3,0.95,7.34,69.0,4.81,-5.01,-3.12,-5.35,-3.66,,,2021,10.1016/j.synthmet.2021.116736,"OPV-DB (Qiu, J., Zenodo, 2026, doi:10.5281/zenodo.20841543)"
PTB7-Th,PC71BM,CCCCC(CC)COC(=O)c1sc2csc(-c3cc4c(-c5ccc(CC(CC)CCCC)s5)c5sccc5c(-c5ccc(CC(CC)CCCC)s5)c4s3)c2c1F,COC(=O)CCCC1(c2ccccc2)C23c4c5ccc6c7cc8c9c%10c(cc%11cc%12c%13c%14c(cc%15c%16ccc-5c2c%16c2c5c%16c%17c(c(c46)c7c9c%17c4c%10c%11c%13c4c%16c%14c%152)C513)C%12)C8,0.96,17.0,77.0,12.5,-5.21,-3.6,-5.9,-3.9,,,2021,10.1021/acsphotonics.1c01935,"OPV-DB (Qiu, J., Zenodo, 2026, doi:10.5281/zenodo.20841543)"
PBDB-T,6TIC,CCCCC(CC)Cc1ccc(-c2c3cc(-c4ccc(-c5sc(-c6cccs6)c6c5C(=O)c5c(CC(CC)CCCC)sc(CC(CC)CCCC)c5C6=O)s4)sc3c(-c3ccc(CC(CC)CCCC)s3)c3ccsc23)s1,CCCCCCc1ccc(C2(c3ccc(CCCCCC)cc3)c3c(sc4cc(/C=C5\C(=O)c6ccccc6C5=C(C#N)C#N)sc34)-c3sc4c5c(sc4c32)-c2sc3cc(/C=C4\C(=O)c6ccccc6C4=C(C#N)C#N)sc3c2C5(c2ccc(CCCCCC)cc2)c2ccc(CCCCCC)cc2)cc1,0.812,23.5,65.4,12.48,-5.33,-3.48,-5.263,-3.85,,,2021,10.1002/adma.202108317,"OPV-DB (Qiu, J., Zenodo, 2026, doi:10.5281/zenodo.20841543)"
PBDB-TF,DTP-in-F,CCCCC(CC)Cc1sc(-c2c3cc(-c4ccc(-c5sc(-c6cccs6)c6c5C(=O)c5c(CC(CC)CCCC)sc(CC(CC)CCCC)c5C6=O)s4)sc3c(-c3cc(F)c(CC(CC)CCCC)s3)c3ccsc23)cc1F,CCCCCCc1ccc(C2(c3ccc(CCCCCC)cc3)Oc3cc(-c4cc(F)c(-c5cc6c(s5)-c5sc(/C=C7\C(=O)c8cc(F)c(F)cc8C7=C(C#N)C#N)cc5C(c5ccc(CCCCCC)cc5)(c5ccc(CCCCCC)cc5)O6)cc4F)sc3-c3sc(/C=C4\C(=O)c5cc(F)c(F)cc5C4=C(C#N)C#N)cc32)cc1,0.91,18.54,63.2,10.66,-5.49,-3.64,-5.53,-3.92,,,2021,10.1021/acsami.1c06299,"OPV-DB (Qiu, J., Zenodo, 2026, doi:10.5281/zenodo.20841543)"
PM6,PNDI-2FT-TR10,CCCCC(CC)Cc1sc(-c2c3cc(-c4ccc(-c5sc(-c6cccs6)c6c5C(=O)c5c(CC(CC)CCCC)sc(CC(CC)CCCC)c5C6=O)s4)sc3c(-c3cc(F)c(CC(CC)CCCC)s3)c3ccsc23)cc1F,CCCCCCCCCCC(CCCCCCCC)CN1C(=O)c2ccc3c4c(c(-c5cc(F)c(-c6sc(-c7cc(/C=c8/sc(=C(C#N)C#N)n(CC)c8=O)c(-c8cc(F)c(-c9sccc9F)s8)s7)cc6F)s5)cc(c24)C1=O)C(=O)N(CC(CCCCCCCC)CCCCCCCCCC)C3=O,0.921,17.32,67.0,10.71,-5.56,-3.65,-5.95,-4.03,,,2021,10.1021/acsami.1c03739,"OPV-DB (Qiu, J., Zenodo, 2026, doi:10.5281/zenodo.20841543)"
PBPD-Th,ITIC,CCCCC(CC)COc1cccc(-c2c3cc(-c4ccc(-c5sc(-c6cccs6)c6c5C(=O)c5c(CC(CC)CCCC)sc(CC(CC)CCCC)c5C6=O)s4)sc3c(-c3cccc(OCC(CC)CCCC)c3)c3ccsc23)c1,CCCCCCc1ccc(C2(c3ccc(CCCCCC)cc3)c3cc4c(cc3-c3sc5cc(C=C6C(=O)c7ccccc7C6=C(C#N)C#N)sc5c32)C(c2ccc(CCCCCC)cc2)(c2ccc(CCCCCC)cc2)c2c-4sc3cc(C=C4C(=O)c5ccccc5C4=C(C#N)C#N)sc23)cc1,1.01,18.1,59.0,10.8,-5.42,-3.36,-5.576,-3.916,,,2021,10.1016/j.synthmet.2021.116736,"OPV-DB (Qiu, J., Zenodo, 2026, doi:10.5281/zenodo.20841543)"
PTB7-Th,Y6,CCCCC(CC)COC(=O)c1sc2csc(-c3cc4c(-c5ccc(CC(CC)CCCC)s5)c5sccc5c(-c5ccc(CC(CC)CCCC)s5)c4s3)c2c1F,CCCCCCCCCCCc1c(/C=C2\C(=O)c3cc(F)c(F)cc3C2=C(C#N)C#N)sc2c1sc1c3c4nsnc4c4c5sc6c(CCCCCCCCCCC)c(/C=C7\C(=O)c8cc(F)c(F)cc8C7=C(C#N)C#N)sc6c5n(CC(CC)CCCC)c4c3n(CC(CC)CCCC)c21,0.85,22.34,68.0,12.61,-5.21,-3.6,-5.65,-4.09,,,2021,10.1016/j.solener.2021.01.027,"OPV-DB (Qiu, J., Zenodo, 2026, doi:10.5281/zenodo.20841543)"
PBDB-T,IDT8CN-M,CCCCC(CC)Cc1ccc(-c2c3cc(-c4ccc(-c5sc(-c6cccs6)c6c5C(=O)c5c(CC(CC)CCCC)sc(CC(CC)CCCC)c5C6=O)s4)sc3c(-c3ccc(CC(CC)CCCC)s3)c3ccsc23)s1,CCCCCCC1(CCCCCC)c2cc3c(cc2-c2sc4sc(/C=C5\C(=O)c6ccc(C)cc6C5=C(C#N)C#N)cc4c21)C(CCCCCC)(CCCCCC)c1c-3sc2cc(/C=C3\C(=C(C#N)C#N)c4ccc(C)cc4C3=C(C#N)C#N)sc12,0.92,17.11,78.9,12.43,-5.33,-3.48,-5.54,-3.91,,,2021,10.1002/solr.202100868,"OPV-DB (Qiu, J., Zenodo, 2026, doi:10.5281/zenodo.20841543)"
PCE10,3 TT-OCIC,CCCCC(CC)COC(=O)c1sc2c(-c3cc4c(-c5ccc(CC(CC)CCCC)s5)c5sccc5c(-c5ccc(CC(CC)CCCC)s5)c4s3)scc2c1F,CCCCCCCCc1c(/C=C2\C(=O)c3cc(Cl)c(Cl)cc3C2=C(C#N)C#N)sc2c3c(sc12)-c1sc2c4c(sc2c1C3(c1ccc(CCCCCC)cc1)c1ccc(CCCCCC)cc1)-c1sc2c(CCCCCCCC)c(/C=C3\C(=O)c5cc(Cl)c(Cl)cc5C3=C(C#N)C#N)sc2c1C4(c1ccc(CCCCCC)cc1)c1ccc(CCCCCC)cc1,0.68,26.49,69.0,12.43,-5.21,-3.6,-5.22,-3.91,,,2021,10.1016/j.dyepig.2021.109171,"OPV-DB (Qiu, J., Zenodo, 2026, doi:10.5281/zenodo.20841543)"
PBDB-T,P(QxCN-T2)-m,CCCCC(CC)Cc1ccc(-c2c3cc(-c4ccc(-c5sc(-c6cccs6)c6c5C(=O)c5c(CC(CC)CCCC)sc(CC(CC)CCCC)c5C6=O)s4)sc3c(-c3ccc(CC(CC)CCCC)s3)c3ccsc23)s1,CCCCCCCCC(CCCCCC)COc1cccc(-c2nc3cc(C#N)c(C#N)c(-c4ccc(-c5cccs5)s4)c3nc2-c2cccc(OCC(CCCCCC)CCCCCCCC)c2)c1,0.95,11.82,45.0,4.86,-5.57,-3.42,-5.96,-3.62,,,2021,10.1021/acsami.1c12288,"OPV-DB (Qiu, J., Zenodo, 2026, doi:10.5281/zenodo.20841543)"
PM6,PY2S-F,CCCCC(CC)Cc1sc(-c2c3cc(-c4ccc(-c5sc(-c6cccs6)c6c5C(=O)c5c(CC(CC)CCCC)sc(CC(CC)CCCC)c5C6=O)s4)sc3c(-c3cc(F)c(CC(CC)CCCC)s3)c3ccsc23)cc1F,CCCCCCCCCCCCC(CCCCCCCCCC)Cn1c2c3sc(/C=C4\C(=O)c5c(F)cccc5C4=C(C#N)C#N)c(CCCCCCCCCCC)c3sc2c2c3nsnc3c3c4sc5c(CCCCCCCCCCC)c(/C=C6\C(=O)c7c(F)cccc7C6=C(C#N)C#N)sc5c4n(CC(CCCCCCCCCC)CCCCCCCCCCCC)c3c21,0.92,23.3,70.5,15.1,-5.56,-3.65,-5.78,-3.91,,,2021,10.1016/j.nanoen.2021.106718,"OPV-DB (Qiu, J., Zenodo, 2026, doi:10.5281/zenodo.20841543)"
Q4,PYIT,CCCCCCCCCCCCc1csc(-c2cc3c(=O)n(CC(CCCCCC)CCCCCCCC)c(=O)c4cc(-c5cc(CCCCCCCCCCCC)c(-c6cc7c(-c8ccc(CC(CC)CCCC)s8)c8sccc8c(-c8ccc(CC(CC)CCCC)s8)c7s6)s5)sc4c3s2)c1,CCCCCCCCCCCc1c(/C=C2\C(=O)c3ccccc3C2=C(C#N)C#N)sc2c1sc1c3c4nsnc4c4c5sc6c(CCCCCCCCCCC)c(/C=C7\C(=O)c8cc(-c9cccs9)ccc8C7=C(C#N)C#N)sc6c5n(CC(CCCCCCCC)CCCCCCCCCC)c4c3n(CC(CCCCCCCC)CCCCCCCCCC)c21,0.94,21.59,73.9,15.06,-5.52,-3.63,-5.68,-3.94,,,2021,10.1021/acsami.1c23196,"OPV-DB (Qiu, J., Zenodo, 2026, doi:10.5281/zenodo.20841543)"
PBDB-T,SCH3-2F,CCCCC(CC)Cc1ccc(-c2c3cc(-c4ccc(-c5sc(-c6cccs6)c6c5C(=O)c5c(CC(CC)CCCC)sc(CC(CC)CCCC)c5C6=O)s4)sc3c(-c3ccc(CC(CC)CCCC)s3)c3ccsc23)s1,CCCCCCCCc1cc(-c2sc3c(N(c4ccc(SC)cc4)c4ccc(SC)cc4)c(-c4cc(CCCCCCCC)c(/C=C5\C(=O)c6cc(F)c(F)cc6C5=C(C#N)C#N)s4)sc3c2N(c2ccc(SC)cc2)c2ccc(SC)cc2)sc1/C=C1\C(=O)c2cc(F)c(F)cc2C1=C(C#N)C#N,0.67,15.38,64.9,6.67,-5.33,-3.48,-5.5,-4.06,,,2021,10.1021/acsami.1c09597,"OPV-DB (Qiu, J., Zenodo, 2026, doi:10.5281/zenodo.20841543)"
P10,PBI,CCCCCCCCCCC(CCCCCCCC)CN1C(=O)c2c(c(-c3ccc(-c4cc5c(OCC(CC)CCCC)c6sc(-c7scc8c7C(=O)N(CCCCCCCC)C8=O)cc6c(OCC(CC)CCCC)c5s4)s3)c3nsnc3c2-c2ccc(-c3cc4c(OCC(CC)CCCC)c5sccc5c(OCC(CC)CCCC)c4s3)s2)C1=O,CCCCCCCCC(CCCCCCCC)n1c2cc3sccc3cc2c2cc3cc(-c4c(F)c(F)cc5nn(CCCCCCCC)nc45)sc3cc21,0.9,10.39,70.0,6.61,-5.28,-3.7,-5.8,-3.6,,,2021,10.1002/anie.202111192,"OPV-DB (Qiu, J., Zenodo, 2026, doi:10.5281/zenodo.20841543)"
PM7,Y7,CCCCC(CC)Cc1sc(-c2c3ccsc3c(-c3cc(Cl)c(CC(CC)CCCC)s3)c3sc(-c4ccc(-c5sc(-c6cccs6)c6c5C(=O)c5c(CC(CC)CCCC)sc(CC(CC)CCCC)c5C6=O)s4)cc23)cc1Cl,CCCCCCCCCCCc1c(/C=C2\C(=O)c3cc(Cl)c(Cl)cc3C2=C(C#N)C#N)sc2c1sc1c3c4nsnc4c4c5sc6c(CCCCCCCCCCC)c(/C=C7\C(=O)c8cc(Cl)c(Cl)cc8C7=C(C#N)C#N)sc6c5n(CC(CC)CCCC)c4c3n(CC(CC)CCCC)c21,0.81,26.85,69.23,15.13,-5.575,-3.67,-5.72,-4.16,,,2021,10.1016/j.nanoen.2021.106323,"OPV-DB (Qiu, J., Zenodo, 2026, doi:10.5281/zenodo.20841543)"
PBDB-T,RRg-C20,CCCCC(CC)Cc1ccc(-c2c3cc(-c4ccc(-c5sc(-c6cccs6)c6c5C(=O)c5c(CC(CC)CCCC)sc(CC(CC)CCCC)c5C6=O)s4)sc3c(-c3ccc(CC(CC)CCCC)s3)c3ccsc23)s1,CCCCCCCCCCC(CCCCCCCC)Cn1c2c3sc(/C=C4/C(=O)c5ccccc5C4=C(C#N)C#N)cc3sc2c2c3nsnc3c3c4sc5cc(/C=C6/C(=O)c7cc(-c8cc9c(-c%10cc(Cl)c(CC(CC)CCCC)s%10)c%10sccc%10c(-c%10cc(Cl)c(CC(CC)CCCC)s%10)c9s8)ccc7C6=C(C#N)C#N)sc5c4n(CC(CCCCCCCC)CCCCCCCCCC)c3c21,0.88,23.54,73.0,15.12,-5.33,-3.48,-5.66,-3.95,,,2021,10.1002/aenm.202103239,"OPV-DB (Qiu, J., Zenodo, 2026, doi:10.5281/zenodo.20841543)"
J52-2F,i-V-4F,CCCCCCCCC(CCCCCC)Cn1nc2c(-c3cccs3)c(F)c(F)c(-c3ccc(-c4cc5c(-c6cc(F)c(CC(CC)CCCC)s6)c6sccc6c(-c6cc(F)c(CC(CC)CCCC)s6)c5s4)s3)c2n1,CCCCCCc1ccc(C2(c3ccc(CCCCCC)cc3)c3cc4c(cc3-c3sc(-c5scc(/C=C/C=C6\C(=O)c7cc(F)c(F)cc7C6=C(C#N)C#N)c5OCC(CC)CCCC)cc32)C(c2ccc(CCCCCC)cc2)(c2ccc(CCCCCC)cc2)c2cc(-c3scc(/C=C/C=C5\C(=O)c6cc(F)c(F)cc6C5=C(C#N)C#N)c3OCC(CC)CCCC)sc2-4)cc1,0.796,8.64,52.9,3.64,-5.29,-3.15,-5.49,-3.55,,,2021,10.1021/acsaem.1c00467,"OPV-DB (Qiu, J., Zenodo, 2026, doi:10.5281/zenodo.20841543)"
TBD-S4,Y6,CCCCCCc1cc(-c2cc3c(-c4cc(F)c(SCC(CCCC)CCCCCC)s4)c4sc5cc(-c6cc(CCCCCC)c(-c7cc(CCCCCC)c(-c8ccc(/C=C9\SC(=S)N(CCCCCC)C9=O)s8)s7)s6)sc5c4c(-c4cc(F)c(SCC(CCCC)CCCCCC)s4)c3s2)sc1-c1cc(CCCCCC)c(-c2ccc(/C=C3\SC(=S)N(CCCCCC)C3=O)s2)s1,CCCCCCCCCCCc1c(/C=C2\C(=O)c3cc(F)c(F)cc3C2=C(C#N)C#N)sc2c1sc1c3c4nsnc4c4c5sc6c(CCCCCCCCCCC)c(/C=C7\C(=O)c8cc(F)c(F)cc8C7=C(C#N)C#N)sc6c5n(CC(CC)CCCC)c4c3n(CC(CC)CCCC)c21,0.854,24.53,72.1,15.1,-5.31,-3.14,-5.65,-4.09,,,2021,10.1002/adma.202106316,"OPV-DB (Qiu, J., Zenodo, 2026, doi:10.5281/zenodo.20841543)"
TPD-3,Y6,CCCCCCCCC(CCCCCC)Cc1ccc(-c2c3cc(-c4ccc(-c5sc(-c6cccs6)c6c5C(=O)N(CCCCCCCC)C6=O)s4)sc3c(-c3ccc(CC(CCCCCC)CCCCCCCC)s3)c3ccsc23)s1,CCCCCCCCCCCc1c(/C=C2\C(=O)c3cc(F)c(F)cc3C2=C(C#N)C#N)sc2c1sc1c3c4nsnc4c4c5sc6c(CCCCCCCCCCC)c(/C=C7\C(=O)c8cc(F)c(F)cc8C7=C(C#N)C#N)sc6c5n(CC(CC)CCCC)c4c3n(CC(CC)CCCC)c21,0.83,26.7,68.5,15.2,-5.14,-3.32,-5.65,-4.09,,,2021,10.1002/aenm.202102648,"OPV-DB (Qiu, J., Zenodo, 2026, doi:10.5281/zenodo.20841543)"
PFT,PC71BM,CCc1sc(-c2c3cc(-c4ccc(-c5c(F)c(F)c(-c6ccc(-c7cc8c(-c9cc(F)c(CC)s9)c9oc(-c%10ccc(-c%11c(F)c(F)c(-c%12ccc(-c%13cc%14c(-c%15cc(F)c(CC)s%15)c%15oc(-c%16ccc(-c%17c(F)c(F)c(-c%18cccs%18)c%18nn(CC)nc%17%18)s%16)cc%15c(-c%15cc(F)c(CC)s%15)c%14o%13)s%12)c%12nn(CC)nc%11%12)s%10)cc9c(-c9cc(F)c(CC)s9)c8o7)s6)c6nn(CC)nc56)s4)oc3c(-c3cc(F)c(CC)s3)c3ccoc23)cc1F,COC(=O)CCCC1(c2ccccc2)C23c4c5ccc6c7cc8c9c%10c(cc%11cc%12c%13c%14c(cc%15c%16ccc-5c2c%16c2c5c%16c%17c(c(c46)c7c9c%17c4c%10c%11c%13c4c%16c%14c%152)C513)C%12)C8,0.94,13.42,64.2,8.1,-5.48,-3.48,-5.9,-3.9,,,2021,10.1021/acsaem.1c00797,"OPV-DB (Qiu, J., Zenodo, 2026, doi:10.5281/zenodo.20841543)"
PDTfBT-4T,Y14,CCCCCCCCCCCCC(CCCCCCCCCC)Cc1csc(-c2cc3c4nsnc4c4cc(-c5cc(CC(CCCCCCCCCC)CCCCCCCCCCCC)c(-c6ccc(-c7cccs7)s6)s5)sc4c3s2)c1,CCCCCCCCCCCc1c(/C=C2\C(=O)c3cc(F)ccc3C2=C(C#N)C#N)sc2c1sc1c3c4nn(CC(CC)CCCC)nc4c4c5sc6c(CCCCCCCCCCC)c(/C=C7\C(=O)c8cc(F)ccc8C7=C(C#N)C#N)sc6c5n(CC(CC)CCCC)c4c3n(CC(CC)CCCC)c21,0.83,25.42,72.0,15.19,-5.33,-3.64,-5.56,-4.01,,,2021,10.1016/j.polymer.2021.124193,"OPV-DB (Qiu, J., Zenodo, 2026, doi:10.5281/zenodo.20841543)"
PBDB-T,LL4,CCCCC(CC)Cc1ccc(-c2c3cc(-c4ccc(-c5sc(-c6cccs6)c6c5C(=O)c5c(CC(CC)CCCC)sc(CC(CC)CCCC)c5C6=O)s4)sc3c(-c3ccc(CC(CC)CCCC)s3)c3ccsc23)s1,CCCCCCCCc1c(/C=C2\C(=O)c3cc(Cl)c(Cl)cc3C2=C(C#N)C#N)sc2c1sc1c3c4nsnc4c4c5sc6c(CCCCCCCC)c(/C=C7\C(=O)c8cc9c(cc8C7=C(C#N)C#N)C7C8C=CC(C8)C97)sc6c5n(CC)c4c3n(CC)c21,0.82,26.05,70.9,15.18,-5.33,-3.48,-5.56,-3.82,,,2021,10.1002/adfm.202103445,"OPV-DB (Qiu, J., Zenodo, 2026, doi:10.5281/zenodo.20841543)"
PTQ10,PBDT,CCCCCCCCC(CCCCCC)COc1cnc2c(-c3cccs3)c(F)c(F)cc2n1,CCCCCCC(CCCC)Cc1csc(-c2c(F)c(F)c(-c3cc(CC(CCCC)CCCCCC)c(-c4cc5c(OCC(CC)CCCC)c6sccc6c(OCC(CC)CCCC)c5s4)s3)c3nsnc23)c1,1.07,12.31,62.0,8.13,-5.54,-2.92,-5.47,-3.525,,,2021,10.1002/marc.202100925,"OPV-DB (Qiu, J., Zenodo, 2026, doi:10.5281/zenodo.20841543)"
J63,ITIC,C=CCCCCSc1ccc(-c2c3cc(-c4ccc(-c5c(F)c(F)c(-c6cccs6)c6nn(CC(CCCCCC)CCCCCCCC)nc56)s4)sc3c(-c3ccc(SCCCCC=C)s3)c3ccsc23)s1,CCCCCCc1ccc(C2(c3ccc(CCCCCC)cc3)c3cc4c(cc3-c3sc5cc(C=C6C(=O)c7ccccc7C6=C(C#N)C#N)sc5c32)C(c2ccc(CCCCCC)cc2)(c2ccc(CCCCCC)cc2)c2c-4sc3cc(C=C4C(=O)c5ccccc5C4=C(C#N)C#N)sc23)cc1,0.868,15.72,59.6,8.13,-5.28,-3.04,-5.576,-3.916,,,2021,10.1021/accountsmr.1c00119,"OPV-DB (Qiu, J., Zenodo, 2026, doi:10.5281/zenodo.20841543)"
PBDB-T,PY5-BT,CCCCC(CC)Cc1ccc(-c2c3cc(-c4ccc(-c5sc(-c6cccs6)c6c5C(=O)c5c(CC(CC)CCCC)sc(CC(CC)CCCC)c5C6=O)s4)sc3c(-c3ccc(CC(CC)CCCC)s3)c3ccsc23)s1,CCCCCCCCCCCc1c(/C=C2\C(=O)c3ccccc3C2=C(C#N)C#N)sc2c1sc1c3c4nsnc4c4c5sc6c(CCCCCCCCCCC)c(/C=C7\C(=O)c8cc(-c9sc(-c%10ccc(-c%11cc(CCCCCC)cs%11)c%11nsnc%10%11)cc9CCCCCC)ccc8C7=C(C#N)C#N)sc6c5n(CC(CCCCCCCC)CCCCCCCCCC)c4c3n(CC(CCCCCCCC)CCCCCCCCCC)c21,0.891,15.05,60.4,8.12,-5.33,-3.53,-5.73,-3.78,,,2021,10.1021/acs.chemmater.1c02302,"OPV-DB (Qiu, J., Zenodo, 2026, doi:10.5281/zenodo.20841543)"
D18,BTSe-IC2Cl,CCCCCCC(CCCC)Cc1csc(-c2cc3c4nsnc4c4cc(-c5cc(CC(CCCC)CCCCCC)c(-c6cc7c(-c8cc(F)c(CC(CC)CCCC)s8)c8sccc8c(-c8cc(F)c(CC(CC)CCCC)s8)c7s6)s5)sc4c3s2)c1,CCCCCCCCCCCc1c(/C=C2\C(=O)c3cc(Cl)c(Cl)cc3C2=C(C#N)C#N)sc2c1sc1c3c4n[se]nc4c4c5sc6c(CCCCCCCCCCC)c(/C=C7\C(=O)c8cc(Cl)c(Cl)cc8C7=C(C#N)C#N)sc6c5n(CCCCCCCCc5ccccc5)c4c3n(CCCCCCCCc3ccccc3)c21,0.809,25.81,73.27,15.3,-5.51,-2.77,-5.6,-4.01,,,2021,10.1021/acsami.1c20813,"OPV-DB (Qiu, J., Zenodo, 2026, doi:10.5281/zenodo.20841543)"
PBDF-NS,LC301,CCCCCCCCC(CCCCCC)CSc1ccc2cc(-c3c4cc(-c5ccc(-c6c(F)c(F)c(-c7cccs7)c7nn(CC(CCCCCC)CCCCCCCC)nc67)s5)oc4c(-c4ccc5cc(SCC(CCCCCC)CCCCCCCC)ccc5c4)c4ccoc34)ccc2c1,CCCCCCC(CCCC)Cc1c(/C=C2\C(=O)c3cscc3C2=C(C#N)C#N)sc2c1sc1c3c4nsnc4c4c5sc6c(CC(CCCC)CCCCCC)c(/C=C7\C(=O)c8cc(F)c(F)cc8C7=C(C#N)C#N)sc6c5n(CC(CC)CCCC)c4c3n(CC(CC)CCCC)c21,0.857,23.9,74.4,15.24,-5.44,-3.35,-5.66,-3.87,,,2021,10.1002/aenm.202103684,"OPV-DB (Qiu, J., Zenodo, 2026, doi:10.5281/zenodo.20841543)"
Qx-12F,Y6,CCOc1c(F)c(F)c(-c2nc3c(-c4cccs4)c(F)c(F)c(-c4ccc(-c5cc6c(-c7cc(F)c(CC)s7)c7sc(-c8ccc(-c9c(F)c(F)c(-c%10ccc(-c%11cc%12c(-c%13cc(F)c(CC)s%13)c%13sc(-c%14ccc(-c%15c(F)c(F)c(-c%16ccc(-c%17cc%18c(-c%19cc(F)c(CC)s%19)c%19sccc%19c(-c%19cc(F)c(CC)s%19)c%18s%17)s%16)c%16nc(-c%17c(F)c(F)c(OCC)c(F)c%17F)c(-c%17c(F)c(F)c(OCC)c(F)c%17F)nc%15%16)s%14)cc%13c(-c%13cc(F)c(CC)s%13)c%12s%11)s%10)c%10nc(-c%11c(F)c(F)c(OCC)c(F)c%11F)c(-c%11c(F)c(F)c(OCC)c(F)c%11F)nc9%10)s8)cc7c(-c7cc(F)c(CC)s7)c6s5)s4)c3nc2-c2c(F)c(F)c(OCC)c(F)c2F)c(F)c1F,CCCCCCCCCCCc1c(/C=C2\C(=O)c3cc(F)c(F)cc3C2=C(C#N)C#N)sc2c1sc1c3c4nsnc4c4c5sc6c(CCCCCCCCCCC)c(/C=C7\C(=O)c8cc(F)c(F)cc8C7=C(C#N)C#N)sc6c5n(CC(CC)CCCC)c4c3n(CC(CC)CCCC)c21,0.847,24.55,72.88,15.21,-5.22,-3.5,-5.65,-4.09,,,2021,10.1039/d1ta01500a,"OPV-DB (Qiu, J., Zenodo, 2026, doi:10.5281/zenodo.20841543)"
PTQ10,ITIC,CCCCCCCCC(CCCCCC)COc1cnc2c(-c3cccs3)c(F)c(F)cc2n1,CCCCCCc1ccc(C2(c3ccc(CCCCCC)cc3)c3cc4c(cc3-c3sc5cc(C=C6C(=O)c7ccccc7C6=C(C#N)C#N)sc5c32)C(c2ccc(CCCCCC)cc2)(c2ccc(CCCCCC)cc2)c2c-4sc3cc(C=C4C(=O)c5ccccc5C4=C(C#N)C#N)sc23)cc1,1.03,17.65,60.01,10.9,-5.54,-2.92,-5.576,-3.916,,,2021,10.1016/j.synthmet.2021.116736,"OPV-DB (Qiu, J., Zenodo, 2026, doi:10.5281/zenodo.20841543)"
PTFB-O,ITIC-Th,CCCCCCCCCCCCC(CCCCCCCCCC)Cc1csc(-c2c(F)c(F)c(-c3cc(CC(CCCCCCCCCC)CCCCCCCCCCCC)c(-c4ccc(-c5ccc(-c6cccs6)c(F)c5F)s4)s3)c3nn(CCC)nc23)c1,CCCCCCc1ccc(C2(c3ccc(CCCCCC)s3)c3cc4c(cc3-c3sc5cc(/C=C6\C(=O)c7ccccc7C6=C(C#N)C#N)sc5c32)C(c2ccc(CCCCCC)s2)(c2ccc(CCCCCC)s2)c2c-4sc3cc(/C=C4\C(=O)c5ccccc5C4=C(C#N)C#N)sc23)s1,0.93,17.1,67.9,10.9,-5.36,-3.36,-5.673,-3.909,,,2021,10.1016/j.synthmet.2021.116736,"OPV-DB (Qiu, J., Zenodo, 2026, doi:10.5281/zenodo.20841543)"
PBDB-T,IDT2-IC-4Cl,CCCCC(CC)Cc1ccc(-c2c3cc(-c4ccc(-c5sc(-c6cccs6)c6c5C(=O)c5c(CC(CC)CCCC)sc(CC(CC)CCCC)c5C6=O)s4)sc3c(-c3ccc(CC(CC)CCCC)s3)c3ccsc23)s1,CCCCCCC1(CCCCCC)c2cc3c(cc2-c2sc(/C=C4\C(=O)c5cc(Cl)c(Cl)cc5C4=C(C#N)C#N)cc21)C(CCCCCC)(CCCCCC)c1cc(-c2cc4c(s2)-c2cc5c(cc2C4(CCCCCC)CCCCCC)-c2sc(/C=C4\C(=O)c6cc(Cl)c(Cl)cc6C4=C(C#N)C#N)cc2C5(CCCCCC)CCCCCC)sc1-3,0.81,22.22,69.81,12.53,-5.33,-3.48,-5.34,-3.95,,,2021,10.1016/j.orgel.2021.106329,"OPV-DB (Qiu, J., Zenodo, 2026, doi:10.5281/zenodo.20841543)"
PBDB-TF,PT2IC-4Cl,CCCCC(CC)Cc1sc(-c2c3cc(-c4ccc(-c5sc(-c6cccs6)c6c5C(=O)c5c(CC(CC)CCCC)sc(CC(CC)CCCC)c5C6=O)s4)sc3c(-c3cc(F)c(CC(CC)CCCC)s3)c3ccsc23)cc1F,CCCCCCCCCCCc1c(/C=C2\C(=O)c3cc(Cl)c(Cl)cc3C2=C(C#N)C#N)sc2c1sc1c3c4nsnc4c4c5sc6c7sc(/C=C8\C(=O)c9cc(Cl)c(Cl)cc9C8=C(C#N)C#N)cc7n(CC(CC)CCCC)c6c5n(CC(CCCC)CCCCCC)c4c3n(CC(CCCC)CCCCCC)c21,0.834,20.7,72.4,12.51,-5.49,-3.64,-5.6,-3.9,,,2021,10.1021/acsami.1c02652,"OPV-DB (Qiu, J., Zenodo, 2026, doi:10.5281/zenodo.20841543)"
PBDB-TF,PZ-dIDTC6,CCCCC(CC)Cc1sc(-c2c3cc(-c4ccc(-c5sc(-c6cccs6)c6c5C(=O)c5c(CC(CC)CCCC)sc(CC(CC)CCCC)c5C6=O)s4)sc3c(-c3cc(F)c(CC(CC)CCCC)s3)c3ccsc23)cc1F,CCCCCCC1(CCCCCC)c2cc3c(cc2-c2sc(/C=C4\C(=O)c5cc(F)c(F)cc5C4=C(C#N)C#N)cc21)C(CCCCCC)(CCCCCC)c1cc(-c2cnc(-c4cc5c(s4)-c4cc6c(cc4C5(CCCCCC)CCCCCC)-c4sc(/C=C5\C(=O)c7cc(F)c(F)cc7C5=C(C#N)C#N)cc4C6(CCCCCC)CCCCCC)cn2)sc1-3,0.94,15.49,75.0,10.91,-5.49,-3.64,-5.54,-3.85,,,2021,10.1016/j.synthmet.2021.116838,"OPV-DB (Qiu, J., Zenodo, 2026, doi:10.5281/zenodo.20841543)"
PBDB-T,i-IDSe-4Cl,CCCCC(CC)Cc1ccc(-c2c3cc(-c4ccc(-c5sc(-c6cccs6)c6c5C(=O)c5c(CC(CC)CCCC)sc(CC(CC)CCCC)c5C6=O)s4)sc3c(-c3ccc(CC(CC)CCCC)s3)c3ccsc23)s1,CCCCCCc1ccc(C2(c3ccc(CCCCCC)cc3)c3cc4c(cc3-c3[se]c(-c5scc(/C=C6\C(=O)c7cc(Cl)c(Cl)cc7C6=C(C#N)C#N)c5CC(CC)CCCCC)cc32)C(c2ccc(CCCCCC)cc2)(c2ccc(CCCCCC)cc2)c2cc(-c3scc(/C=C5\C(=O)c6cc(Cl)c(Cl)cc6C5=C(C#N)C#N)c3CC(CC)CCCCC)[se]c2-4)cc1,0.873,20.22,70.1,12.39,-5.33,-3.53,-5.05,-3.44,,,2021,10.1021/acsaem.1c03817,"OPV-DB (Qiu, J., Zenodo, 2026, doi:10.5281/zenodo.20841543)"
J52,UF-Qx-2Cl,CCCCCCCCC(CCCCCC)Cn1nc2c(-c3cccs3)c(F)c(F)c(-c3ccc(-c4cc5c(-c6ccc(CC(CC)CCCC)s6)c6sccc6c(-c6ccc(CC(CC)CCCC)s6)c5s4)s3)c2n1,CCCCCCc1ccc(-c2nc3c(-c4cc5c(s4)-c4sc(/C=C6\C(=O)c7cc(Cl)c(Cl)cc7C6=C(C#N)C#N)cc4C5(CC(CC)CCCC)CC(CC)CCCC)ccc(-c4cc5c(s4)-c4sc(/C=C6\C(=O)c7cc(Cl)c(Cl)cc7\C6=C(\C)C#N)cc4C5(CC(CC)CCCC)CC(CC)CCCC)c3nc2-c2ccc(CCCCCC)cc2)cc1,0.76,22.71,63.1,10.81,-5.2,-3.05,-5.55,-3.89,,,2021,10.1016/j.cej.2021.131473,"OPV-DB (Qiu, J., Zenodo, 2026, doi:10.5281/zenodo.20841543)"
J71,SeCT-IC,CCCCCCCCC(CCCCCC)Cn1nc2c(-c3cccs3)c(F)c(F)c(-c3ccc(-c4cc5c(-c6ccc([Si](CCC)(CCC)CCC)s6)c6sccc6c(-c6ccc([Si](CCC)(CCC)CCC)s6)c5s4)s3)c2n1,CCCCCCc1ccc(C2(c3ccc(CCCCCC)cc3)c3cc(/C=C4\C(=O)c5ccccc5C4=C(C#N)C#N)sc3-c3[se]c4cc5c6c([se]c5cc4c32)-c2sc(/C=C3/C(=O)c4ccccc4C3=C(C#N)C#N)cc2C6(c2ccc(CCCCCC)cc2)c2ccc(CCCCCC)cc2)cc1,0.889,18.09,67.7,10.89,-5.4,-3.24,-5.53,-3.92,,,2021,10.1021/acsami.1c12028,"OPV-DB (Qiu, J., Zenodo, 2026, doi:10.5281/zenodo.20841543)"
PBDB-T-2Cl,DTSiC-TC,CCCCC(CC)Cc1sc(-c2c3cc(-c4ccc(-c5sc(-c6cccs6)c6c5C(=O)c5c(CC(CC)CCCC)sc(CC(CC)CCCC)c5C6=O)s4)sc3c(-c3cc(Cl)c(CC(CC)CCCC)s3)c3ccsc23)cc1Cl,CCCCCCCCC(CCCCCCCC)n1c2cc3c(cc2c2cc4c(cc21)-c1sc(/C=C2\C(=O)c5cscc5C2=C(C#N)C#N)cc1[Si]4(CCCCCCCC)CCCCCCCC)[Si](CCCCCCCC)(CCCCCCCC)c1cc(/C=C2\C(=O)c4cscc4C2=C(C#N)C#N)sc1-3,1.06,14.6,70.3,10.88,-5.52,-3.6,-5.79,-4.07,,,2021,10.1021/acsami.1c06360,"OPV-DB (Qiu, J., Zenodo, 2026, doi:10.5281/zenodo.20841543)"
PDPP-BDT,PC71BM,CCCCCCC(CCCC)CN1C(=O)C2=C(c3cccs3)N(CC(CCCC)CCCCCC)C(=O)C2=C1C1=CC=C(c2cc3c(-c4ccc(CC(CC)CCCC)s4)c4sccc4c(-c4ccc(CC(CC)CCCC)s4)c3s2)C1,COC(=O)CCCC1(c2ccccc2)C23c4c5ccc6c7cc8c9c%10c(cc%11cc%12c%13c%14c(cc%15c%16ccc-5c2c%16c2c5c%16c%17c(c(c46)c7c9c%17c4c%10c%11c%13c4c%16c%14c%152)C513)C%12)C8,0.74,11.75,53.0,4.68,-5.16,-3.6,-5.9,-3.9,,,2021,10.1016/j.matlet.2021.130222,"OPV-DB (Qiu, J., Zenodo, 2026, doi:10.5281/zenodo.20841543)"
PCE10,F8IC,CCCCC(CC)COC(=O)c1sc2c(-c3cc4c(-c5ccc(CC(CC)CCCC)s5)c5sccc5c(-c5ccc(CC(CC)CCCC)s5)c4s3)scc2c1F,CCCCCCc1ccc(C2(c3ccc(CCCCCC)cc3)c3c(sc4cc(/C=C5\C(=O)c6cc(F)c(F)cc6C5=C(C#N)C#N)sc34)-c3sc4c5c(sc4c32)-c2sc3cc(/C=C4\C(=O)c6cc(F)c(F)cc6C4=C(C#N)C#N)sc3c2C5(c2ccc(CCCCCC)cc2)c2ccc(CCCCCC)cc2)cc1,0.64,25.12,67.6,10.9,-5.21,-3.6,-5.4,-4.0,,,2021,10.1016/j.dyepig.2021.109171,"OPV-DB (Qiu, J., Zenodo, 2026, doi:10.5281/zenodo.20841543)"
PFT,IT4F,CCc1sc(-c2c3cc(-c4ccc(-c5c(F)c(F)c(-c6ccc(-c7cc8c(-c9cc(F)c(CC)s9)c9oc(-c%10ccc(-c%11c(F)c(F)c(-c%12ccc(-c%13cc%14c(-c%15cc(F)c(CC)s%15)c%15oc(-c%16ccc(-c%17c(F)c(F)c(-c%18cccs%18)c%18nn(CC)nc%17%18)s%16)cc%15c(-c%15cc(F)c(CC)s%15)c%14o%13)s%12)c%12nn(CC)nc%11%12)s%10)cc9c(-c9cc(F)c(CC)s9)c8o7)s6)c6nn(CC)nc56)s4)oc3c(-c3cc(F)c(CC)s3)c3ccoc23)cc1F,CCCCCCc1ccc(C2(c3ccc(CCCCCC)cc3)c3cc4c(cc3-c3sc5cc(/C=C6\C(=O)c7cc(F)c(F)cc7C6=C(C#N)C#N)sc5c32)C(c2ccc(CCCCCC)cc2)(c2ccc(CCCCCC)cc2)c2c-4sc3cc(/C=C4\C(=O)c5cc(F)c(F)cc5C4=C(C#N)C#N)sc23)cc1,0.88,17.28,71.92,10.94,-5.48,-3.48,-5.66,-4.14,,,2021,10.1021/acsaem.1c00797,"OPV-DB (Qiu, J., Zenodo, 2026, doi:10.5281/zenodo.20841543)"
PCE10,Y6,CCCCC(CC)COC(=O)c1sc2c(-c3cc4c(-c5ccc(CC(CC)CCCC)s5)c5sccc5c(-c5ccc(CC(CC)CCCC)s5)c4s3)scc2c1F,CCCCCCCCCCCc1c(/C=C2\C(=O)c3cc(F)c(F)cc3C2=C(C#N)C#N)sc2c1sc1c3c4nsnc4c4c5sc6c(CCCCCCCCCCC)c(/C=C7\C(=O)c8cc(F)c(F)cc8C7=C(C#N)C#N)sc6c5n(CC(CC)CCCC)c4c3n(CC(CC)CCCC)c21,0.673,25.32,64.19,10.93,-5.21,-3.6,-5.65,-4.09,,,2021,10.1039/d1ma01144h,"OPV-DB (Qiu, J., Zenodo, 2026, doi:10.5281/zenodo.20841543)"
JD40,PJTET,CCCCCCC(CCCC)Cc1csc(-c2cc3c4nsnc4c4cc(-c5cc(CC(CCCC)CCCCCC)c(-c6cc7c(-c8ccc(CC(CC)CCCC)s8)c8sccc8c(-c8ccc(CC(CC)CCCC)s8)c7s6)s5)sc4c3s2)c1,CCCCCCCCCCCCC(CCCCCCCCCC)Cn1c2c3sc(/C=C4\C(=O)c5ccccc5C4=C(C#N)C#N)c(CCCCCCCCCCC)c3sc2c2c3nsnc3c3c4sc5c(CCCCCCCCCCC)c(/C=C6\C(=O)c7cc(-c8ccc(CCc9cccs9)s8)ccc7C6=C(C#N)C#N)sc5c4n(CC(CCCCCCCCCC)CCCCCCCCCCCC)c3c21,0.92,18.58,63.84,10.93,-5.38,-3.32,-5.56,-3.78,,,2021,10.1002/aenm.202102559,"OPV-DB (Qiu, J., Zenodo, 2026, doi:10.5281/zenodo.20841543)"
PM6,N2200,CCCCC(CC)Cc1sc(-c2c3cc(-c4ccc(-c5sc(-c6cccs6)c6c5C(=O)c5c(CC(CC)CCCC)sc(CC(CC)CCCC)c5C6=O)s4)sc3c(-c3cc(F)c(CC(CC)CCCC)s3)c3ccsc23)cc1F,CCCCCCCCCCC(CCCCCCCC)CN1C(=O)c2ccc3c4c(c(-c5ccc(-c6cccs6)s5)cc(c24)C1=O)C(=O)N(CC(CCCCCCCC)CCCCCCCCCC)C3=O,0.97,8.43,57.94,4.74,-5.56,-3.65,-5.71,-4.02,,,2021,10.1016/j.joule.2021.09.001,"OPV-DB (Qiu, J., Zenodo, 2026, doi:10.5281/zenodo.20841543)"
P3HT,BTA2,CCCCCCc1ccsc1,CCCCCCCCn1nc2c(/C=C3\SC(=O)N(CC)C3=O)ccc(-c3cc4c(s3)-c3cc5c(cc3C4(c3ccc(CCCCCC)cc3)c3ccc(CCCCCC)cc3)-c3sc(-c4ccc(/C=C6\SC(=O)N(CC)C6=O)c6nn(CCCCCCCC)nc46)cc3C5(c3ccc(CCCCCC)cc3)c3ccc(CCCCCC)cc3)c2n1,1.22,6.15,60.0,4.5,-5.01,-3.12,-5.43,-3.38,,,2021,10.1016/j.synthmet.2021.116736,"OPV-DB (Qiu, J., Zenodo, 2026, doi:10.5281/zenodo.20841543)"
PBDB-T,BCIC2F,CCCCC(CC)Cc1ccc(-c2c3cc(-c4ccc(-c5sc(-c6cccs6)c6c5C(=O)c5c(CC(CC)CCCC)sc(CC(CC)CCCC)c5C6=O)s4)sc3c(-c3ccc(CC(CC)CCCC)s3)c3ccsc23)s1,CCCCCCC(CCCC)Oc1c(OC(CCCC)CCCCCC)c(-c2cc3c(s2)C2SC(CC(C)C(=C(C#N)C#N)C4=C(C=O)CC(Cl)C(Cl)=C4)=CC2C3(C(C)CCCC)C(C)CCCC)c2nccnc2c1-c1cc2c(s1)-c1sc(/C=C3\C(=O)C4C=C(Cl)C(Cl)=CC4C3=C(C#N)C#N)cc1C2(C(C)CCCC)C(C)CCCC,0.792,22.1,71.0,12.4,-5.33,-3.48,-5.54,-3.87,,,2021,10.1002/cssc.202100746,"OPV-DB (Qiu, J., Zenodo, 2026, doi:10.5281/zenodo.20841543)"
TP-EH,Y6,CCCCC(CC)Cc1csc(-c2nnc(-c3cc(CC(CC)CCCC)c(-c4cc5c(-c6cc(F)c(CC(CC)CCCC)s6)c6sc(-c7ccc(-c8sc(-c9ccc(-c%10cc%11c(-c%12cc(F)c(CC(CC)CCCC)s%12)c%12sccc%12c(-c%12cc(CC(CC)CCCC)c(F)s%12)c%11s%10)s9)c9c8C(=O)c8c(CC(CC)CCCC)sc(CC(CC)CCCC)c8C9=O)s7)cc6c(-c6cc(CC(CC)CCCC)c(F)s6)c5s4)s3)nn2)c1,CCCCCCCCCCCc1c(/C=C2\C(=O)c3cc(F)c(F)cc3C2=C(C#N)C#N)sc2c1sc1c3c4nsnc4c4c5sc6c(CCCCCCCCCCC)c(/C=C7\C(=O)c8cc(F)c(F)cc8C7=C(C#N)C#N)sc6c5n(CC(CC)CCCC)c4c3n(CC(CC)CCCC)c21,0.868,26.09,69.09,15.41,-5.58,-3.27,-5.65,-4.1,,,2021,10.1021/acsaem.1c02355,"OPV-DB (Qiu, J., Zenodo, 2026, doi:10.5281/zenodo.20841543)"
PM6,PY2Se-Cl,CCCCC(CC)Cc1sc(-c2c3cc(-c4ccc(-c5sc(-c6cccs6)c6c5C(=O)c5c(CC(CC)CCCC)sc(CC(CC)CCCC)c5C6=O)s4)sc3c(-c3cc(F)c(CC(CC)CCCC)s3)c3ccsc23)cc1F,CCCCCCCCCCCCC(CCCCCCCCCC)Cn1c2c(sc3c(CCCCCCCCCCC)c(/C=C4\C(=O)c5c(Cl)cccc5C4=C(C#N)C#N)[se]c32)c2c3nsnc3c3c4sc5c(CCCCCCCCCCC)c(/C=C6\C(=O)c7c(Cl)cccc7C6=C(C#N)C#N)[se]c5c4n(CC(CCCCCCCCCC)CCCCCCCCCCCC)c3c21,0.884,24.5,74.3,16.1,-5.56,-3.65,-5.75,-3.93,,,2021,10.1016/j.nanoen.2021.106718,"OPV-DB (Qiu, J., Zenodo, 2026, doi:10.5281/zenodo.20841543)"
PBDB-T,PNEDT,CCCCC(CC)Cc1ccc(-c2c3cc(-c4ccc(-c5sc(-c6cccs6)c6c5C(=O)c5c(CC(CC)CCCC)sc(CC(CC)CCCC)c5C6=O)s4)sc3c(-c3ccc(CC(CC)CCCC)s3)c3ccsc23)s1,C#Cc1c2ccsc2c(C#Cc2cc3c4c(ccc5c4c2C(=O)N(CC(CCCCCCCCCC)CCCCCCCCCCCC)C5=O)C(=O)N(CC(CCCCCCCCCC)CCCCCCCCCCCC)C3=O)c2ccsc12,0.8,6.78,43.0,2.41,-5.33,-3.48,-6.06,-3.83,,,2021,10.1016/j.dyepig.2021.109246,"OPV-DB (Qiu, J., Zenodo, 2026, doi:10.5281/zenodo.20841543)"
P-P,Y6,CCCCCCCCC(CCCCCC)Cn1nc2c(-c3cccs3)c(F)c(F)c(-c3ccc(-c4cc5c(-c6ccc(CC(CC)CCCC)cc6)c6occc6c(-c6ccc(CC(CC)CCCC)cc6)c5o4)s3)c2n1,CCCCCCCCCCCc1c(/C=C2\C(=O)c3cc(F)c(F)cc3C2=C(C#N)C#N)sc2c1sc1c3c4nsnc4c4c5sc6c(CCCCCCCCCCC)c(/C=C7\C(=O)c8cc(F)c(F)cc8C7=C(C#N)C#N)sc6c5n(CC(CC)CCCC)c4c3n(CC(CC)CCCC)c21,0.616,24.2,54.3,8.11,-5.33,-3.39,-5.65,-4.09,,,2021,10.1021/acsami.1c00327,"OPV-DB (Qiu, J., Zenodo, 2026, doi:10.5281/zenodo.20841543)"
PBDB-T,IDT2-IC,CCCCC(CC)Cc1ccc(-c2c3cc(-c4ccc(-c5sc(-c6cccs6)c6c5C(=O)c5c(CC(CC)CCCC)sc(CC(CC)CCCC)c5C6=O)s4)sc3c(-c3ccc(CC(CC)CCCC)s3)c3ccsc23)s1,CCCCCCC1(CCCCCC)c2cc3c(cc2-c2sc(/C=C4\C(=O)c5ccccc5C4=C(C#N)C#N)cc21)C(CCCCCC)(CCCCCC)c1cc(-c2cc4c(s2)-c2cc5c(cc2C4(CCCCCC)CCCCCC)-c2sc(/C=C4\C(=O)c6ccccc6C4=C(C#N)C#N)cc2C5(CCCCCC)CCCCCC)sc1-3,0.94,13.23,65.71,8.18,-5.33,-3.48,-5.28,-3.91,,,2021,10.1016/j.orgel.2021.106329,"OPV-DB (Qiu, J., Zenodo, 2026, doi:10.5281/zenodo.20841543)"
PBDB-T,i-IDSe,CCCCC(CC)Cc1ccc(-c2c3cc(-c4ccc(-c5sc(-c6cccs6)c6c5C(=O)c5c(CC(CC)CCCC)sc(CC(CC)CCCC)c5C6=O)s4)sc3c(-c3ccc(CC(CC)CCCC)s3)c3ccsc23)s1,CCCCCCc1ccc(C2(c3ccc(CCCCCC)cc3)c3cc4c(cc3-c3[se]c(-c5scc(/C=C6\C(=O)c7ccccc7C6=C(C#N)C#N)c5CC(CC)CCCCC)cc32)C(c2ccc(CCCCCC)cc2)(c2ccc(CCCCCC)cc2)c2cc(-c3scc(/C=C5\C(=O)c6ccccc6C5=C(C#N)C#N)c3CC(CC)CCCCC)[se]c2-4)cc1,0.957,14.63,58.4,8.16,-5.33,-3.53,-4.92,-3.18,,,2021,10.1021/acsaem.1c03817,"OPV-DB (Qiu, J., Zenodo, 2026, doi:10.5281/zenodo.20841543)"
PBDB-Si,Y6,CCCCC(CC)Cc1sc(CC(CC)CCCC)c2c1C(=O)c1c(-c3cccs3)sc(-c3ccc(-c4cc5c(-c6ccc([Si](CCC)(CCC)CCC)cc6)c6sccc6c(-c6ccc([Si](CCC)(CCC)CCC)cc6)c5s4)s3)c1C2=O,CCCCCCCCCCCc1c(/C=C2\C(=O)c3cc(F)c(F)cc3C2=C(C#N)C#N)sc2c1sc1c3c4nsnc4c4c5sc6c(CCCCCCCCCCC)c(/C=C7\C(=O)c8cc(F)c(F)cc8C7=C(C#N)C#N)sc6c5n(CC(CC)CCCC)c4c3n(CC(CC)CCCC)c21,0.92,8.28,38.88,2.96,-5.54,-3.62,-5.65,-4.09,,,2021,10.1016/j.dyepig.2021.109842,"OPV-DB (Qiu, J., Zenodo, 2026, doi:10.5281/zenodo.20841543)"
PBDB-T,A2,CCCCC(CC)Cc1ccc(-c2c3cc(-c4ccc(-c5sc(-c6cccs6)c6c5C(=O)c5c(CC(CC)CCCC)sc(CC(CC)CCCC)c5C6=O)s4)sc3c(-c3ccc(CC(CC)CCCC)s3)c3ccsc23)s1,CCCCCC(CCCCC)N1C(=O)c2ccc3c4c2c(cc2c4c4c(c5ccc6c7cc8c(=O)n(C(CCCCC)CCCCC)c(=O)c9ccc%10c%11ccc%12c(=O)n(C(CCCCC)CCCCC)c(=O)c%13cc(c6c52)c(c%11c%12%13)c7c%10c98)=CC2C(=O)N(C(CCCCC)CCCCC)C(=O)C5=C2C=4C3C=C5)C1=O,0.77,8.73,43.84,2.94,-5.33,-3.48,-5.7,-3.78,,,2021,10.1039/d1nj00540e,"OPV-DB (Qiu, J., Zenodo, 2026, doi:10.5281/zenodo.20841543)"
PBDB-TF,PD-dIDTC6,CCCCC(CC)Cc1sc(-c2c3cc(-c4ccc(-c5sc(-c6cccs6)c6c5C(=O)c5c(CC(CC)CCCC)sc(CC(CC)CCCC)c5C6=O)s4)sc3c(-c3cc(F)c(CC(CC)CCCC)s3)c3ccsc23)cc1F,CCCCCCC1(CCCCCC)c2cc3c(cc2-c2sc(/C=C4\C(=O)c5cc(F)c(F)cc5C4=C(C#N)C#N)cc21)C(CCCCCC)(CCCCCC)c1cc(-c2ccc(-c4cc5c(s4)-c4cc6c(cc4C5(CCCCCC)CCCCCC)-c4sc(/C=C5\C(=O)c7cc(F)c(F)cc7C5=C(C#N)C#N)cc4C6(CCCCCC)CCCCCC)nc2)sc1-3,0.82,15.17,56.0,7.78,-5.49,-3.64,-5.51,-3.89,,,2021,10.1016/j.synthmet.2021.116838,"OPV-DB (Qiu, J., Zenodo, 2026, doi:10.5281/zenodo.20841543)"
PT3,PC70BM,CCCCCCCCc1sc(CCCCCCCC)c2c1C(=O)c1c(-c3cc4sccc4s3)sc(-c3cc4sc(-c5cc6c(-c7ccc(CC(CC)CCCC)s7)c7sccc7c(-c7ccc(CC(CC)CCCC)s7)c6s5)cc4s3)c1C2=O,CCCCC(=O)OCC1(C2=CC=CC=C2)C3=CC=CC4=CC=CC5=CC=CC6=CC=C7C=CC=CC8=CC=CC1=C8C7=C6C5=C4C3,0.94,7.35,40.0,2.76,-5.37,-3.54,-6.1,-3.9,,,2021,10.1016/j.jorganchem.2021.122220,"OPV-DB (Qiu, J., Zenodo, 2026, doi:10.5281/zenodo.20841543)"
PBDB-T,ITICS,CCCCC(CC)Cc1ccc(-c2c3cc(-c4ccc(-c5sc(-c6cccs6)c6c5C(=O)c5c(CC(CC)CCCC)sc(CC(CC)CCCC)c5C6=O)s4)sc3c(-c3ccc(CC(CC)CCCC)s3)c3ccsc23)s1,CCCCCCc1ccc(C2(c3ccc(CCCCCC)cc3)c3cc(/C=C4/C(=O)c5ccccc5C4=C(C#N)C#N)sc3-c3sc4c(-c5ccc(SCC(CC)CCCC)s5)c5c6c(sc5c(-c5ccc(SCC(CC)CCCC)s5)c4c32)-c2sc(/C=C3/C(=O)c4ccccc4C3=C(C#N)C#N)cc2C6(c2ccc(CCCCCC)cc2)c2ccc(CCCCCC)cc2)cc1,0.71,9.42,36.0,2.8,-5.33,-3.48,-5.5,-3.86,,,2021,10.1039/d1se01429c,"OPV-DB (Qiu, J., Zenodo, 2026, doi:10.5281/zenodo.20841543)"
PBDB-T,BDIC2F,CCCCC(CC)Cc1ccc(-c2c3cc(-c4ccc(-c5sc(-c6cccs6)c6c5C(=O)c5c(CC(CC)CCCC)sc(CC(CC)CCCC)c5C6=O)s4)sc3c(-c3ccc(CC(CC)CCCC)s3)c3ccsc23)s1,CCCCCCCCC(CCCCCC)Cn1c2cc(/C=C3\C(=O)c4cc(F)c(F)cc4C3=C(C#N)C#N)sc2c2sc(-c3sc(-c4cc5c(s4)c4sc(/C=C6\C(=O)c7cc(F)c(F)cc7C6=C(C#N)C#N)cc4n5CC(CCCCCC)CCCCCCCC)c4c3C(=O)c3c(CC(CC)CCCC)sc(CC(CC)CCCC)c3C4=O)cc21,0.799,9.9,37.9,3.01,-5.33,-3.48,-5.55,-3.85,,,2021,10.1002/cssc.202100746,"OPV-DB (Qiu, J., Zenodo, 2026, doi:10.5281/zenodo.20841543)"
PBDB-T,6TIC-2Cl,CCCCC(CC)Cc1ccc(-c2c3cc(-c4ccc(-c5sc(-c6cccs6)c6c5C(=O)c5c(CC(CC)CCCC)sc(CC(CC)CCCC)c5C6=O)s4)sc3c(-c3ccc(CC(CC)CCCC)s3)c3ccsc23)s1,CCCCCCc1ccc(C2(c3ccc(CCCCCC)cc3)c3c(sc4cc(/C=C5\C(=O)c6cc(Cl)ccc6C5=C(C#N)C#N)sc34)-c3sc4c5c(sc4c32)-c2sc3cc(/C=C4\C(=O)c6cc(Cl)ccc6C4=C(C#N)C#N)sc3c2C5(c2ccc(CCCCCC)cc2)c2ccc(CCCCCC)cc2)cc1,0.73,23.83,63.7,11.07,-5.33,-3.48,-5.45,-4.13,,,2021,10.1016/j.solener.2021.11.077,"OPV-DB (Qiu, J., Zenodo, 2026, doi:10.5281/zenodo.20841543)"
Q5,MeIC,CCCCCCCCCCCCc1csc(-c2cc3c(=O)n(CC(CCCCCC)CCCCCCCC)c(=O)c4cc(-c5sc(-c6cc7c(-c8ccc(CC(CC)CCCC)s8)c8sccc8c(-c8ccc(CC(CC)CCCC)s8)c7s6)c(CCCCCCCCCCCC)c5F)sc4c3s2)c1F,CCCCCCc1ccc(C2(c3ccc(CCCCCC)cc3)c3cc4c(cc3-c3sc5cc(/C=C6\C(=O)c7c(csc7C)C6=C(C#N)C#N)sc5c32)C(c2ccc(CCCCCC)cc2)(c2ccc(CCCCCC)cc2)c2c-4sc3cc(/C=C4\C(=O)c5c(csc5C)C4=C(C#N)C#N)sc23)cc1,1.08,13.59,74.9,11.06,-5.74,-3.79,-5.57,-3.92,,,2021,10.1021/acsami.1c23196,"OPV-DB (Qiu, J., Zenodo, 2026, doi:10.5281/zenodo.20841543)"
J81,m-ITIC,CCCCCCCCC(CCCCCC)Cn1nc2c(-c3cccs3)c(F)c(F)c(-c3ccc(-c4cc5c(-c6ccc([Si](CCC)(CCC)CCC)s6)c6occc6c(-c6ccc([Si](CCC)(CCC)CCC)s6)c5o4)s3)c2n1,CCCCCCc1cccc(C2(c3cccc(CCCCCC)c3)c3cc4c(cc3-c3sc5cc(C=C6C(=O)c7ccccc7C6=C(C#N)C#N)sc5c32)C(c2cccc(CCCCCC)c2)(c2cccc(CCCCCC)c2)c2c-4sc3cc(C=C4C(=O)c5ccccc5C4=C(C#N)C#N)sc23)c1,0.96,16.48,69.8,11.05,-5.43,-2.98,-5.527,-3.854,,,2021,10.1021/accountsmr.1c00119,"OPV-DB (Qiu, J., Zenodo, 2026, doi:10.5281/zenodo.20841543)"
PHT3,IT-4Cl,CCCCCCCCC(CCCCCC)COc1cnc2cc(F)c(F)c(-c3cccs3)c2n1,CCCCCCc1ccc(C2(c3ccc(CCCCCC)cc3)c3cc4c(cc3-c3sc5cc(/C=C6\C(=O)c7cc(Cl)c(Cl)cc7C6=C(C#N)C#N)sc5c32)C(c2ccc(CCCCCC)cc2)(c2ccc(CCCCCC)cc2)c2c-4sc3cc(/C=C4\C(=O)c5cc(Cl)c(Cl)cc5C4=C(C#N)C#N)sc23)cc1,0.881,20.8,66.41,12.17,-5.55,-3.63,-5.75,-4.09,,,2021,10.1021/acsami.1c13245,"OPV-DB (Qiu, J., Zenodo, 2026, doi:10.5281/zenodo.20841543)"
PF2,m-ITIC,CCCCCCCCC(CCCCCC)Cc1cc2sc(-c3c4cc(-c5sc(-c6c(F)c(F)c(-c7cc(CC(CC)CCCC)cs7)c7nsnc67)cc5CC(CC)CCCC)sc4c(-c4cc5sc(CC(CCCCCC)CCCCCCCC)cc5s4)c4ccsc34)cc2s1,CCCCCCc1cccc(C2(c3cccc(CCCCCC)c3)c3cc4c(cc3-c3sc5cc(C=C6C(=O)c7ccccc7C6=C(C#N)C#N)sc5c32)C(c2cccc(CCCCCC)c2)(c2cccc(CCCCCC)c2)c2c-4sc3cc(C=C4C(=O)c5ccccc5C4=C(C#N)C#N)sc23)c1,0.87,17.17,73.5,10.98,-5.48,-3.73,-5.527,-3.854,,,2021,10.1002/smll.202104623,"OPV-DB (Qiu, J., Zenodo, 2026, doi:10.5281/zenodo.20841543)"
H2,IT-4F,CCCCCCCCCCCc1c(/C=C2\C(=O)c3ccccc3C2=C(C#N)C#N)sc2c1sc1c3c4nsnc4c4c5sc6c(CCCCCCCCCCC)c(/C=C7\C(=O)c8ccccc8C7=C(C#N)C#N)sc6c5n(CC(CC)CCCC)c4c3n(CC(CC)CCCC)c21.CCl.CCl,CCCCCCc1ccc(C2(c3ccc(CCCCCC)cc3)c3cc4c(cc3-c3sc5cc(/C=C6\C(=O)c7cc(F)c(F)cc7C6=C(C#N)C#N)sc5c32)C(c2ccc(CCCCCC)cc2)(c2ccc(CCCCCC)cc2)c2c-4sc3cc(/C=C4\C(=O)c5cc(F)c(F)cc5C4=C(C#N)C#N)sc23)cc1,0.85,18.56,70.0,11.04,-5.62,-3.94,-5.66,-4.14,,,2021,10.1002/solr.202100510,"OPV-DB (Qiu, J., Zenodo, 2026, doi:10.5281/zenodo.20841543)"
J52,J52-Cl,CCCCCCCCC(CCCCCC)Cn1nc2c(-c3cccs3)c(F)c(F)c(-c3ccc(-c4cc5c(-c6ccc(CC(CC)CCCC)s6)c6sccc6c(-c6ccc(CC(CC)CCCC)s6)c5s4)s3)c2n1,CCCCCCCCC(CCCCCC)Cn1nc2c(-c3cccs3)c(F)c(F)c(-c3ccc(-c4cc5c(-c6cc(Cl)c(CC(CC)CCCC)s6)c6sccc6c(-c6cc(Cl)c(CC(CC)CCCC)s6)c5s4)s3)c2n1,0.93,15.58,75.99,11.02,-5.2,-3.05,-5.39,-3.45,,,2021,10.1021/acsami.1c19200,"OPV-DB (Qiu, J., Zenodo, 2026, doi:10.5281/zenodo.20841543)"
PM6,IDTN,CCCCC(CC)Cc1sc(-c2c3cc(-c4ccc(-c5sc(-c6cccs6)c6c5C(=O)c5c(CC(CC)CCCC)sc(CC(CC)CCCC)c5C6=O)s4)sc3c(-c3cc(F)c(CC(CC)CCCC)s3)c3ccsc23)cc1F,CCCCCCc1ccc(C2(c3ccc(CCCCCC)cc3)c3cc4c(cc3-c3sc(/C=C5\C(=O)c6cc7ccccc7cc6C5=C(C#N)C#N)cc32)C(c2ccc(CCCCCC)cc2)(c2ccc(CCCCCC)cc2)c2cc(/C=C3\C(=O)c5cc6ccccc6cc5C3=C(C#N)C#N)sc2-4)cc1,0.946,16.58,78.0,12.2,-5.56,-3.65,-5.8,-3.98,,,2021,10.1021/acs.energyfuels.1c02470,"OPV-DB (Qiu, J., Zenodo, 2026, doi:10.5281/zenodo.20841543)"
PBDB-TF,NITT-BF,CCCCC(CC)Cc1sc(-c2c3cc(-c4ccc(-c5sc(-c6cccs6)c6c5C(=O)c5c(CC(CC)CCCC)sc(CC(CC)CCCC)c5C6=O)s4)sc3c(-c3cc(F)c(CC(CC)CCCC)s3)c3ccsc23)cc1F,CCCCCCc1ccc(C2(c3ccc(CCCCCC)cc3)c3cc4c(OCC(CC)CCCC)c5c(cc4c(OCC(CC)CCCC)c3-c3sc4cc(/C=C6\C(=O)c7cc(F)c(F)cc7C6=C(C#N)C#N)sc4c32)C(c2ccc(CCCCCC)cc2)(c2ccc(CCCCCC)cc2)c2c-5sc3cc(/C=C4\C(=O)c5cc(F)c(F)cc5C4=C(C#N)C#N)sc23)cc1,0.94,18.08,72.4,12.3,-5.49,-3.64,-5.75,-4.15,,,2021,10.1016/j.cej.2021.130618,"OPV-DB (Qiu, J., Zenodo, 2026, doi:10.5281/zenodo.20841543)"
P-CIT,m-ITIC,CCCCCCCCC(CCCCCC)Cn1nc2c(-c3cccs3)c(F)c(F)c(-c3ccc(-c4cc5c(-c6cc(Cl)c(CC(CC)CCCC)s6)c6occc6c(-c6cc(Cl)c(CC(CC)CCCC)s6)c5o4)s3)c2n1,CCCCCCc1cccc(C2(c3cccc(CCCCCC)c3)c3cc4c(cc3-c3sc5cc(C=C6C(=O)c7ccccc7C6=C(C#N)C#N)sc5c32)C(c2cccc(CCCCCC)c2)(c2cccc(CCCCCC)c2)c2c-4sc3cc(C=C4C(=O)c5ccccc5C4=C(C#N)C#N)sc23)c1,0.92,16.7,71.6,11.04,-5.5,-3.55,-5.52,-3.82,,,2021,10.1021/acsami.1c00327,"OPV-DB (Qiu, J., Zenodo, 2026, doi:10.5281/zenodo.20841543)"
J101,IT-4F,CCCCCCCCC(CCCCCC)Cn1nc2c(-c3cccs3)c(Cl)c(Cl)c(-c3ccc(-c4cc5c(-c6ccc([Si](CCC)(CCC)CCC)s6)c6sccc6c(-c6ccc([Si](CCC)(CCC)CCC)s6)c5s4)s3)c2n1,CCCCCCc1ccc(C2(c3ccc(CCCCCC)cc3)c3cc4c(cc3-c3sc5cc(/C=C6\C(=O)c7cc(F)c(F)cc7C6=C(C#N)C#N)sc5c32)C(c2ccc(CCCCCC)cc2)(c2ccc(CCCCCC)cc2)c2c-4sc3cc(/C=C4\C(=O)c5cc(F)c(F)cc5C4=C(C#N)C#N)sc23)cc1,0.93,18.2,67.0,11.1,-5.3,-3.5,-5.66,-4.14,,,2021,10.1016/j.synthmet.2021.116736,"OPV-DB (Qiu, J., Zenodo, 2026, doi:10.5281/zenodo.20841543)"
PM2,Y6-BO,CCCCCCCCCCC(CCCCCCCC)Cc1ccc(-c2c3cc(-c4cnc(-c5cc6c(s5)-c5sc(-c7nccc8nsnc78)cc5C6(CC(CC)CCCC)CC(CC)CCCC)c5nsnc45)sc3c(-c3ccc(CC(CCCCCCCC)CCCCCCCCCC)s3)c3ccsc23)s1,CCCCCCCCCCCc1c(/C=C2\C(=O)c3cc(F)c(F)cc3C2=C(C#N)C#N)sc2c1sc1c3c4nsnc4c4c5sc6c(CCCCCCCCCCC)c(/C=C7\C(=O)c8cc(F)c(F)cc8C7=C(C#N)C#N)sc6c5n(CC(CCCC)CCCCCC)c4c3n(CC(CCCC)CCCCCC)c21,0.72,22.1,70.6,11.1,-5.3,-3.9,-5.65,-4.1,,,2021,10.1016/j.mtener.2021.100807,"OPV-DB (Qiu, J., Zenodo, 2026, doi:10.5281/zenodo.20841543)"
PBDB-T,QOC6-4Cl,CCCCC(CC)Cc1ccc(-c2c3cc(-c4ccc(-c5sc(-c6cccs6)c6c5C(=O)c5c(CC(CC)CCCC)sc(CC(CC)CCCC)c5C6=O)s4)sc3c(-c3ccc(CC(CC)CCCC)s3)c3ccsc23)s1,CCCCCCc1ccc(-c2nc3c(-c4cc5c(s4)-c4sc(/C=C6\C(=O)c7cc(Cl)c(Cl)cc7C6=C(C#N)C#N)cc4C5(CC(CC)CCCC)CC(CC)CCCC)c(F)c(F)c(-c4cc5c(s4)-c4sc(/C=C6\C(=O)c7cc(Cl)c(Cl)cc7C6=C(C#N)C#N)cc4C5(CC(CC)CCCC)CC(CC)CCCC)c3nc2-c2ccc(CCCCCC)cc2)cc1,0.782,22.91,69.0,12.32,-5.33,-3.48,-5.62,-3.87,,,2021,10.1021/acsami.1c11412,"OPV-DB (Qiu, J., Zenodo, 2026, doi:10.5281/zenodo.20841543)"
J52,i-IEICO-4Cl,CCCCCCCCC(CCCCCC)Cn1nc2c(-c3cccs3)c(F)c(F)c(-c3ccc(-c4cc5c(-c6ccc(CC(CC)CCCC)s6)c6sccc6c(-c6ccc(CC(CC)CCCC)s6)c5s4)s3)c2n1,CCCCCCc1ccc(C2(c3ccc(CCCCCC)cc3)c3cc4c(cc3-c3sc(-c5scc(/C=C6/C(=O)c7cc(Cl)c(Cl)cc7C6=C(C#N)C#N)c5OCC(CC)CCCC)cc32)C(c2ccc(CCCCCC)cc2)(c2ccc(CCCCCC)cc2)c2cc(-c3scc(/C=C5/C(=O)c6cc(Cl)c(Cl)cc6C5=C(C#N)C#N)c3OCC(CC)CCCC)sc2-4)cc1,0.857,20.62,68.8,12.16,-5.2,-3.05,-5.46,-3.82,,,2021,10.1021/acsaem.1c02608,"OPV-DB (Qiu, J., Zenodo, 2026, doi:10.5281/zenodo.20841543)"
PCE10,COi8DFIC,CCCCC(CC)COC(=O)c1sc2c(-c3cc4c(-c5ccc(CC(CC)CCCC)s5)c5sccc5c(-c5ccc(CC(CC)CCCC)s5)c4s3)scc2c1F,CCCCCCc1ccc(C2(c3ccc(CCCCCC)cc3)Oc3c(sc4c5c(sc34)-c3sc4cc(/C=C6\C(=O)c7cc(F)c(F)cc7C6=C(C#N)C#N)sc4c3C(c3ccc(CCCCCC)cc3)(c3ccc(CCCCCC)cc3)O5)-c3sc4cc(/C=C5\C(=O)c6cc(F)c(F)cc6C5=C(C#N)C#N)sc4c32)cc1,0.68,26.12,68.2,12.16,-5.21,-3.6,-5.5,-3.88,,,2021,10.1016/j.dyepig.2021.109171,"OPV-DB (Qiu, J., Zenodo, 2026, doi:10.5281/zenodo.20841543)"
PF2,EH-IDTBR,CCCCCCCCC(CCCCCC)Cc1cc2sc(-c3c4cc(-c5sc(-c6c(F)c(F)c(-c7cc(CC(CC)CCCC)cs7)c7nsnc67)cc5CC(CC)CCCC)sc4c(-c4cc5sc(CC(CCCCCC)CCCCCCCC)cc5s4)c4ccsc34)cc2s1,CCCCC(CC)CC1(CC(CC)CCCC)c2cc3c(cc2-c2sc(-c4ccc(/C=C5\SC(=S)N(CC)C5=O)c5nsnc45)cc21)C(CC(CC)CCCC)(CC(CC)CCCC)c1cc(-c2ccc(/C=C4\SC(=S)N(CC)C4=O)c4nsnc24)sc1-3,1.07,13.2,56.0,8.0,-5.48,-3.73,-5.51,-3.88,,,2021,10.1039/d1me00151e,"OPV-DB (Qiu, J., Zenodo, 2026, doi:10.5281/zenodo.20841543)"
D18,PC71BM,CCCCCCC(CCCC)Cc1csc(-c2cc3c4nsnc4c4cc(-c5cc(CC(CCCC)CCCCCC)c(-c6cc7c(-c8cc(F)c(CC(CC)CCCC)s8)c8sccc8c(-c8cc(F)c(CC(CC)CCCC)s8)c7s6)s5)sc4c3s2)c1,COC(=O)CCCC1(c2ccccc2)C23c4c5ccc6c7cc8c9c%10c(cc%11cc%12c%13c%14c(cc%15c%16ccc-5c2c%16c2c5c%16c%17c(c(c46)c7c9c%17c4c%10c%11c%13c4c%16c%14c%152)C513)C%12)C8,0.98,11.26,71.4,8.0,-5.51,-2.77,-5.9,-3.9,,,2021,10.1039/d1ta09752k,"OPV-DB (Qiu, J., Zenodo, 2026, doi:10.5281/zenodo.20841543)"
PBDB-T,IDT-3EsT-2IC2F,CCCCC(CC)Cc1ccc(-c2c3cc(-c4ccc(-c5sc(-c6cccs6)c6c5C(=O)c5c(CC(CC)CCCC)sc(CC(CC)CCCC)c5C6=O)s4)sc3c(-c3ccc(CC(CC)CCCC)s3)c3ccsc23)s1,CCCCCCc1ccc(C2(c3ccc(CCCCCC)cc3)c3cc4c(cc3-c3sc(-c5sc(/C=C6\C(=O)c7cc(F)c(F)cc7C6=C(C#N)C#N)cc5C(=O)OCC(CC)CCCC)cc32)C(c2ccc(CCCCCC)cc2)(c2ccc(CCCCCC)cc2)c2cc(-c3sc(/C=C5\C(=O)c6cc(F)c(F)cc6C5=C(C#N)C#N)cc3C(=O)OCC(CC)CCCC)sc2-4)cc1,0.886,14.68,58.0,7.54,-5.33,-3.48,-5.38,-3.93,,,2021,10.1021/acsaem.1c02403,"OPV-DB (Qiu, J., Zenodo, 2026, doi:10.5281/zenodo.20841543)"
PBDB-T,CPDT-4Cl-2Eh,CCCCC(CC)Cc1ccc(-c2c3cc(-c4ccc(-c5sc(-c6cccs6)c6c5C(=O)c5c(CC(CC)CCCC)sc(CC(CC)CCCC)c5C6=O)s4)sc3c(-c3ccc(CC(CC)CCCC)s3)c3ccsc23)s1,CCCCC(CC)CC1(CC(CC)CCCC)c2cc(/C=C3\C(=O)c4cc(Cl)c(Cl)cc4C3=C(C#N)C#N)sc2-c2sc(-c3cc4c(s3)-c3sc(/C=C5\C(=O)c6cc(Cl)c(Cl)cc6C5=C(C#N)C#N)cc3C4(CC(CC)CCCC)CC(CC)CCCC)cc21,0.69,16.9,64.46,7.52,-5.33,-3.48,-5.3,-3.87,,,2021,10.1016/j.dyepig.2021.109801,"OPV-DB (Qiu, J., Zenodo, 2026, doi:10.5281/zenodo.20841543)"
PBDB-T-2Cl,DTSiC-IC,CCCCC(CC)Cc1sc(-c2c3cc(-c4ccc(-c5sc(-c6cccs6)c6c5C(=O)c5c(CC(CC)CCCC)sc(CC(CC)CCCC)c5C6=O)s4)sc3c(-c3cc(Cl)c(CC(CC)CCCC)s3)c3ccsc23)cc1Cl,CCCCCCCCC(CCCCCCCC)n1c2cc3c(cc2c2cc4c(cc21)-c1sc(/C=C2\C(=O)c5ccccc5C2=C(C#N)C#N)cc1[Si]4(CCCCCCCC)CCCCCCCC)[Si](CCCCCCCC)(CCCCCCCC)c1cc(/C=C2\C(=O)c4ccccc4C2=C(C#N)C#N)sc1-3,1.1,11.62,62.0,7.92,-5.52,-3.6,-5.79,-4.05,,,2021,10.1021/acsami.1c06360,"OPV-DB (Qiu, J., Zenodo, 2026, doi:10.5281/zenodo.20841543)"
PBDB-T,Y5-Se-Out,CCCCC(CC)Cc1ccc(-c2c3cc(-c4ccc(-c5sc(-c6cccs6)c6c5C(=O)c5c(CC(CC)CCCC)sc(CC(CC)CCCC)c5C6=O)s4)sc3c(-c3ccc(CC(CC)CCCC)s3)c3ccsc23)s1,CCCCCCCCCCCCC(CCCCCCCCCC)Cn1c2c3sc(/C=C4/C(=O)c5ccccc5C4=C(C#N)C#N)c(CCCCCCCCCCC)c3sc2c2c3nsnc3c3c4sc5c(CCCCCCCCCCC)c(/C=C6/C(=O)c7ccc(-c8ccc[se]8)cc7C6=C(C#N)C#N)sc5c4n(CC(CCCCCCCCCC)CCCCCCCCCCCC)c3c21,0.88,16.09,56.0,7.92,-5.33,-3.48,-5.68,-4.24,,,2021,10.1002/adfm.202108508,"OPV-DB (Qiu, J., Zenodo, 2026, doi:10.5281/zenodo.20841543)"
PCDTBT,MPU2,CCCCCCCCC(CCCCCCCC)n1c2ccccc2c2ccc(-c3ccc(-c4ccc(-c5cccs5)c5nsnc45)s3)cc21,CCCCC(CC)CN1C(=O)C2=C(c3ccc(/C=c4\sc(=C(C#N)C#N)n(CC)c4=O)s3)N(CC(CC)CCCC)C(=O)C2=C1c1ccc(/C=c2\sc(=C(C#N)C#N)n(CC)c2=O)s1,0.85,14.73,64.2,7.91,-5.5,-3.6,-5.72,-4.15,,,2021,10.1016/j.solener.2021.04.049,"OPV-DB (Qiu, J., Zenodo, 2026, doi:10.5281/zenodo.20841543)"
PBDB-T,QOC6-4H,CCCCC(CC)Cc1ccc(-c2c3cc(-c4ccc(-c5sc(-c6cccs6)c6c5C(=O)c5c(CC(CC)CCCC)sc(CC(CC)CCCC)c5C6=O)s4)sc3c(-c3ccc(CC(CC)CCCC)s3)c3ccsc23)s1,CCCCCCc1ccc(-c2nc3c(-c4cc5c(s4)-c4sc(/C=C6\C(=O)c7ccccc7C6=C(C#N)C#N)cc4C5(CC(CC)CCCC)CC(CC)CCCC)c(F)c(F)c(-c4cc5c(s4)-c4sc(/C=C6\C(=O)c7ccccc7C6=C(C#N)C#N)cc4C5(CC(CC)CCCC)CC(CC)CCCC)c3nc2-c2ccc(CCCCCC)cc2)cc1,0.862,16.19,56.6,7.9,-5.33,-3.48,-5.59,-3.8,,,2021,10.1021/acsami.1c11412,"OPV-DB (Qiu, J., Zenodo, 2026, doi:10.5281/zenodo.20841543)"
JD40,PJTVT,CCCCCCC(CCCC)Cc1csc(-c2cc3c4nsnc4c4cc(-c5cc(CC(CCCC)CCCCCC)c(-c6cc7c(-c8ccc(CC(CC)CCCC)s8)c8sccc8c(-c8ccc(CC(CC)CCCC)s8)c7s6)s5)sc4c3s2)c1,CCCCCCCCCCCCC(CCCCCCCCCC)Cn1c2c3sc(/C=C4\C(=O)c5ccccc5C4=C(C#N)C#N)c(CCCCCCCCCCC)c3sc2c2c3nsnc3c3c4sc5c(CCCCCCCCCCC)c(/C=C6\C(=O)c7cc(-c8ccc(/C=C/c9cccs9)s8)ccc7C6=C(C#N)C#N)sc5c4n(CC(CCCCCCCCCC)CCCCCCCCCCCC)c3c21,0.89,23.75,76.4,16.13,-5.38,-3.32,-5.57,-3.69,,,2021,10.1002/aenm.202102559,"OPV-DB (Qiu, J., Zenodo, 2026, doi:10.5281/zenodo.20841543)"
D18-Cl,Y6-1O,CCCCCCC(CCCC)Cc1csc(-c2cc3c4nsnc4c4cc(-c5cc(CC(CCCC)CCCCCC)c(-c6cc7c(-c8cc(Cl)c(CC(CC)CCCC)s8)c8sccc8c(-c8cc(Cl)c(CC(CC)CCCC)s8)c7s6)s5)sc4c3s2)c1,CCCCCCCCCCCOc1c(/C=C2\C(=O)c3cc(F)c(F)cc3C2=C(C#N)C#N)sc2c1sc1c3c4nsnc4c4c5sc6c(CCCCCCCCCCC)c(/C=C7\C(=O)c8cc(F)c(F)cc8C7=C(C#N)C#N)sc6c5n(CC)c4c3n(CC)c21,0.928,22.75,74.86,15.8,-5.51,-2.77,-5.71,-3.84,,,2021,10.1039/d1ta01135a,"OPV-DB (Qiu, J., Zenodo, 2026, doi:10.5281/zenodo.20841543)"
H1,Y6,CCN1C(=O)C2=C(c3ccc(-c4ccc5c(c4)C(=C4c6cc(-c7ccc(C8=C9C(=O)N(CC)C(c%10cccs%10)=C9C(=O)N8CC)s7)ccc6-c6ccc(-c7ccc(C8=C9C(=O)N(CC)C(c%10cccs%10)=C9C(=O)N8CC)s7)cc64)c4cc(-c6ccc(C7=C8C(=O)N(CC)C(c9cccs9)=C8C(=O)N7CC)s6)ccc4-5)s3)N(CC)C(=O)C2=C1c1cccs1,CCCCCCCCCCCc1c(/C=C2\C(=O)c3cc(F)c(F)cc3C2=C(C#N)C#N)sc2c1sc1c3c4nsnc4c4c5sc6c(CCCCCCCCCCC)c(/C=C7\C(=O)c8cc(F)c(F)cc8C7=C(C#N)C#N)sc6c5n(CC(CC)CCCC)c4c3n(CC(CC)CCCC)c21,0.86,24.98,72.7,15.62,-5.51,-3.84,-5.65,-4.09,,,2021,10.1002/solr.202100510,"OPV-DB (Qiu, J., Zenodo, 2026, doi:10.5281/zenodo.20841543)"
PBDB-TF,di-PDI,CCCCC(CC)Cc1sc(-c2c3cc(-c4ccc(-c5sc(-c6cccs6)c6c5C(=O)c5c(CC(CC)CCCC)sc(CC(CC)CCCC)c5C6=O)s4)sc3c(-c3cc(F)c(CC(CC)CCCC)s3)c3ccsc23)cc1F,CCCCCC(CCCCC)N1C(=O)c2ccc3c4ccc5c6c(ccc(c7ccc(c2c37)C1=O)c64)C(=O)N(C(CCCCC)CCCCC)C5=O,0.879,6.92,52.2,3.18,-5.49,-3.64,-6.1,-3.86,,,2021,10.1002/ajoc.202100585,"OPV-DB (Qiu, J., Zenodo, 2026, doi:10.5281/zenodo.20841543)"
PBDB-T,PzDP-ffT,CCCCC(CC)Cc1ccc(-c2c3cc(-c4ccc(-c5sc(-c6cccs6)c6c5C(=O)c5c(CC(CC)CCCC)sc(CC(CC)CCCC)c5C6=O)s4)sc3c(-c3ccc(CC(CC)CCCC)s3)c3ccsc23)s1,CCCCCCCCCCCCC(CCCCCCCCCC)CN1C(=O)C(c2ccccc2)=c2nc3c(nc21)=C(c1ccc(-c2scc(F)c2F)cc1)C(=O)N3CC(CCCCCCCCCC)CCCCCCCCCCCC,0.69,6.88,50.0,2.37,-5.33,-3.48,-6.0,-4.23,,,2021,10.1002/chem.202102084,"OPV-DB (Qiu, J., Zenodo, 2026, doi:10.5281/zenodo.20841543)"
PT2,PC70BM,CCCCCCCCc1sc(CCCCCCCC)c2c1C(=O)c1c(-c3cccs3)sc(-c3ccc(-c4cc5c(-c6ccc(CC(CC)CCCC)s6)c6sccc6c(-c6ccc(CC(CC)CCCC)s6)c5s4)s3)c1C2=O,CCCCC(=O)OCC1(C2=CC=CC=C2)C3=CC=CC4=CC=CC5=CC=CC6=CC=C7C=CC=CC8=CC=CC1=C8C7=C6C5=C4C3,0.97,6.18,39.0,2.34,-5.35,-3.58,-6.1,-3.9,,,2021,10.1016/j.jorganchem.2021.122220,"OPV-DB (Qiu, J., Zenodo, 2026, doi:10.5281/zenodo.20841543)"
PBDB-TF,S-WSeSe-Cl,CCCCC(CC)Cc1sc(-c2c3cc(-c4ccc(-c5sc(-c6cccs6)c6c5C(=O)c5c(CC(CC)CCCC)sc(CC(CC)CCCC)c5C6=O)s4)sc3c(-c3cc(F)c(CC(CC)CCCC)s3)c3ccsc23)cc1F,CCCCCCCCCCCc1c(/C=C2\C(=O)c3cc(Cl)c(Cl)cc3C2=C(C#N)C#N)[se]c2c1SC1c3c(c4c(c5nsnc35)c3sc5c(CCCCCCCCCCC)c(/C=C6\C(=O)c7cc(Cl)c(Cl)cc7C6=C(C#N)C#N)[se]c5c3n4CC(CCCC)CCCCCC)N(CC(CCCC)CCCCCC)C21,0.828,26.35,73.4,16.01,-5.49,-3.64,-5.66,-3.88,,,2021,10.1002/anie.202104766,"OPV-DB (Qiu, J., Zenodo, 2026, doi:10.5281/zenodo.20841543)"
PTQ10,Y6-BO,CCCCCCCCC(CCCCCC)COc1cnc2c(-c3cccs3)c(F)c(F)cc2n1,CCCCCCCCCCCc1c(/C=C2\C(=O)c3cc(F)c(F)cc3C2=C(C#N)C#N)sc2c1sc1c3c4nsnc4c4c5sc6c(CCCCCCCCCCC)c(/C=C7\C(=O)c8cc(F)c(F)cc8C7=C(C#N)C#N)sc6c5n(CC(CCCC)CCCCCC)c4c3n(CC(CCCC)CCCCCC)c21,0.871,25.56,71.01,15.93,-5.54,-2.92,-5.65,-4.1,,,2021,10.1021/acsami.1c22724,"OPV-DB (Qiu, J., Zenodo, 2026, doi:10.5281/zenodo.20841543)"
PBDB-TF,BTIC-4F,CCCCC(CC)Cc1sc(-c2c3cc(-c4ccc(-c5sc(-c6cccs6)c6c5C(=O)c5c(CC(CC)CCCC)sc(CC(CC)CCCC)c5C6=O)s4)sc3c(-c3cc(F)c(CC(CC)CCCC)s3)c3ccsc23)cc1F,CCn1c(=O)c2cc(-c3cc4c(s3)-c3sc(/C=C5\C(=O)c6cc(F)c(F)cc6C5=C(C#N)C#N)cc3C4(CC)CC)sc2c2sc(-c3cc4c(s3)-c3sc(/C=C5\C(=O)c6cc(F)c(F)cc6C5=C(C#N)C#N)cc3C4(CC)CC)cc2c1=O,0.894,20.5,65.7,12.04,-5.49,-3.64,-5.71,-3.95,,,2021,10.1039/d1ta03643b,"OPV-DB (Qiu, J., Zenodo, 2026, doi:10.5281/zenodo.20841543)"
D18,NC-PY6,CCCCCCC(CCCC)Cc1csc(-c2cc3c4nsnc4c4cc(-c5cc(CC(CCCC)CCCCCC)c(-c6cc7c(-c8cc(F)c(CC(CC)CCCC)s8)c8sccc8c(-c8cc(F)c(CC(CC)CCCC)s8)c7s6)s5)sc4c3s2)c1,CCCCCCCCCCCc1c(/C=C2\C(=O)c3cc(-c4cccs4)ccc3C2=C(C#N)C#N)sc2c1sc1c3c4nsnc4c4c5sc6c(CCCCCCCCCCC)c(/C=C7\C(=O)c8cc(-c9ccc(CCCCCC)s9)ccc8C7=C(C#N)C#N)sc6c5n(CC(CCCCCCCC)CCCCCCCCCC)c4c3n(CC(CCCCCCCC)CCCCCCCCCC)c21,0.87,20.66,68.42,12.3,-5.51,-2.77,-5.56,-3.92,,,2021,10.1016/j.dyepig.2021.109824,"OPV-DB (Qiu, J., Zenodo, 2026, doi:10.5281/zenodo.20841543)"
PBDB-T,CH3-2F,CCCCC(CC)Cc1ccc(-c2c3cc(-c4ccc(-c5sc(-c6cccs6)c6c5C(=O)c5c(CC(CC)CCCC)sc(CC(CC)CCCC)c5C6=O)s4)sc3c(-c3ccc(CC(CC)CCCC)s3)c3ccsc23)s1,CCCCCCCCc1cc(-c2sc3c(N(c4ccc(C)cc4)c4ccc(C)cc4)c(-c4cc(CCCCCCCC)c(/C=C5\C(=O)c6cc(F)c(F)cc6C5=C(C#N)C#N)s4)sc3c2N(c2ccc(C)cc2)c2ccc(C)cc2)sc1/C=C1\C(=O)c2cc(F)c(F)cc2C1=C(C#N)C#N,0.77,22.76,69.9,12.28,-5.33,-3.48,-5.59,-4.01,,,2021,10.1021/acsami.1c09597,"OPV-DB (Qiu, J., Zenodo, 2026, doi:10.5281/zenodo.20841543)"
H1,IT-4F,CCN1C(=O)C2=C(c3ccc(-c4ccc5c(c4)C(=C4c6cc(-c7ccc(C8=C9C(=O)N(CC)C(c%10cccs%10)=C9C(=O)N8CC)s7)ccc6-c6ccc(-c7ccc(C8=C9C(=O)N(CC)C(c%10cccs%10)=C9C(=O)N8CC)s7)cc64)c4cc(-c6ccc(C7=C8C(=O)N(CC)C(c9cccs9)=C8C(=O)N7CC)s6)ccc4-5)s3)N(CC)C(=O)C2=C1c1cccs1,CCCCCCc1ccc(C2(c3ccc(CCCCCC)cc3)c3cc4c(cc3-c3sc5cc(/C=C6\C(=O)c7cc(F)c(F)cc7C6=C(C#N)C#N)sc5c32)C(c2ccc(CCCCCC)cc2)(c2ccc(CCCCCC)cc2)c2c-4sc3cc(/C=C4\C(=O)c5cc(F)c(F)cc5C4=C(C#N)C#N)sc23)cc1,0.87,19.46,72.9,12.34,-5.51,-3.84,-5.66,-4.14,,,2021,10.1002/solr.202100510,"OPV-DB (Qiu, J., Zenodo, 2026, doi:10.5281/zenodo.20841543)"
PBDB-T,Y9-2Br,CCCCC(CC)Cc1ccc(-c2c3cc(-c4ccc(-c5sc(-c6cccs6)c6c5C(=O)c5c(CC(CC)CCCC)sc(CC(CC)CCCC)c5C6=O)s4)sc3c(-c3ccc(CC(CC)CCCC)s3)c3ccsc23)s1,CCc1c(/C=C2\C(=O)c3ccc(Br)cc3C2=C(C#N)C#N)sc2c1sc1c3c4nn(CC)nc4c4c5sc6c(CC)c(/C=C7\C(=O)c8ccc(Br)cc8C7=C(C#N)C#N)sc6c5n(CC)c4c3n(CC)c21,0.84,21.38,67.11,12.05,-5.33,-3.48,-5.53,-3.64,,,2021,10.1039/d1ra01348c,"OPV-DB (Qiu, J., Zenodo, 2026, doi:10.5281/zenodo.20841543)"
PBDB-TF,IDTT-Br-2F,CCCCC(CC)Cc1sc(-c2c3cc(-c4ccc(-c5sc(-c6cccs6)c6c5C(=O)c5c(CC(CC)CCCC)sc(CC(CC)CCCC)c5C6=O)s4)sc3c(-c3cc(F)c(CC(CC)CCCC)s3)c3ccsc23)cc1F,CCCCCCc1ccc(C2(c3ccc(CCCCCC)cc3)c3cc4c(cc3-c3sc5cc(/C=C6\C(=O)c7cc(F)c(F)cc7C6=C(C#N)C#N)sc5c32)C(c2ccc(CCCCCC)cc2)(c2ccc(CCCCCC)cc2)c2c-4sc3cc(/C=C4\C(=O)c5sc(Br)cc5C4=C(C#N)C#N)sc23)cc1,0.94,18.4,68.7,12.1,-5.49,-3.64,-5.79,-3.99,,,2021,10.1016/j.orgel.2021.106357,"OPV-DB (Qiu, J., Zenodo, 2026, doi:10.5281/zenodo.20841543)"
PBDB-T,DBT-4F,CCCCC(CC)Cc1ccc(-c2c3cc(-c4ccc(-c5sc(-c6cccs6)c6c5C(=O)c5c(CC(CC)CCCC)sc(CC(CC)CCCC)c5C6=O)s4)sc3c(-c3ccc(CC(CC)CCCC)s3)c3ccsc23)s1,CCCCCCCCC(CCCCCC)COc1cc(-c2cc3c(s2)c2sc(/C=C4\C(=O)c5cc(F)c(F)cc5C4=C(C#N)C#N)cc2n3C(CCCCCCCC)CCCCCCCC)c(OCC(CCCCCC)CCCCCCCC)cc1-c1cc(CCCCCC)c(/C=C2\C(=O)c3cc(F)c(F)cc3C2=C(C#N)C#N)s1,0.88,19.65,70.2,12.14,-5.33,-3.48,-5.67,-3.87,,,2021,10.1016/j.cej.2021.128770,"OPV-DB (Qiu, J., Zenodo, 2026, doi:10.5281/zenodo.20841543)"
PTQ10,m-DTC-2Cl,CCCCCCCCC(CCCCCC)COc1cnc2c(-c3cccs3)c(F)c(F)cc2n1,CCCCCCCCC(CCCCCCCC)n1c2cc3c(cc2c2cc4c(cc21)-c1sc(/C=C2\C(=O)c5ccc(Cl)cc5C2=C(C#N)C#N)cc1C4(c1cccc(CCCCCC)c1)c1cccc(CCCCCC)c1)C(c1cccc(CCCCCC)c1)(c1cccc(CCCCCC)c1)c1cc(/C=C2\C(=O)c4ccc(Cl)cc4C2=C(C#N)C#N)sc1-3,0.992,16.67,73.4,12.14,-5.54,-2.92,-5.65,-3.89,,,2021,10.1002/adfm.202102361,"OPV-DB (Qiu, J., Zenodo, 2026, doi:10.5281/zenodo.20841543)"
J71,ITC6-IC,CCCCCCCCC(CCCCCC)Cn1nc2c(-c3cccs3)c(F)c(F)c(-c3ccc(-c4cc5c(-c6ccc([Si](CCC)(CCC)CCC)s6)c6sccc6c(-c6ccc([Si](CCC)(CCC)CCC)s6)c5s4)s3)c2n1,CCCCCCc1ccc(C2(c3ccc(CCCCCC)cc3)c3cc4c(cc3-c3sc5c(CCCCCC)c(/C=C6\C(=O)c7ccccc7C6=C(C#N)C#N)sc5c32)C(c2ccc(CCCCCC)cc2)(c2ccc(CCCCCC)cc2)c2c-4sc3c(CCCCCC)c(/C=C4\C(=O)c5ccccc5C4=C(C#N)C#N)sc23)cc1,0.979,18.57,66.41,12.08,-5.4,-3.24,-5.73,-3.92,,,2021,10.1002/smll.202104215,"OPV-DB (Qiu, J., Zenodo, 2026, doi:10.5281/zenodo.20841543)"
PBDB-T,PYN-BDT,CCCCC(CC)Cc1ccc(-c2c3cc(-c4ccc(-c5sc(-c6cccs6)c6c5C(=O)c5c(CC(CC)CCCC)sc(CC(CC)CCCC)c5C6=O)s4)sc3c(-c3ccc(CC(CC)CCCC)s3)c3ccsc23)s1,CCCCCCCCCCCc1c(/C=C2\C(=O)c3cc4ccccc4cc3C2=C(C#N)C#N)sc2c1sc1c3c4nsnc4c4c5sc6c(CCCCCCCCCCC)c(/C=C7\C(=O)c8cc9cc(-c%10cc%11c(-c%12ccc(CC(CCCCCC)CCCCCCCC)s%12)c%12sccc%12c(-c%12ccc(CC(CCCCCC)CCCCCCCC)s%12)c%11s%10)ccc9cc8C7=C(C#N)C#N)sc6c5n(CC(CCCCCCCC)CCCCCCCCCC)c4c3n(CC(CCCCCCCC)CCCCCCCCCC)c21,0.87,21.33,65.0,12.06,-5.33,-3.48,-5.6,-3.76,,,2021,10.1021/acsenergylett.1c00009,"OPV-DB (Qiu, J., Zenodo, 2026, doi:10.5281/zenodo.20841543)"
3BDT-5,Y6,CCOC(=O)/C(C#N)=C/c1ccc(-c2sc(-c3cc4c(-c5ccc(CC)s5)c5sc(-c6cc7c(-c8ccc(CC)s8)c8sc(-c9cc%10c(-c%11ccc(CC)s%11)c%11sc(-c%12cc(CC)c(-c%13ccc(/C=C(\C#N)C(=O)OCC)s%13)s%12)cc%11c(-c%11ccc(CC)s%11)c%10s9)cc8c(-c8ccc(CC)s8)c7s6)cc5c(-c5ccc(CC)s5)c4s3)cc2CC)s1,CCCCCCCCCCCc1c(/C=C2\C(=O)c3cc(F)c(F)cc3C2=C(C#N)C#N)sc2c1sc1c3c4nsnc4c4c5sc6c(CCCCCCCCCCC)c(/C=C7\C(=O)c8cc(F)c(F)cc8C7=C(C#N)C#N)sc6c5n(CC(CC)CCCC)c4c3n(CC(CC)CCCC)c21,0.832,22.0,60.2,11.0,-5.15,-3.4,-5.65,-4.09,,,2021,10.1039/d1ta01680f,"OPV-DB (Qiu, J., Zenodo, 2026, doi:10.5281/zenodo.20841543)"
PBDB-T,PY5-PZ,CCCCC(CC)Cc1ccc(-c2c3cc(-c4ccc(-c5sc(-c6cccs6)c6c5C(=O)c5c(CC(CC)CCCC)sc(CC(CC)CCCC)c5C6=O)s4)sc3c(-c3ccc(CC(CC)CCCC)s3)c3ccsc23)s1,CCCCCCCCCCCc1c(/C=C2\C(=O)c3ccccc3C2=C(C#N)C#N)sc2c1sc1c3c4nsnc4c4c5sc6c(CCCCCCCCCCC)c(/C=C7\C(=O)c8cc(-c9sc(-c%10cnc(-c%11cc(CC(CC)CCCC)cs%11)cn%10)cc9CC(CC)CCCC)ccc8C7=C(C#N)C#N)sc6c5n(CC(CCCCCCCC)CCCCCCCCCC)c4c3n(CC(CCCCCCCC)CCCCCCCCCC)c21,0.893,19.91,68.2,12.1,-5.33,-3.53,-5.71,-3.75,,,2021,10.1021/acs.chemmater.1c02302,"OPV-DB (Qiu, J., Zenodo, 2026, doi:10.5281/zenodo.20841543)"
H14,IDIC-4F,CCCCCCCCC(CCCCCC)Cn1nc2c(-c3ccc(/C=C(/C#N)C(=O)OCC(CC)CCCC)s3)c(F)c(F)c(-c3ccc(-c4cc5c(-c6cc(Cl)c(CC(CC)CCCC)s6)c6sc(-c7ccc(-c8c(F)c(F)c(-c9ccc(/C=C(\C#N)C(=O)OCC(CC)CCCC)s9)c9nn(CC(CCCCCC)CCCCCCCC)nc89)s7)cc6c(-c6cc(Cl)c(CC(CC)CCCC)s6)c5s4)s3)c2n1,CCCCCCc1ccc(C2(c3ccc(CCCCCC)cc3)c3cc4c(cc3-c3sc(/C=C5\C(=O)c6cc(F)c(F)cc6C5=C(C#N)C#N)cc32)C(c2ccc(CCCCCC)cc2)(c2ccc(CCCCCC)cc2)c2cc(/C=C3\C(=O)c5cc(F)c(F)cc5C3=C(C#N)C#N)sc2-4)cc1,0.943,18.3,70.2,12.1,-5.46,-3.47,-5.73,-3.93,,,2021,10.1021/accountsmr.1c00119,"OPV-DB (Qiu, J., Zenodo, 2026, doi:10.5281/zenodo.20841543)"
PBDB-T,IDTT2OT,CCCCC(CC)Cc1ccc(-c2c3cc(-c4ccc(-c5sc(-c6cccs6)c6c5C(=O)c5c(CC(CC)CCCC)sc(CC(CC)CCCC)c5C6=O)s4)sc3c(-c3ccc(CC(CC)CCCC)s3)c3ccsc23)s1,CCCCCCc1ccc(C2(c3ccc(CCCCCC)cc3)c3cc4c(cc3-c3sc5cc(-c6sc(/C=C7\C(=O)c8ccccc8C7=C(C#N)C#N)c(OC)c6OC)sc5c32)C(c2ccc(CCCCCC)cc2)(c2ccc(CCCCCC)cc2)c2c-4sc3cc(-c4sc(/C=C5\C(=O)c6ccccc6C5=C(C#N)C#N)c(OC)c4OC)sc23)cc1,0.93,12.3,56.7,6.46,-5.33,-3.48,-5.2,-3.69,,,2021,10.1016/j.synthmet.2021.116880,"OPV-DB (Qiu, J., Zenodo, 2026, doi:10.5281/zenodo.20841543)"
PBDB-TF-T10,Y6,CCCCC(CC)Cc1sc(-c2c3c(c(-c4cc(F)c(CC(CC)CCCC)s4)c4sc(-c5ccc(-c6sc(-c7ccc(-c8cc9c(-c%10cc(F)c(CC(CC)CCCC)s%10)c%10sccc%10c(-c%10cc(F)c(CC(CC)CCCC)s%10)c9s8)s7)c7c6C(=O)c6c(CC(CC)CCCC)sc(CC(CC)CCCC)c6C7=O)s5)cc24)C=C(c2scc(C(=O)OCC)c2C(=O)OCC)C3)cc1F,CCCCCCCCCCCc1c(/C=C2\C(=O)c3cc(F)c(F)cc3C2=C(C#N)C#N)sc2c1sc1c3c4nsnc4c4c5sc6c(CCCCCCCCCCC)c(/C=C7\C(=O)c8cc(F)c(F)cc8C7=C(C#N)C#N)sc6c5n(CC(CC)CCCC)c4c3n(CC(CC)CCCC)c21,0.84,27.0,73.0,16.6,-5.5,-3.74,-5.65,-4.09,,,2021,10.1039/d1tc03110d,"OPV-DB (Qiu, J., Zenodo, 2026, doi:10.5281/zenodo.20841543)"
PM6,PY-OD,CCCCC(CC)Cc1sc(-c2c3cc(-c4ccc(-c5sc(-c6cccs6)c6c5C(=O)c5c(CC(CC)CCCC)sc(CC(CC)CCCC)c5C6=O)s4)sc3c(-c3cc(F)c(CC(CC)CCCC)s3)c3ccsc23)cc1F,CCCCCCCCCCC(CCCCCCCC)Cn1c2c3sc(/C=C4\C(=O)c5ccccc5C4=C(C#N)C#N)c(CC(CCCC)CCCCCC)c3sc2c2c3nsnc3c3c4sc5c(CC(CCCC)CCCCCC)c(/C=C6\C(=O)c7cc(-c8cccs8)ccc7C6=C(C#N)C#N)sc5c4n(CC(CCCCCCCC)CCCCCCCCCC)c3c21,0.943,23.95,73.2,16.53,-5.56,-3.65,-5.6,-3.84,,,2021,10.1002/adma.202110155,"OPV-DB (Qiu, J., Zenodo, 2026, doi:10.5281/zenodo.20841543)"
TP-H,Y6,CCCCCCc1csc(-c2nnc(-c3cc(CCCCCC)c(-c4cc5c(-c6cc(F)c(CC(CC)CCCC)s6)c6sc(-c7ccc(-c8sc(-c9ccc(-c%10cc%11c(-c%12cc(F)c(CC(CC)CCCC)s%12)c%12sccc%12c(-c%12cc(CC(CC)CCCC)c(F)s%12)c%11s%10)s9)c9c8C(=O)c8c(CC(CC)CCCC)sc(CC(CC)CCCC)c8C9=O)s7)cc6c(-c6cc(CC(CC)CCCC)c(F)s6)c5s4)s3)nn2)c1,CCCCCCCCCCCc1c(/C=C2\C(=O)c3cc(F)c(F)cc3C2=C(C#N)C#N)sc2c1sc1c3c4nsnc4c4c5sc6c(CCCCCCCCCCC)c(/C=C7\C(=O)c8cc(F)c(F)cc8C7=C(C#N)C#N)sc6c5n(CC(CC)CCCC)c4c3n(CC(CC)CCCC)c21,0.851,26.78,75.53,16.45,-5.57,-3.23,-5.65,-4.1,,,2021,10.1021/acsaem.1c02355,"OPV-DB (Qiu, J., Zenodo, 2026, doi:10.5281/zenodo.20841543)"
PvBDT-F,Y6-T,CCCCCCC(CCCC)CC1=CC2C(c3cccs3)=c3sc(CC(CCCC)CCCCCC)cc3=C(c3ccc(-c4cc5c(-c6cc(F)c(CC(CC)CCCC)s6)c6sccc6c(-c6cc(F)c(CC(CC)CCCC)s6)c5s4)s3)C2S1,CCCCCCCCCCCc1c(/C=C2\C(=O)c3cscc3C2=C(C#N)C#N)sc2c1sc1c3c4nsnc4c4c5sc6c(CCCCCCCCCCC)c(/C=C7\C(=O)c8cscc8C7=C(C#N)C#N)sc6c5n(CC(CC)CCCC)c4c3n(CC(CC)CCCC)c21,0.87,14.28,52.5,6.52,-5.44,-3.45,-5.51,-3.86,,,2021,10.1016/j.jpowsour.2021.229961,"OPV-DB (Qiu, J., Zenodo, 2026, doi:10.5281/zenodo.20841543)"
PBDT3T,PC71BM,CCCCC(CC)Cc1ccsc1-c1ccc(-c2sc(-c3cc4c(-c5cc(F)c(CC(CC)CCCC)s5)c5sccc5c(-c5cc(F)c(CC(CC)CCCC)s5)c4s3)cc2CC(CC)CCCC)s1,COC(=O)CCCC1(c2ccccc2)C23c4c5ccc6c7cc8c9c%10c(cc%11cc%12c%13c%14c(cc%15c%16ccc-5c2c%16c2c5c%16c%17c(c(c46)c7c9c%17c4c%10c%11c%13c4c%16c%14c%152)C513)C%12)C8,0.98,9.29,71.5,6.51,-5.48,-3.21,-5.9,-3.9,,,2021,10.1002/aesr.202100069,"OPV-DB (Qiu, J., Zenodo, 2026, doi:10.5281/zenodo.20841543)"
J100,IT-4F,CCn1nc2c(-c3cccs3)c(Cl)c(Cl)c(-c3ccc(-c4cc5c(-c6ccc([Si](CC)(CC)CC)s6)c6sc(-c7ccc(-c8c(Cl)c(Cl)c(-c9ccc(-c%10cc%11c(-c%12ccc([Si](CC)(CC)CC)s%12)c%12sc(-c%13ccc(-c%14c(Cl)c(Cl)c(-c%15ccc(-c%16cc%17c(-c%18ccc([Si](CC)(CC)CC)s%18)c%18sccc%18c(-c%18ccc([Si](CC)(CC)CC)s%18)c%17s%16)s%15)c%15nn(CC)nc%14%15)s%13)cc%12c(-c%12ccc([Si](CC)(CC)CC)s%12)c%11s%10)s9)c9nn(CC)nc89)s7)cc6c(-c6ccc([Si](CC)(CC)CC)s6)c5s4)s3)c2n1,CCCCCCc1ccc(C2(c3ccc(CCCCCC)cc3)c3cc4c(cc3-c3sc5cc(/C=C6\C(=O)c7cc(F)c(F)cc7C6=C(C#N)C#N)sc5c32)C(c2ccc(CCCCCC)cc2)(c2ccc(CCCCCC)cc2)c2c-4sc3cc(/C=C4\C(=O)c5cc(F)c(F)cc5C4=C(C#N)C#N)sc23)cc1,0.85,17.5,46.0,7.7,-5.35,-3.0,-5.66,-4.14,,,2021,10.1016/j.synthmet.2021.116736,"OPV-DB (Qiu, J., Zenodo, 2026, doi:10.5281/zenodo.20841543)"
PBDB-T,BTA3,CCCCC(CC)Cc1ccc(-c2c3cc(-c4ccc(-c5sc(-c6cccs6)c6c5C(=O)c5c(CC(CC)CCCC)sc(CC(CC)CCCC)c5C6=O)s4)sc3c(-c3ccc(CC(CC)CCCC)s3)c3ccsc23)s1,CCCCCCCCn1nc2c(/C=c3\sc(=C(C#N)C#N)n(CC)c3=O)ccc(-c3cc4c(s3)-c3cc5c(cc3C4(c3ccc(CCCCCC)cc3)c3ccc(CCCCCC)cc3)-c3sc(-c4ccc(/C=c6\sc(=C(C#N)C#N)n(CC)c6=O)c6nn(CCCCCCCC)nc46)cc3C5(c3ccc(CCCCCC)cc3)c3ccc(CCCCCC)cc3)c2n1,1.12,13.44,50.6,7.67,-5.33,-3.48,-5.49,-3.72,,,2021,10.1016/j.orgel.2021.106289,"OPV-DB (Qiu, J., Zenodo, 2026, doi:10.5281/zenodo.20841543)"
PBDB-T,IDT-3EsT,CCCCC(CC)Cc1ccc(-c2c3cc(-c4ccc(-c5sc(-c6cccs6)c6c5C(=O)c5c(CC(CC)CCCC)sc(CC(CC)CCCC)c5C6=O)s4)sc3c(-c3ccc(CC(CC)CCCC)s3)c3ccsc23)s1,CCCCCCc1ccc(C2(c3ccc(CCCCCC)cc3)c3cc4c(cc3-c3sc(-c5sc(/C=C6\C(=O)c7ccccc7C6=C(C#N)C#N)cc5C(=O)OCC(CC)CCCC)cc32)C(c2ccc(CCCCCC)cc2)(c2ccc(CCCCCC)cc2)c2cc(-c3sc(/C=C5\C(=O)c6ccccc6C5=C(C#N)C#N)cc3C(=O)OCC(CC)CCCC)sc2-4)cc1,0.985,13.49,56.0,7.43,-5.33,-3.48,-5.38,-3.85,,,2021,10.1021/acsaem.1c02403,"OPV-DB (Qiu, J., Zenodo, 2026, doi:10.5281/zenodo.20841543)"
pBβCN,PC71BM,CCCCCCC(CCCC)Cc1csc(/C(C#N)=C/c2cc3sc(/C=C(\C#N)c4cc(CC(CCCC)CCCCCC)c(-c5cc6c(-c7ccc(CC(CCCC)CCCCCC)s7)c7sccc7c(-c7ccc(CC(CCCC)CCCCCC)s7)c6s5)s4)cc3s2)c1,COC(=O)CCCC1(c2ccccc2)C23c4c5ccc6c7cc8c9c%10c(cc%11cc%12c%13c%14c(cc%15c%16ccc-5c2c%16c2c5c%16c%17c(c(c46)c7c9c%17c4c%10c%11c%13c4c%16c%14c%152)C513)C%12)C8,0.96,12.53,64.45,7.75,-5.62,-3.3,-5.87,-4.2,,,2021,10.1021/acs.macromol.1c01103,"OPV-DB (Qiu, J., Zenodo, 2026, doi:10.5281/zenodo.20841543)"
TBFCl50-BDD,PC71BM,CCCCC(CC)Cc1ccc(-c2c3cc(-c4ccc(-c5sc(-c6ccc(-c7cc8c(-c9cc(Cl)c(CC(CC)CCCC)s9)c9oc(-c%10ccc(-c%11sc(-c%12cccs%12)c%12c%11C(=O)c%11c(CC(CC)CCCC)sc(CC(CC)CCCC)c%11C%12=O)s%10)cc9c(-c9cc(Cl)c(CC(CC)CCCC)s9)c8s7)s6)c6c5C(=O)c5c(CC(CC)CCCC)sc(CC(CC)CCCC)c5C6=O)s4)sc3c(-c3ccc(CC(CC)CCCC)s3)c3ccsc23)s1,COC(=O)CCCC1(c2ccccc2)C23c4c5ccc6c7cc8c9c%10c(cc%11cc%12c%13c%14c(cc%15c%16ccc-5c2c%16c2c5c%16c%17c(c(c46)c7c9c%17c4c%10c%11c%13c4c%16c%14c%152)C513)C%12)C8,0.913,12.16,59.55,6.58,-5.45,-3.26,-5.9,-3.9,,,2021,10.1016/j.solener.2021.05.011,"OPV-DB (Qiu, J., Zenodo, 2026, doi:10.5281/zenodo.20841543)"
PBDB-T,BZIC-2Br,CCCCC(CC)Cc1ccc(-c2c3cc(-c4ccc(-c5sc(-c6cccs6)c6c5C(=O)c5c(CC(CC)CCCC)sc(CC(CC)CCCC)c5C6=O)s4)sc3c(-c3ccc(CC(CC)CCCC)s3)c3ccsc23)s1,CCn1nc2c(n1)c1c3sc(/C=C4\C(=O)c5ccc(Br)cc5C4=C(C#N)C#N)cc3n(CC)c1c1c2c2sc(/C=C3\C(=O)c4ccc(Br)cc4C3=C(C#N)C#N)cc2n1CC,0.75,15.34,65.19,7.51,-5.33,-3.48,-5.85,-3.92,,,2021,10.1039/d1ra01348c,"OPV-DB (Qiu, J., Zenodo, 2026, doi:10.5281/zenodo.20841543)"
PF1,m-ITIC,CCCCCCCCC(CCCCCC)Cc1cc2sc(-c3c4cc(-c5sc(-c6c(F)cc(-c7cc(CC(CC)CCCC)cs7)c7nsnc67)cc5CC(CC)CCCC)sc4c(-c4cc5sc(CC(CCCCCC)CCCCCCCC)cc5s4)c4ccsc34)cc2s1,CCCCCCc1cccc(C2(c3cccc(CCCCCC)c3)c3cc4c(cc3-c3sc5cc(C=C6C(=O)c7ccccc7C6=C(C#N)C#N)sc5c32)C(c2cccc(CCCCCC)c2)(c2cccc(CCCCCC)c2)c2c-4sc3cc(C=C4C(=O)c5ccccc5C4=C(C#N)C#N)sc23)c1,0.84,14.11,63.1,7.48,-5.39,-3.7,-5.527,-3.854,,,2021,10.1002/smll.202104623,"OPV-DB (Qiu, J., Zenodo, 2026, doi:10.5281/zenodo.20841543)"
PTB7-Th,IDT-T-N,CCCCC(CC)COC(=O)c1sc2csc(-c3cc4c(-c5ccc(CC(CC)CCCC)s5)c5sccc5c(-c5ccc(CC(CC)CCCC)s5)c4s3)c2c1F,CCCCCCc1ccc(C2(c3ccc(CCCCCC)cc3)c3cc4c(cc3-c3sc(-c5sc(/C=C6\C(=O)c7cc8ccccc8cc7C6=C(C#N)C#N)cc5CC(CC)CCCC)cc32)C(c2ccc(CCCCCC)cc2)(c2ccc(CCCCCC)cc2)c2cc(-c3sc(/C=C5\C(=O)c6cc7ccccc7cc6C5=C(C#N)C#N)cc3CC(CC)CCCC)sc2-4)cc1,0.87,14.67,51.0,6.6,-5.21,-3.6,-5.58,-4.06,,,2021,10.1016/j.synthmet.2021.116736,"OPV-DB (Qiu, J., Zenodo, 2026, doi:10.5281/zenodo.20841543)"
PSPT-TTC,Y6,CCCCCCCCOC(=O)c1ccsc1-c1ccc(-c2sc(-c3cc4c(-c5ccc(-c6ccc(SCC(CCCCCC)CCCCCCCC)cc6)s5)c5sccc5c(-c5ccc(-c6ccc(SCC(CCCCCC)CCCCCCCC)cc6)s5)c4s3)cc2C(=O)OCCCCCCCC)s1,CCCCCCCCCCCc1c(/C=C2\C(=O)c3cc(F)c(F)cc3C2=C(C#N)C#N)sc2c1sc1c3c4nsnc4c4c5sc6c(CCCCCCCCCCC)c(/C=C7\C(=O)c8cc(F)c(F)cc8C7=C(C#N)C#N)sc6c5n(CC(CC)CCCC)c4c3n(CC(CC)CCCC)c21,0.8,24.22,58.9,11.25,-5.36,-3.53,-5.65,-4.1,,,2021,10.1021/acsaem.1c01418,"OPV-DB (Qiu, J., Zenodo, 2026, doi:10.5281/zenodo.20841543)"
PTQ10,PY-IT,CCCCCCCCC(CCCCCC)COc1cnc2c(-c3cccs3)c(F)c(F)cc2n1,CCCCCCCCCCCc1c(/C=C2\C(=O)c3ccccc3C2=C(C#N)C#N)sc2c1sc1c3c4nsnc4c4c5sc6c(CCCCCCCCCCC)c(/C=C7\C(=O)c8cc(-c9cccs9)ccc8C7=C(C#N)C#N)sc6c5n(CC(CCCCCCCC)CCCCCCCCCC)c4c3n(CC(CCCCCCCC)CCCCCCCCCC)c21,0.96,18.51,68.16,12.11,-5.54,-2.92,-5.68,-3.94,,,2021,10.1002/adma.202108749,"OPV-DB (Qiu, J., Zenodo, 2026, doi:10.5281/zenodo.20841543)"
L810,IT-4F,CCCCCCCCCCC(CCCCCCCC)Cn1nc2c(-c3cccs3)c(F)c(F)c(-c3ccc(-c4cc5c(-c6cc(Cl)c(CC(CC)CCCC)s6)c6sccc6c(-c6cc(Cl)c(CC(CC)CCCC)s6)c5s4)s3)c2n1,CCCCCCc1ccc(C2(c3ccc(CCCCCC)cc3)c3cc4c(cc3-c3sc5cc(/C=C6\C(=O)c7cc(F)c(F)cc7C6=C(C#N)C#N)sc5c32)C(c2ccc(CCCCCC)cc2)(c2ccc(CCCCCC)cc2)c2c-4sc3cc(/C=C4\C(=O)c5cc(F)c(F)cc5C4=C(C#N)C#N)sc23)cc1,0.79,20.76,73.5,12.1,-5.57,-3.58,-5.66,-4.14,,,2021,10.1016/j.synthmet.2021.116736,"OPV-DB (Qiu, J., Zenodo, 2026, doi:10.5281/zenodo.20841543)"
J52,BN-0F,CCCCCCCCC(CCCCCC)Cn1nc2c(-c3cccs3)c(F)c(F)c(-c3ccc(-c4cc5c(-c6ccc(CC(CC)CCCC)s6)c6sccc6c(-c6ccc(CC(CC)CCCC)s6)c5s4)s3)c2n1,CCCCC(CC)COc1cc(-c2cc3c(s2)-c2sc(/C=C4\C(=O)c5cc6ccccc6cc5C4=C(C#N)C#N)cc2C3(CC(CC)CCCC)CC(CC)CCCC)c(OCC(CC)CCCC)cc1-c1cc2c(s1)-c1sc(/C=C3\C(=O)c4cc5ccccc5cc4C3=C(C#N)C#N)cc1C2(CC(CC)CCCC)CC(CC)CCCC,0.835,21.1,60.1,11.0,-5.2,-3.05,-5.35,-3.94,,,2021,10.1002/ange.202100390,"OPV-DB (Qiu, J., Zenodo, 2026, doi:10.5281/zenodo.20841543)"
PBDB-T-2Cl,IDTT-M-2F,CCCCC(CC)Cc1sc(-c2c3cc(-c4ccc(-c5sc(-c6cccs6)c6c5C(=O)c5c(CC(CC)CCCC)sc(CC(CC)CCCC)c5C6=O)s4)sc3c(-c3cc(Cl)c(CC(CC)CCCC)s3)c3ccsc23)cc1Cl,CCCCCCc1ccc(C2(c3ccc(CCCCCC)cc3)c3cc4c(cc3-c3sc5cc(/C=C6\C(=O)c7cc(F)c(F)cc7C6=C(C#N)C#N)sc5c32)C(c2ccc(CCCCCC)cc2)(c2ccc(CCCCCC)cc2)c2c-4sc3cc(/C=C4\C(=O)c5sc(C)cc5C4=C(C#N)C#N)sc23)cc1,0.99,17.3,66.8,11.3,-5.52,-3.6,-5.4,-3.87,,,2021,10.1002/adfm.202102189,"OPV-DB (Qiu, J., Zenodo, 2026, doi:10.5281/zenodo.20841543)"
PCE-10,BT-CIC,CCCCC(CC)COC(=O)c1sc2c(-c3cc4c(-c5ccc(CC(CC)CCCC)s5)c5sccc5c(-c5ccc(CC(CC)CCCC)s5)c4s3)scc2c1F,CCCCCCc1ccc(C2(c3ccc(CCCCCC)cc3)c3cc(/C=C4\C(=O)c5cc(Cl)c(Cl)cc5C4=C(C#N)C#N)sc3-c3sc4c(OCC(CC)CCCC)c5c6c(sc5c(OCC(CC)CCCC)c4c32)-c2sc(/C=C3\C(=O)c4cc(Cl)c(Cl)cc4C3=C(C#N)C#N)cc2C6(c2ccc(CCCCCC)cc2)c2ccc(CCCCCC)cc2)cc1,0.69,23.5,69.0,11.2,-5.21,-3.6,-5.49,-4.09,,,2021,10.1016/j.orgel.2021.106276,"OPV-DB (Qiu, J., Zenodo, 2026, doi:10.5281/zenodo.20841543)"
PTB7-Th,6-IF2F,CCCCC(CC)COC(=O)c1sc2csc(-c3cc4c(-c5ccc(CC(CC)CCCC)s5)c5sccc5c(-c5ccc(CC(CC)CCCC)s5)c4s3)c2c1F,CCCCCCCCC1(CCCCCCCC)c2cc3c(cc2-c2sc(-c4sc(/C=C5\C(=O)c6ccccc6C5=C(C#N)C#N)c5sc(C(=O)OCC(CC)CCCCCC)c(F)c45)cc21)C(CCCCCCCC)(CCCCCCCC)c1cc(-c2sc(/C=C4\C(=O)c5cc(F)c(F)cc5C4=C(C#N)C#N)c4sc(C(=O)OCC(CC)CCCCCC)c(F)c24)sc1-3,0.65,24.69,67.8,11.2,-5.21,-3.6,-5.38,-4.07,,,2021,10.1021/acsami.1c13404,"OPV-DB (Qiu, J., Zenodo, 2026, doi:10.5281/zenodo.20841543)"
PBDB-T,BT-BO-L4F,CCCCC(CC)Cc1ccc(-c2c3cc(-c4ccc(-c5sc(-c6cccs6)c6c5C(=O)c5c(CC(CC)CCCC)sc(CC(CC)CCCC)c5C6=O)s4)sc3c(-c3ccc(CC(CC)CCCC)s3)c3ccsc23)s1,CCCCCCCCCCCc1c(/C=C2\C(=O)c3cc4cc(F)c(F)cc4cc3C2=C(C#N)C#N)sc2c1sc1c3c4nsnc4c4c5sc6c(CCCCCCCCCCC)c(/C=C7\C(=O)c8cc9cc(F)c(F)cc9cc8C7=C(C#N)C#N)sc6c5n(CC(CCCC)CCCCCC)c4c3n(CC(CCCC)CCCCCC)c21,0.72,26.9,57.4,11.2,-5.33,-3.48,-5.58,-3.98,,,2021,10.1021/jacs.1c00211,"OPV-DB (Qiu, J., Zenodo, 2026, doi:10.5281/zenodo.20841543)"
PBDB-T,ITCT,CCCCC(CC)Cc1ccc(-c2c3cc(-c4ccc(-c5sc(-c6cccs6)c6c5C(=O)c5c(CC(CC)CCCC)sc(CC(CC)CCCC)c5C6=O)s4)sc3c(-c3ccc(CC(CC)CCCC)s3)c3ccsc23)s1,CCCCCCc1ccc(C2(c3ccc(CCCCCC)cc3)c3cc4c(cc3-c3sc5cc(/C=C6\C(=O)c7cscc7C6=C(C#N)C#N)sc5c32)C(c2ccc(CCCCCC)cc2)(c2ccc(CCCCCC)cc2)c2c-4sc3cc(/C=C4\C(=O)c5cscc5C4=C(C#N)C#N)sc23)cc1,0.85,17.88,72.3,11.27,-5.33,-3.48,-5.585,-3.826,,,2021,10.1016/j.synthmet.2021.116736,"OPV-DB (Qiu, J., Zenodo, 2026, doi:10.5281/zenodo.20841543)"
Q6,MeIC,CCCCCCCCCCCCc1csc(-c2cc3c(=O)n(CC(CCCCCC)CCCCCCCC)c(=O)c4cc(-c5cc(CCCCCCCCCCCC)c(-c6cc7c(-c8cc(F)c(CC(CC)CCCC)s8)c8sccc8c(-c8cc(F)c(CC(CC)CCCC)s8)c7s6)s5)sc4c3s2)c1,CCCCCCc1ccc(C2(c3ccc(CCCCCC)cc3)c3cc4c(cc3-c3sc5cc(/C=C6\C(=O)c7c(csc7C)C6=C(C#N)C#N)sc5c32)C(c2ccc(CCCCCC)cc2)(c2ccc(CCCCCC)cc2)c2c-4sc3cc(/C=C4\C(=O)c5c(csc5C)C4=C(C#N)C#N)sc23)cc1,1.11,7.5,63.0,5.26,-5.7,-3.81,-5.57,-3.92,,,2021,10.1021/acsami.1c23196,"OPV-DB (Qiu, J., Zenodo, 2026, doi:10.5281/zenodo.20841543)"
PBDB-T,BTC6-4F,CCCCC(CC)Cc1ccc(-c2c3cc(-c4ccc(-c5sc(-c6cccs6)c6c5C(=O)c5c(CC(CC)CCCC)sc(CC(CC)CCCC)c5C6=O)s4)sc3c(-c3ccc(CC(CC)CCCC)s3)c3ccsc23)s1,CCn1nc2c(-c3cc4c(s3)-c3sc(/C=C5\C(=O)c6cc(F)c(F)cc6C5=C(C#N)C#N)cc3C4(CC)CC)c(F)c(F)c(-c3cc4c(s3)-c3sc(/C=C5\C(=O)c6cc(F)c(F)cc6C5=C(C#N)C#N)cc3C4(CC)CC)c2n1,0.79,19.81,71.65,11.23,-5.33,-3.48,-5.56,-3.86,,,2021,10.1039/d1nj01978c,"OPV-DB (Qiu, J., Zenodo, 2026, doi:10.5281/zenodo.20841543)"
BTR,N3,CCCCCCc1cc(-c2cc3c(-c4cc(CC(CC)CCCC)c(CCCCCC)s4)c4sc(-c5cc(CCCCCC)c(-c6cc(CCCCCC)c(-c7ccc(/C=C8/SC(=S)N(CCCCCC)C8=O)s7)s6)s5)cc4c(-c4cc(CC(CC)CCCC)c(CCCCCC)s4)c3s2)sc1-c1cc(CCCCCC)c(-c2ccc(/C=C3/SC(=S)N(CCCCCC)C3=O)s2)s1,CCCCCCCCCCCc1c(/C=C2\C(=O)c3cc(F)c(F)cc3C2=C(C#N)C#N)sc2c1sc1c3c4nsnc4c4c5sc6c(CCCCCCCCCCC)c(/C=C7\C(=O)c8cc(F)c(F)cc8C7=C(C#N)C#N)sc6c5n(CCC(CC)CCCC)c4c3n(CCC(CC)CCCC)c21,0.796,22.1,64.5,11.34,-5.34,-3.53,-5.64,-3.86,,,2021,10.1021/acsaem.1c02534,"OPV-DB (Qiu, J., Zenodo, 2026, doi:10.5281/zenodo.20841543)"
PBDB-T,P(QxCN-T2),CCCCC(CC)Cc1ccc(-c2c3cc(-c4ccc(-c5sc(-c6cccs6)c6c5C(=O)c5c(CC(CC)CCCC)sc(CC(CC)CCCC)c5C6=O)s4)sc3c(-c3ccc(CC(CC)CCCC)s3)c3ccsc23)s1,CCCCCCCCOc1ccc(-c2nc3cc(C#N)c(C#N)c(-c4ccc(-c5cccs5)s4)c3nc2-c2ccc(OCCCCCCCC)c(OCCCCCCCC)c2)cc1OCCCCCCCC,1.02,10.25,48.0,5.32,-5.33,-3.48,-5.73,-3.58,,,2021,10.1002/cssc.202100080,"OPV-DB (Qiu, J., Zenodo, 2026, doi:10.5281/zenodo.20841543)"
PB1,BTP-eC9,CCCCC(CC)Cc1ccc(-c2c3cc(-c4ccc(-c5sc(-c6cccs6)c6c5C(=O)c5c(CC(CC)CCCC)sc(CC(CC)CCCC)c5C6=O)s4)sc3c(-c3ccc(CC(CC)CCCC)s3)c3ccsc23)s1,CCCCCCCCCc1c(/C=C2\C(=O)c3cc(Cl)c(Cl)cc3C2=C(C#N)C#N)sc2c1sc1c3c4nsnc4c4c5sc6c(CCCCCCCCC)c(/C=C7\C(=O)c8cc(Cl)c(Cl)cc8C7=C(C#N)C#N)sc6c5n(CC(CCCC)CCCCCC)c4c3n(CC(CCCC)CCCCCC)c21,0.855,13.1,47.7,5.3,-5.33,-3.48,-5.68,-3.9,,,2021,10.1002/adma.202105803,"OPV-DB (Qiu, J., Zenodo, 2026, doi:10.5281/zenodo.20841543)"
PBDB-T,6TIC-4F,CCCCC(CC)Cc1ccc(-c2c3cc(-c4ccc(-c5sc(-c6cccs6)c6c5C(=O)c5c(CC(CC)CCCC)sc(CC(CC)CCCC)c5C6=O)s4)sc3c(-c3ccc(CC(CC)CCCC)s3)c3ccsc23)s1,CCCCCCc1ccc(C2(c3ccc(CCCCCC)cc3)c3c(sc4cc(/C=C5\C(=O)c6cc(F)c(F)cc6C5=C(C#N)C#N)sc34)-c3sc4c5c(sc4c32)-c2sc3cc(/C=C4\C(=O)c6cc(F)c(F)cc6C4=C(C#N)C#N)sc3c2C5(c2ccc(CCCCCC)cc2)c2ccc(CCCCCC)cc2)cc1,0.723,23.0,67.0,11.14,-5.33,-3.48,-5.44,-4.07,,,2021,10.1016/j.dyepig.2021.109171,"OPV-DB (Qiu, J., Zenodo, 2026, doi:10.5281/zenodo.20841543)"
PBDB-TF,IEICO-4F,CCCCC(CC)Cc1sc(-c2c3cc(-c4ccc(-c5sc(-c6cccs6)c6c5C(=O)c5c(CC(CC)CCCC)sc(CC(CC)CCCC)c5C6=O)s4)sc3c(-c3cc(F)c(CC(CC)CCCC)s3)c3ccsc23)cc1F,CCCCCCc1ccc(C2(c3ccc(CCCCCC)cc3)c3cc4c(cc3-c3sc(-c5sc(/C=C6\C(=O)c7cc(F)c(F)cc7C6=C(C#N)C#N)cc5OCC(CC)CCCC)cc32)C(c2ccc(CCCCCC)cc2)(c2ccc(CCCCCC)cc2)c2cc(-c3scc(/C=C5/C(=O)c6cc(F)c(F)cc6C5=C(C#N)C#N)c3OCC(CC)CCCC)sc2-4)cc1,0.74,21.95,68.4,11.11,-5.49,-3.64,-5.44,-4.19,,,2021,10.1016/j.synthmet.2021.116902,"OPV-DB (Qiu, J., Zenodo, 2026, doi:10.5281/zenodo.20841543)"
PBTA-PS,IT4Cl,CCCCCCCCC(CCCCCC)CSc1ccc(-c2c3cc(-c4ccc(-c5c(F)c(F)c(-c6cccs6)c6nn(CC(CCCCCC)CCCCCCCC)nc56)s4)sc3c(-c3ccc(SCC(CCCCCC)CCCCCCCC)cc3)c3ccsc23)cc1,CCCCCCc1ccc(C2(c3ccc(CCCCCC)cc3)c3cc4c(cc3-c3sc5cc(/C=C6\C(=O)c7cc(Cl)c(Cl)cc7C6=C(C#N)C#N)sc5c32)C(c2ccc(CCCCCC)cc2)(c2ccc(CCCCCC)cc2)c2c-4sc3cc(/C=C4\C(=O)c5cc(Cl)c(Cl)cc5C4=C(C#N)C#N)sc23)cc1,0.76,19.08,52.45,7.63,-5.34,-3.4,-5.75,-4.09,,,2021,10.1021/acsami.1c24348,"OPV-DB (Qiu, J., Zenodo, 2026, doi:10.5281/zenodo.20841543)"
PPDT2FBT,NIDCS-HO,CCCCCCCCC(CCCCCC)COc1ccc(OCC(CCCCCC)CCCCCCCC)c(-c2ccc(-c3c(F)c(F)c(-c4cccs4)c4nsnc34)s2)c1,CCCCCCOc1cc(/C=C(\C#N)c2ccc(-c3ccc4c5c(cccc35)C(=O)N(CC(CC)CCCC)C4=O)s2)c(OCCCCCC)cc1/C=C(\C#N)c1ccc(-c2ccc3c4c(cccc24)C(=O)N(CC(CC)CCCC)C3=O)s1,1.03,11.88,63.0,7.6,-5.43,-3.67,-5.79,-3.75,,,2021,10.1039/d1tc04800g,"OPV-DB (Qiu, J., Zenodo, 2026, doi:10.5281/zenodo.20841543)"
PBDB-TF,PTB4F,CCCCC(CC)Cc1sc(-c2c3cc(-c4ccc(-c5sc(-c6cccs6)c6c5C(=O)c5c(CC(CC)CCCC)sc(CC(CC)CCCC)c5C6=O)s4)sc3c(-c3cc(F)c(CC(CC)CCCC)s3)c3ccsc23)cc1F,CCCCCCCCC(CCCCCC)COc1cc(-c2cc(-c3ccc(CCCCCC)cc3)c(/C=C3\C(=O)c4cc(F)c(F)cc4C3=C(C#N)C#N)s2)c(OCC(CCCCCC)CCCCCCCC)cc1-c1cc(-c2ccc(CCCCCC)cc2)c(/C=C2\C(=O)c3cc(F)c(F)cc3C2=C(C#N)C#N)s1,0.94,14.55,51.5,7.04,-5.49,-3.64,-5.87,-3.89,,,2021,10.1002/anie.202101867,"OPV-DB (Qiu, J., Zenodo, 2026, doi:10.5281/zenodo.20841543)"
P2-3T2F,PC61BM,CCCCCCCCC(CCCCCC)Cc1csc(-c2ccc(-c3cc(CC(CCCCCC)CCCCCCCC)c(-c4scc(F)c4F)s3)c3nsnc23)c1,COC(=O)CCCC1(c2ccccc2)C23c4c5c6c7c8c9c(c%10c%11c2c2c%12c4c4c%13c5c5c7c7c8c8c%14c9c%10c9c%10c%11c2c2c%11c%12c4c4c%12c%13c5c5c7c7c8c8c%14c9c9c%10c2c2c%11c4c4c%12c5c7c5c8c9c2c45)C613,0.8,12.77,68.99,7.14,-5.17,-3.54,-6.1,-3.7,,,2021,10.1016/j.dyepig.2021.109206,"OPV-DB (Qiu, J., Zenodo, 2026, doi:10.5281/zenodo.20841543)"
PBDB-T,IDBDT-T,CCCCC(CC)Cc1ccc(-c2c3cc(-c4ccc(-c5sc(-c6cccs6)c6c5C(=O)c5c(CC(CC)CCCC)sc(CC(CC)CCCC)c5C6=O)s4)sc3c(-c3ccc(CC(CC)CCCC)s3)c3ccsc23)s1,CCc1ccc(C2(c3ccc(CC)cc3)c3cc4c(cc3-c3sc5c(-c6ccc(CC)s6)c6cc(/C=C7\C(=O)c8ccccc8C7=C(C#N)C#N)sc6c(-c6ccc(CC)s6)c5c32)C(c2ccc(CC)cc2)(c2ccc(CC)cc2)c2c-4sc3c(-c4ccc(CC)s4)c4cc(/C=C5\C(=O)c6ccccc6C5=C(C#N)C#N)sc4c(-c4ccc(CC)s4)c23)cc1,0.96,15.2,48.6,7.14,-5.33,-3.48,-5.78,-3.66,,,2021,10.1016/j.synthmet.2021.116922,"OPV-DB (Qiu, J., Zenodo, 2026, doi:10.5281/zenodo.20841543)"
D18-Cl,PC71BM,CCCCCCC(CCCC)Cc1csc(-c2cc3c4nsnc4c4cc(-c5cc(CC(CCCC)CCCCCC)c(-c6cc7c(-c8cc(Cl)c(CC(CC)CCCC)s8)c8sccc8c(-c8cc(Cl)c(CC(CC)CCCC)s8)c7s6)s5)sc4c3s2)c1,COC(=O)CCCC1(c2ccccc2)C23c4c5ccc6c7cc8c9c%10c(cc%11cc%12c%13c%14c(cc%15c%16ccc-5c2c%16c2c5c%16c%17c(c(c46)c7c9c%17c4c%10c%11c%13c4c%16c%14c%152)C513)C%12)C8,0.986,10.26,70.48,7.13,-5.51,-2.77,-5.9,-3.9,,,2021,10.1002/adfm.202102694,"OPV-DB (Qiu, J., Zenodo, 2026, doi:10.5281/zenodo.20841543)"
PBDF-NS,PY-IT,CCCCCCCCC(CCCCCC)CSc1ccc2cc(-c3c4cc(-c5ccc(-c6c(F)c(F)c(-c7cccs7)c7nn(CC(CCCCCC)CCCCCCCC)nc67)s5)oc4c(-c4ccc5cc(SCC(CCCCCC)CCCCCCCC)ccc5c4)c4ccoc34)ccc2c1,CCCCCCCCCCCc1c(/C=C2\C(=O)c3ccccc3C2=C(C#N)C#N)sc2c1sc1c3c4nsnc4c4c5sc6c(CCCCCCCCCCC)c(/C=C7\C(=O)c8cc(-c9cccs9)ccc8C7=C(C#N)C#N)sc6c5n(CC(CCCCCCCC)CCCCCCCCCC)c4c3n(CC(CCCCCCCC)CCCCCCCCCC)c21,0.859,25.24,74.6,16.17,-5.44,-3.35,-5.68,-3.94,,,2021,10.1002/aenm.202103684,"OPV-DB (Qiu, J., Zenodo, 2026, doi:10.5281/zenodo.20841543)"
PM6,A702,CCCCC(CC)Cc1sc(-c2c3cc(-c4ccc(-c5sc(-c6cccs6)c6c5C(=O)c5c(CC(CC)CCCC)sc(CC(CC)CCCC)c5C6=O)s4)sc3c(-c3cc(F)c(CC(CC)CCCC)s3)c3ccsc23)cc1F,CCCCCCCCCCC(CCCCCCCC)Cn1c2c3sc(/C=C4\C(=O)c5ccccc5C4=C(C#N)C#N)c(CCCCCC)c3sc2c2c3nn(CC(CC)CCCC)nc3c3c4sc5c(CCCCCC)c(/C=C6\C(=O)c7cc(-c8cccs8)ccc7C6=C(C#N)C#N)sc5c4n(CC(CCCCCCCC)CCCCCCCCCC)c3c21,0.95,6.74,43.0,2.73,-5.56,-3.65,-5.41,-3.74,,,2021,10.1021/acsaem.1c00584,"OPV-DB (Qiu, J., Zenodo, 2026, doi:10.5281/zenodo.20841543)"
PTB2T-Cl,IT-4F,CCCCCCc1cc(-c2ccc(-c3sc(-c4cccs4)c4c3C(=O)c3c(CC(CC)CCCC)sc(CC(CC)CCCC)c3C4=O)s2)sc1-c1cc2c(-c3cc(Cl)c(CC(CC)CCCC)s3)c3sccc3c(-c3cc(Cl)c(CC(CC)CCCC)s3)c2s1,CCCCCCc1ccc(C2(c3ccc(CCCCCC)cc3)c3cc4c(cc3-c3sc5cc(/C=C6\C(=O)c7cc(F)c(F)cc7C6=C(C#N)C#N)sc5c32)C(c2ccc(CCCCCC)cc2)(c2ccc(CCCCCC)cc2)c2c-4sc3cc(/C=C4\C(=O)c5cc(F)c(F)cc5C4=C(C#N)C#N)sc23)cc1,0.87,14.06,60.86,7.47,-5.57,-3.77,-5.66,-4.14,,,2021,10.1016/j.solener.2021.06.049,"OPV-DB (Qiu, J., Zenodo, 2026, doi:10.5281/zenodo.20841543)"
α-PBQ10,Y6,CCCCCCCCC(CCCCCC)COc1cnc2c(-c3ccc(-c4cc5c(-c6cc(CC(CC)CCCC)c(F)s6)c6sccc6c(-c6cc(CC(CC)CCCC)c(F)s6)c5s4)s3)c(F)c(F)c(-c3cccs3)c2n1,CCCCCCCCCCCc1c(/C=C2\C(=O)c3cc(F)c(F)cc3C2=C(C#N)C#N)sc2c1sc1c3c4nsnc4c4c5sc6c(CCCCCCCCCCC)c(/C=C7\C(=O)c8cc(F)c(F)cc8C7=C(C#N)C#N)sc6c5n(CC(CC)CCCC)c4c3n(CC(CC)CCCC)c21,0.845,26.12,73.65,16.26,-5.42,-3.45,-5.65,-4.09,,,2021,10.1021/acsami.1c15278,"OPV-DB (Qiu, J., Zenodo, 2026, doi:10.5281/zenodo.20841543)"
P3HT,NIDCS-HO,CCCCCCc1ccsc1,CCCCCCOc1cc(/C=C(\C#N)c2ccc(-c3ccc4c5c(cccc35)C(=O)N(CC(CC)CCCC)C4=O)s2)c(OCCCCCC)cc1/C=C(\C#N)c1ccc(-c2ccc3c4c(cccc24)C(=O)N(CC(CC)CCCC)C3=O)s1,0.67,8.15,47.0,2.55,-5.01,-3.12,-5.79,-3.75,,,2021,10.1002/asia.202100660,"OPV-DB (Qiu, J., Zenodo, 2026, doi:10.5281/zenodo.20841543)"
PM6,PY-HD,CCCCC(CC)Cc1sc(-c2c3cc(-c4ccc(-c5sc(-c6cccs6)c6c5C(=O)c5c(CC(CC)CCCC)sc(CC(CC)CCCC)c5C6=O)s4)sc3c(-c3cc(F)c(CC(CC)CCCC)s3)c3ccsc23)cc1F,CCCCCCCCC(CCCCCC)Cn1c2c3sc(/C=C4\C(=O)c5ccccc5C4=C(C#N)C#N)c(CC(CCCC)CCCCCC)c3sc2c2c3nsnc3c3c4sc5c(CC(CCCC)CCCCCC)c(/C=C6\C(=O)c7cc(-c8cccs8)ccc7C6=C(C#N)C#N)sc5c4n(CC(CCCCCC)CCCCCCCC)c3c21,0.937,24.05,72.8,16.41,-5.56,-3.65,-5.52,-3.94,,,2021,10.1002/adma.202110155,"OPV-DB (Qiu, J., Zenodo, 2026, doi:10.5281/zenodo.20841543)"
PT-DFBT-T-EFQX,PC71BM,CCCCCCCCCCC(CCCCCCCC)COC(=O)c1nc2c(-c3cccs3)c(F)c(F)c(-c3ccc(-c4ccc(-c5c(F)c(F)c(-c6cccs6)c6nsnc56)s4)s3)c2nc1C(=O)OCC(CCCCCCCC)CCCCCCCCCC,COC(=O)CCCC1(c2ccccc2)C23c4c5ccc6c7cc8c9c%10c(cc%11cc%12c%13c%14c(cc%15c%16ccc-5c2c%16c2c5c%16c%17c(c(c46)c7c9c%17c4c%10c%11c%13c4c%16c%14c%152)C513)C%12)C8,0.87,5.62,54.8,2.69,-5.54,-3.54,-5.9,-3.9,,,2021,10.1016/j.solener.2021.03.004,"OPV-DB (Qiu, J., Zenodo, 2026, doi:10.5281/zenodo.20841543)"
PBDB-T-2F,M34,CCCCC(CC)Cc1sc(-c2c3cc(-c4ccc(-c5sc(-c6cccs6)c6c5C(=O)c5c(CC(CC)CCCC)sc(CC(CC)CCCC)c5C6=O)s4)sc3c(-c3cc(F)c(CC(CC)CCCC)s3)c3ccsc23)cc1F,CCCCCCC(CCCC)Cn1c2cc(/C=C3\C(=O)c4cc(F)c(F)cc4C3=C(C#N)C#N)sc2c2sc3c(OCC(CC)CCCC)c4c(sc5c6sc(/C=C7\C(=O)c8cc(F)c(F)cc8C7=C(C#N)C#N)cc6n(CC(CCCC)CCCCCC)c54)c(OCC(CC)CCCC)c3c21,0.915,24.57,72.75,16.35,-5.56,-3.65,-5.6,-3.91,,,2021,10.1002/adfm.202106846,"OPV-DB (Qiu, J., Zenodo, 2026, doi:10.5281/zenodo.20841543)"
PTQ11,TPT10,CCOc1nc2cc(F)c(F)c(-c3ccc(-c4c(F)c(F)c(-c5ccc(-c6c(F)c(F)c(-c7cccs7)c7nc(C)c(OCC)nc67)s5)c5nc(C)c(OCC)nc45)s3)c2nc1C,CCCCCCCCCCCc1c(/C=C2\C(=O)c3ccc(Br)cc3C2=C(C#N)C#N)sc2c1sc1c3c4nsnc4c4c5sc6c(CCCCCCCCCCC)c(/C=C7\C(=O)c8ccc(Br)cc8C7=C(C#N)C#N)sc6c5n(CC(CC)CCCC)c4c3n(CC(CC)CCCC)c21,0.88,24.79,74.8,16.32,-5.52,-2.76,-5.52,-3.99,,,2021,10.1021/accountsmr.1c00119,"OPV-DB (Qiu, J., Zenodo, 2026, doi:10.5281/zenodo.20841543)"
J70,m-ITIC,CCCCCCCCC(CCCCCC)Cn1nc2c(-c3cccs3)c(F)c(F)c(-c3ccc(-c4cc5c(-c6ccc([Si](CC)(CC)CC)s6)c6sccc6c(-c6ccc([Si](CC)(CC)CC)s6)c5s4)s3)c2n1,CCCCCCc1cccc(C2(c3cccc(CCCCCC)c3)c3cc4c(cc3-c3sc5cc(C=C6C(=O)c7ccccc7C6=C(C#N)C#N)sc5c32)C(c2cccc(CCCCCC)c2)(c2cccc(CCCCCC)c2)c2c-4sc3cc(C=C4C(=O)c5ccccc5C4=C(C#N)C#N)sc23)c1,0.92,18.09,69.8,11.62,-5.37,-2.91,-5.527,-3.854,,,2021,10.1021/accountsmr.1c00119,"OPV-DB (Qiu, J., Zenodo, 2026, doi:10.5281/zenodo.20841543)"
PBDB-T,BTTBo-4FN,CCCCC(CC)Cc1ccc(-c2c3cc(-c4ccc(-c5sc(-c6cccs6)c6c5C(=O)c5c(CC(CC)CCCC)sc(CC(CC)CCCC)c5C6=O)s4)sc3c(-c3ccc(CC(CC)CCCC)s3)c3ccsc23)s1,CCC(=O)c1cc2c3cc(-c4cc5c(s4)-c4sc(/C=C6\C(=O)c7cc8cc(F)c(F)cc8cc7C6=C(C#N)C#N)cc4C5(CC)CC)sc3c3sc(-c4cc5c(s4)-c4sc(/C=C6\C(=O)c7cc8cc(F)c(F)cc8cc7C6=C(C#N)C#N)cc4C5(CC)CC)cc3c2s1,0.84,19.56,70.47,11.6,-5.33,-3.48,-5.48,-3.86,,,2021,10.1039/d1tc03259c,"OPV-DB (Qiu, J., Zenodo, 2026, doi:10.5281/zenodo.20841543)"
PBT-Cl,IT-4F,CCOc1c(OCC)c(-c2ccc(-c3cc4c(-c5cc(Cl)c(CC)s5)c5sc(-c6ccc(-c7c(OCC)c(OCC)c(-c8ccc(-c9cc%10c(-c%11cc(Cl)c(CC)s%11)c%11sc(-c%12ccc(-c%13c(OCC)c(OCC)c(-c%14ccc(-c%15cc%16c(-c%17cc(Cl)c(CC)s%17)c%17sccc%17c(-c%17cc(Cl)c(CC)s%17)c%16s%15)s%14)c%14nsnc%13%14)s%12)cc%11c(-c%11cc(Cl)c(CC)s%11)c%10s9)s8)c8nsnc78)s6)cc5c(-c5cc(Cl)c(CC)s5)c4s3)s2)c2nsnc2c1-c1cccs1,CCCCCCc1ccc(C2(c3ccc(CCCCCC)cc3)c3cc4c(cc3-c3sc5cc(/C=C6\C(=O)c7cc(F)c(F)cc7C6=C(C#N)C#N)sc5c32)C(c2ccc(CCCCCC)cc2)(c2ccc(CCCCCC)cc2)c2c-4sc3cc(/C=C4\C(=O)c5cc(F)c(F)cc5C4=C(C#N)C#N)sc23)cc1,0.782,21.03,70.0,11.6,-5.51,-3.6,-5.66,-4.14,,,2021,10.1021/accountsmr.1c00119,"OPV-DB (Qiu, J., Zenodo, 2026, doi:10.5281/zenodo.20841543)"
J52-Cl,BTA17,CCCCCCCCC(CCCCCC)Cn1nc2c(-c3cccs3)c(F)c(F)c(-c3ccc(-c4cc5c(-c6cc(Cl)c(CC(CC)CCCC)s6)c6sccc6c(-c6cc(Cl)c(CC(CC)CCCC)s6)c5s4)s3)c2n1,CCc1ccc(C2(c3ccc(CC)cc3)c3cc4c(cc3-c3sc5cc(-c6ccc(C=C(C#N)C#N)c7nn(CC)nc67)sc5c32)C(c2ccc(CC)cc2)(c2ccc(CC)cc2)c2c-4sc3cc(-c4ccc(C=C(C#N)C#N)c5nn(CC)nc45)sc23)cc1,1.09,7.08,67.2,5.18,-5.39,-3.45,-5.41,-3.69,,,2021,10.1016/j.orgel.2021.106195,"OPV-DB (Qiu, J., Zenodo, 2026, doi:10.5281/zenodo.20841543)"
PTT-EFQX,PC71BM,CCCCCCCCC(CCCCCC)COC(=O)c1nc2c(-c3cccs3)c(F)c(F)c(-c3ccc(-c4cc5sccc5s4)s3)c2nc1C(=O)OCC(CCCCCC)CCCCCCCC,COC(=O)CCCC1(c2ccccc2)C23c4c5ccc6c7cc8c9c%10c(cc%11cc%12c%13c%14c(cc%15c%16ccc-5c2c%16c2c5c%16c%17c(c(c46)c7c9c%17c4c%10c%11c%13c4c%16c%14c%152)C513)C%12)C8,0.69,11.19,68.5,5.37,-5.32,-3.52,-5.9,-3.9,,,2021,10.1016/j.solener.2021.03.004,"OPV-DB (Qiu, J., Zenodo, 2026, doi:10.5281/zenodo.20841543)"
PBDB-T,A702,CCCCC(CC)Cc1ccc(-c2c3cc(-c4ccc(-c5sc(-c6cccs6)c6c5C(=O)c5c(CC(CC)CCCC)sc(CC(CC)CCCC)c5C6=O)s4)sc3c(-c3ccc(CC(CC)CCCC)s3)c3ccsc23)s1,CCCCCCCCCCC(CCCCCCCC)Cn1c2c3sc(/C=C4\C(=O)c5ccccc5C4=C(C#N)C#N)c(CCCCCC)c3sc2c2c3nn(CC(CC)CCCC)nc3c3c4sc5c(CCCCCC)c(/C=C6\C(=O)c7cc(-c8cccs8)ccc7C6=C(C#N)C#N)sc5c4n(CC(CCCCCCCC)CCCCCCCCCC)c3c21,0.9,21.93,60.0,11.84,-5.33,-3.53,-5.41,-3.74,,,2021,10.1021/acsaem.1c00584,"OPV-DB (Qiu, J., Zenodo, 2026, doi:10.5281/zenodo.20841543)"
PBQx-TF,F-BTA3,CCCCCCC(CCCC)Cc1csc(-c2cc3c(s2)-c2sc(-c4cc(CC(CCCC)CCCCCC)c(-c5cc6c(-c7cc(F)c(CC(CC)CCCC)s7)c7sccc7c(-c7cc(F)c(CC(CC)CCCC)s7)c6s5)s4)cc2[C@H]2N=CC=N[C@H]32)c1,CCCCCCCCn1nc2c(C=c3sc(=C(C#N)C#N)n(CC)c3=O)cc(F)c(-c3cc4c(s3)-c3cc5c(cc3C4(c3ccc(CCCCCC)cc3)c3ccc(CCCCCC)cc3)-c3sc(-c4c(F)cc(C=c6sc(=C(C#N)C#N)n(CC)c6=O)c6nn(CCCCCCCC)nc46)cc3C5(c3ccc(CCCCCC)cc3)c3ccc(CCCCCC)cc3)c2n1,1.15,13.2,75.6,11.5,-5.41,-2.82,-5.52,-3.39,,,2021,10.1002/adma.202102420,"OPV-DB (Qiu, J., Zenodo, 2026, doi:10.5281/zenodo.20841543)"
FTAZ,INIC2,CCCCCCC(CCCC)CCc1c2cc(-c3ccc(-c4c(F)c(F)c(-c5cccs5)c5nn(CC(CCCC)CCCCCC)nc45)s3)sc2c(CCC(CCCC)CCCCCC)c2ccsc12,CCCCCCc1ccc(C2(c3ccc(CCCCCC)cc3)c3cc4c(cc3-c3sc5c(sc6cc(/C=C7\C(=O)c8c(F)cccc8C7=C(C#N)C#N)sc65)c32)C(c2ccc(CCCCCC)cc2)(c2ccc(CCCCCC)cc2)c2c-4sc3c2sc2cc(/C=C4\C(=O)c5c(F)cccc5C4=C(C#N)C#N)sc23)cc1,0.85,19.68,68.5,11.5,-5.38,-3.17,-5.52,-3.98,,,2021,10.1016/j.synthmet.2021.116736,"OPV-DB (Qiu, J., Zenodo, 2026, doi:10.5281/zenodo.20841543)"
PBDB-T,IT-OM-2,CCCCC(CC)Cc1ccc(-c2c3cc(-c4ccc(-c5sc(-c6cccs6)c6c5C(=O)c5c(CC(CC)CCCC)sc(CC(CC)CCCC)c5C6=O)s4)sc3c(-c3ccc(CC(CC)CCCC)s3)c3ccsc23)s1,CCCCCCc1ccc(C2(c3ccc(CCCCCC)cc3)c3cc4c(cc3-c3sc5cc(/C=C6\C(=O)c7ccc(OC)cc7C6=C(C#N)C#N)sc5c32)C(c2ccc(CCCCCC)cc2)(c2ccc(CCCCCC)cc2)c2c-4sc3cc(/C=C4\C(=O)c5ccc(OC)cc5C4=C(C#N)C#N)sc23)cc1,0.93,17.53,73.0,11.9,-5.33,-3.48,-5.49,-3.86,,,2021,10.1016/j.synthmet.2021.116736,"OPV-DB (Qiu, J., Zenodo, 2026, doi:10.5281/zenodo.20841543)"
BTR,Y6,CCCCCCc1cc(-c2cc3c(-c4cc(CC(CC)CCCC)c(CCCCCC)s4)c4sc(-c5cc(CCCCCC)c(-c6cc(CCCCCC)c(-c7ccc(/C=C8/SC(=S)N(CCCCCC)C8=O)s7)s6)s5)cc4c(-c4cc(CC(CC)CCCC)c(CCCCCC)s4)c3s2)sc1-c1cc(CCCCCC)c(-c2ccc(/C=C3/SC(=S)N(CCCCCC)C3=O)s2)s1,CCCCCCCCCCCc1c(/C=C2\C(=O)c3cc(F)c(F)cc3C2=C(C#N)C#N)sc2c1sc1c3c4nsnc4c4c5sc6c(CCCCCCCCCCC)c(/C=C7\C(=O)c8cc(F)c(F)cc8C7=C(C#N)C#N)sc6c5n(CC(CC)CCCC)c4c3n(CC(CC)CCCC)c21,0.837,22.6,62.79,11.88,-5.34,-3.53,-5.65,-4.09,,,2021,10.1021/acsaem.1c00617,"OPV-DB (Qiu, J., Zenodo, 2026, doi:10.5281/zenodo.20841543)"
J71,CTSe-IC,CCCCCCCCC(CCCCCC)Cn1nc2c(-c3cccs3)c(F)c(F)c(-c3ccc(-c4cc5c(-c6ccc([Si](CCC)(CCC)CCC)s6)c6sccc6c(-c6ccc([Si](CCC)(CCC)CCC)s6)c5s4)s3)c2n1,CCCCCCc1ccc(C2(c3ccc(CCCCCC)cc3)c3cc4c(cc3-c3sc5cc(/C=C6\C(=O)c7ccccc7C6=C(C#N)C#N)[se]c5c32)C(c2ccc(CCCCCC)cc2)(c2ccc(CCCCCC)cc2)c2c-4sc3cc(/C=C4\C(=O)c5ccccc5C4=C(C#N)C#N)[se]c23)cc1,0.925,18.21,68.8,11.59,-5.4,-3.24,-5.55,-3.9,,,2021,10.1021/acsami.1c12028,"OPV-DB (Qiu, J., Zenodo, 2026, doi:10.5281/zenodo.20841543)"
PBDB-T,Py-2H,CCCCC(CC)Cc1ccc(-c2c3cc(-c4ccc(-c5sc(-c6cccs6)c6c5C(=O)c5c(CC(CC)CCCC)sc(CC(CC)CCCC)c5C6=O)s4)sc3c(-c3ccc(CC(CC)CCCC)s3)c3ccsc23)s1,CCCCCCCCCCC(CCCCCCCC)Cc1cc(-c2cc(C(C)C)c3ccc4c(-c5cc(CC(CCCCCCCC)CCCCCCCCCC)c(/C=C6\C(=O)c7ccccc7C6=C(C#N)C#N)s5)cc(C(C)C)c5ccc2c3c45)sc1/C=C1\C(=O)c2ccccc2C1=C(C#N)C#N,1.01,10.64,47.8,5.13,-5.33,-3.48,-5.78,-3.74,,,2021,10.1016/j.synthmet.2021.116904,"OPV-DB (Qiu, J., Zenodo, 2026, doi:10.5281/zenodo.20841543)"
CD1,N2200,CCCCCCCC(CCCCC)CCn1nc2c(-c3cccs3)c(F)c(F)c(-c3ccc(-c4cc5c(-c6ccc(SCC(CCCC)CCCCCC)s6)c6sccc6c(-c6ccc(SCC(CCCC)CCCCCC)s6)c5s4)s3)c2n1,CCCCCCCCCCC(CCCCCCCC)CN1C(=O)c2ccc3c4c(c(-c5ccc(-c6cccs6)s5)cc(c24)C1=O)C(=O)N(CC(CCCCCCCC)CCCCCCCCCC)C3=O,0.91,9.61,58.6,5.12,-5.28,-2.91,-5.71,-4.02,,,2021,10.1016/j.orgel.2021.106134,"OPV-DB (Qiu, J., Zenodo, 2026, doi:10.5281/zenodo.20841543)"
PBDB-TF,ITCC-Cl,CCCCC(CC)Cc1sc(-c2c3cc(-c4ccc(-c5sc(-c6cccs6)c6c5C(=O)c5c(CC(CC)CCCC)sc(CC(CC)CCCC)c5C6=O)s4)sc3c(-c3cc(F)c(CC(CC)CCCC)s3)c3ccsc23)cc1F,CCCCCCc1ccc(C2(c3ccc(CCCCCC)cc3)c3cc4c(cc3-c3sc5cc(/C=C6\C(=O)c7sc(Cl)cc7C6=C(C#N)C#N)sc5c32)C(c2ccc(CCCCCC)cc2)(c2ccc(CCCCCC)cc2)c2c-4sc3cc(/C=C4\C(=O)c5sc(Cl)cc5C4=C(C#N)C#N)sc23)cc1,1.01,17.0,64.9,11.2,-5.49,-3.64,-5.4,-3.78,,,2021,10.1002/adfm.202102189,"OPV-DB (Qiu, J., Zenodo, 2026, doi:10.5281/zenodo.20841543)"
PBDB-TF,ITCC,CCCCC(CC)Cc1sc(-c2c3cc(-c4ccc(-c5sc(-c6cccs6)c6c5C(=O)c5c(CC(CC)CCCC)sc(CC(CC)CCCC)c5C6=O)s4)sc3c(-c3cc(F)c(CC(CC)CCCC)s3)c3ccsc23)cc1F,CCCCCCc1ccc(C2(c3ccc(CCCCCC)cc3)c3cc4c(cc3-c3sc5cc(/C=C6\C(=O)c7sccc7C6=C(C#N)C#N)sc5c32)C(c2ccc(CCCCCC)cc2)(c2ccc(CCCCCC)cc2)c2c-4sc3cc(/C=C4\C(=O)c5sccc5C4=C(C#N)C#N)sc23)cc1,1.1,14.5,70.19,11.2,-5.49,-3.64,-5.508,-3.8,,,2021,10.1002/adma.202102787,"OPV-DB (Qiu, J., Zenodo, 2026, doi:10.5281/zenodo.20841543)"
PBDB-T,IDT-4EsT-2IC2F,CCCCC(CC)Cc1ccc(-c2c3cc(-c4ccc(-c5sc(-c6cccs6)c6c5C(=O)c5c(CC(CC)CCCC)sc(CC(CC)CCCC)c5C6=O)s4)sc3c(-c3ccc(CC(CC)CCCC)s3)c3ccsc23)s1,CCCCCCc1ccc(C2(c3ccc(CCCCCC)cc3)c3cc4c(cc3-c3sc(-c5cc(C(=O)OCC(CC)CCCC)c(/C=C6\C(=O)c7cc(F)c(F)cc7C6=C(C#N)C#N)s5)cc32)C(c2ccc(CCCCCC)cc2)(c2ccc(CCCCCC)cc2)c2cc(-c3cc(C(=O)OCC(CC)CCCC)c(/C=C5\C(=O)c6cc(F)c(F)cc6C5=C(C#N)C#N)s3)sc2-4)cc1,0.745,13.02,56.0,5.45,-5.33,-3.48,-5.35,-3.93,,,2021,10.1021/acsaem.1c02403,"OPV-DB (Qiu, J., Zenodo, 2026, doi:10.5281/zenodo.20841543)"
PBT1-EH,ITCPTC,CCCCCCC(CCCC)Cc1sc(CC(CCCC)CCCCCC)c2c1C(=O)c1c(-c3cccs3)sc(-c3ccc(-c4cc5c(-c6ccc(SCC(CC)CCCC)s6)c6sccc6c(-c6ccc(SCC(CC)CCCC)s6)c5s4)s3)c1C2=O,CCCCCCc1ccc(C2(c3ccc(CCCCCC)cc3)c3cc4c(cc3-c3sc5cc(/C=C6\C(=O)c7cscc7C6=C(C#N)C#N)sc5c32)C(c2ccc(CCCCCC)cc2)(c2ccc(CCCCCC)cc2)c2c-4sc3cc(/C=C4\C(=O)c5cscc5C4=C(C#N)C#N)sc23)cc1,0.95,16.5,75.1,11.8,-5.43,-3.43,-5.63,-3.96,,,2021,10.1016/j.synthmet.2021.116736,"OPV-DB (Qiu, J., Zenodo, 2026, doi:10.5281/zenodo.20841543)"
PDPP-BDT-Cl,PC71BM,CCCCCCC(CCCC)CN1C(=O)C2=C(c3cccs3)N(CC(CCCC)CCCCCC)C(=O)C2=C1C1=CC=C(c2cc3c(-c4cc(Cl)c(CC(CC)CCCC)s4)c4sccc4c(-c4cc(Cl)c(CC(CC)CCCC)s4)c3s2)C1,COC(=O)CCCC1(c2ccccc2)C23c4c5ccc6c7cc8c9c%10c(cc%11cc%12c%13c%14c(cc%15c%16ccc-5c2c%16c2c5c%16c%17c(c(c46)c7c9c%17c4c%10c%11c%13c4c%16c%14c%152)C513)C%12)C8,0.86,10.01,60.0,5.14,-5.34,-3.61,-5.9,-3.9,,,2021,10.1016/j.matlet.2021.130222,"OPV-DB (Qiu, J., Zenodo, 2026, doi:10.5281/zenodo.20841543)"
P-P,m-ITIC,CCCCCCCCC(CCCCCC)Cn1nc2c(-c3cccs3)c(F)c(F)c(-c3ccc(-c4cc5c(-c6ccc(CC(CC)CCCC)cc6)c6occc6c(-c6ccc(CC(CC)CCCC)cc6)c5o4)s3)c2n1,CCCCCCc1cccc(C2(c3cccc(CCCCCC)c3)c3cc4c(cc3-c3sc5cc(C=C6C(=O)c7ccccc7C6=C(C#N)C#N)sc5c32)C(c2cccc(CCCCCC)c2)(c2cccc(CCCCCC)c2)c2c-4sc3cc(C=C4C(=O)c5ccccc5C4=C(C#N)C#N)sc23)c1,0.8,16.25,56.3,7.32,-5.33,-3.39,-5.52,-3.82,,,2021,10.1021/acsami.1c00327,"OPV-DB (Qiu, J., Zenodo, 2026, doi:10.5281/zenodo.20841543)"
PBDB-T-2Cl,ITCC-Cl,CCCCC(CC)Cc1sc(-c2c3cc(-c4ccc(-c5sc(-c6cccs6)c6c5C(=O)c5c(CC(CC)CCCC)sc(CC(CC)CCCC)c5C6=O)s4)sc3c(-c3cc(Cl)c(CC(CC)CCCC)s3)c3ccsc23)cc1Cl,CCCCCCc1ccc(C2(c3ccc(CCCCCC)cc3)c3cc4c(cc3-c3sc5cc(/C=C6\C(=O)c7sc(Cl)cc7C6=C(C#N)C#N)sc5c32)C(c2ccc(CCCCCC)cc2)(c2ccc(CCCCCC)cc2)c2c-4sc3cc(/C=C4\C(=O)c5sc(Cl)cc5C4=C(C#N)C#N)sc23)cc1,1.04,16.7,65.7,11.4,-5.52,-3.6,-5.4,-3.78,,,2021,10.1002/adfm.202102189,"OPV-DB (Qiu, J., Zenodo, 2026, doi:10.5281/zenodo.20841543)"
J52,i-IEICO-2Cl,CCCCCCCCC(CCCCCC)Cn1nc2c(-c3cccs3)c(F)c(F)c(-c3ccc(-c4cc5c(-c6ccc(CC(CC)CCCC)s6)c6sccc6c(-c6ccc(CC(CC)CCCC)s6)c5s4)s3)c2n1,CCCCCCc1ccc(C2(c3ccc(CCCCCC)cc3)c3cc4c(cc3-c3sc(-c5scc(/C=C6\C(=O)c7cc(Cl)ccc7C6=C(C#N)C#N)c5OCC(CC)CCCC)cc32)C(c2ccc(CCCCCC)cc2)(c2ccc(CCCCCC)cc2)c2cc(-c3scc(/C=C5\C(=O)c6cc(Cl)ccc6C5=C(C#N)C#N)c3OCC(CC)CCCC)sc2-4)cc1,0.886,19.51,66.7,11.45,-5.2,-3.05,-5.42,-3.75,,,2021,10.1021/acsaem.1c02608,"OPV-DB (Qiu, J., Zenodo, 2026, doi:10.5281/zenodo.20841543)"
J52-F,JC2,CCCCCCCCC(CCCCCC)Cn1nc2c(-c3cccs3)c(F)c(F)c(-c3ccc(-c4cc5c(-c6cc(F)c(CC(CC)CCCC)s6)c6sccc6c(-c6cc(F)c(CC(CC)CCCC)s6)c5s4)s3)c2n1,CCCCCCCCC1(CCCCCCCC)c2cc3c(cc2-c2sc(-c4c5cc(C(=O)OCC)sc5c(/C=c5\sc(=C(C#N)C#N)n(CC)c5=O)c5nn(CC(CC)CCCC)nc45)cc21)C(CCCCCCCC)(CCCCCCCC)c1cc(-c2c4cc(C(=O)OCC)sc4c(/C=c4\sc(=C(C#N)C#N)n(CC)c4=O)c4nn(CC(CC)CCCC)nc24)sc1-3,0.991,18.05,63.9,11.44,-5.36,-3.42,-5.48,-3.73,,,2021,10.1039/d1tc02700j,"OPV-DB (Qiu, J., Zenodo, 2026, doi:10.5281/zenodo.20841543)"
PBDB-T,GL1,CCCCC(CC)Cc1ccc(-c2c3cc(-c4ccc(-c5sc(-c6cccs6)c6c5C(=O)c5c(CC(CC)CCCC)sc(CC(CC)CCCC)c5C6=O)s4)sc3c(-c3ccc(CC(CC)CCCC)s3)c3ccsc23)s1,CCCCCCc1ccc(C2(c3ccc(CCCCCC)cc3)c3cc(/C=C4\C(=O)c5cc(F)c(F)cc5C4=C(C#N)C#N)sc3-c3sc4c5c(sc4c32)-c2sc3c4c(sc3c2C5(c2ccc(CCCCCC)cc2)c2ccc(CCCCCC)cc2)-c2sc(/C=C3\C(=O)c5cc(F)c(F)cc5C3=C(C#N)C#N)cc2C4(c2ccc(CCCCCC)cc2)c2ccc(CCCCCC)cc2)cc1,0.761,22.59,66.5,11.43,-5.33,-3.48,-5.4,-3.83,,,2021,10.1021/acsami.1c13035,"OPV-DB (Qiu, J., Zenodo, 2026, doi:10.5281/zenodo.20841543)"
P-FT,m-ITIC,CCc1sc(-c2c3cc(-c4ccc(-c5c(F)c(F)c(-c6ccc(-c7cc8c(-c9cc(F)c(CC)s9)c9oc(-c%10ccc(-c%11c(F)c(F)c(-c%12ccc(-c%13cc%14c(-c%15cc(F)c(CC)s%15)c%15oc(-c%16ccc(-c%17c(F)c(F)c(-c%18cccs%18)c%18nn(CC)nc%17%18)s%16)cc%15c(-c%15cc(F)c(CC)s%15)c%14o%13)s%12)c%12nn(CC)nc%11%12)s%10)cc9c(-c9cc(F)c(CC)s9)c8o7)s6)c6nn(CC)nc56)s4)oc3c(-c3cc(F)c(CC)s3)c3ccoc23)cc1F,CCCCCCc1cccc(C2(c3cccc(CCCCCC)c3)c3cc4c(cc3-c3sc5cc(C=C6C(=O)c7ccccc7C6=C(C#N)C#N)sc5c32)C(c2cccc(CCCCCC)c2)(c2cccc(CCCCCC)c2)c2c-4sc3cc(C=C4C(=O)c5ccccc5C4=C(C#N)C#N)sc23)c1,0.924,17.64,70.1,11.43,-5.48,-3.48,-5.527,-3.854,,,2021,10.1039/d1ta04214a,"OPV-DB (Qiu, J., Zenodo, 2026, doi:10.5281/zenodo.20841543)"
J52-Cl,BTA13,CCCCCCCCC(CCCCCC)Cn1nc2c(-c3cccs3)c(F)c(F)c(-c3ccc(-c4cc5c(-c6cc(Cl)c(CC(CC)CCCC)s6)c6sccc6c(-c6cc(Cl)c(CC(CC)CCCC)s6)c5s4)s3)c2n1,CCCCCCCCn1nc2c(/C=c3/sc(=C(C#N)C#N)n(CC)c3=O)ccc(-c3cc4sc5c(c4s3)C(c3ccc(CCCCCC)cc3)(c3ccc(CCCCCC)cc3)c3cc4c(cc3-5)C(c3ccc(CCCCCC)cc3)(c3ccc(CCCCCC)cc3)c3c-4sc4cc(-c5ccc(/C=c6/sc(=C(C#N)C#N)n(CC)c6=O)c6nn(CCCCCCCC)nc56)sc34)c2n1,1.23,9.95,58.4,7.16,-5.39,-3.45,-5.34,-3.62,,,2021,10.1016/j.orgel.2021.106195,"OPV-DB (Qiu, J., Zenodo, 2026, doi:10.5281/zenodo.20841543)"
PM6,PYN-BDT,CCCCC(CC)Cc1sc(-c2c3cc(-c4ccc(-c5sc(-c6cccs6)c6c5C(=O)c5c(CC(CC)CCCC)sc(CC(CC)CCCC)c5C6=O)s4)sc3c(-c3cc(F)c(CC(CC)CCCC)s3)c3ccsc23)cc1F,CCCCCCCCCCCc1c(/C=C2\C(=O)c3cc4ccccc4cc3C2=C(C#N)C#N)sc2c1sc1c3c4nsnc4c4c5sc6c(CCCCCCCCCCC)c(/C=C7\C(=O)c8cc9cc(-c%10cc%11c(-c%12ccc(CC(CCCCCC)CCCCCCCC)s%12)c%12sccc%12c(-c%12ccc(CC(CCCCCC)CCCCCCCC)s%12)c%11s%10)ccc9cc8C7=C(C#N)C#N)sc6c5n(CC(CCCCCCCC)CCCCCCCCCC)c4c3n(CC(CCCCCCCC)CCCCCCCCCC)c21,0.97,14.36,52.0,7.24,-5.56,-3.65,-5.6,-3.76,,,2021,10.1021/acsenergylett.1c00009,"OPV-DB (Qiu, J., Zenodo, 2026, doi:10.5281/zenodo.20841543)"
PTBT,PCBM,CCCCC(CC)Cc1csc(-c2c3cc(-c4ccc(-c5sc(-c6cccs6)c6c5C(=O)c5c(CC(CC)CCCC)sc(CC(CC)CCCC)c5C6=O)s4)sc3c(-c3cc(CC(CC)CCCC)cs3)c3ccsc23)c1,COC(=O)CCCC1(c2ccccc2)C23c4c5c6c7c8c9c(c%10c%11c2c2c%12c4c4c%13c5c5c7c7c8c8c%14c9c%10c9c%10c%11c2c2c%11c%12c4c4c%12c%13c5c5c7c7c8c8c%14c9c9c%10c2c2c%11c4c4c%12c5c7c5c8c9c2c45)C613,0.86,11.7,70.0,7.07,-5.25,-3.38,-6.1,-3.7,,,2021,10.1021/acs.jpcc.1c07641,"OPV-DB (Qiu, J., Zenodo, 2026, doi:10.5281/zenodo.20841543)"
PST-TTC,Y6,CCCCCCCCOC(=O)c1ccsc1-c1ccc(-c2sc(-c3cc4c(-c5ccc(SCC(CC)CCCC)s5)c5sccc5c(-c5ccc(SCC(CC)CCCC)s5)c4s3)cc2C(=O)OCCCCCCCC)s1,CCCCCCCCCCCc1c(/C=C2\C(=O)c3cc(F)c(F)cc3C2=C(C#N)C#N)sc2c1sc1c3c4nsnc4c4c5sc6c(CCCCCCCCCCC)c(/C=C7\C(=O)c8cc(F)c(F)cc8C7=C(C#N)C#N)sc6c5n(CC(CC)CCCC)c4c3n(CC(CC)CCCC)c21,0.81,21.68,41.4,7.31,-5.39,-3.52,-5.65,-4.1,,,2021,10.1021/acsaem.1c01418,"OPV-DB (Qiu, J., Zenodo, 2026, doi:10.5281/zenodo.20841543)"
PCE10,COTIC-4F,CCCCC(CC)COC(=O)c1sc2c(-c3cc4c(-c5ccc(CC(CC)CCCC)s5)c5sccc5c(-c5ccc(CC(CC)CCCC)s5)c4s3)scc2c1F,CCCCC(CC)COc1cc(/C=C2\C(=O)c3cc(F)c(F)cc3C2=C(C#N)C#N)sc1-c1cc2c(s1)-c1sc(-c3sc(/C=C4\C(=O)c5cc(F)c(F)cc5C4=C(C#N)C#N)cc3OCC(CC)CCCC)cc1C2(CC(CC)CCCC)CC(CC)CCCC,0.56,20.3,56.3,7.4,-5.21,-3.6,-5.26,-4.16,,,2021,10.1016/j.dyepig.2021.109171,"OPV-DB (Qiu, J., Zenodo, 2026, doi:10.5281/zenodo.20841543)"
PBDT-TTz,IT-4F,CCCCC(CC)COc1c2cc(-c3sc(-c4nnc(-c5cc(CC(CC)CCCC)cs5)nn4)cc3CC(CC)CCCC)sc2c(OCC(CC)CCCC)c2ccsc12,CCCCCCc1ccc(C2(c3ccc(CCCCCC)cc3)c3cc4c(cc3-c3sc5cc(/C=C6\C(=O)c7cc(F)c(F)cc7C6=C(C#N)C#N)sc5c32)C(c2ccc(CCCCCC)cc2)(c2ccc(CCCCCC)cc2)c2c-4sc3cc(/C=C4\C(=O)c5cc(F)c(F)cc5C4=C(C#N)C#N)sc23)cc1,0.94,12.4,63.9,7.4,-5.19,-2.9,-5.66,-4.14,,,2021,10.1016/j.dyepig.2021.109817,"OPV-DB (Qiu, J., Zenodo, 2026, doi:10.5281/zenodo.20841543)"
PBCT-2F,Y6,CCc1csc(-c2cc(C#N)c(-c3cc(CC)c(-c4cc5c(-c6cc(F)c(CC)s6)c6sc(-c7sc(-c8cc(C#N)c(-c9cc(CC)c(-c%10cc%11c(-c%12cc(F)c(CC)s%12)c%12sc(-c%13sc(-c%14cc(C#N)c(-c%15cc(CC)c(-c%16cc%17c(-c%18cc(F)c(CC)s%18)c%18sccc%18c(-c%18cc(F)c(CC)s%18)c%17s%16)s%15)s%14)cc%13CC)cc%12c(-c%12cc(F)c(CC)s%12)c%11s%10)s9)s8)cc7CC)cc6c(-c6cc(F)c(CC)s6)c5s4)s3)s2)c1,CCCCCCCCCCCc1c(/C=C2\C(=O)c3cc(F)c(F)cc3C2=C(C#N)C#N)sc2c1sc1c3c4nsnc4c4c5sc6c(CCCCCCCCCCC)c(/C=C7\C(=O)c8cc(F)c(F)cc8C7=C(C#N)C#N)sc6c5n(CC(CC)CCCC)c4c3n(CC(CC)CCCC)c21,0.85,27.2,74.3,17.1,-5.58,-3.66,-5.65,-4.09,,,2021,10.1039/d1ee01957k,"OPV-DB (Qiu, J., Zenodo, 2026, doi:10.5281/zenodo.20841543)"
PBDB-T,BT-BIC,CCCCC(CC)Cc1ccc(-c2c3cc(-c4ccc(-c5sc(-c6cccs6)c6c5C(=O)c5c(CC(CC)CCCC)sc(CC(CC)CCCC)c5C6=O)s4)sc3c(-c3ccc(CC(CC)CCCC)s3)c3ccsc23)s1,C=C/C=C\c1c(C)ccc2c1C(=O)/C(=C\c1sc3c(sc4c5c6nsnc6c6c7sc8c(CCCCCCCCCCC)c(/C=C9\C(=O)c%10c(ccc%11ccccc%10%11)C9=C(C#N)C#N)sc8c7n(CC(CC)CCCC)c6c5n(CC(CC)CCCC)c34)c1CCCCCCCCCCC)C2=C(C#N)C#N,0.72,15.3,63.8,7.0,-5.33,-3.48,-5.46,-3.73,,,2021,10.1021/jacs.1c00211,"OPV-DB (Qiu, J., Zenodo, 2026, doi:10.5281/zenodo.20841543)"
PBDB-T,i-IDSe-4F,CCCCC(CC)Cc1ccc(-c2c3cc(-c4ccc(-c5sc(-c6cccs6)c6c5C(=O)c5c(CC(CC)CCCC)sc(CC(CC)CCCC)c5C6=O)s4)sc3c(-c3ccc(CC(CC)CCCC)s3)c3ccsc23)s1,CCCCCCc1ccc(C2(c3ccc(CCCCCC)cc3)c3cc4c(cc3-c3[se]c(-c5scc(/C=C6\C(=O)c7cc(F)c(F)cc7C6=C(C#N)C#N)c5CC(CC)CCCCC)cc32)C(c2ccc(CCCCCC)cc2)(c2ccc(CCCCCC)cc2)c2cc(-c3scc(/C=C5\C(=O)c6cc(F)c(F)cc6C5=C(C#N)C#N)c3CC(CC)CCCCC)[se]c2-4)cc1,0.869,19.52,70.6,11.99,-5.33,-3.53,-4.99,-3.35,,,2021,10.1021/acsaem.1c03817,"OPV-DB (Qiu, J., Zenodo, 2026, doi:10.5281/zenodo.20841543)"
PBDB-T,BTP-N,CCCCC(CC)Cc1ccc(-c2c3cc(-c4ccc(-c5sc(-c6cccs6)c6c5C(=O)c5c(CC(CC)CCCC)sc(CC(CC)CCCC)c5C6=O)s4)sc3c(-c3ccc(CC(CC)CCCC)s3)c3ccsc23)s1,CCCCCCCCCCCc1c(/C=C2\C(=O)c3cc(F)c(F)cc3C2=C(C#N)C#N)sc2c1sc1c3c4nn(CC(CC)CCCC)nc4c4c5sc6c(CCCCCCCCCCC)c(/C=C/C=C7\C(=O)c8cc(F)c(F)cc8C7=C(C#N)C#N)sc6c5n(CC(CCCC)CCCCCC)c4c3n(CC(CCCC)CCCCCC)c21,0.748,24.87,64.4,11.97,-5.33,-3.48,-5.63,-3.98,,,2021,10.1016/j.cej.2021.132830,"OPV-DB (Qiu, J., Zenodo, 2026, doi:10.5281/zenodo.20841543)"
PM6,PBTIC-γ-2T,CCCCC(CC)Cc1sc(-c2c3cc(-c4ccc(-c5sc(-c6cccs6)c6c5C(=O)c5c(CC(CC)CCCC)sc(CC(CC)CCCC)c5C6=O)s4)sc3c(-c3cc(F)c(CC(CC)CCCC)s3)c3ccsc23)cc1F,CCCCCCCCCCCc1c(/C=C2\C(=O)c3ccccc3C2=C(C#N)C#N)sc2c1sc1c3c4nsnc4c4c5sc6c(CCCCCCCCCCC)c(/C=C7\C(=O)c8cc(-c9ccc(-c%10cccs%10)s9)ccc8C7=C(C#N)C#N)sc6c5n(CC(CCCCCCCC)CCCCCCCCCC)c4c3n(CC(CCCCCCCC)CCCCCCCCCC)c21,0.95,20.85,60.22,11.92,-5.56,-3.65,-5.51,-3.77,,,2021,10.1002/adfm.202100877,"OPV-DB (Qiu, J., Zenodo, 2026, doi:10.5281/zenodo.20841543)"
PBBT-TSi,m-ITIC,CCCCCCCCCc1csc(-c2nc(CCCCCCCCC)c(-c3cc4c(-c5ccc([Si](CCC)(CCC)CCC)s5)c5sccc5c(-c5ccc([Si](CCC)(CCC)CCC)s5)c4s3)s2)n1,CCCCCCc1cccc(C2(c3cccc(CCCCCC)c3)c3cc4c(cc3-c3sc5cc(C=C6C(=O)c7ccccc7C6=C(C#N)C#N)sc5c32)C(c2cccc(CCCCCC)c2)(c2cccc(CCCCCC)c2)c2c-4sc3cc(C=C4C(=O)c5ccccc5C4=C(C#N)C#N)sc23)c1,1.052,2.26,40.33,0.96,-5.5,-3.5,-5.527,-3.854,,,2021,10.1016/j.orgel.2021.106130,"OPV-DB (Qiu, J., Zenodo, 2026, doi:10.5281/zenodo.20841543)"
PBDB-T,PzDP-T,CCCCC(CC)Cc1ccc(-c2c3cc(-c4ccc(-c5sc(-c6cccs6)c6c5C(=O)c5c(CC(CC)CCCC)sc(CC(CC)CCCC)c5C6=O)s4)sc3c(-c3ccc(CC(CC)CCCC)s3)c3ccsc23)s1,CCCCCCCCCCCCC(CCCCCCCCCC)CN1C(=O)C(c2ccccc2)=c2nc3c(nc21)=C(c1ccc(-c2cccs2)cc1)C(=O)N3CC(CCCCCCCCCC)CCCCCCCCCCCC,0.71,4.46,42.0,1.33,-5.33,-3.48,-5.87,-4.05,,,2021,10.1002/chem.202102084,"OPV-DB (Qiu, J., Zenodo, 2026, doi:10.5281/zenodo.20841543)"
PM6,BN-T,CCCCC(CC)Cc1sc(-c2c3cc(-c4ccc(-c5sc(-c6cccs6)c6c5C(=O)c5c(CC(CC)CCCC)sc(CC(CC)CCCC)c5C6=O)s4)sc3c(-c3cc(F)c(CC(CC)CCCC)s3)c3ccsc23)cc1F,CCCCCCCCCCCCc1csc(-c2cnc(-c3sc(-c4cccs4)c(CCCCCCCCCCCC)c3B(c3ccccc3)c3ccccc3)cn2)c1B(c1ccccc1)c1ccccc1,1.013,4.31,38.7,1.59,-5.56,-3.65,-5.43,-3.85,,,2021,10.1016/j.joule.2021.02.002,"OPV-DB (Qiu, J., Zenodo, 2026, doi:10.5281/zenodo.20841543)"
PTST,O-IDTBR,CCCCCCCCCCCCc1csc(-c2ccc(/C=C/c3ccccc3)cc2)c1,CCCCCCCCC1(CCCCCCCC)c2cc3c(cc2-c2sc(-c4ccc(/C=C5\SC(=S)N(CC)C5=O)c5nsnc45)cc21)C(CCCCCCCC)(CCCCCCCC)c1cc(-c2ccc(/C=C4\SC(=S)N(CC)C4=O)c4nsnc24)sc1-3,0.73,14.02,64.8,6.77,-5.41,-2.94,-5.52,-3.89,,,2021,10.1039/d1py01051d,"OPV-DB (Qiu, J., Zenodo, 2026, doi:10.5281/zenodo.20841543)"
PM6,PNDI-2FT,CCCCC(CC)Cc1sc(-c2c3cc(-c4ccc(-c5sc(-c6cccs6)c6c5C(=O)c5c(CC(CC)CCCC)sc(CC(CC)CCCC)c5C6=O)s4)sc3c(-c3cc(F)c(CC(CC)CCCC)s3)c3ccsc23)cc1F,CCCCCCCCCCC(CCCCCCCC)CN1C(=O)c2ccc3c4c(c(-c5cc(F)c(-c6sccc6F)s5)cc(c24)C1=O)C(=O)N(CC(CCCCCCCC)CCCCCCCCCC)C3=O,0.926,12.52,58.0,6.72,-5.56,-3.65,-5.93,-4.02,,,2021,10.1021/acsami.1c03739,"OPV-DB (Qiu, J., Zenodo, 2026, doi:10.5281/zenodo.20841543)"
PBDB-TF,BTP-4Cl,CCCCC(CC)Cc1sc(-c2c3cc(-c4ccc(-c5sc(-c6cccs6)c6c5C(=O)c5c(CC(CC)CCCC)sc(CC(CC)CCCC)c5C6=O)s4)sc3c(-c3cc(F)c(CC(CC)CCCC)s3)c3ccsc23)cc1F,CCCCCCCCCc1c(/C=C2\C(=O)c3cc(Cl)c(Cl)cc3C2=C(C#N)C#N)sc2c1sc1c3c4nsnc4c4c5sc6c(CCC)c(/C=C7\C(=O)c8cc(Cl)c(Cl)cc8C7=C(C#N)C#N)sc6c5n(CC(CCCC)CCCCCC)c4c3n(CC(CCCC)CCCCCC)c21,0.838,26.7,79.0,17.7,-5.49,-3.64,-5.66,-4.14,,,2021,10.1002/anie.202102622,"OPV-DB (Qiu, J., Zenodo, 2026, doi:10.5281/zenodo.20841543)"
PM7,Y6-BO,CCCCC(CC)Cc1sc(-c2c3ccsc3c(-c3cc(Cl)c(CC(CC)CCCC)s3)c3sc(-c4ccc(-c5sc(-c6cccs6)c6c5C(=O)c5c(CC(CC)CCCC)sc(CC(CC)CCCC)c5C6=O)s4)cc23)cc1Cl,CCCCCCCCCCCc1c(/C=C2\C(=O)c3cc(F)c(F)cc3C2=C(C#N)C#N)sc2c1sc1c3c4nsnc4c4c5sc6c(CCCCCCCCCCC)c(/C=C7\C(=O)c8cc(F)c(F)cc8C7=C(C#N)C#N)sc6c5n(CC(CCCC)CCCCCC)c4c3n(CC(CCCC)CCCCCC)c21,0.861,26.7,76.4,17.6,-5.575,-3.67,-5.65,-4.1,,,2021,10.1016/j.nanoen.2021.106814,"OPV-DB (Qiu, J., Zenodo, 2026, doi:10.5281/zenodo.20841543)"
PBDB-TF,A-WSSe-Cl,CCCCC(CC)Cc1sc(-c2c3cc(-c4ccc(-c5sc(-c6cccs6)c6c5C(=O)c5c(CC(CC)CCCC)sc(CC(CC)CCCC)c5C6=O)s4)sc3c(-c3cc(F)c(CC(CC)CCCC)s3)c3ccsc23)cc1F,CCCCCCCCCCCc1c(/C=C2\C(=O)c3cc(Cl)c(Cl)cc3C2=C(C#N)C#N)[se]c2c1SC1c3c(c4c(c5nsnc35)c3sc5c(CCCCCCCCCCC)c(/C=C6\C(=O)c7cc(Cl)c(Cl)cc7C6=C(C#N)C#N)sc5c3n4CC(CCCC)CCCCCC)N(CC(CCCC)CCCCCC)C21,0.85,26.58,77.5,17.51,-5.49,-3.64,-5.7,-3.86,,,2021,10.1002/anie.202104766,"OPV-DB (Qiu, J., Zenodo, 2026, doi:10.5281/zenodo.20841543)"
PBDB-T,BT-BIC,CCCCC(CC)Cc1ccc(-c2c3cc(-c4ccc(-c5sc(-c6cccs6)c6c5C(=O)c5c(CC(CC)CCCC)sc(CC(CC)CCCC)c5C6=O)s4)sc3c(-c3ccc(CC(CC)CCCC)s3)c3ccsc23)s1,CCCCCCCCCCCc1c(/C=C2\C(=O)c3c(ccc4ccccc34)C2=C(C#N)C#N)sc2c1sc1c3c4nsnc4c4c5sc6c(CCCCCCCCCCC)c(/C=C7\C(=O)c8c(ccc9ccccc89)C7=C(C#N)C#N)sc6c5n(CC(CC)CCCC)c4c3n(CC(CC)CCCC)c21,0.72,15.0,63.5,6.8,-5.38,-3.5,-5.46,-3.73,,,2021,10.1021/jacs.1c00211,"OPV-DB (Qiu, J., Zenodo, 2026, doi:10.5281/zenodo.20841543)"
PBDB-T,A1,CCCCC(CC)Cc1ccc(-c2c3cc(-c4ccc(-c5sc(-c6cccs6)c6c5C(=O)c5c(CC(CC)CCCC)sc(CC(CC)CCCC)c5C6=O)s4)sc3c(-c3ccc(CC(CC)CCCC)s3)c3ccsc23)s1,CCCCCCCCN1C(=O)c2c(-c3ccccc3)cc3c4c(cc(-c5ccccc5)c(c24)C1=O)C1C=C(c2ccccc2)C2=C4C1=C3C=C(c1ccccc1)C4C(=O)N(CCCCCCCC)C2=O,0.7,4.47,41.13,1.28,-5.33,-3.48,-5.66,-3.7,,,2021,10.1039/d1nj00540e,"OPV-DB (Qiu, J., Zenodo, 2026, doi:10.5281/zenodo.20841543)"
PBDB-T,CPIC-1,CCCCC(CC)Cc1ccc(-c2c3cc(-c4ccc(-c5sc(-c6cccs6)c6c5C(=O)c5c(CC(CC)CCCC)sc(CC(CC)CCCC)c5C6=O)s4)sc3c(-c3ccc(CC(CC)CCCC)s3)c3ccsc23)s1,CCCCCCCCC1(CCCCCCCC)c2cc(/C=C3\C(=O)c4cc(F)c(F)cc4C3=C(C#N)C#N)sc2-c2sc(/C=C3\C(=O)c4cc(F)c(F)cc4C3=C(C#N)C#N)cc21,0.38,5.16,31.9,0.63,-5.33,-3.48,-5.61,-3.62,,,2021,10.1002/asia.202101147,"OPV-DB (Qiu, J., Zenodo, 2026, doi:10.5281/zenodo.20841543)"
J52-Cl,BTA11,CCCCCCCCC(CCCCCC)Cn1nc2c(-c3cccs3)c(F)c(F)c(-c3ccc(-c4cc5c(-c6cc(Cl)c(CC(CC)CCCC)s6)c6sccc6c(-c6cc(Cl)c(CC(CC)CCCC)s6)c5s4)s3)c2n1,CCc1ccc(C2(c3ccc(CC)cc3)c3cc4c(cc3-c3sc5cc(-c6ccc(/C=C7\SC(=S)N(CC)C7=O)c7nn(CC)nc67)sc5c32)C(c2ccc(CC)cc2)(c2ccc(CC)cc2)c2c-4sc3cc(-c4ccc(/C=C5\SC(=S)N(CC)C5=O)c5nn(CC)nc45)sc23)cc1,1.2,0.43,25.9,0.13,-5.39,-3.45,-5.29,-3.53,,,2021,10.1016/j.orgel.2021.106195,"OPV-DB (Qiu, J., Zenodo, 2026, doi:10.5281/zenodo.20841543)"
PM6,PBTIC-δ-2F2T,CCCCC(CC)Cc1sc(-c2c3cc(-c4ccc(-c5sc(-c6cccs6)c6c5C(=O)c5c(CC(CC)CCCC)sc(CC(CC)CCCC)c5C6=O)s4)sc3c(-c3cc(F)c(CC(CC)CCCC)s3)c3ccsc23)cc1F,CCCCCCCCCCCc1c(/C=C2\C(=O)c3ccccc3C2=C(C#N)C#N)sc2c1sc1c3c4nsnc4c4c5sc6c(CCCCCCCCCCC)c(/C=C7\C(=O)c8ccc(-c9cc(F)c(-c%10sccc%10F)s9)cc8C7=C(C#N)C#N)sc6c5n(CC(CCCCCCCC)CCCCCCCCCC)c4c3n(CC(CCCCCCCC)CCCCCCCCCC)c21,0.08,0.91,24.8,0.02,-5.56,-3.65,-5.58,-3.83,,,2022,10.1016/j.enrev.2022.100008,"OPV-DB (Qiu, J., Zenodo, 2026, doi:10.5281/zenodo.20841543)"
PTB7-Th,PPDI-TT2F,CCCCC(CC)COC(=O)c1sc2csc(-c3cc4c(-c5ccc(CC(CC)CCCC)s5)c5sccc5c(-c5ccc(CC(CC)CCCC)s5)c4s3)c2c1F,CCCCCCC(CCCCCC)N1C(=O)c2ccc3c4ccc5c6c(cc(-c7cc(F)c(-c8sccc8F)s7)c(c7ccc(c2c37)C1=O)c64)C(=O)N(C(CCCCCC)CCCCCC)C5=O,0.77,3.11,28.16,0.67,-5.29,-3.72,-5.65,-3.92,,,2022,10.1016/j.dyepig.2022.110462,"OPV-DB (Qiu, J., Zenodo, 2026, doi:10.5281/zenodo.20841543)"
PI-BDT1,Y6,CCCCCCCCCCC(CCCCCCCC)CNC(=O)c1ccsc1-c1cnc(-c2sc(-c3cc4c(OCC(CCCCCCCC)CCCCCCCCCC)c5sccc5c(OCC(CCCCCCCC)CCCCCCCCCC)c4s3)cc2C(=O)NCC(CCCCCCCC)CCCCCCCCCC)cn1,CCCCCCCCCCCc1c(/C=C2\C(=O)c3cc(F)c(F)cc3C2=C(C#N)C#N)sc2c1sc1c3c4nsnc4c4c5sc6c(CCCCCCCCCCC)c(/C=C7\C(=O)c8cc(F)c(F)cc8C7=C(C#N)C#N)sc6c5n(CC(CC)CCCC)c4c3n(CC(CC)CCCC)c21,0.62,0.5,23.4,0.1,-5.38,-3.38,-5.65,-4.1,,,2022,10.1039/d2py01329k,"OPV-DB (Qiu, J., Zenodo, 2026, doi:10.5281/zenodo.20841543)"
J52-Cl,BTA1,CCCCCCCCC(CCCCCC)Cn1nc2c(-c3cccs3)c(F)c(F)c(-c3ccc(-c4cc5c(-c6cc(Cl)c(CC(CC)CCCC)s6)c6sccc6c(-c6cc(Cl)c(CC(CC)CCCC)s6)c5s4)s3)c2n1,CCCCCCCCn1nc2c(/C=C3\SC(=S)N(CC)C3=O)ccc(-c3cc4c(s3)-c3cc5c(cc3C4(c3ccc(CCCCCC)cc3)c3ccc(CCCCCC)cc3)-c3sc(-c4ccc(/C=C6\SC(=S)N(CC)C6=O)c6nn(CCCCCCCC)nc46)cc3C5(c3ccc(CCCCCC)cc3)c3ccc(CCCCCC)cc3)c2n1,1.332,1.5,30.88,0.62,-5.39,-3.45,-5.49,-3.55,,,2022,10.1016/j.joule.2022.07.001,"OPV-DB (Qiu, J., Zenodo, 2026, doi:10.5281/zenodo.20841543)"
PM6,Qx-2,CCCCC(CC)Cc1sc(-c2c3cc(-c4ccc(-c5sc(-c6cccs6)c6c5C(=O)c5c(CC(CC)CCCC)sc(CC(CC)CCCC)c5C6=O)s4)sc3c(-c3cc(F)c(CC(CC)CCCC)s3)c3ccsc23)cc1F,CCc1ccc(-c2c3cc(-c4ccc(-c5c(F)c(F)c(-c6ccc(-c7cc8c(-c9ccc(CC)s9)c9sc(-c%10ccc(-c%11c(F)c(F)c(-c%12ccc(-c%13cc%14c(-c%15ccc(CC)s%15)c%15sc(-c%16ccc(-c%17c(F)c(F)c(-c%18cccs%18)c%18nc(-c%19sc(CC)c(F)c%19F)c(-c%19sc(CC)c(F)c%19F)nc%17%18)s%16)cc%15c(-c%15ccc(CC)s%15)c%14s%13)s%12)c%12nc(-c%13sc(CC)c(F)c%13F)c(-c%13sc(CC)c(F)c%13F)nc%11%12)s%10)cc9c(-c9ccc(CC)s9)c8s7)s6)c6nc(-c7sc(CC)c(F)c7F)c(-c7sc(CC)c(F)c7F)nc56)s4)sc3c(-c3ccc(CC)s3)c3ccsc23)s1,0.93,26.5,74.0,18.2,-5.56,-3.65,-5.4,-3.1,,,2022,10.1002/chem.202203356,"OPV-DB (Qiu, J., Zenodo, 2026, doi:10.5281/zenodo.20841543)"
PM6,BTA3,CCCCC(CC)Cc1sc(-c2c3cc(-c4ccc(-c5sc(-c6cccs6)c6c5C(=O)c5c(CC(CC)CCCC)sc(CC(CC)CCCC)c5C6=O)s4)sc3c(-c3cc(F)c(CC(CC)CCCC)s3)c3ccsc23)cc1F,CCCCCCCCn1nc2c(/C=c3\sc(=C(C#N)C#N)n(CC)c3=O)ccc(-c3cc4c(s3)-c3cc5c(cc3C4(c3ccc(CCCCCC)cc3)c3ccc(CCCCCC)cc3)-c3sc(-c4ccc(/C=c6\sc(=C(C#N)C#N)n(CC)c6=O)c6nn(CCCCCCCC)nc46)cc3C5(c3ccc(CCCCCC)cc3)c3ccc(CCCCCC)cc3)c2n1,1.282,0.86,48.3,0.51,-5.56,-3.65,-5.49,-3.72,,,2022,10.1021/acsaem.2c01601,"OPV-DB (Qiu, J., Zenodo, 2026, doi:10.5281/zenodo.20841543)"
PBDTTTC-T,P2TP,CCCCC(CC)CC(=O)c1cc2c(-c3cc4c(-c5ccc(CC(CC)CCCC)s5)c5sccc5c(-c5ccc(CC(CC)CCCC)s5)c4s3)scc2s1,CCCCC(CC)CN1C(=O)c2ccc3c4ccc5c6c(cc(-c7ccc(-c8ccc(-c9cc%10c%11c(ccc%12c%13ccc%14c%15c(ccc(c9c%11%12)c%15%13)C(=O)N(CC(CC)CCCC)C%14=O)C(=O)N(CC(CC)CCCC)C%10=O)s8)s7)c(c7ccc(c2c37)C1=O)c64)C(=O)N(CC(CC)CCCC)C5=O,0.83,3.05,31.3,0.79,-5.13,-3.27,-5.63,-3.76,,,2022,10.1002/cjoc.202200027,"OPV-DB (Qiu, J., Zenodo, 2026, doi:10.5281/zenodo.20841543)"
PBDTTTC-T,P0TP,CCCCC(CC)CC(=O)c1cc2c(-c3cc4c(-c5ccc(CC(CC)CCCC)s5)c5sccc5c(-c5ccc(CC(CC)CCCC)s5)c4s3)scc2s1,CCCCC(CC)CN1C(=O)c2ccc3c4ccc5c6c(cc(-c7cc8c9c(ccc%10c%11ccc%12c%13c(ccc(c7c9%10)c%13%11)C(=O)N(CC(CC)CCCC)C%12=O)C(=O)N(CC(CC)CCCC)C8=O)c(c7ccc(c2c37)C1=O)c64)C(=O)N(CC(CC)CCCC)C5=O,0.84,2.11,42.7,0.76,-5.13,-3.27,-5.74,-3.84,,,2022,10.1002/cjoc.202200027,"OPV-DB (Qiu, J., Zenodo, 2026, doi:10.5281/zenodo.20841543)"
D18-Cl,BTP-eC9,CCCCCCC(CCCC)Cc1csc(-c2cc3c4nsnc4c4cc(-c5cc(CC(CCCC)CCCCCC)c(-c6cc7c(-c8cc(Cl)c(CC(CC)CCCC)s8)c8sccc8c(-c8cc(Cl)c(CC(CC)CCCC)s8)c7s6)s5)sc4c3s2)c1,CCCCCCCCCc1c(/C=C2\C(=O)c3cc(Cl)c(Cl)cc3C2=C(C#N)C#N)sc2c1sc1c3c4nsnc4c4c5sc6c(CCCCCCCCC)c(/C=C7\C(=O)c8cc(Cl)c(Cl)cc8C7=C(C#N)C#N)sc6c5n(CC(CCCC)CCCCCC)c4c3n(CC(CCCC)CCCCCC)c21,0.917,25.42,78.29,18.25,-5.51,-2.77,-5.68,-3.9,,,2022,10.1002/adma.202208997,"OPV-DB (Qiu, J., Zenodo, 2026, doi:10.5281/zenodo.20841543)"
PBQ-0F,ITIC,CCCCCCCCOc1cccc(-c2nc3c(-c4cccs4)ccc(-c4ccc(-c5cc6c(-c7ccc(CC(CC)CCCC)s7)c7sccc7c(-c7ccc(CC(CC)CCCC)s7)c6s5)s4)c3nc2-c2cccc(OCCCCCCCC)c2)c1,CCCCCCc1ccc(C2(c3ccc(CCCCCC)cc3)c3cc4c(cc3-c3sc5cc(C=C6C(=O)c7ccccc7C6=C(C#N)C#N)sc5c32)C(c2ccc(CCCCCC)cc2)(c2ccc(CCCCCC)cc2)c2c-4sc3cc(C=C4C(=O)c5ccccc5C4=C(C#N)C#N)sc23)cc1,0.69,16.16,60.0,6.68,-5.18,-3.48,-5.576,-3.916,,,2022,10.1021/accountsmr.2c00020,"OPV-DB (Qiu, J., Zenodo, 2026, doi:10.5281/zenodo.20841543)"
P132,PC71BM,CCCCCCCCCCCc1nc(-c2c3cc(-c4scc5c4C(=O)N(CC(CC)CCCC)C5=O)sc3c(-c3nc(CCCCCCCCCCC)c(CCCCCCCCCCC)s3)c3ccsc23)sc1CCCCCCCCCCC,COC(=O)CCCC1(c2ccccc2)C23c4c5ccc6c7cc8c9c%10c(cc%11cc%12c%13c%14c(cc%15c%16ccc-5c2c%16c2c5c%16c%17c(c(c46)c7c9c%17c4c%10c%11c%13c4c%16c%14c%152)C513)C%12)C8,0.86,12.78,64.0,7.03,-5.54,-3.38,-5.9,-3.9,,,2022,10.1002/ente.202200215,"OPV-DB (Qiu, J., Zenodo, 2026, doi:10.5281/zenodo.20841543)"
PTzBT,Y6,CCCCCCCCC(CCCCCC)Cc1ccsc1-c1nc2sc(-c3sc(-c4cc(CC(CCCC)CCCCCC)c(-c5nc6sc(-c7sccc7CC(CCCC)CCCCCC)nc6s5)s4)cc3CC(CCCCCC)CCCCCCCC)nc2s1,CCCCCCCCCCCc1c(/C=C2\C(=O)c3cc(F)c(F)cc3C2=C(C#N)C#N)sc2c1sc1c3c4nsnc4c4c5sc6c(CCCCCCCCCCC)c(/C=C7\C(=O)c8cc(F)c(F)cc8C7=C(C#N)C#N)sc6c5n(CC(CC)CCCC)c4c3n(CC(CC)CCCC)c21,0.76,14.5,64.0,7.0,-5.12,-2.76,-5.65,-4.09,,,2022,10.1002/aenm.202203443,"OPV-DB (Qiu, J., Zenodo, 2026, doi:10.5281/zenodo.20841543)"
PBDBT,PCBM,CCCCC(CC)Cc1sc(-c2c3cc(-c4cccc5nsnc45)sc3c(-c3cc(Cl)c(CC(CC)CCCC)s3)c3ccsc23)cc1Cl,COC(=O)CCCC1(c2ccccc2)C23c4c5c6c7c8c9c(c%10c%11c2c2c%12c4c4c%13c5c5c7c7c8c8c%14c9c%10c9c%10c%11c2c2c%11c%12c4c4c%12c%13c5c5c7c7c8c8c%14c9c9c%10c2c2c%11c4c4c%12c5c7c5c8c9c2c45)C613,0.89,12.5,63.7,7.1,-5.33,-3.48,-6.1,-3.7,,,2022,10.1002/advs.202200366,"OPV-DB (Qiu, J., Zenodo, 2026, doi:10.5281/zenodo.20841543)"
PTB7-Th,N3,CC(CC)CCCC(=O)OCC1=C(SC(=C1)C2=CC3=C(S2)C(=O)C4=C(C3=O)C5=CC(=CC(=C5S4)F)C(CC)CCCC)C(=O)OCCCC(CC)C,CCCCCCCCCCCc1c(/C=C2\C(=O)c3cc(F)c(F)cc3C2=C(C#N)C#N)sc2c1sc1c3c4nsnc4c4c5sc6c(CCCCCCCCCCC)c(/C=C7\C(=O)c8cc(F)c(F)cc8C7=C(C#N)C#N)sc6c5n(CCC(CC)CCCC)c4c3n(CCC(CC)CCCC)c21,0.81,15.15,58.5,7.18,-5.24,-3.64,-5.64,-3.86,,,2022,10.1021/acsaem.2c00186,"OPV-DB (Qiu, J., Zenodo, 2026, doi:10.5281/zenodo.20841543)"
PTB7-Th,4TIC-4F,CCCCC(CC)COC(=O)c1sc2csc(-c3cc4c(-c5ccc(CC(CC)CCCC)s5)c5sccc5c(-c5ccc(CC(CC)CCCC)s5)c4s3)c2c1F,CCCCCCc1ccc(C2(c3ccc(CCCCCC)cc3)c3cc(/C=C4\C(=O)c5cc(F)c(F)cc5C4=C(C#N)C#N)sc3-c3sc4c5c(sc4c32)-c2sc(/C=C3\C(=O)c4cc(F)c(F)cc4C3=C(C#N)C#N)cc2C5(c2ccc(CCCCCC)cc2)c2ccc(CCCCCC)cc2)cc1,0.63,17.7,65.0,7.25,-5.21,-3.6,-5.63,-4.115,,,2022,10.1016/j.cej.2022.135020,"OPV-DB (Qiu, J., Zenodo, 2026, doi:10.5281/zenodo.20841543)"
PBDB-T-2Cl,PC71BM,CCCCC(CC)Cc1sc(-c2c3cc(-c4ccc(-c5sc(-c6cccs6)c6c5C(=O)c5c(CC(CC)CCCC)sc(CC(CC)CCCC)c5C6=O)s4)sc3c(-c3cc(Cl)c(CC(CC)CCCC)s3)c3ccsc23)cc1Cl,COC(=O)CCCC1(c2ccccc2)C23c4c5ccc6c7cc8c9c%10c(cc%11cc%12c%13c%14c(cc%15c%16ccc-5c2c%16c2c5c%16c%17c(c(c46)c7c9c%17c4c%10c%11c%13c4c%16c%14c%152)C513)C%12)C8,0.97,11.73,63.83,7.28,-5.52,-3.6,-5.9,-3.9,,,2022,10.1016/j.orgel.2022.106728,"OPV-DB (Qiu, J., Zenodo, 2026, doi:10.5281/zenodo.20841543)"
P3HT,DCNBT-IDT,CCCCCCc1ccsc1,CCCCCCCCC1(CCCCCCCC)c2cc3c(cc2-c2sccc21)C(CCCCCCCC)(CCCCCCCC)c1cc(-c2c(C#N)c(C#N)cc4nsnc24)sc1-3,0.65,16.7,68.0,7.35,-5.01,-3.12,-5.59,-3.75,,,2022,10.1002/solr.202200073,"OPV-DB (Qiu, J., Zenodo, 2026, doi:10.5281/zenodo.20841543)"
PTB7-Th,IEIC3,CCCCC(CC)COC(=O)c1sc2csc(-c3cc4c(-c5ccc(CC(CC)CCCC)s5)c5sccc5c(-c5ccc(CC(CC)CCCC)s5)c4s3)c2c1F,CCCCCCc1ccc(C2(c3ccc(CCCCCC)cc3)c3cc4c(cc3-c3sc(-c5sc(/C=C6\C(=O)c7ccccc7C6=C(C#N)C#N)cc5CCCCCC)cc32)C(c2ccc(CCCCCC)cc2)(c2ccc(CCCCCC)cc2)c2cc(-c3sc(/C=C5\C(=O)c6ccccc6C5=C(C#N)C#N)cc3CCCCCC)sc2-4)cc1,0.93,12.8,58.0,7.4,-5.21,-3.6,-5.46,-3.86,,,2022,10.1002/cjoc.202200027,"OPV-DB (Qiu, J., Zenodo, 2026, doi:10.5281/zenodo.20841543)"
PM2,PC61BM,CCCCCCCCCCC(CCCCCCCC)Cc1ccc(-c2c3cc(-c4cnc(-c5cc6c(s5)-c5sc(-c7nccc8nsnc78)cc5C6(CC(CC)CCCC)CC(CC)CCCC)c5nsnc45)sc3c(-c3ccc(CC(CCCCCCCC)CCCCCCCCCC)s3)c3ccsc23)s1,COC(=O)CCCC1(c2ccccc2)C23c4c5c6c7c8c9c(c%10c%11c2c2c%12c4c4c%13c5c5c7c7c8c8c%14c9c%10c9c%10c%11c2c2c%11c%12c4c4c%12c%13c5c5c7c7c8c8c%14c9c9c%10c2c2c%11c4c4c%12c5c7c5c8c9c2c45)C613,0.822,13.76,66.4,7.51,-5.3,-3.9,-6.1,-3.7,,,2022,10.1002/solr.202200135,"OPV-DB (Qiu, J., Zenodo, 2026, doi:10.5281/zenodo.20841543)"
PBDT-3T,ITCPTC,CCCCC(CC)Cc1ccsc1-c1ccc(-c2sc(-c3cc4c(-c5cc(F)c(CC(CC)CCCC)s5)c5sccc5c(-c5cc(F)c(CC(CC)CCCC)s5)c4s3)cc2CC(CC)CCCC)s1,CCCCCCc1ccc(C2(c3ccc(CCCCCC)cc3)c3cc4c(cc3-c3sc5cc(/C=C6\C(=O)c7cscc7C6=C(C#N)C#N)sc5c32)C(c2ccc(CCCCCC)cc2)(c2ccc(CCCCCC)cc2)c2c-4sc3cc(/C=C4\C(=O)c5cscc5C4=C(C#N)C#N)sc23)cc1,0.95,13.92,56.61,7.51,-5.48,-3.21,-5.63,-3.96,,,2022,10.1016/j.polymer.2022.124639,"OPV-DB (Qiu, J., Zenodo, 2026, doi:10.5281/zenodo.20841543)"
PTQ10,PC61BM,CCCCCCCCC(CCCCCC)COc1cnc2c(-c3cccs3)c(F)c(F)cc2n1,COC(=O)CCCC1(c2ccccc2)C23c4c5c6c7c8c9c(c%10c%11c2c2c%12c4c4c%13c5c5c7c7c8c8c%14c9c%10c9c%10c%11c2c2c%11c%12c4c4c%12c%13c5c5c7c7c8c8c%14c9c9c%10c2c2c%11c4c4c%12c5c7c5c8c9c2c45)C613,0.94,10.78,74.0,7.51,-5.54,-2.92,-6.1,-3.7,,,2022,10.1039/d2ta01205g,"OPV-DB (Qiu, J., Zenodo, 2026, doi:10.5281/zenodo.20841543)"
PCDTBT,PC71BM,CCCCCCCCC(CCCCCCCC)n1c2ccccc2c2ccc(-c3ccc(-c4ccc(-c5cccs5)c5nsnc45)s3)cc21,COC(=O)CCCC1(c2ccccc2)C23c4c5ccc6c7cc8c9c%10c(cc%11cc%12c%13c%14c(cc%15c%16ccc-5c2c%16c2c5c%16c%17c(c(c46)c7c9c%17c4c%10c%11c%13c4c%16c%14c%152)C513)C%12)C8,0.925,12.44,65.7,7.56,-5.5,-3.6,-5.9,-3.9,,,2022,10.1021/acssuschemeng.2c04916,"OPV-DB (Qiu, J., Zenodo, 2026, doi:10.5281/zenodo.20841543)"
PTzBT,PC71BM,CCCCCCCCC(CCCCCC)Cc1ccsc1-c1nc2sc(-c3sc(-c4cc(CC(CCCC)CCCCCC)c(-c5nc6sc(-c7sccc7CC(CCCC)CCCCCC)nc6s5)s4)cc3CC(CCCCCC)CCCCCCCC)nc2s1,COC(=O)CCCC1(c2ccccc2)C23c4c5ccc6c7cc8c9c%10c(cc%11cc%12c%13c%14c(cc%15c%16ccc-5c2c%16c2c5c%16c%17c(c(c46)c7c9c%17c4c%10c%11c%13c4c%16c%14c%152)C513)C%12)C8,0.86,12.1,73.0,7.7,-5.12,-2.76,-5.9,-3.9,,,2022,10.1002/aenm.202203443,"OPV-DB (Qiu, J., Zenodo, 2026, doi:10.5281/zenodo.20841543)"
PTB7-Th,PNDIS-HD,CCCCC(CC)COC(=O)c1sc2csc(-c3cc4c(-c5ccc(CC(CC)CCCC)s5)c5sccc5c(-c5ccc(CC(CC)CCCC)s5)c4s3)c2c1F,CCCCCCCCC(CCCCCC)CN1C(=O)c2ccc3c4c(c(-c5ccc[se]5)cc(c24)C1=O)C(=O)N(CC(CCCCCC)CCCCCCCC)C3=O,0.81,18.8,51.0,7.73,-5.21,-3.6,-5.65,-3.92,,,2022,10.1016/j.synthmet.2022.117189,"OPV-DB (Qiu, J., Zenodo, 2026, doi:10.5281/zenodo.20841543)"
PIDT-QxTM,Y6,CCCCCCc1ccc(C2(c3ccc(CCCCCC)cc3)c3cc4c(cc3-c3sccc32)C(c2ccc(CCCCCC)cc2)(c2ccc(CCCCCC)cc2)c2cc(-c3ccc(-c5ccc(-c6cccs6)c6nc(-c7ccc(OC)cc7)c(-c7ccc(OC)cc7)nc56)s3)sc2-4)cc1,CCCCCCCCCCCc1c(/C=C2\C(=O)c3cc(F)c(F)cc3C2=C(C#N)C#N)sc2c1sc1c3c4nsnc4c4c5sc6c(CCCCCCCCCCC)c(/C=C7\C(=O)c8cc(F)c(F)cc8C7=C(C#N)C#N)sc6c5n(CC(CC)CCCC)c4c3n(CC(CC)CCCC)c21,0.73,17.18,51.8,6.5,-5.06,-3.06,-5.65,-4.09,,,2022,10.1016/j.jiec.2022.07.023,"OPV-DB (Qiu, J., Zenodo, 2026, doi:10.5281/zenodo.20841543)"
D18,BTP-Cy-4Cl,CCCCCCC(CCCC)Cc1csc(-c2cc3c4nsnc4c4cc(-c5cc(CC(CCCC)CCCCCC)c(-c6cc7c(-c8cc(F)c(CC(CC)CCCC)s8)c8sccc8c(-c8cc(F)c(CC(CC)CCCC)s8)c7s6)s5)sc4c3s2)c1,CCCCCCC(CCCC)Cc1c(/C=C2\C(=O)c3cc(Cl)c(Cl)cc3C2=C(C#N)C#N)sc2c1sc1c3c4nsnc4c4c5sc6c(CC(CCCC)CCCCCC)c(/C=C7\C(=O)c8cc(Cl)c(Cl)cc8C7=C(C#N)C#N)sc6c5n(CCCCCCCCCCc5ccccc5)c4c3n(CCCCCCCCCCc3ccccc3)c21,0.89,24.14,76.8,16.5,-5.51,-2.77,-5.72,-3.97,,,2022,10.1002/adma.202210760,"OPV-DB (Qiu, J., Zenodo, 2026, doi:10.5281/zenodo.20841543)"
PM6,Y6-1O,CCCCC(CC)Cc1sc(-c2c3cc(-c4ccc(-c5sc(-c6cccs6)c6c5C(=O)c5c(CC(CC)CCCC)sc(CC(CC)CCCC)c5C6=O)s4)sc3c(-c3cc(F)c(CC(CC)CCCC)s3)c3ccsc23)cc1F,CCCCCCCCCCCOc1c(/C=C2\C(=O)c3cc(F)c(F)cc3C2=C(C#N)C#N)sc2c1sc1c3c4nsnc4c4c5sc6c(CCCCCCCCCCC)c(/C=C7\C(=O)c8cc(F)c(F)cc8C7=C(C#N)C#N)sc6c5n(CC)c4c3n(CC)c21,0.9,25.51,73.5,16.81,-5.56,-3.65,-5.71,-3.84,,,2022,10.1021/acs.chemmater.2c02851,"OPV-DB (Qiu, J., Zenodo, 2026, doi:10.5281/zenodo.20841543)"
PM6,BTP-PhC6,CCCCC(CC)Cc1sc(-c2c3cc(-c4ccc(-c5sc(-c6cccs6)c6c5C(=O)c5c(CC(CC)CCCC)sc(CC(CC)CCCC)c5C6=O)s4)sc3c(-c3cc(F)c(CC(CC)CCCC)s3)c3ccsc23)cc1F,CCc1ccc(-c2c(/C=C3\C(=O)c4cc(F)c(F)cc4C3=C(C#N)C#N)sc3c2sc2c4c5nsnc5c5c6sc7c(-c8ccc(CC)cc8)c(/C=C8\C(=O)c9cc(F)c(F)cc9C8=C(C#N)C#N)sc7c6n(CC)c5c4n(CC)c32)cc1,0.865,25.0,77.0,16.7,-5.56,-3.65,-5.58,-3.85,,,2022,10.1002/marc.202200345,"OPV-DB (Qiu, J., Zenodo, 2026, doi:10.5281/zenodo.20841543)"
PTzBI-dF,Y6,CCCCCCCCN1C(=O)c2c(c(-c3cc(F)c(-c4cc5c(-c6cc(F)c(CC(CC)CCCC)s6)c6sccc6c(-c6cc(F)c(CC(CC)CCCC)s6)c5s4)s3)c3nn(CCC(CC)CCCC)nc3c2-c2cc(F)cs2)C1=O,CCCCCCCCCCCc1c(/C=C2\C(=O)c3cc(F)c(F)cc3C2=C(C#N)C#N)sc2c1sc1c3c4nsnc4c4c5sc6c(CCCCCCCCCCC)c(/C=C7\C(=O)c8cc(F)c(F)cc8C7=C(C#N)C#N)sc6c5n(CC(CC)CCCC)c4c3n(CC(CC)CCCC)c21,0.825,26.89,76.1,16.88,-5.55,-3.83,-5.65,-4.09,,,2022,10.1002/adfm.202205338,"OPV-DB (Qiu, J., Zenodo, 2026, doi:10.5281/zenodo.20841543)"
PM6-CNBT-15,L8-BO,CCCCCCC(CCCC)Cc1csc(-c2c(C#N)c(C#N)c(-c3cc(CC(CCCC)CCCCCC)c(-c4cc5c(-c6cc(F)c(CC(CC)CCCC)s6)c6sc(-c7ccc(-c8sc(-c9ccc(-c%10cc%11c(-c%12cc(F)c(CC(CC)CCCC)s%12)c%12sccc%12c(-c%12cc(F)c(CC(CC)CCCC)s%12)c%11s%10)s9)c9c8C(=O)c8c(CC(CC)CCCC)sc(CC(CC)CCCC)c8C9=O)s7)cc6c(-c6cc(F)c(CC(CC)CCCC)s6)c5s4)s3)c3nsnc23)c1,CCCCCCC(CCCC)Cc1c(/C=C2\C(=O)c3cc(F)c(F)cc3C2=C(C#N)C#N)sc2c1sc1c3c4nsnc4c4c5sc6c(CC(CCCC)CCCCCC)c(/C=C7\C(=O)c8cc(F)c(F)cc8C7=C(C#N)C#N)sc6c5n(CC(CC)CCCC)c4c3n(CC(CC)CCCC)c21,0.911,25.45,72.59,16.83,-5.54,-3.47,-5.68,-3.92,,,2022,10.1021/acs.chemmater.2c01827,"OPV-DB (Qiu, J., Zenodo, 2026, doi:10.5281/zenodo.20841543)"
PM6,PY-82,CCCCC(CC)Cc1sc(-c2c3cc(-c4ccc(-c5sc(-c6cccs6)c6c5C(=O)c5c(CC(CC)CCCC)sc(CC(CC)CCCC)c5C6=O)s4)sc3c(-c3cc(F)c(CC(CC)CCCC)s3)c3ccsc23)cc1F,CCCCCCCCC(CCCCCC)Cc1ccc(-c2c3nc(-c4ccc(-c5cc6c(-c7ccc(CC(CC)CCCC)s7)c7sccc7c(-c7ccc(CC(CC)CCCC)s7)c6s5)s4)sc3c(-c3ccc(CC(CCCCCC)CCCCCCCC)s3)c3nc(-c4cccs4)sc23)s1,0.95,23.82,75.8,17.15,-5.56,-3.65,-5.67,-3.89,,,2022,10.1039/d2ee00972b,"OPV-DB (Qiu, J., Zenodo, 2026, doi:10.5281/zenodo.20841543)"
PM6,LC301,CCCCC(CC)Cc1sc(-c2c3cc(-c4ccc(-c5sc(-c6cccs6)c6c5C(=O)c5c(CC(CC)CCCC)sc(CC(CC)CCCC)c5C6=O)s4)sc3c(-c3cc(F)c(CC(CC)CCCC)s3)c3ccsc23)cc1F,CCCCCCC(CCCC)Cc1c(/C=C2\C(=O)c3cscc3C2=C(C#N)C#N)sc2c1sc1c3c4nsnc4c4c5sc6c(CC(CCCC)CCCCCC)c(/C=C7\C(=O)c8cc(F)c(F)cc8C7=C(C#N)C#N)sc6c5n(CC(CC)CCCC)c4c3n(CC(CC)CCCC)c21,0.911,24.21,78.1,17.21,-5.56,-3.65,-5.66,-3.87,,,2022,10.1021/acsami.2c10557,"OPV-DB (Qiu, J., Zenodo, 2026, doi:10.5281/zenodo.20841543)"
PM6,Y6-O,CCCCC(CC)Cc1sc(-c2c3cc(-c4ccc(-c5sc(-c6cccs6)c6c5C(=O)c5c(CC(CC)CCCC)sc(CC(CC)CCCC)c5C6=O)s4)sc3c(-c3cc(F)c(CC(CC)CCCC)s3)c3ccsc23)cc1F,CCOc1c(/C=C2\C(=O)c3cc(F)c(F)cc3C2=C(C#N)C#N)sc2c1sc1c3c4nsnc4c4c5sc6c(OCC)c(/C=C7\C(=O)c8cc(F)c(F)cc8C7=C(C#N)C#N)sc6c5n(CC)c4c3n(CC)c21,0.975,22.8,77.5,17.2,-5.56,-3.65,-5.75,-3.71,,,2022,10.1039/d2mh01229d,"OPV-DB (Qiu, J., Zenodo, 2026, doi:10.5281/zenodo.20841543)"
PTB7-Th,PFPDIBT-TT2F,CCCCC(CC)COC(=O)c1sc2csc(-c3cc4c(-c5ccc(CC(CC)CCCC)s5)c5sccc5c(-c5ccc(CC(CC)CCCC)s5)c4s3)c2c1F,CCCCCCC(CCCCCC)n1c(=O)c2ccc3c4ccc5c(=O)n(C(CCCCCC)CCCCCC)c(=O)c6cc7c8c(sc9c8sc8c%10cc%11c(=O)n(C(CCCCCC)CCCCCC)c(=O)c%12cc(-c%13cc(F)c(-c%14sccc%14F)s%13)c%13c%14ccc%15c(=O)n(C(CCCCCC)CCCCCC)c(=O)c%16cc(c89)c(c%14c%15%16)c%10c%13c%12%11)c8cc(c1=O)c2c3c8c7c4c56,0.87,7.67,25.76,1.72,-5.29,-3.72,-5.76,-3.93,,,2022,10.1016/j.dyepig.2022.110462,"OPV-DB (Qiu, J., Zenodo, 2026, doi:10.5281/zenodo.20841543)"
PffBT4T-2OD,P(4CF8CH-PDI-TT),CCCCCCCCCCC(CCCCCCCC)Cc1csc(-c2c(F)c(F)c(-c3cc(CC(CCCCCCCC)CCCCCCCCCC)c(-c4ccc(-c5cccs5)s4)s3)c3nsnc23)c1,CCCCCCC(CC(F)(F)C(F)(F)C(F)(F)C(F)(F)F)N1C(=O)c2ccc3c4ccc5c6c(cc(-c7ccc(-c8cccs8)s7)c(c7ccc(c2c37)C1=O)c64)C(=O)N(C(CCCCCC)CC(F)(F)C(F)(F)C(F)(F)C(F)(F)F)C5=O,0.724,5.54,42.71,1.71,-5.3,-3.51,-5.65,-4.06,,,2022,10.1021/acsami.2c16908,"OPV-DB (Qiu, J., Zenodo, 2026, doi:10.5281/zenodo.20841543)"
P3HT,PYT,CCCCCCc1ccsc1,CCCCCCCCCCCCC(CCCCCCCCCC)Cn1c2c3sc(/C=C4\C(=O)c5ccccc5C4=C(C#N)C#N)c(CCCCCCCCCCC)c3sc2c2c3nsnc3c3c4sc5c(CCCCCCCCCCC)c(/C=C6\C(=O)c7cc(-c8cccs8)ccc7C6=C(C#N)C#N)sc5c4n(CC(CCCCCCCCCC)CCCCCCCCCCCC)c3c21,0.49,5.7,60.0,1.65,-5.01,-3.12,-5.63,-3.72,,,2022,10.1002/solr.202200073,"OPV-DB (Qiu, J., Zenodo, 2026, doi:10.5281/zenodo.20841543)"
PBDB-T,IDTT-BOA,CCCCC(CC)Cc1ccc(-c2c3cc(-c4ccc(-c5sc(-c6cccs6)c6c5C(=O)c5c(CC(CC)CCCC)sc(CC(CC)CCCC)c5C6=O)s4)sc3c(-c3ccc(CC(CC)CCCC)s3)c3ccsc23)s1,CCCCCCc1ccc(C2(c3ccc(CCCCCC)cc3)c3cc4c(cc3-c3sc5cc(/C=C(\C#N)c6nc7ccccc7o6)sc5c32)C(c2ccc(CCCCCC)cc2)(c2ccc(CCCCCC)cc2)c2c-4sc3cc(/C=C(\C#N)c4nc5ccccc5o4)sc23)cc1,1.19,4.95,36.6,2.16,-5.33,-3.48,-5.41,-3.41,,,2022,10.1016/j.orgel.2022.106446,"OPV-DB (Qiu, J., Zenodo, 2026, doi:10.5281/zenodo.20841543)"
PBDB-T,PTz-BO,CCCCC(CC)Cc1ccc(-c2c3cc(-c4ccc(-c5sc(-c6cccs6)c6c5C(=O)c5c(CC(CC)CCCC)sc(CC(CC)CCCC)c5C6=O)s4)sc3c(-c3ccc(CC(CC)CCCC)s3)c3ccsc23)s1,CCCCCCCCCCCCC(CCCCCCCCCC)Cn1c2c3sc(/C=C4\C(=O)c5ccccc5C4=C(C#N)C#N)c(CC(CCCC)CCCCCC)c3sc2c2c3nn(C)nc3c3c4sc5c(CC(CCCC)CCCCCC)c(C/C=C6/C(=O)c7cc(-c8cccs8)ccc7C6=C(C#N)C#N)sc5c4n(CC(CCCCCCCCCC)CCCCCCCCCCCC)c3c21,0.928,24.16,70.3,15.76,-5.33,-3.48,-5.58,-3.56,,,2022,10.1002/aenm.202203044,"OPV-DB (Qiu, J., Zenodo, 2026, doi:10.5281/zenodo.20841543)"
PTBTz2,Y6,CCOC(=O)c1cc2c(-c3nccs3)sc(-c3ncc(-c4cc5c(-c6ccc(CC)s6)c6sc(-c7cnc(-c8sc(-c9ncc(-c%10cc%11c(-c%12ccc(CC)s%12)c%12sc(-c%13cnc(-c%14sc(-c%15ncc(-c%16cc%17c(-c%18ccc(CC)s%18)c%18sccc%18c(-c%18ccc(CC)s%18)c%17s%16)s%15)c%15sc(C(=O)OCC)cc%14%15)s%13)cc%12c(-c%12ccc(CC)s%12)c%11s%10)s9)c9sc(C(=O)OCC)cc89)s7)cc6c(-c6ccc(CC)s6)c5s4)s3)c2s1,CCCCCCCCCCCc1c(/C=C2\C(=O)c3cc(F)c(F)cc3C2=C(C#N)C#N)sc2c1sc1c3c4nsnc4c4c5sc6c(CCCCCCCCCCC)c(/C=C7\C(=O)c8cc(F)c(F)cc8C7=C(C#N)C#N)sc6c5n(CC(CC)CCCC)c4c3n(CC(CC)CCCC)c21,0.85,25.2,75.0,15.9,-5.48,-3.52,-5.65,-4.09,,,2022,10.1002/advs.202205682,"OPV-DB (Qiu, J., Zenodo, 2026, doi:10.5281/zenodo.20841543)"
BTR-Cl,Y6,CCCCCCc1cc(-c2cc3c(-c4cc(Cl)c(CC(CC)CCCC)s4)c4sc(-c5cc(CCCCCC)c(-c6cc(CCCCCC)c(-c7ccc(/C=C8/SC(=S)N(CCCCCC)C8=O)s7)s6)s5)cc4c(-c4cc(Cl)c(CC(CC)CCCC)s4)c3s2)sc1-c1cc(CCCCCC)c(-c2ccc(/C=C3\SC(=S)N(CC(CC)CCCC)C3=O)s2)s1,CCCCCCCCCCCc1c(/C=C2\C(=O)c3cc(F)c(F)cc3C2=C(C#N)C#N)sc2c1sc1c3c4nsnc4c4c5sc6c(CCCCCCCCCCC)c(/C=C7\C(=O)c8cc(F)c(F)cc8C7=C(C#N)C#N)sc6c5n(CC(CC)CCCC)c4c3n(CC(CC)CCCC)c21,0.852,25.36,73.55,15.88,-5.46,-3.7,-5.65,-4.09,,,2022,10.1002/solr.202200477,"OPV-DB (Qiu, J., Zenodo, 2026, doi:10.5281/zenodo.20841543)"
PBDB-T,PYT,CCCCC(CC)Cc1ccc(-c2c3cc(-c4ccc(-c5sc(-c6cccs6)c6c5C(=O)c5c(CC(CC)CCCC)sc(CC(CC)CCCC)c5C6=O)s4)sc3c(-c3ccc(CC(CC)CCCC)s3)c3ccsc23)s1,CCCCCCCCCCCCC(CCCCCCCCCC)Cn1c2c3sc(/C=C4\C(=O)c5ccccc5C4=C(C#N)C#N)c(CCCCCCCCCCC)c3sc2c2c3nsnc3c3c4sc5c(CCCCCCCCCCC)c(/C=C6\C(=O)c7cc(-c8cccs8)ccc7C6=C(C#N)C#N)sc5c4n(CC(CCCCCCCCCC)CCCCCCCCCCCC)c3c21,0.91,23.07,77.0,16.05,-5.33,-3.48,-5.63,-3.72,,,2022,10.1016/j.cej.2022.138146,"OPV-DB (Qiu, J., Zenodo, 2026, doi:10.5281/zenodo.20841543)"
PTQ10,Y26,CCCCCCCCC(CCCCCC)COc1cnc2c(-c3cccs3)c(F)c(F)cc2n1,CCCCCCc1c(/C=C2\C(=O)c3cc(F)c(F)cc3C2=C(C#N)C#N)sc2c3c4nn(CC(CC)CCCC)nc4c4c5sc(/C=C6\C(=O)c7cc(F)c(F)cc7C6=C(C#N)C#N)c(CCCCCC)c5n(CC(CC)CCCC)c4c3n(CC(CC)CCCC)c12,0.886,23.57,76.73,16.01,-5.54,-2.92,-5.58,-4.03,,,2022,10.1039/d2ta07239d,"OPV-DB (Qiu, J., Zenodo, 2026, doi:10.5281/zenodo.20841543)"
PM6,PA1-o,CCCCC(CC)Cc1sc(-c2c3cc(-c4ccc(-c5sc(-c6cccs6)c6c5C(=O)c5c(CC(CC)CCCC)sc(CC(CC)CCCC)c5C6=O)s4)sc3c(-c3cc(F)c(CC(CC)CCCC)s3)c3ccsc23)cc1F,CCCCCCCCCCCCC(CCCCCCCCCC)Cn1c2c3sc(/C=C4\C(=O)c5ccccc5C4=C(C#N)C#N)c(CCCCCCCCCCC)c3sc2c2c3nsnc3c3c4sc5c(CCCCCCCCCCC)c(/C=C6\C(=O)c7cc(-c8ccc(-c9ccc%10c(c9F)C(=O)/C(=C\c9sc%11c(sc%12c%13c%14nsnc%14c%14c%15sc%16c(CCCCCCCCCCC)c(/C=C%17\C(=O)c%18c(ccc(-c%19cccs%19)c%18F)C%17=C(C#N)C#N)sc%16c%15n(CC(CCCCCCCCCC)CCCCCCCCCCCC)c%14c%13n(CC(CCCCCCCCCC)CCCCCCCCCCCC)c%11%12)c9CCCCCCCCCCC)C%10=C(C#N)C#N)s8)ccc7C6=C(C#N)C#N)sc5c4n(CC(CCCCCCCCCC)CCCCCCCCCCCC)c3c21,0.925,23.99,72.2,16.0,-5.56,-3.65,-5.74,-3.83,,,2022,10.1021/acs.macromol.2c01276,"OPV-DB (Qiu, J., Zenodo, 2026, doi:10.5281/zenodo.20841543)"
JD40,PA-5,CCCCCCC(CCCC)Cc1csc(-c2cc3c4nsnc4c4cc(-c5cc(CC(CCCC)CCCCCC)c(-c6cc7c(-c8ccc(CC(CC)CCCC)s8)c8sccc8c(-c8ccc(CC(CC)CCCC)s8)c7s6)s5)sc4c3s2)c1,CCCCCCCCCCCCC(CCCCCCCCCC)Cn1c2c3sc(/C=C4\C(=O)c5ccccc5C4=C(C#N)C#N)c(CCCCCCCCCCC)c3sc2c2c3nsnc3c3c4sc5c(CCCCCCCCCCC)c(/C=C6\C(=O)c7cc(-c8cccs8)ccc7C6=C(C#N)C#N)sc5c4n(CC(CCCCCCCCCC)CCCCCCCCCCCC)c3c21,0.87,24.05,76.9,16.11,-5.38,-3.32,-5.63,-3.72,,,2022,10.1016/j.enrev.2022.100008,"OPV-DB (Qiu, J., Zenodo, 2026, doi:10.5281/zenodo.20841543)"
PBDB-T,PYFS-Reg,CCCCC(CC)Cc1ccc(-c2c3cc(-c4ccc(-c5sc(-c6cccs6)c6c5C(=O)c5c(CC(CC)CCCC)sc(CC(CC)CCCC)c5C6=O)s4)sc3c(-c3ccc(CC(CC)CCCC)s3)c3ccsc23)s1,CCCCCCCCCCCc1c(/C=C2\C(=O)c3ccccc3C2=C(C#N)C#N)sc2c1sc1c3c4nsnc4c4c5sc6c(CCCCCCCCCCC)c(/C=C7\C(=O)c8cc(-c9ccc(CCCCCCCCc%10ccc(-c%11ccc%12c(c%11)C(=O)/C(=C\c%11sc%13c(sc%14c%15c%16nsnc%16c%16c%17sc%18c(CCCCCCCCCCC)c(/C=C%19\C(=O)c%20cc(-c%21cc%22c(-c%23cc(Cl)c(CC(CC)CCCC)s%23)c%23sccc%23c(-c%23cc(Cl)c(CC(CC)CCCC)s%23)c%22s%21)ccc%20C%19=C(C#N)C#N)sc%18c%17n(CC(CCCCCCCC)CCCCCCCCCC)c%16c%15n(CC(CCCCCCCC)CCCCCCCCCC)c%13%14)c%11CCCCCCCCCCC)C%12=C(C#N)C#N)s%10)s9)ccc8C7=C(C#N)C#N)sc6c5n(CC(CCCCCCCC)CCCCCCCCCC)c4c3n(CC(CCCCCCCC)CCCCCCCCCC)c21,0.92,23.52,74.0,16.09,-5.33,-3.48,-5.61,-4.1,,,2022,10.1039/d2ee02523j,"OPV-DB (Qiu, J., Zenodo, 2026, doi:10.5281/zenodo.20841543)"
P3HT,Y18,CCCCCCc1ccsc1,CCc1c(/C=C2\C(=O)c3cc(F)c(F)cc3C2=C(C#N)C#N)sc2c1sc1c3c4nn(CC)nc4c4c5sc6c(CC)c(/C=C7\C(=O)c8cc(F)c(F)cc8C7=C(C#N)C#N)sc6c5n(CC)c4c3n(CC)c21,0.41,15.05,43.0,2.66,-5.01,-3.12,-5.58,-3.98,,,2022,10.1016/j.dyepig.2022.110375,"OPV-DB (Qiu, J., Zenodo, 2026, doi:10.5281/zenodo.20841543)"
PTB7-Th,PDI-E,CCCCC(CC)COC(=O)c1sc2csc(-c3cc4c(-c5ccc(CC(CC)CCCC)s5)c5sccc5c(-c5ccc(CC(CC)CCCC)s5)c4s3)c2c1F,CCCCCCCCC(CCCCCC)CN1C(=O)c2ccc3c4ccc5c6c(cc(C#Cc7cc8c9c(ccc%10c%11ccc%12c%13c(ccc(c7c9%10)c%13%11)C(=O)N(CC(CCCCCC)CCCCCCCC)C%12=O)C(=O)N(CC(CCCCCC)CCCCCCCC)C8=O)c(c7ccc(c2c37)C1=O)c64)C(=O)N(CC(CCCCCC)CCCCCCCC)C5=O,0.66,7.33,55.0,2.66,-5.21,-3.6,-5.9,-3.9,,,2022,10.1016/j.dyepig.2022.110787,"OPV-DB (Qiu, J., Zenodo, 2026, doi:10.5281/zenodo.20841543)"
PBDS-T,BTP-eC9,CCCCC(CC)Cc1sc(CC(CC)CCCC)c2c1C(=O)c1c(-c3cccs3)sc(-c3ccc(-c4cc5c(-c6ccc([Si](CCC)(CCC)CCC)s6)c6sccc6c(-c6ccc([Si](CCC)(CCC)CCC)s6)c5s4)s3)c1C2=O,CCCCCCCCCc1c(/C=C2\C(=O)c3cc(Cl)c(Cl)cc3C2=C(C#N)C#N)sc2c1sc1c3c4nsnc4c4c5sc6c(CCCCCCCCC)c(/C=C7\C(=O)c8cc(Cl)c(Cl)cc8C7=C(C#N)C#N)sc6c5n(CC(CCCC)CCCCCC)c4c3n(CC(CCCC)CCCCCC)c21,0.86,25.5,74.0,16.2,-5.35,-3.67,-5.68,-3.9,,,2022,10.1016/j.cej.2022.134878,"OPV-DB (Qiu, J., Zenodo, 2026, doi:10.5281/zenodo.20841543)"
PM6,PYTCl-A,CCCCC(CC)Cc1sc(-c2c3cc(-c4ccc(-c5sc(-c6cccs6)c6c5C(=O)c5c(CC(CC)CCCC)sc(CC(CC)CCCC)c5C6=O)s4)sc3c(-c3cc(F)c(CC(CC)CCCC)s3)c3ccsc23)cc1F,CCCCCCCCCCCc1c(/C=C2\C(=O)c3ccccc3C2=C(C#N)C#N)sc2c1sc1c3c4nsnc4c4c5sc6c(CCCCCCCCCCC)c(/C=C7/C(=O)c8cc(-c9ccc(-c%10ccc%11c(c%10)C(=O)/C(=C\c%10sc%12c(sc%13c%14c%15nsnc%15c%15c%16sc%17c(CCCCCCCCCCC)c(/C=C%18/C(=O)c%19cc(-c%20sc(CCCCCCc%21cc(Cl)cs%21)cc%20Cl)ccc%19C%18=C(C#N)C#N)sc%17c%16n(CC(CCCCCCCC)CCCCCCCCCC)c%15c%14n(CC(CCCCCCCC)CCCCCCCCCC)c%12%13)c%10CCCCCCCCCCC)C%11=C(C#N)C#N)s9)ccc8C7=C(C#N)C#N)sc6c5n(CC(CCCCCCCC)CCCCCCCCCC)c4c3n(CC(CCCCCCCC)CCCCCCCCCC)c21,0.942,23.49,73.04,16.16,-5.56,-3.65,-5.69,-3.92,,,2022,10.1002/adma.202208008,"OPV-DB (Qiu, J., Zenodo, 2026, doi:10.5281/zenodo.20841543)"
JD40-BDD20,PJTVT,CCCCCCC(CCCC)Cc1cc(-c2cc3c4nsnc4c4cc(-c5cc(CC(CCCC)CCCCCC)c(-c6cc7c(-c8ccc(CC(CC)CCCC)s8)c8sc(-c9ccc(-c%10sc(-c%11cccs%11)c%11c%10C(=O)c%10c(CC(CC)CCCC)sc(CC(CC)CCCC)c%10C%11=O)s9)cc8c(-c8ccc(CC(CC)CCCC)s8)c7s6)s5)sc4c3s2)sc1-c1cc2c(-c3ccc(CC(CC)CCCC)s3)c3sccc3c(-c3ccc(CC(CC)CCCC)s3)c2s1,CCCCCCCCCCCCC(CCCCCCCCCC)Cn1c2c3sc(/C=C4\C(=O)c5ccccc5C4=C(C#N)C#N)c(CCCCCCCCCCC)c3sc2c2c3nsnc3c3c4sc5c(CCCCCCCCCCC)c(/C=C6\C(=O)c7cc(-c8ccc(/C=C/c9cccs9)s8)ccc7C6=C(C#N)C#N)sc5c4n(CC(CCCCCCCCCC)CCCCCCCCCCCC)c3c21,0.91,23.88,75.54,16.35,-5.28,-3.27,-5.57,-3.69,,,2022,10.1039/d2ee01996e,"OPV-DB (Qiu, J., Zenodo, 2026, doi:10.5281/zenodo.20841543)"
PM6,PZC17,CCCCC(CC)Cc1sc(-c2c3cc(-c4ccc(-c5sc(-c6cccs6)c6c5C(=O)c5c(CC(CC)CCCC)sc(CC(CC)CCCC)c5C6=O)s4)sc3c(-c3cc(F)c(CC(CC)CCCC)s3)c3ccsc23)cc1F,C=Cc1ccc2c(c1)C(=O)/C(=C/c1sc3c(sc4c5c6nc7cc(F)c(F)cc7nc6c6c7sc8c(CCCCCCCCCCC)c(/C=C9\C(=O)c%10ccccc%10C9=C(C#N)C#N)sc8c7n(CC(CCCCCCCCCC)CCCCCCCCCCCC)c6c5n(CC(CCCCCCCCCC)CCCCCCCCCCCC)c34)c1CCCCCCCCCCC)C2=C(C#N)C#N,0.926,23.35,75.54,16.33,-5.56,-3.65,-5.6,-3.79,,,2022,10.1002/adfm.202214248,"OPV-DB (Qiu, J., Zenodo, 2026, doi:10.5281/zenodo.20841543)"
PM6,PY2Se-F,CCCCC(CC)Cc1sc(-c2c3cc(-c4ccc(-c5sc(-c6cccs6)c6c5C(=O)c5c(CC(CC)CCCC)sc(CC(CC)CCCC)c5C6=O)s4)sc3c(-c3cc(F)c(CC(CC)CCCC)s3)c3ccsc23)cc1F,CCCCCCCCCCCCC(CCCCCCCCCC)Cn1c2c(sc3c(CCCCCCCCCCC)c(/C=C4\C(=O)c5c(F)cccc5C4=C(C#N)C#N)[se]c32)c2c3nsnc3c3c4sc5c(CCCCCCCCCCC)c(/C=C6\C(=O)c7c(F)cccc7C6=C(C#N)C#N)[se]c5c4n(CC(CCCCCCCCCC)CCCCCCCCCCCC)c3c21,0.877,24.86,74.87,16.32,-5.56,-3.65,-5.76,-3.93,,,2022,10.1002/cjoc.202200770,"OPV-DB (Qiu, J., Zenodo, 2026, doi:10.5281/zenodo.20841543)"
PM6,DY1,CCCCC(CC)Cc1sc(-c2c3cc(-c4ccc(-c5sc(-c6cccs6)c6c5C(=O)c5c(CC(CC)CCCC)sc(CC(CC)CCCC)c5C6=O)s4)sc3c(-c3cc(F)c(CC(CC)CCCC)s3)c3ccsc23)cc1F,CCCCCCCCCCCc1c(/C=C2\C(=O)c3cc(F)c(F)cc3C2=C(C#N)C#N)sc2c1sc1c3c4nsnc4c4c5sc6c(CCCCCCCCCCC)c(/C=C7/C(=O)c8cc(F)c(F)cc8C7=C(C#N)C#N)sc6c5n(CC(CC)CCCC)c4c3n(CCCCCCOc3ccc(OCCCCCCn4c5c6sc(/C=C7\C(=O)c8cc(F)c(F)cc8C7=C(C#N)C#N)c(CCCCCCCCCCC)c6sc5c5c6nsnc6c6c7sc8c(CCCCCCCCCCC)c(/C=C9/C(=O)c%10cc(F)c(F)cc%10C9=C(C#N)C#N)sc8c7n(CC(CC)CCCC)c6c54)cc3)c21,0.87,25.67,73.24,16.46,-5.5,-3.61,-5.7,-3.93,,,2022,10.1002/adma.202206563,"OPV-DB (Qiu, J., Zenodo, 2026, doi:10.5281/zenodo.20841543)"
PTzBI-oF,N2200,CCCCCCCCN1C(=O)c2c(c(-c3cc(F)c(-c4cc5c(-c6ccc(CC(CC)CCCC)s6)c6sccc6c(-c6ccc(CC(CC)CCCC)s6)c5s4)s3)c3nn(CC(CC)CCCC)nc3c2-c2cc(F)cs2)C1=O,CCCCCCCCCCC(CCCCCCCC)CN1C(=O)c2ccc3c4c(c(-c5ccc(-c6cccs6)s5)cc(c24)C1=O)C(=O)N(CC(CCCCCCCC)CCCCCCCCCC)C3=O,0.871,14.55,60.7,7.8,-5.25,-3.25,-5.71,-4.02,,,2022,10.1016/j.orgel.2022.106721,"OPV-DB (Qiu, J., Zenodo, 2026, doi:10.5281/zenodo.20841543)"
PTB7,B1,CCCCC(CC)COC(=O)c1sc2c(-c3cc4c(OCC(CC)CCCC)c5sccc5c(OCC(CC)CCCC)c4s3)scc2c1F,CCCCCCc1cc(-c2cc3c(-c4ccc(SCC(CC)CCCC)cc4)c4sc(-c5cc(CCCCCC)c(-c6cc(CCCCCC)c(-c7ccc(/C=C8/SC(=S)N(CCCC)C8=O)s7)s6)s5)cc4c(-c4ccc(SCC(CC)CCCC)cc4)c3s2)sc1-c1cc(CCCCCC)c(-c2ccc(/C=C3/SC(=S)N(CCCC)C3=O)s2)s1,1.37,12.5,46.4,7.9,-5.19,-3.43,-5.37,-3.51,,,2022,10.1016/j.optmat.2022.112852,"OPV-DB (Qiu, J., Zenodo, 2026, doi:10.5281/zenodo.20841543)"
D18,BTA5,CCCCCCC(CCCC)Cc1csc(-c2cc3c4nsnc4c4cc(-c5cc(CC(CCCC)CCCCCC)c(-c6cc7c(-c8cc(F)c(CC(CC)CCCC)s8)c8sccc8c(-c8cc(F)c(CC(CC)CCCC)s8)c7s6)s5)sc4c3s2)c1,CCCCCCCCn1nc2c(/C=c3/sc(=C(C#N)C#N)n(Cc4ccccc4)c3=O)ccc(-c3cc4c(s3)-c3cc5c(cc3C4(c3ccc(CCCCCC)cc3)c3ccc(CCCCCC)cc3)-c3sc(-c4ccc(/C=c6/sc(=C(C#N)C#N)n(Cc7ccccc7)c6=O)c6nn(CCCCCCCC)nc46)cc3C5(c3ccc(CCCCCC)cc3)c3ccc(CCCCCC)cc3)c2n1,1.25,10.09,62.46,7.88,-5.51,-2.77,-5.55,-3.71,,,2022,10.1016/j.cej.2022.139080,"OPV-DB (Qiu, J., Zenodo, 2026, doi:10.5281/zenodo.20841543)"
PIDT-FQxTM,Y6,CCCCCCc1ccc(C2(c3ccc(CCCCCC)cc3)c3cc4c(cc3-c3sccc32)C(c2ccc(CCCCCC)cc2)(c2ccc(CCCCCC)cc2)c2cc(-c3ccc(-c5cc(F)c(-c6cccs6)c6nc(-c7ccc(OC)cc7)c(-c7ccc(OC)cc7)nc56)s3)sc2-4)cc1,CCCCCCCCCCCc1c(/C=C2\C(=O)c3cc(F)c(F)cc3C2=C(C#N)C#N)sc2c1sc1c3c4nsnc4c4c5sc6c(CCCCCCCCCCC)c(/C=C7\C(=O)c8cc(F)c(F)cc8C7=C(C#N)C#N)sc6c5n(CC(CC)CCCC)c4c3n(CC(CC)CCCC)c21,0.77,19.92,51.0,7.82,-5.11,-3.13,-5.65,-4.09,,,2022,10.1016/j.jiec.2022.07.023,"OPV-DB (Qiu, J., Zenodo, 2026, doi:10.5281/zenodo.20841543)"
PC-BDT2,Y6,CCCCCCCCCCC(CCCCCCCC)COC(=O)Nc1ccsc1-c1cnc(-c2sc(-c3cc4c(OCC(CCCCCCCC)CCCCCCCCCC)c5sccc5c(OCC(CCCCCCCC)CCCCCCCCCC)c4s3)cc2NC(=O)OCC(CCCCCCCC)CCCCCCCCCC)cn1,CCCCCCCCCCCc1c(/C=C2\C(=O)c3cc(F)c(F)cc3C2=C(C#N)C#N)sc2c1sc1c3c4nsnc4c4c5sc6c(CCCCCCCCCCC)c(/C=C7\C(=O)c8cc(F)c(F)cc8C7=C(C#N)C#N)sc6c5n(CC(CC)CCCC)c4c3n(CC(CC)CCCC)c21,0.83,18.1,52.3,7.9,-5.33,-3.45,-5.65,-4.1,,,2022,10.1039/d2py01329k,"OPV-DB (Qiu, J., Zenodo, 2026, doi:10.5281/zenodo.20841543)"
PM6,ITOR4F-IC,CCCCC(CC)Cc1sc(-c2c3cc(-c4ccc(-c5sc(-c6cccs6)c6c5C(=O)c5c(CC(CC)CCCC)sc(CC(CC)CCCC)c5C6=O)s4)sc3c(-c3cc(F)c(CC(CC)CCCC)s3)c3ccsc23)cc1F,CCCCCCCCOc1ccc(C2(c3ccc(OCCCCCCCC)c(F)c3)c3cc4c(cc3-c3sc5cc(/C=C6\C(=O)c7ccccc7C6=C(C#N)C#N)sc5c32)C(c2ccc(OCCCCCCCC)c(F)c2)(c2ccc(OCCCCCCCC)c(F)c2)c2c-4sc3cc(/C=C4\C(=O)c5ccccc5C4=C(C#N)C#N)sc23)cc1F,0.964,13.98,60.05,8.09,-5.56,-3.65,-5.62,-4.02,,,2022,10.1016/j.solener.2022.02.049,"OPV-DB (Qiu, J., Zenodo, 2026, doi:10.5281/zenodo.20841543)"
PF2,PC70BM,CCCCCCCCC(CCCCCC)Cc1cc2sc(-c3c4cc(-c5sc(-c6c(F)c(F)c(-c7cc(CC(CC)CCCC)cs7)c7nsnc67)cc5CC(CC)CCCC)sc4c(-c4cc5sc(CC(CCCCCC)CCCCCCCC)cc5s4)c4ccsc34)cc2s1,CCCCC(=O)OCC1(C2=CC=CC=C2)C3=CC=CC4=CC=CC5=CC=CC6=CC=C7C=CC=CC8=CC=CC1=C8C7=C6C5=C4C3,0.705,20.25,57.0,8.13,-5.48,-3.73,-6.1,-3.9,,,2022,10.1002/solr.202200756,"OPV-DB (Qiu, J., Zenodo, 2026, doi:10.5281/zenodo.20841543)"
PTB7-Th,SSBR,CCCCC(CC)COC(=O)c1sc2csc(-c3cc4c(-c5ccc(CC(CC)CCCC)s5)c5sccc5c(-c5ccc(CC(CC)CCCC)s5)c4s3)c2c1F,CCCCC(CC)CC1(CC(CC)CCCC)c2cc(-c3ccc(/C=C4\SC(=S)N(CC)C4=O)c4nsnc34)sc2-c2sc(-c3ccc(/C=C4\SC(=S)N(CC)C4=O)c4nsnc34)cc21,0.92,15.91,55.83,8.16,-5.21,-3.6,-5.44,-3.72,,,2022,10.1016/j.synthmet.2022.117189,"OPV-DB (Qiu, J., Zenodo, 2026, doi:10.5281/zenodo.20841543)"
PBDT-DTN,ITIC,CCCCC(CC)Cc1csc(-c2sc(-c3cc(CC(CC)CCCC)c(-c4cc5c(-c6cc(CC(CC)CCCC)cs6)c6sccc6c(-c6ccc(CC(CC)CCCC)s6)c5s4)s3)c3c2C(=O)c2ccccc2C3=O)c1,CCCCCCc1ccc(C2(c3ccc(CCCCCC)cc3)c3cc4c(cc3-c3sc5cc(C=C6C(=O)c7ccccc7C6=C(C#N)C#N)sc5c32)C(c2ccc(CCCCCC)cc2)(c2ccc(CCCCCC)cc2)c2c-4sc3cc(C=C4C(=O)c5ccccc5C4=C(C#N)C#N)sc23)cc1,0.92,13.8,66.0,8.3,-5.37,-3.53,-5.576,-3.916,,,2022,10.1021/accountsmr.2c00020,"OPV-DB (Qiu, J., Zenodo, 2026, doi:10.5281/zenodo.20841543)"
PTB7-Th,Para-TrBRCN,CCCCC(CC)COC(=O)c1sc2csc(-c3cc4c(-c5ccc(CC(CC)CCCC)s5)c5sccc5c(-c5ccc(CC(CC)CCCC)s5)c4s3)c2c1F,CCCCC1(CCCC)c2ccc(-c3ccc(/C=c4\sc(=C(C#N)C#N)n(CC)c4=O)c4nsnc34)cc2-c2c1c1c(c3c2C(CCCC)(CCCC)c2cc(-c4ccc(/C=c5\sc(=C(C#N)C#N)n(CC)c5=O)c5nsnc45)ccc2-3)C(CCCC)(CCCC)c2ccc(-c3ccc(/C=c4\sc(=C(C#N)C#N)n(CC)c4=O)c4nsnc34)cc2-1,0.95,13.75,63.5,8.29,-5.21,-3.6,-5.98,-3.71,,,2022,10.1016/j.synthmet.2022.117189,"OPV-DB (Qiu, J., Zenodo, 2026, doi:10.5281/zenodo.20841543)"
PTQ10,BDDEH-4F,CCCCCCCCC(CCCCCC)COc1cnc2c(-c3cccs3)c(F)c(F)cc2n1,CCCCC(CC)Cc1sc(CC(CC)CCCC)c2c1C(=O)c1c(-c3cc4c(s3)-c3sc(/C=C5\C(=O)c6cc(F)c(F)cc6C5=C(C#N)C#N)cc3C4(CC(CC)CCCC)CC(CC)CCCC)sc(-c3cc4c(s3)-c3sc(/C=C5\C(=O)c6cc(F)c(F)cc6C5=C(C#N)C#N)cc3C4(CC(CC)CCCC)CC(CC)CCCC)c1C2=O,0.906,18.0,51.06,8.28,-5.54,-2.92,-5.57,-3.94,,,2022,10.1016/j.orgel.2022.106562,"OPV-DB (Qiu, J., Zenodo, 2026, doi:10.5281/zenodo.20841543)"
PIDTT-FQxTM,Y6,CCCCCCc1ccc(C2(c3ccc(CCCCCC)cc3)c3cc4c(cc3-c3sc5ccsc5c32)C(c2ccc(CCCCCC)cc2)(c2ccc(CCCCCC)cc2)c2c-4sc3cc(-c4ccc(-c5cc(F)c(-c6cccs6)c6nc(-c7ccc(OC)cc7)c(-c7ccc(OC)cc7)nc56)s4)sc23)cc1,CCCCCCCCCCCc1c(/C=C2\C(=O)c3cc(F)c(F)cc3C2=C(C#N)C#N)sc2c1sc1c3c4nsnc4c4c5sc6c(CCCCCCCCCCC)c(/C=C7\C(=O)c8cc(F)c(F)cc8C7=C(C#N)C#N)sc6c5n(CC(CC)CCCC)c4c3n(CC(CC)CCCC)c21,0.73,22.23,52.4,8.51,-5.09,-3.17,-5.65,-4.09,,,2022,10.1016/j.jiec.2022.07.023,"OPV-DB (Qiu, J., Zenodo, 2026, doi:10.5281/zenodo.20841543)"
FTAZ,ITIC1,CCCCCCC(CCCC)CCc1c2cc(-c3ccc(-c4c(F)c(F)c(-c5cccs5)c5nn(CC(CCCC)CCCCCC)nc45)s3)sc2c(CCC(CCCC)CCCCCC)c2ccsc12,CCCCCCc1ccc(C2(c3ccc(CCCCCC)cc3)c3cc(/C=C4\C(=O)c5ccccc5C4=C(C#N)C#N)sc3-c3sc4cc5c6c(sc5cc4c32)-c2sc(/C=C3\C(=O)c4ccccc4C3=C(C#N)C#N)cc2C6(c2ccc(CCCCCC)cc2)c2ccc(CCCCCC)cc2)cc1,0.921,16.45,56.4,8.54,-5.38,-3.17,-5.48,-3.85,,,2022,10.1002/cjoc.202200027,"OPV-DB (Qiu, J., Zenodo, 2026, doi:10.5281/zenodo.20841543)"
HFQx-T,BZIC,CCCCC(CC)COc1c(F)cc(-c2nc3c(-c4cccs4)c(F)c(F)c(-c4ccc(-c5cc6c(-c7ccc(CC(CC)CCCC)s7)c7sccc7c(-c7ccc(CC(CC)CCCC)s7)c6s5)s4)c3nc2-c2cc(F)c(OCC(CC)CCCC)c(F)c2)cc1F,CCCCC(CC)Cn1nc2c(n1)c1c3sc(/C=C4\C(=O)c5ccccc5C4=C(C#N)C#N)cc3n(CC(CC)CCCC)c1c1c2c2sc(/C=C3\C(=O)c4ccccc4C3=C(C#N)C#N)cc2n1CC(CC)CCCC,0.84,12.67,59.0,6.3,-5.44,-3.5,-5.42,-3.88,,,2022,10.1021/acsami.2c10059,"OPV-DB (Qiu, J., Zenodo, 2026, doi:10.5281/zenodo.20841543)"
PTB7-Th,N2200,CCCCC(CC)COC(=O)c1sc2csc(-c3cc4c(-c5ccc(CC(CC)CCCC)s5)c5sccc5c(-c5ccc(CC(CC)CCCC)s5)c4s3)c2c1F,CCCCCCCCCCC(CCCCCCCC)CN1C(=O)c2ccc3c4c(c(-c5ccc(-c6cccs6)s5)cc(c24)C1=O)C(=O)N(CC(CCCCCCCC)CCCCCCCCCC)C3=O,0.78,13.69,58.0,6.3,-5.21,-3.6,-5.71,-4.02,,,2022,10.1016/j.synthmet.2022.117189,"OPV-DB (Qiu, J., Zenodo, 2026, doi:10.5281/zenodo.20841543)"
PTB7-Th,Ph(PDI)3,CCCCC(CC)COC(=O)c1sc2csc(-c3cc4c(-c5ccc(CC(CC)CCCC)s5)c5sccc5c(-c5ccc(CC(CC)CCCC)s5)c4s3)c2c1F,CCCCCC(CCCCC)n1c(=O)c2ccc3c4ccc5c(=O)n(C(CCCCC)CCCCC)c(=O)c6cc7c(c4c56)c4c(cc(c1=O)c2c34)c1c2c3cc4c(=O)n(C(CCCCC)CCCCC)c(=O)c5ccc6c8ccc9c(=O)n(C(CCCCC)CCCCC)c(=O)c%10cc(c(c8c9%10)c3c6c54)c2c2c3cc4c(=O)n(C(CCCCC)CCCCC)c(=O)c5ccc6c8ccc9c(=O)n(C(CCCCC)CCCCC)c(=O)c%10cc(c(c8c9%10)c3c6c54)c2c71,0.85,14.15,52.9,6.28,-5.21,-3.6,-5.92,-3.85,,,2022,10.1002/smll.202208217,"OPV-DB (Qiu, J., Zenodo, 2026, doi:10.5281/zenodo.20841543)"
PM6,IDTP-4F,CCCCC(CC)Cc1sc(-c2c3cc(-c4ccc(-c5sc(-c6cccs6)c6c5C(=O)c5c(CC(CC)CCCC)sc(CC(CC)CCCC)c5C6=O)s4)sc3c(-c3cc(F)c(CC(CC)CCCC)s3)c3ccsc23)cc1F,CCCCCCc1ccc(C2(c3ccc(CCCCCC)cc3)c3cc4c(cc3-c3sc(/C=C5\C(=O)c6cc(F)c(F)cc6C5=C(C#N)C#N)cc32)C(c2ccc(CCCCCC)cc2)(c2ccc(CCCCCC)cc2)c2c-4sc3c4sc(/C=C5\C(=O)c6cc(F)c(F)cc6C5=C(C#N)C#N)cc4n(CC(CC)CCCC)c23)cc1,0.885,22.39,75.7,15.02,-5.56,-3.65,-5.54,-3.98,,,2022,10.1002/adfm.202203200,"OPV-DB (Qiu, J., Zenodo, 2026, doi:10.5281/zenodo.20841543)"
PBDB-T,PFA1,CCCCC(CC)Cc1ccc(-c2c3cc(-c4ccc(-c5sc(-c6cccs6)c6c5C(=O)c5c(CC(CC)CCCC)sc(CC(CC)CCCC)c5C6=O)s4)sc3c(-c3ccc(CC(CC)CCCC)s3)c3ccsc23)s1,CCCCCCCCCCCCC(CCCCCCCCCC)Cn1c2c3sc(/C=C4\C(=O)c5cc(F)ccc5C4=C(C#N)C#N)c(CCCCCCCCCCC)c3sc2c2c3nsnc3c3c4sc5c(CCCCCCCCCCC)c(/C=C6\C(=O)c7cc(-c8cccs8)c(F)cc7C6=C(C#N)C#N)sc5c4n(CC(CCCCCCCCCC)CCCCCCCCCCCC)c3c21,0.85,24.01,72.93,15.02,-5.33,-3.48,-5.74,-3.84,,,2022,10.1039/d2tc00045h,"OPV-DB (Qiu, J., Zenodo, 2026, doi:10.5281/zenodo.20841543)"
BTR-Cl,L8-Bo,CCCCCCc1cc(-c2cc3c(-c4cc(Cl)c(CC(CC)CCCC)s4)c4sc(-c5cc(CCCCCC)c(-c6cc(CCCCCC)c(-c7ccc(/C=C8/SC(=S)N(CCCCCC)C8=O)s7)s6)s5)cc4c(-c4cc(Cl)c(CC(CC)CCCC)s4)c3s2)sc1-c1cc(CCCCCC)c(-c2ccc(/C=C3\SC(=S)N(CC(CC)CCCC)C3=O)s2)s1,CCCCCCC(CCCC)Cc1c(/C=C2\C(=O)c3cc(F)c(F)cc3C2=C(C#N)C#N)sc2c1sc1c3c4nsnc4c4c5sc6c(CC(CCCC)CCCCCC)c(/C=C7\C(=O)c8cc(F)c(F)cc8C7=C(C#N)C#N)sc6c5n(CC(CC)CCCC)c4c3n(CC(CC)CCCC)c21,0.86,23.72,73.0,15.0,-5.46,-3.7,-5.68,-3.9,,,2022,10.1039/d2ee02107b,"OPV-DB (Qiu, J., Zenodo, 2026, doi:10.5281/zenodo.20841543)"
JD40,PA-6-M,CCCCCCC(CCCC)Cc1csc(-c2cc3c4nsnc4c4cc(-c5cc(CC(CCCC)CCCCCC)c(-c6cc7c(-c8ccc(CC(CC)CCCC)s8)c8sccc8c(-c8ccc(CC(CC)CCCC)s8)c7s6)s5)sc4c3s2)c1,CCCCCCCCCCCCC(CCCCCCCCCC)Cn1c2c3sc(/C=C4\C(=O)c5ccccc5C4=C(C#N)C#N)c(CCCCCCCCCCC)c3sc2c2c3nsnc3c3c4sc5c(CCCCCCCCCCC)c(/C=C6\C(=O)c7ccc(-c8cccs8)cc7C6=C(C#N)C#N)sc5c4n(CC(CCCCCCCCCC)CCCCCCCCCCCC)c3c21,0.92,22.42,72.4,14.99,-5.38,-3.32,-5.67,-3.8,,,2022,10.1016/j.enrev.2022.100008,"OPV-DB (Qiu, J., Zenodo, 2026, doi:10.5281/zenodo.20841543)"
P126,Y6,CCCCCCCCCCCCc1csc2c3cc4c(cc3c3sc(-c5cc6c(-c7nc(CCCCCCCCCCC)c(CCCCCCCCCCC)s7)c7sccc7c(-c7nc(CCCCCCCCCCC)c(CCCCCCCCCCC)s7)c6s5)c(CCCCCCCCCCCC)c3c12)C(=O)c1c(CC(CC)CCCC)sc(CC(CC)CCCC)c1C4=O,CCCCCCCCCCCc1c(/C=C2\C(=O)c3cc(F)c(F)cc3C2=C(C#N)C#N)sc2c1sc1c3c4nsnc4c4c5sc6c(CCCCCCCCCCC)c(/C=C7\C(=O)c8cc(F)c(F)cc8C7=C(C#N)C#N)sc6c5n(CC(CC)CCCC)c4c3n(CC(CC)CCCC)c21,0.89,23.52,72.0,15.07,-5.53,-3.35,-5.65,-4.09,,,2022,10.1016/j.polymer.2022.124892,"OPV-DB (Qiu, J., Zenodo, 2026, doi:10.5281/zenodo.20841543)"
D18,Y6-1O,CCCCCCC(CCCC)Cc1csc(-c2cc3c4nsnc4c4cc(-c5cc(CC(CCCC)CCCCCC)c(-c6cc7c(-c8cc(F)c(CC(CC)CCCC)s8)c8sccc8c(-c8cc(F)c(CC(CC)CCCC)s8)c7s6)s5)sc4c3s2)c1,CCCCCCCCCCCOc1c(/C=C2\C(=O)c3cc(F)c(F)cc3C2=C(C#N)C#N)sc2c1sc1c3c4nsnc4c4c5sc6c(CCCCCCCCCCC)c(/C=C7\C(=O)c8cc(F)c(F)cc8C7=C(C#N)C#N)sc6c5n(CC)c4c3n(CC)c21,0.89,23.49,72.4,15.19,-5.51,-2.77,-5.71,-3.84,,,2022,10.1002/aenm.202201850,"OPV-DB (Qiu, J., Zenodo, 2026, doi:10.5281/zenodo.20841543)"
P135,Y6,CCCCCCCCCCC(CCCCCCCC)CN1C(=O)c2c(c3cc(-c4cc5c(-c6cc(F)c(CC(CC)CCCC)s6)c6sccc6c(-c6cc(F)c(CC(CC)CCCC)s6)c5s4)sc3c3sccc23)C1=O,CCCCCCCCCCCc1c(/C=C2\C(=O)c3cc(F)c(F)cc3C2=C(C#N)C#N)sc2c1sc1c3c4nsnc4c4c5sc6c(CCCCCCCCCCC)c(/C=C7\C(=O)c8cc(F)c(F)cc8C7=C(C#N)C#N)sc6c5n(CC(CC)CCCC)c4c3n(CC(CC)CCCC)c21,0.87,24.46,71.0,15.11,-5.52,-3.32,-5.65,-4.09,,,2022,10.1002/ente.202201211,"OPV-DB (Qiu, J., Zenodo, 2026, doi:10.5281/zenodo.20841543)"
PTQ10,BTP-Se,CCCCCCCCC(CCCCCC)COc1cnc2c(-c3cccs3)c(F)c(F)cc2n1,CCCCCCCCCCCc1c(/C=C2\C(=O)c3cc(F)c(F)cc3C2=C(C#N)C#N)sc2c1sc1c3c4n[se]nc4c4c5sc6c(CCCCCCCCCCC)c(/C=C/C=C7\C(=O)c8cc(F)c(F)cc8C7=C(C#N)C#N)sc6c5n(CC(CCCC)CCCCCC)c4c3n(CC(CCCC)CCCCCC)c21,0.871,23.6,74.6,15.3,-5.54,-2.92,-5.64,-4.04,,,2022,10.1016/j.cej.2022.135998,"OPV-DB (Qiu, J., Zenodo, 2026, doi:10.5281/zenodo.20841543)"
PM6,PYTH-A,CCCCC(CC)Cc1sc(-c2c3cc(-c4ccc(-c5sc(-c6cccs6)c6c5C(=O)c5c(CC(CC)CCCC)sc(CC(CC)CCCC)c5C6=O)s4)sc3c(-c3cc(F)c(CC(CC)CCCC)s3)c3ccsc23)cc1F,CCCCCCCCCCCc1c(/C=C2\C(=O)c3cc(-c4ccc(-c5ccc6c(c5)C(=O)/C(=C/c5sc7c(sc8c9c%10nsnc%10c%10c%11sc%12c(CCCCCCCCCCC)c(/C=C%13\C(=O)c%14ccccc%14C%13=C(C#N)C#N)sc%12c%11n(CC(CCCCCCCC)CCCCCCCCCC)c%10c9n(CC(CCCCCCCC)CCCCCCCCCC)c78)c5CCCCCCCCCCC)C6=C(C#N)C#N)s4)ccc3C2=C(C#N)C#N)sc2c1sc1c3c4nsnc4c4c5sc6c(CCCCCCCCCCC)c(/C=C7/C(=O)c8cc(-c9ccc(CCCCCCc%10cccs%10)s9)ccc8C7=C(C#N)C#N)sc6c5n(CC(CCCCCCCC)CCCCCCCCCC)c4c3n(CC(CCCCCCCC)CCCCCCCCCC)c21,0.943,22.89,71.28,15.39,-5.56,-3.65,-5.7,-3.89,,,2022,10.1002/adma.202208008,"OPV-DB (Qiu, J., Zenodo, 2026, doi:10.5281/zenodo.20841543)"
PM6,Y26,CCCCC(CC)Cc1sc(-c2c3cc(-c4ccc(-c5sc(-c6cccs6)c6c5C(=O)c5c(CC(CC)CCCC)sc(CC(CC)CCCC)c5C6=O)s4)sc3c(-c3cc(F)c(CC(CC)CCCC)s3)c3ccsc23)cc1F,CCCCCCc1c(/C=C2\C(=O)c3cc(F)c(F)cc3C2=C(C#N)C#N)sc2c3c4nn(CC(CC)CCCC)nc4c4c5sc(/C=C6\C(=O)c7cc(F)c(F)cc7C6=C(C#N)C#N)c(CCCCCC)c5n(CC(CC)CCCC)c4c3n(CC(CC)CCCC)c12,0.848,23.17,78.64,15.44,-5.56,-3.65,-5.58,-4.03,,,2022,10.1039/d2ta07239d,"OPV-DB (Qiu, J., Zenodo, 2026, doi:10.5281/zenodo.20841543)"
P134,Y6,CCCCCCCCCCC(CCCCCCCC)CN1C(=O)c2nc3c4ccsc4c4sc(-c5cc6c(-c7ccc(CC(CC)CCCC)s7)c7sccc7c(-c7ccc(CC(CC)CCCC)s7)c6s5)cc4c3nc2C1=O,CCCCCCCCCCCc1c(/C=C2\C(=O)c3cc(F)c(F)cc3C2=C(C#N)C#N)sc2c1sc1c3c4nsnc4c4c5sc6c(CCCCCCCCCCC)c(/C=C7\C(=O)c8cc(F)c(F)cc8C7=C(C#N)C#N)sc6c5n(CC(CC)CCCC)c4c3n(CC(CC)CCCC)c21,0.88,24.68,71.0,15.42,-5.38,-3.48,-5.65,-4.09,,,2022,10.1002/marc.202200060,"OPV-DB (Qiu, J., Zenodo, 2026, doi:10.5281/zenodo.20841543)"
PBDB-T,PTz-C11,CCCCC(CC)Cc1ccc(-c2c3cc(-c4ccc(-c5sc(-c6cccs6)c6c5C(=O)c5c(CC(CC)CCCC)sc(CC(CC)CCCC)c5C6=O)s4)sc3c(-c3ccc(CC(CC)CCCC)s3)c3ccsc23)s1,CCCCCCCCCCCCC(CCCCCCCCCC)Cn1c2c3sc(/C=C4\C(=O)c5ccccc5C4=C(C#N)C#N)c(CCCCCCCCCCC)c3sc2c2c3nn(C)nc3c3c4sc5c(CCCCCCCCCCC)c(C/C=C6/C(=O)c7cc(-c8cccs8)ccc7C6=C(C#N)C#N)sc5c4n(CC(CCCCCCCCCC)CCCCCCCCCCCC)c3c21,0.882,25.4,69.6,15.59,-5.33,-3.48,-5.56,-3.8,,,2022,10.1002/aenm.202203044,"OPV-DB (Qiu, J., Zenodo, 2026, doi:10.5281/zenodo.20841543)"
DTTz-40,BTP-eC9,CCCCCCC(CCCC)Cc1csc(-c2cc3c4nn(CC(CC)CCCC)nc4c4cc(-c5cc(CC(CCCC)CCCCCC)c(-c6cc7c(-c8cc(F)c(CC(CC)CCCC)s8)c8sc(-c9sc(-c%10cc%11c%12nsnc%12c%12cc(-c%13cc(CC(CCCC)CCCCCC)c(-c%14cc%15c(-c%16cc(F)c(CC(CC)CCCC)s%16)c%16sccc%16c(-c%16cc(F)c(CC(CC)CCCC)s%16)c%15s%14)s%13)sc%12c%11s%10)cc9CC(CCCC)CCCCCC)cc8c(-c8cc(F)c(CC(CC)CCCC)s8)c7s6)s5)sc4c3s2)c1,CCCCCCCCCc1c(/C=C2\C(=O)c3cc(Cl)c(Cl)cc3C2=C(C#N)C#N)sc2c1sc1c3c4nsnc4c4c5sc6c(CCCCCCCCC)c(/C=C7\C(=O)c8cc(Cl)c(Cl)cc8C7=C(C#N)C#N)sc6c5n(CC(CCCC)CCCCCC)c4c3n(CC(CCCC)CCCCCC)c21,0.86,24.63,71.3,15.57,-5.5,-3.52,-5.665,-4.165,,,2022,10.1021/acs.macromol.2c01974,"OPV-DB (Qiu, J., Zenodo, 2026, doi:10.5281/zenodo.20841543)"
P132,BThIND-Cl,CCCCCCCCCCCc1nc(-c2c3cc(-c4scc5c4C(=O)N(CC(CC)CCCC)C5=O)sc3c(-c3nc(CCCCCCCCCCC)c(CCCCCCCCCCC)s3)c3ccsc23)sc1CCCCCCCCCCC,CCCCCCC1(CCCCCC)c2cc3c(cc2-c2sc(/C=C4\C(=O)c5cc(Cl)ccc5C4=C(C#N)C#N)cc21)C(CCCCCC)(CCCCCC)c1cc(/C=C2\C(=O)c4cc(Cl)ccc4C2=C(C#N)C#N)sc1-3,0.99,21.78,72.0,15.52,-5.54,-3.38,-5.64,-3.96,,,2022,10.1002/ente.202200215,"OPV-DB (Qiu, J., Zenodo, 2026, doi:10.5281/zenodo.20841543)"
P4T2F-HD,Y6,CCCCCCCCC(CCCCCC)Cc1csc(-c2cc(CC(CCCCCC)CCCCCCCC)c(-c3cc(F)c(-c4sccc4F)s3)s2)c1,CCCCCCCCCCCc1c(/C=C2\C(=O)c3cc(F)c(F)cc3C2=C(C#N)C#N)sc2c1sc1c3c4nsnc4c4c5sc6c(CCCCCCCCCCC)c(/C=C7\C(=O)c8cc(F)c(F)cc8C7=C(C#N)C#N)sc6c5n(CC(CC)CCCC)c4c3n(CC(CC)CCCC)c21,0.78,9.64,38.2,2.9,-5.35,-3.43,-5.65,-4.09,,,2022,10.1002/adfm.202201142,"OPV-DB (Qiu, J., Zenodo, 2026, doi:10.5281/zenodo.20841543)"
PTB7-Th,NDI-TR,CCCCC(CC)COC(=O)c1sc2csc(-c3cc4c(-c5ccc(CC(CC)CCCC)s5)c5sccc5c(-c5ccc(CC(CC)CCCC)s5)c4s3)c2c1F,CCCCC(CC)CN1C(=O)c2cc(-c3ccc(/C=C4\SC(=S)N(CC)C4=O)s3)c3c4c(cc(-c5ccc(/C=C6\SC(=S)N(CC)C6=O)s5)c(c24)C1=O)C(=O)N(CC(CC)CCCC)C3=O,0.64,7.01,69.0,3.07,-5.21,-3.6,-5.81,-3.95,,,2022,10.1016/j.synthmet.2022.117189,"OPV-DB (Qiu, J., Zenodo, 2026, doi:10.5281/zenodo.20841543)"
PTBD-BZ,PNDIOD-30Se,CCCCCCCCC(CCCCCC)Cn1nc2c(-c3cccs3)c(F)c(F)c(-c3ccc(-c4cc5sc6c(-c7ccc(SCC(CCCC)CCCCCC)s7)c7ccsc7c(-c7ccc(SCC(CCCC)CCCCCC)s7)c6c5s4)s3)c2n1,CCCCCCCCCCC(CCCCCCCC)CN1C(=O)c2ccc3c4c(c(-c5ccc(-c6ccc(-c7cc8c9c(c(-c%10ccc[se]%10)cc%10c9c7C(=O)N(CC(CCCCCCCC)CCCCCCCCCC)C%10=O)C(=O)N(CC(CCCCCCCC)CCCCCCCCCC)C8=O)s6)s5)cc(c24)C1=O)C(=O)N(CC(CCCCCCCC)CCCCCCCCCC)C3=O,0.91,11.58,60.94,6.42,-5.4,-3.59,-5.83,-4.3,,,2022,10.1016/j.dyepig.2022.110081,"OPV-DB (Qiu, J., Zenodo, 2026, doi:10.5281/zenodo.20841543)"
PBDBT,PF5-Y5,CCCCC(CC)Cc1sc(-c2c3cc(-c4cccc5nsnc45)sc3c(-c3cc(Cl)c(CC(CC)CCCC)s3)c3ccsc23)cc1Cl,CCCCCCCCCCCc1c(/C=C2\C(=O)c3ccccc3C2=C(C#N)C#N)sc2c1sc1c3c4nsnc4c4c5sc6c(CCCCCCCCCCC)c(/C=C7\C(=O)c8cc(-c9cc%10c(-c%11cc(CCCCCC)c(CC(CC)CCCC)s%11)c%11sccc%11c(-c%11cc(CCCCCC)c(CC(CC)CCCC)s%11)c%10s9)ccc8C7=C(C#N)C#N)sc6c5n(CC(CC)CCCC)c4c3n(CC(CC)CCCC)c21,0.92,15.7,60.0,8.66,-5.33,-3.48,-5.52,-3.84,,,2022,10.1002/solr.202201134,"OPV-DB (Qiu, J., Zenodo, 2026, doi:10.5281/zenodo.20841543)"
PTzBT,IT-4F,CCCCCCCCC(CCCCCC)Cc1ccsc1-c1nc2sc(-c3sc(-c4cc(CC(CCCC)CCCCCC)c(-c5nc6sc(-c7sccc7CC(CCCC)CCCCCC)nc6s5)s4)cc3CC(CCCCCC)CCCCCCCC)nc2s1,CCCCCCc1ccc(C2(c3ccc(CCCCCC)cc3)c3cc4c(cc3-c3sc5cc(/C=C6\C(=O)c7cc(F)c(F)cc7C6=C(C#N)C#N)sc5c32)C(c2ccc(CCCCCC)cc2)(c2ccc(CCCCCC)cc2)c2c-4sc3cc(/C=C4\C(=O)c5cc(F)c(F)cc5C4=C(C#N)C#N)sc23)cc1,0.87,14.3,69.0,8.7,-5.12,-2.76,-5.66,-4.14,,,2022,10.1002/aenm.202203443,"OPV-DB (Qiu, J., Zenodo, 2026, doi:10.5281/zenodo.20841543)"
PBDB-T,O-IDTBR,CCCCC(CC)Cc1ccc(-c2c3cc(-c4ccc(-c5sc(-c6cccs6)c6c5C(=O)c5c(CC(CC)CCCC)sc(CC(CC)CCCC)c5C6=O)s4)sc3c(-c3ccc(CC(CC)CCCC)s3)c3ccsc23)s1,CCCCCCCCC1(CCCCCCCC)c2cc3c(cc2-c2sc(-c4ccc(/C=C5\SC(=S)N(CC)C5=O)c5nsnc45)cc21)C(CCCCCCCC)(CCCCCCCC)c1cc(-c2ccc(/C=C4\SC(=S)N(CC)C4=O)c4nsnc24)sc1-3,0.96,14.6,61.0,8.9,-5.33,-3.48,-5.52,-3.89,,,2022,10.1039/d2tc05127c,"OPV-DB (Qiu, J., Zenodo, 2026, doi:10.5281/zenodo.20841543)"
PBTIBDTT,ITIC,CCCCCCCCCCc1ccsc1-c1cc2c(=O)n(CC(CCCCCC)CCCCCCCC)c(=O)c3cc(-c4sc(-c5cc6c(-c7ccc(CC(CC)CCCC)s7)c7sccc7c(-c7ccc(CC(CC)CCCC)s7)c6s5)cc4CCCCCCCCCC)sc3c2s1,CCCCCCc1ccc(C2(c3ccc(CCCCCC)cc3)c3cc4c(cc3-c3sc5cc(C=C6C(=O)c7ccccc7C6=C(C#N)C#N)sc5c32)C(c2ccc(CCCCCC)cc2)(c2ccc(CCCCCC)cc2)c2c-4sc3cc(C=C4C(=O)c5ccccc5C4=C(C#N)C#N)sc23)cc1,0.98,13.99,65.65,9.0,-5.47,-3.6,-5.576,-3.916,,,2022,10.1039/d2nj06130a,"OPV-DB (Qiu, J., Zenodo, 2026, doi:10.5281/zenodo.20841543)"
PIDT-phanQ,Y6,CCCCCCc1ccc(C2(c3ccc(CCCCCC)cc3)c3cc4c(cc3-c3sccc32)C(c2ccc(CCCCCC)cc2)(c2ccc(CCCCCC)cc2)c2cc(-c3cccc5nc6c7ccccc7c7ccccc7c6nc35)sc2-4)cc1,CCCCCCCCCCCc1c(/C=C2\C(=O)c3cc(F)c(F)cc3C2=C(C#N)C#N)sc2c1sc1c3c4nsnc4c4c5sc6c(CCCCCCCCCCC)c(/C=C7\C(=O)c8cc(F)c(F)cc8C7=C(C#N)C#N)sc6c5n(CC(CC)CCCC)c4c3n(CC(CC)CCCC)c21,0.73,18.5,67.2,9.07,-5.28,-3.61,-5.65,-4.09,,,2022,10.1016/j.polymer.2022.124867,"OPV-DB (Qiu, J., Zenodo, 2026, doi:10.5281/zenodo.20841543)"
PM6,PAL2,CCCCC(CC)Cc1sc(-c2c3cc(-c4ccc(-c5sc(-c6cccs6)c6c5C(=O)c5c(CC(CC)CCCC)sc(CC(CC)CCCC)c5C6=O)s4)sc3c(-c3cc(F)c(CC(CC)CCCC)s3)c3ccsc23)cc1F,CCCCCCCCCCCc1c(/C=C2\C(=O)c3ccccc3C2=C(C#N)C#N)sc2c1sc1c3c4nsnc4c4c5sc6c(CCCCCCCCCCC)c(/C=C7\C(=O)c8cc(-c9scc(F)c9F)ccc8C7=C(C#N)C#N)sc6c5n(CC(CCCCCCCC)CCCCCCCCCC)c4c3n(CC(CCCCCCCC)CCCCCCCCCC)c21,0.9,17.96,56.46,9.16,-5.56,-3.65,-5.6,-3.81,,,2022,10.1016/j.dyepig.2022.110180,"OPV-DB (Qiu, J., Zenodo, 2026, doi:10.5281/zenodo.20841543)"
PM6,PZC16,CCCCC(CC)Cc1sc(-c2c3cc(-c4ccc(-c5sc(-c6cccs6)c6c5C(=O)c5c(CC(CC)CCCC)sc(CC(CC)CCCC)c5C6=O)s4)sc3c(-c3cc(F)c(CC(CC)CCCC)s3)c3ccsc23)cc1F,C#Cc1ccc2c(c1)C(=O)/C(=C/c1sc3c(sc4c5c6nc7cc(F)c(F)cc7nc6c6c7sc8c(CCCCCCCCCCC)c(/C=C9\C(=O)c%10ccccc%10C9=C(C#N)C#N)sc8c7n(CC(CCCCCCCCCC)CCCCCCCCCCCC)c6c5n(CC(CCCCCCCCCC)CCCCCCCCCCCC)c34)c1CCCCCCCCCCC)C2=C(C#N)C#N,0.861,18.98,56.65,9.22,-5.56,-3.65,-5.61,-3.81,,,2022,10.1002/adfm.202214248,"OPV-DB (Qiu, J., Zenodo, 2026, doi:10.5281/zenodo.20841543)"
PM2,ITIC-Th,CCCCCCCCCCC(CCCCCCCC)Cc1ccc(-c2c3cc(-c4cnc(-c5cc6c(s5)-c5sc(-c7nccc8nsnc78)cc5C6(CC(CC)CCCC)CC(CC)CCCC)c5nsnc45)sc3c(-c3ccc(CC(CCCCCCCC)CCCCCCCCCC)s3)c3ccsc23)s1,CCCCCCc1ccc(C2(c3ccc(CCCCCC)s3)c3cc4c(cc3-c3sc5cc(/C=C6\C(=O)c7ccccc7C6=C(C#N)C#N)sc5c32)C(c2ccc(CCCCCC)s2)(c2ccc(CCCCCC)s2)c2c-4sc3cc(/C=C4\C(=O)c5ccccc5C4=C(C#N)C#N)sc23)s1,0.926,16.35,61.6,9.33,-5.3,-3.9,-5.673,-3.909,,,2022,10.1002/solr.202200135,"OPV-DB (Qiu, J., Zenodo, 2026, doi:10.5281/zenodo.20841543)"
PBDB-T-SF,ITIC-4F,CCCCC(CC)CSc1sc(-c2c3cc(-c4ccc(-c5sc(-c6cccs6)c6c5C(=O)c5c(CC(CC)CCCC)sc(CC(CC)CCCC)c5C6=O)s4)sc3c(-c3cc(F)c(SCC(CC)CCCC)s3)c3ccsc23)cc1F,CCCCCCc1ccc(C2(c3ccc(CCCCCC)cc3)c3cc4c(cc3-c3sc5cc(/C=C6/C(=O)c7cc(F)c(F)cc7C6=C(C#N)C#N)sc5c32)C(c2ccc(CCCCCC)cc2)(c2ccc(CCCCCC)cc2)c2c-4sc3cc(/C=C4/C(=O)c5cc(F)c(F)cc5C4=C(C#N)C#N)sc23)cc1,0.86,16.7,43.0,6.1,-5.41,-3.62,-5.82,-4.24,,,2022,10.1002/adma.202202575,"OPV-DB (Qiu, J., Zenodo, 2026, doi:10.5281/zenodo.20841543)"
PCE10,PC61BM,CCCCC(CC)COC(=O)c1sc2c(-c3cc4c(-c5ccc(CC(CC)CCCC)s5)c5sccc5c(-c5ccc(CC(CC)CCCC)s5)c4s3)scc2c1F,COC(=O)CCCC1(c2ccccc2)C23c4c5c6c7c8c9c(c%10c%11c2c2c%12c4c4c%13c5c5c7c7c8c8c%14c9c%10c9c%10c%11c2c2c%11c%12c4c4c%12c%13c5c5c7c7c8c8c%14c9c9c%10c2c2c%11c4c4c%12c5c7c5c8c9c2c45)C613,0.79,10.4,71.4,6.1,-5.21,-3.6,-6.1,-3.7,,,2022,10.1016/j.orgel.2022.106633,"OPV-DB (Qiu, J., Zenodo, 2026, doi:10.5281/zenodo.20841543)"
PBDB-T-2Cl,PC61BM,CCCCC(CC)Cc1sc(-c2c3cc(-c4ccc(-c5sc(-c6cccs6)c6c5C(=O)c5c(CC(CC)CCCC)sc(CC(CC)CCCC)c5C6=O)s4)sc3c(-c3cc(Cl)c(CC(CC)CCCC)s3)c3ccsc23)cc1Cl,COC(=O)CCCC1(c2ccccc2)C23c4c5c6c7c8c9c(c%10c%11c2c2c%12c4c4c%13c5c5c7c7c8c8c%14c9c%10c9c%10c%11c2c2c%11c%12c4c4c%12c%13c5c5c7c7c8c8c%14c9c9c%10c2c2c%11c4c4c%12c5c7c5c8c9c2c45)C613,0.96,13.95,46.0,6.13,-5.52,-3.6,-6.1,-3.7,,,2022,10.1016/j.orgel.2022.106728,"OPV-DB (Qiu, J., Zenodo, 2026, doi:10.5281/zenodo.20841543)"
PCPDTBT,B1,CCCCC(CC)CC1(CC(CC)CCCC)c2ccsc2-c2sc(-c3cccc4nsnc34)cc21,CCCCCCc1cc(-c2cc3c(-c4ccc(SCC(CC)CCCC)cc4)c4sc(-c5cc(CCCCCC)c(-c6cc(CCCCCC)c(-c7ccc(/C=C8/SC(=S)N(CCCC)C8=O)s7)s6)s5)cc4c(-c4ccc(SCC(CC)CCCC)cc4)c3s2)sc1-c1cc(CCCCCC)c(-c2ccc(/C=C3/SC(=S)N(CCCC)C3=O)s2)s1,1.15,11.7,28.0,3.8,-5.3,-3.6,-5.37,-3.51,,,2022,10.1016/j.optmat.2022.112852,"OPV-DB (Qiu, J., Zenodo, 2026, doi:10.5281/zenodo.20841543)"
PM6,A2,CCCCC(CC)Cc1sc(-c2c3cc(-c4ccc(-c5sc(-c6cccs6)c6c5C(=O)c5c(CC(CC)CCCC)sc(CC(CC)CCCC)c5C6=O)s4)sc3c(-c3cc(F)c(CC(CC)CCCC)s3)c3ccsc23)cc1F,CCCCCC(CCCCC)N1C(=O)c2ccc3c4c2c(cc2c4c4c(c5ccc6c7cc8c(=O)n(C(CCCCC)CCCCC)c(=O)c9ccc%10c%11ccc%12c(=O)n(C(CCCCC)CCCCC)c(=O)c%13cc(c6c52)c(c%11c%12%13)c7c%10c98)=CC2C(=O)N(C(CCCCC)CCCCC)C(=O)C5=C2C=4C3C=C5)C1=O,0.8,21.5,73.5,13.9,-5.56,-3.65,-5.7,-3.78,,,2022,10.1002/aesr.202200070,"OPV-DB (Qiu, J., Zenodo, 2026, doi:10.5281/zenodo.20841543)"
PM6,PYFCl-T,CCCCC(CC)Cc1sc(-c2c3cc(-c4ccc(-c5sc(-c6cccs6)c6c5C(=O)c5c(CC(CC)CCCC)sc(CC(CC)CCCC)c5C6=O)s4)sc3c(-c3cc(F)c(CC(CC)CCCC)s3)c3ccsc23)cc1F,CCCCCCCCCCCCC(CCCCCCCCCC)Cn1c2c3sc(/C=C4\C(=O)c5ccc(F)cc5C4=C(C#N)C#N)c(CCCCCCCCCCC)c3sc2c2c3nsnc3c3c4sc5c(CCCCCCCCCCC)c(C/C=C6/C(=O)c7cc(-c8cccs8)c(F)cc7C6=C(C#N)C#N)sc5c4n(CC(CCCCCCCCCC)CCCCCCCCCCCC)c3c21,0.928,23.32,64.83,14.03,-5.56,-3.65,-5.66,-3.73,,,2022,10.1002/adma.202211296,"OPV-DB (Qiu, J., Zenodo, 2026, doi:10.5281/zenodo.20841543)"
PM6,F-2Cl,CCCCC(CC)Cc1sc(-c2c3cc(-c4ccc(-c5sc(-c6cccs6)c6c5C(=O)c5c(CC(CC)CCCC)sc(CC(CC)CCCC)c5C6=O)s4)sc3c(-c3cc(F)c(CC(CC)CCCC)s3)c3ccsc23)cc1F,CCCCCCCCC1(CCCCCCCC)c2cc3c(cc2-c2cc4c(cc21)-c1sc(/C=C2\C(=O)c5cc(Cl)c(Cl)cc5C2=C(C#N)C#N)cc1C4(CCCCCCCC)CCCCCCCC)C(CCCCCCCC)(CCCCCCCC)c1cc(/C=C2\C(=O)c4cc(Cl)c(Cl)cc4C2=C(C#N)C#N)sc1-3,0.901,20.14,77.54,14.07,-5.56,-3.65,-5.63,-3.89,,,2022,10.1039/d2ta08301a,"OPV-DB (Qiu, J., Zenodo, 2026, doi:10.5281/zenodo.20841543)"
PM6,PBTIC-γ-2F2T,CCCCC(CC)Cc1sc(-c2c3cc(-c4ccc(-c5sc(-c6cccs6)c6c5C(=O)c5c(CC(CC)CCCC)sc(CC(CC)CCCC)c5C6=O)s4)sc3c(-c3cc(F)c(CC(CC)CCCC)s3)c3ccsc23)cc1F,CCCCCCCCCCCc1c(/C=C2\C(=O)c3ccccc3C2=C(C#N)C#N)sc2c1sc1c3c4nsnc4c4c5sc6c(CCCCCCCCCCC)c(/C=C7\C(=O)c8cc(-c9cc(F)c(-c%10sccc%10F)s9)ccc8C7=C(C#N)C#N)sc6c5n(CC(CCCCCCCC)CCCCCCCCCC)c4c3n(CC(CCCCCCCC)CCCCCCCCCC)c21,0.95,22.56,66.9,14.34,-5.56,-3.65,-5.56,-3.8,,,2022,10.1016/j.enrev.2022.100008,"OPV-DB (Qiu, J., Zenodo, 2026, doi:10.5281/zenodo.20841543)"
J52ClF,IT-4F,CCCCCCCCC(CCCCCC)Cn1nc2c(-c3cc(F)cs3)c(F)c(F)c(-c3cc(F)c(-c4cc5c(-c6cc(Cl)c(CC(CC)CCCC)s6)c6sccc6c(-c6cc(Cl)c(CC(CC)CCCC)s6)c5s4)s3)c2n1,CCCCCCc1ccc(C2(c3ccc(CCCCCC)cc3)c3cc4c(cc3-c3sc5cc(/C=C6\C(=O)c7cc(F)c(F)cc7C6=C(C#N)C#N)sc5c32)C(c2ccc(CCCCCC)cc2)(c2ccc(CCCCCC)cc2)c2c-4sc3cc(/C=C4\C(=O)c5cc(F)c(F)cc5C4=C(C#N)C#N)sc23)cc1,0.93,22.67,69.22,14.59,-5.54,-3.72,-5.66,-4.14,,,2022,10.1021/acsaem.2c02791,"OPV-DB (Qiu, J., Zenodo, 2026, doi:10.5281/zenodo.20841543)"
J52,BN-2F,CCCCCCCCC(CCCCCC)Cn1nc2c(-c3cccs3)c(F)c(F)c(-c3ccc(-c4cc5c(-c6ccc(CC(CC)CCCC)s6)c6sccc6c(-c6ccc(CC(CC)CCCC)s6)c5s4)s3)c2n1,CCCCC(CC)COc1cc(-c2cc3c(s2)-c2sc(/C=C4\C(=O)c5cc6ccc(F)cc6cc5C4=C(C#N)C#N)cc2C3(CC(CC)CCCC)CC(CC)CCCC)c(OCC(CC)CCCC)cc1-c1cc2c(s1)-c1sc(/C=C3\C(=O)c4cc5cc(F)ccc5cc4C3=C(C#N)C#N)cc1C2(CC(CC)CCCC)CC(CC)CCCC,0.81,25.25,70.78,14.53,-5.2,-3.05,-5.39,-3.99,,,2022,10.1002/chem.202201675,"OPV-DB (Qiu, J., Zenodo, 2026, doi:10.5281/zenodo.20841543)"
PBDB-T,BTTPC,CCCCC(CC)Cc1ccc(-c2c3cc(-c4ccc(-c5sc(-c6cccs6)c6c5C(=O)c5c(CC(CC)CCCC)sc(CC(CC)CCCC)c5C6=O)s4)sc3c(-c3ccc(CC(CC)CCCC)s3)c3ccsc23)s1,CCc1c(/C=C2\C(=O)c3cc4ccsc4cc3C2=C(C#N)C#N)sc2c1sc1c3c4nsnc4c4c5sc6c(CC)c(/C=C7\C(=O)c8cc9ccsc9cc8C7=C(C#N)C#N)sc6c5n(CC)c4c3n(CC)c21,0.89,22.25,73.0,14.51,-5.33,-3.48,-5.47,-3.78,,,2022,10.1021/acsami.2c10059,"OPV-DB (Qiu, J., Zenodo, 2026, doi:10.5281/zenodo.20841543)"
PM6,4TC-4F-C8C8,CCCCC(CC)Cc1sc(-c2c3cc(-c4ccc(-c5sc(-c6cccs6)c6c5C(=O)c5c(CC(CC)CCCC)sc(CC(CC)CCCC)c5C6=O)s4)sc3c(-c3cc(F)c(CC(CC)CCCC)s3)c3ccsc23)cc1F,CCCCCCCCC(CCCCCCCC)Cn1c2cc3c(cc2c2cc4c(cc21)-c1sc2cc(/C=C5\C(=O)c6cc(F)c(F)cc6C5=C(C#N)C#N)sc2c1C4(Cc1ccc(CCCCCC)cc1)Cc1ccc(CCCCCC)cc1)C(Cc1ccc(CCCCCC)cc1)(Cc1ccc(CCCCCC)cc1)c1c-3sc2cc(/C=C3\C(=O)c4cc(F)c(F)cc4C3=C(C#N)C#N)sc12,0.93,21.01,76.0,14.85,-5.56,-3.65,-5.6,-3.96,,,2022,10.1002/smll.202201769,"OPV-DB (Qiu, J., Zenodo, 2026, doi:10.5281/zenodo.20841543)"
PBDB-T,PYT-EH20,CCCCC(CC)Cc1ccc(-c2c3cc(-c4ccc(-c5sc(-c6cccs6)c6c5C(=O)c5c(CC(CC)CCCC)sc(CC(CC)CCCC)c5C6=O)s4)sc3c(-c3ccc(CC(CC)CCCC)s3)c3ccsc23)s1,CCCCCCCCCCCc1c(/C=C2\C(=O)c3cc(-c4ccc(-c5ccc6c(c5)C(=O)/C(=C/c5sc7c(sc8c9c%10nsnc%10c%10c%11sc%12c(CCCCCCCCCCC)c(/C=C%13\C(=O)c%14ccccc%14C%13=C(C#N)C#N)sc%12c%11n(CC(CCCCCCCC)CCCCCCCCCC)c%10c9n(CC(CCCCCCCC)CCCCCCCCCC)c78)c5CCCCCCCCCCC)C6=C(C#N)C#N)s4)ccc3C2=C(C#N)C#N)sc2c1sc1c3c4nsnc4c4c5sc6c(CCCCCCCCCCC)c(/C=C7/C(=O)c8cc(-c9cccs9)ccc8C7=C(C#N)C#N)sc6c5n(CC(CCCC)CCCCCC)c4c3n(CC(CCCC)CCCCCC)c21,0.92,21.4,70.9,14.8,-5.33,-3.48,-5.65,-3.77,,,2022,10.1002/marc.202200753,"OPV-DB (Qiu, J., Zenodo, 2026, doi:10.5281/zenodo.20841543)"
PTB7-Th,SSBRC,CCCCC(CC)COC(=O)c1sc2csc(-c3cc4c(-c5ccc(CC(CC)CCCC)s5)c5sccc5c(-c5ccc(CC(CC)CCCC)s5)c4s3)c2c1F,CCCCC(CC)CC1(CC(CC)CCCC)c2cc(-c3ccc(/C=c4\sc(=C(C#N)C#N)n(CC)c4=O)c4nsnc34)sc2-c2sc(-c3ccc(/C=c4\sc(=C(C#N)C#N)n(CC)c4=O)c4nsnc34)cc21,0.77,7.75,56.33,3.35,-5.21,-3.6,-5.47,-3.84,,,2022,10.1016/j.synthmet.2022.117189,"OPV-DB (Qiu, J., Zenodo, 2026, doi:10.5281/zenodo.20841543)"
PBDB-T,IDTT-BOACl,CCCCC(CC)Cc1ccc(-c2c3cc(-c4ccc(-c5sc(-c6cccs6)c6c5C(=O)c5c(CC(CC)CCCC)sc(CC(CC)CCCC)c5C6=O)s4)sc3c(-c3ccc(CC(CC)CCCC)s3)c3ccsc23)s1,CCCCCCc1ccc(C2(c3ccc(CCCCCC)cc3)c3cc4c(cc3-c3sc5cc(/C=C(\C#N)c6nc7cc(Cl)ccc7o6)sc5c32)C(c2ccc(CCCCCC)cc2)(c2ccc(CCCCCC)cc2)c2c-4sc3cc(/C=C(\C#N)c4nc5cc(Cl)ccc5o4)sc23)cc1,1.16,8.07,36.9,3.45,-5.33,-3.48,-5.44,-3.62,,,2022,10.1016/j.orgel.2022.106446,"OPV-DB (Qiu, J., Zenodo, 2026, doi:10.5281/zenodo.20841543)"
J71,PG1,CCCCCCCCC(CCCCCC)Cn1nc2c(-c3cccs3)c(F)c(F)c(-c3ccc(-c4cc5c(-c6ccc([Si](CCC)(CCC)CCC)s6)c6sccc6c(-c6ccc([Si](CCC)(CCC)CCC)s6)c5s4)s3)c2n1,CCCCCCCCC(CCCCCC)Cn1nc2c(-c3cccs3)c(F)c(F)c(-c3ccc(-c4cc5c(-c6ccc([Si](CCC)(CCC)CCC)s6)c6sccc6c(-c6ccc([Si](CCC)(CCC)CCC)s6)c5s4)s3)c2n1,0.99,7.0,51.1,3.5,-5.4,-3.24,-5.66,-3.81,,,2022,10.1002/marc.202200411,"OPV-DB (Qiu, J., Zenodo, 2026, doi:10.5281/zenodo.20841543)"
PBDTTTC-T,P1TP,CCCCC(CC)CC(=O)c1cc2c(-c3cc4c(-c5ccc(CC(CC)CCCC)s5)c5sccc5c(-c5ccc(CC(CC)CCCC)s5)c4s3)scc2s1,CCCCC(CC)CN1C(=O)c2ccc3c4ccc5c6c(cc(-c7ccc(-c8cc9c%10c(ccc%11c%12ccc%13c%14c(ccc(c8c%10%11)c%14%12)C(=O)N(CC(CC)CCCC)C%13=O)C(=O)N(CC(CC)CCCC)C9=O)s7)c(c7ccc(c2c37)C1=O)c64)C(=O)N(CC(CC)CCCC)C5=O,0.89,7.78,52.1,3.61,-5.13,-3.27,-5.66,-3.72,,,2022,10.1002/cjoc.202200027,"OPV-DB (Qiu, J., Zenodo, 2026, doi:10.5281/zenodo.20841543)"
PTB7-Th,FRd2,CCCCC(CC)COC(=O)c1sc2csc(-c3cc4c(-c5ccc(CC(CC)CCCC)s5)c5sccc5c(-c5ccc(CC(CC)CCCC)s5)c4s3)c2c1F,CCN1C(=O)/C(=C\c2ccc(-c3ccc(-c4ccc5c(c4)C(CC)(CC)c4cc(-c6ccc(-c7ccc(/C=C8/SC(=S)N(CC)C8=O)o7)c7nsnc67)ccc4-5)c4nsnc34)o2)SC1=S,0.83,15.7,72.3,9.4,-5.21,-3.6,-5.67,-3.58,,,2022,10.1016/j.synthmet.2022.117189,"OPV-DB (Qiu, J., Zenodo, 2026, doi:10.5281/zenodo.20841543)"
PBDT,PYF-T-o,CCCCCCC(CCCC)Cc1csc(-c2c(F)c(F)c(-c3cc(CC(CCCC)CCCCCC)c(-c4cc5c(OCC(CC)CCCC)c6sccc6c(OCC(CC)CCCC)c5s4)s3)c3nsnc23)c1,CCCCCCCCCCCCC(CCCCCCCCCC)Cn1c2c3sc(/C=C4\C(=O)c5c(F)cccc5C4=C(C#N)C#N)c(CCCCCCCCCCC)c3sc2c2c3nsnc3c3c4sc5c(CCCCCCCCCCC)c(/C=C6\C(=O)c7c(ccc(-c8cccs8)c7F)C6=C(C#N)C#N)sc5c4n(CC(CCCCCCCCCC)CCCCCCCCCCCC)c3c21,0.93,18.92,54.43,9.55,-5.47,-3.525,-5.715,-3.805,,,2022,10.1016/j.cclet.2022.108019,"OPV-DB (Qiu, J., Zenodo, 2026, doi:10.5281/zenodo.20841543)"
PM6,ITOR-IC,CCCCC(CC)Cc1sc(-c2c3cc(-c4ccc(-c5sc(-c6cccs6)c6c5C(=O)c5c(CC(CC)CCCC)sc(CC(CC)CCCC)c5C6=O)s4)sc3c(-c3cc(F)c(CC(CC)CCCC)s3)c3ccsc23)cc1F,CCCCCCCCOc1ccc(C2(c3ccc(OCCCCCCCC)cc3)c3cc4c(cc3-c3sc5cc(/C=C6\C(=O)c7ccccc7C6=C(C#N)C#N)sc5c32)C(c2ccc(OCCCCCCCC)cc2)(c2ccc(OCCCCCCCC)cc2)c2c-4sc3cc(/C=C4\C(=O)c5ccccc5C4=C(C#N)C#N)sc23)cc1,0.991,15.41,62.28,9.51,-5.56,-3.65,-5.53,-3.95,,,2022,10.1016/j.solener.2022.02.049,"OPV-DB (Qiu, J., Zenodo, 2026, doi:10.5281/zenodo.20841543)"
PBDTTPD-HT,IDIC,CCCCCCCCN1C(=O)c2c(-c3cc(CCCCCC)cs3)sc(-c3cc(CCCCCC)c(-c4cc5c(-c6ccc(CC(CC)CCCC)s6)c6sccc6c(-c6ccc(CC(CC)CCCC)s6)c5s4)s3)c2C1=O,CCCCCCC1(CCCCCC)c2cc3c(cc2-c2sc(/C=C4\C(=O)c5ccccc5C4=C(C#N)C#N)cc21)C(CCCCCC)(CCCCCC)c1cc(/C=C2\C(=O)c4ccccc4C2=C(C#N)C#N)sc1-3,0.86,16.2,68.8,9.59,-5.33,-3.545,-5.69,-3.91,,,2022,10.1002/admi.202201274,"OPV-DB (Qiu, J., Zenodo, 2026, doi:10.5281/zenodo.20841543)"
PCE10,PC71BM,CCCCC(CC)COC(=O)c1sc2c(-c3cc4c(-c5ccc(CC(CC)CCCC)s5)c5sccc5c(-c5ccc(CC(CC)CCCC)s5)c4s3)scc2c1F,COC(=O)CCCC1(c2ccccc2)C23c4c5ccc6c7cc8c9c%10c(cc%11cc%12c%13c%14c(cc%15c%16ccc-5c2c%16c2c5c%16c%17c(c(c46)c7c9c%17c4c%10c%11c%13c4c%16c%14c%152)C513)C%12)C8,0.804,17.72,67.5,9.62,-5.21,-3.6,-5.9,-3.9,,,2022,10.1002/anie.202207397,"OPV-DB (Qiu, J., Zenodo, 2026, doi:10.5281/zenodo.20841543)"
PPDT2FBT,PC71BM,CCCCCCCCC(CCCCCC)COc1ccc(OCC(CCCCCC)CCCCCCCC)c(-c2ccc(-c3c(F)c(F)c(-c4cccs4)c4nsnc34)s2)c1,COC(=O)CCCC1(c2ccccc2)C23c4c5ccc6c7cc8c9c%10c(cc%11cc%12c%13c%14c(cc%15c%16ccc-5c2c%16c2c5c%16c%17c(c(c46)c7c9c%17c4c%10c%11c%13c4c%16c%14c%152)C513)C%12)C8,0.79,15.94,76.63,9.65,-5.43,-3.67,-5.9,-3.9,,,2022,10.1002/adma.202208305,"OPV-DB (Qiu, J., Zenodo, 2026, doi:10.5281/zenodo.20841543)"
PTB7-Th,BAF-4CN,CCCCC(CC)COC(=O)c1sc2csc(-c3cc4c(-c5ccc(CC(CC)CCCC)s5)c5sccc5c(-c5ccc(CC(CC)CCCC)s5)c4s3)c2c1F,CCCCCCCCCCC1(CCCCCCCCCC)c2cc(-c3ccc(/C=c4/sc(=C(C#N)C#N)n(CCCCCC)c4=O)c4nsnc34)ccc2-c2ccc(-c3ccc(/C=c4/sc(=C(C#N)C#N)n(CCCCCC)c4=O)c4nsnc34)cc21,0.89,15.8,68.1,9.7,-5.21,-3.6,-5.7,-3.6,,,2022,10.1016/j.synthmet.2022.117189,"OPV-DB (Qiu, J., Zenodo, 2026, doi:10.5281/zenodo.20841543)"
PBDB-T,PY5-TTz-CT,CCCCC(CC)Cc1ccc(-c2c3cc(-c4ccc(-c5sc(-c6cccs6)c6c5C(=O)c5c(CC(CC)CCCC)sc(CC(CC)CCCC)c5C6=O)s4)sc3c(-c3ccc(CC(CC)CCCC)s3)c3ccsc23)s1,CCCCCCCCCCCc1c(/C=C2\C(=O)c3ccccc3C2=C(C#N)C#N)sc2c1sc1c3c4nsnc4c4c5sc6c(CCCCCCCCCCC)c(/C=C7\C(=O)c8cc(-c9cc(CC(CC)CCCC)c(-c%10nc%11sc(-c%12sccc%12CC(CC)CCCC)nc%11s%10)s9)ccc8C7=C(C#N)C#N)sc6c5n(CC(CCCCCCCC)CCCCCCCCCC)c4c3n(CC(CCCCCCCC)CCCCCCCCCC)c21,0.929,20.44,51.8,9.84,-5.38,-3.5,-5.68,-3.71,,,2022,10.1021/acs.macromol.2c00515,"OPV-DB (Qiu, J., Zenodo, 2026, doi:10.5281/zenodo.20841543)"
PDCBT-Cl,Y6,CCCCCCCCC(CCCCCC)CCOC(=O)c1csc(-c2cc(C(=O)OCCC(CCCCCC)CCCCCCCC)c(-c3ccc(-c4sccc4Cl)s3)s2)c1,CCCCCCCCCCCc1c(/C=C2\C(=O)c3cc(F)c(F)cc3C2=C(C#N)C#N)sc2c1sc1c3c4nsnc4c4c5sc6c(CCCCCCCCCCC)c(/C=C7\C(=O)c8cc(F)c(F)cc8C7=C(C#N)C#N)sc6c5n(CC(CC)CCCC)c4c3n(CC(CC)CCCC)c21,0.87,22.29,51.2,9.84,-5.34,-3.01,-5.65,-4.09,,,2022,10.1016/j.dyepig.2022.110269,"OPV-DB (Qiu, J., Zenodo, 2026, doi:10.5281/zenodo.20841543)"
PBDB-T,PYT8T,CCCCC(CC)Cc1ccc(-c2c3cc(-c4ccc(-c5sc(-c6cccs6)c6c5C(=O)c5c(CC(CC)CCCC)sc(CC(CC)CCCC)c5C6=O)s4)sc3c(-c3ccc(CC(CC)CCCC)s3)c3ccsc23)s1,CCCCCCCCCCCc1c(/C=C2\C(=O)c3ccccc3C2=C(C#N)C#N)sc2c1sc1c3c4nsnc4c4c5sc6c(CCCCCCCCCCC)c(/C=C7\C(=O)c8cc(-c9ccc(CCCCCCCCc%10cccs%10)s9)ccc8C7=C(C#N)C#N)sc6c5n(CC(CCCCCCCC)CCCCCCCCCC)c4c3n(CC(CCCCCCCC)CCCCCCCCCC)c21,0.95,17.01,62.0,9.97,-5.33,-3.48,-5.64,-4.07,,,2022,10.1039/d2ee02523j,"OPV-DB (Qiu, J., Zenodo, 2026, doi:10.5281/zenodo.20841543)"
PffBT4T-2DT,IDTBR,CCCCCCCCCCCCC(CCCCCCCCCC)Cc1csc(-c2c(F)c(F)c(-c3cc(CC(CCCCCCCCCC)CCCCCCCCCCCC)c(-c4ccc(-c5cccs5)s4)s3)c3nsnc23)c1,CCN1C(=O)/C(=C/c2ccc(-c3cc4c(s3)-c3cc5c(cc3C4(CC)CC)-c3sc(-c4ccc(/C=C6\SC(=S)N(CC)C6=O)c6nsnc46)cc3C5(CC)CC)c3nsnc23)SC1=S,1.07,15.0,62.0,9.95,-5.29,-3.65,-5.63,-3.8,,,2022,10.1002/chem.202203356,"OPV-DB (Qiu, J., Zenodo, 2026, doi:10.5281/zenodo.20841543)"
PBDB-T,DICTF,CCCCC(CC)Cc1ccc(-c2c3cc(-c4ccc(-c5sc(-c6cccs6)c6c5C(=O)c5c(CC(CC)CCCC)sc(CC(CC)CCCC)c5C6=O)s4)sc3c(-c3ccc(CC(CC)CCCC)s3)c3ccsc23)s1,CCCCCCCCC1(CCCCCCCC)c2cc(-c3ccc(/C=C4\C(=O)c5ccccc5C4=C(C#N)C#N)s3)ccc2-c2ccc(-c3ccc(/C=C4\C(=O)c5ccccc5C4=C(C#N)C#N)s3)cc21,0.93,10.3,59.0,5.93,-5.33,-3.48,-5.67,-3.79,,,2022,10.1002/chem.202203356,"OPV-DB (Qiu, J., Zenodo, 2026, doi:10.5281/zenodo.20841543)"
PBCl-Qx4Cl,Y6,CCCCC(CC)Cc1sc(-c2nc3c(-c4ccc(-c5cc6c(-c7cc(Cl)c(CC(CC)CCCC)s7)c7sccc7c(-c7cc(Cl)c(CC(CC)CCCC)s7)c6s5)s4)cc(Cl)c(-c4cccs4)c3nc2-c2cc(Cl)c(CC(CC)CCCC)s2)cc1Cl,CCCCCCCCCCCc1c(/C=C2\C(=O)c3cc(F)c(F)cc3C2=C(C#N)C#N)sc2c1sc1c3c4nsnc4c4c5sc6c(CCCCCCCCCCC)c(/C=C7\C(=O)c8cc(F)c(F)cc8C7=C(C#N)C#N)sc6c5n(CC(CC)CCCC)c4c3n(CC(CC)CCCC)c21,0.82,24.9,63.6,12.95,-5.58,-3.27,-5.65,-4.1,,,2022,10.1021/acsami.2c00764,"OPV-DB (Qiu, J., Zenodo, 2026, doi:10.5281/zenodo.20841543)"
PM6,PYTH-B,CCCCC(CC)Cc1sc(-c2c3cc(-c4ccc(-c5sc(-c6cccs6)c6c5C(=O)c5c(CC(CC)CCCC)sc(CC(CC)CCCC)c5C6=O)s4)sc3c(-c3cc(F)c(CC(CC)CCCC)s3)c3ccsc23)cc1F,CCCCCCCCCCCc1c(/C=C2\C(=O)c3ccccc3C2=C(C#N)C#N)sc2c1sc1c3c4nsnc4c4c5sc6c(CCCCCCCCCCC)c(/C=C7/C(=O)c8cc(-c9ccc(-c%10ccc(CCCCCCc%11ccc(-c%12cccs%12)s%11)s%10)s9)ccc8C7=C(C#N)C#N)sc6c5n(CC(CCCCCCCC)CCCCCCCCCC)c4c3n(CC(CCCCCCCC)CCCCCCCCCC)c21,0.937,20.35,68.78,13.12,-5.56,-3.65,-5.7,-3.86,,,2022,10.1002/adma.202208008,"OPV-DB (Qiu, J., Zenodo, 2026, doi:10.5281/zenodo.20841543)"
PBDB-T,PZT-C12,CCCCC(CC)Cc1ccc(-c2c3cc(-c4ccc(-c5sc(-c6cccs6)c6c5C(=O)c5c(CC(CC)CCCC)sc(CC(CC)CCCC)c5C6=O)s4)sc3c(-c3ccc(CC(CC)CCCC)s3)c3ccsc23)s1,CCCCCCCCCCCCC(CCCCCCCCCC)Cn1c2c3sc(/C=C4\C(=O)c5ccccc5C4=C(C#N)C#N)c(CCCCCCCCCCC)c3sc2c2c3nn(CC(CCCC)CCCCCC)nc3c3c4sc5c(CCCCCCCCCCC)c(/C=C6\C(=O)c7cc(-c8cccs8)ccc7C6=C(C#N)C#N)sc5c4n(CC(CCCCCCCCCC)CCCCCCCCCCCC)c3c21,0.928,22.2,63.7,13.1,-5.33,-3.48,-5.53,-3.57,,,2022,10.1002/marc.202200062,"OPV-DB (Qiu, J., Zenodo, 2026, doi:10.5281/zenodo.20841543)"
PBDB-T,PY3Se-1V,CCCCC(CC)Cc1ccc(-c2c3cc(-c4ccc(-c5sc(-c6cccs6)c6c5C(=O)c5c(CC(CC)CCCC)sc(CC(CC)CCCC)c5C6=O)s4)sc3c(-c3ccc(CC(CC)CCCC)s3)c3ccsc23)s1,CCCCCCCCCCCCC(CCCCCCCCCC)Cn1c2c(sc3c(CCCCCCCCCCC)c(/C=C4\C(=O)c5ccccc5C4=C(C#N)C#N)[se]c32)c2c3nsnc3c3c4sc5c(CCCCCCCCCCC)c(/C=C/C=C6\C(=O)c7cc(-c8ccc[se]8)ccc7C6=C(C#N)C#N)[se]c5c4n(CC(CCCCCCCCCC)CCCCCCCCCCCC)c3c21,0.81,24.7,65.9,13.2,-5.33,-3.48,-5.51,-3.9,,,2022,10.1021/acsami.2c02485,"OPV-DB (Qiu, J., Zenodo, 2026, doi:10.5281/zenodo.20841543)"
D18-Cl,Y5,CCCCCCC(CCCC)Cc1csc(-c2cc3c4nsnc4c4cc(-c5cc(CC(CCCC)CCCCCC)c(-c6cc7c(-c8cc(Cl)c(CC(CC)CCCC)s8)c8sccc8c(-c8cc(Cl)c(CC(CC)CCCC)s8)c7s6)s5)sc4c3s2)c1,CCCCCCCCCCCc1c(/C=C2\C(=O)c3ccccc3C2=C(C#N)C#N)sc2c1sc1c3c4nsnc4c4c5sc6c(CCCCCCCCCCC)c(/C=C7\C(=O)c8ccccc8C7=C(C#N)C#N)sc6c5n(CC(CC)CCCC)c4c3n(CC(CC)CCCC)c21,0.875,23.59,64.2,13.25,-5.51,-2.77,-5.55,-3.87,,,2022,10.1002/solr.202200495,"OPV-DB (Qiu, J., Zenodo, 2026, doi:10.5281/zenodo.20841543)"
J52-FTh,ITIC,CCCCCCCCC(CCCCCC)Cn1nc2c(-c3cc(F)cs3)c(F)c(F)c(-c3cc(F)c(-c4cc5c(-c6ccc(CC(CC)CCCC)s6)c6sccc6c(-c6ccc(CC(CC)CCCC)s6)c5s4)s3)c2n1,CCCCCCc1ccc(C2(c3ccc(CCCCCC)cc3)c3cc4c(cc3-c3sc5cc(C=C6C(=O)c7ccccc7C6=C(C#N)C#N)sc5c32)C(c2ccc(CCCCCC)cc2)(c2ccc(CCCCCC)cc2)c2c-4sc3cc(C=C4C(=O)c5ccccc5C4=C(C#N)C#N)sc23)cc1,0.92,21.29,68.0,13.32,-5.51,-3.68,-5.576,-3.916,,,2022,10.1016/j.orgel.2022.106611,"OPV-DB (Qiu, J., Zenodo, 2026, doi:10.5281/zenodo.20841543)"
PBDTTS-2ClQx,Y6,CCCCC(CC)COc1cc(-c2nc3c(-c4cccs4)ccc(-c4ccc(-c5cc6c(-c7ccc(SCC(CC)CCCC)s7)c7sccc7c(-c7ccc(SCC(CC)CCCC)s7)c6s5)s4)c3nc2-c2ccc(Cl)c(OCC(CC)CCCC)c2)ccc1Cl,CCCCCCCCCCCc1c(/C=C2\C(=O)c3cc(F)c(F)cc3C2=C(C#N)C#N)sc2c1sc1c3c4nsnc4c4c5sc6c(CCCCCCCCCCC)c(/C=C7\C(=O)c8cc(F)c(F)cc8C7=C(C#N)C#N)sc6c5n(CC(CC)CCCC)c4c3n(CC(CC)CCCC)c21,0.84,24.86,64.13,13.43,-5.44,-3.77,-5.65,-4.09,,,2022,10.1039/d2py01122k,"OPV-DB (Qiu, J., Zenodo, 2026, doi:10.5281/zenodo.20841543)"
PM6,PAL1,CCCCC(CC)Cc1sc(-c2c3cc(-c4ccc(-c5sc(-c6cccs6)c6c5C(=O)c5c(CC(CC)CCCC)sc(CC(CC)CCCC)c5C6=O)s4)sc3c(-c3cc(F)c(CC(CC)CCCC)s3)c3ccsc23)cc1F,CCCCCCCCCCCc1c(/C=C2\C(=O)c3cc(F)ccc3C2=C(C#N)C#N)sc2c1sc1c3c4nsnc4c4c5sc6c(CCCCCCCCCCC)c(/C=C7\C(=O)c8cc(-c9cccs9)c(F)cc8C7=C(C#N)C#N)sc6c5n(CC(CCCCCCCC)CCCCCCCCCC)c4c3n(CC(CCCCCCCC)CCCCCCCCCC)c21,0.91,22.41,66.32,13.53,-5.56,-3.65,-5.67,-3.78,,,2022,10.1016/j.dyepig.2022.110180,"OPV-DB (Qiu, J., Zenodo, 2026, doi:10.5281/zenodo.20841543)"
PM6,PYTCl-B,CCCCC(CC)Cc1sc(-c2c3cc(-c4ccc(-c5sc(-c6cccs6)c6c5C(=O)c5c(CC(CC)CCCC)sc(CC(CC)CCCC)c5C6=O)s4)sc3c(-c3cc(F)c(CC(CC)CCCC)s3)c3ccsc23)cc1F,CCCCCCCCCCCc1c(/C=C2\C(=O)c3ccccc3C2=C(C#N)C#N)sc2c1sc1c3c4nsnc4c4c5sc6c(CCCCCCCCCCC)c(/C=C7/C(=O)c8cc(-c9ccc(-c%10sc(CCCCCCc%11cc(Cl)c(-c%12cccs%12)s%11)cc%10Cl)s9)ccc8C7=C(C#N)C#N)sc6c5n(CC(CCCCCCCC)CCCCCCCCCC)c4c3n(CC(CCCCCCCC)CCCCCCCCCC)c21,0.935,20.76,70.14,13.61,-5.56,-3.65,-5.69,-3.9,,,2022,10.1002/adma.202208008,"OPV-DB (Qiu, J., Zenodo, 2026, doi:10.5281/zenodo.20841543)"
PBDB-T,PYTT-1,CCCCC(CC)Cc1ccc(-c2c3cc(-c4ccc(-c5sc(-c6cccs6)c6c5C(=O)c5c(CC(CC)CCCC)sc(CC(CC)CCCC)c5C6=O)s4)sc3c(-c3ccc(CC(CC)CCCC)s3)c3ccsc23)s1,CCCCCCCCCCCc1c(/C=C2\C(=O)c3sccc3C2=C(C#N)C#N)sc2c1sc1c3c4nsnc4c4c5sc6c(CCCCCCCCCCC)c(/C=C7\C(=O)c8sc(-c9cccs9)cc8C7=C(C#N)C#N)sc6c5n(CC(CCCCCCCC)CCCCCCCCCC)c4c3n(CC(CCCCCCCC)CCCCCCCCCC)c21,0.93,20.66,70.4,13.54,-5.33,-3.48,-5.66,-3.82,,,2022,10.1016/j.enrev.2022.100008,"OPV-DB (Qiu, J., Zenodo, 2026, doi:10.5281/zenodo.20841543)"
PTB7-Th,AOIC,CCCCC(CC)COC(=O)c1sc2csc(-c3cc4c(-c5ccc(CC(CC)CCCC)s5)c5sccc5c(-c5ccc(CC(CC)CCCC)s5)c4s3)c2c1F,CCCCCCc1ccc(C2(c3ccc(CCCCCC)cc3)c3cc4c(cc3-c3sc(/C=C5\C(=O)c6cc(F)c(F)cc6C5=C(C#N)C#N)cc32)C(c2ccc(CCCCCC)cc2)(c2ccc(CCCCCC)cc2)c2c-4sc3c2C(c2ccc(CCCCCC)cc2)(c2ccc(CCCCCC)cc2)c2c-3sc3cc(/C=C4\C(=O)c5cc(F)c(F)cc5C4=C(C#N)C#N)sc23)cc1,0.744,24.51,75.0,13.7,-5.21,-3.6,-5.5,-3.93,,,2022,10.1002/cjoc.202200027,"OPV-DB (Qiu, J., Zenodo, 2026, doi:10.5281/zenodo.20841543)"
PBDB-T,PZT-C8,CCCCC(CC)Cc1ccc(-c2c3cc(-c4ccc(-c5sc(-c6cccs6)c6c5C(=O)c5c(CC(CC)CCCC)sc(CC(CC)CCCC)c5C6=O)s4)sc3c(-c3ccc(CC(CC)CCCC)s3)c3ccsc23)s1,CCCCCCCCCCCCC(CCCCCCCCCC)Cn1c2c3sc(/C=C4\C(=O)c5ccccc5C4=C(C#N)C#N)c(CCCCCCCCCCC)c3sc2c2c3nn(CCCCCCCC)nc3c3c4sc5c(CCCCCCCCCCC)c(/C=C6\C(=O)c7cc(-c8cccs8)ccc7C6=C(C#N)C#N)sc5c4n(CC(CCCCCCCCCC)CCCCCCCCCCCC)c3c21,0.918,22.8,65.9,13.8,-5.33,-3.48,-5.51,-3.7,,,2022,10.1002/marc.202200062,"OPV-DB (Qiu, J., Zenodo, 2026, doi:10.5281/zenodo.20841543)"
PDTB,ITIC,CCCCCCCCCCC(CCCCCCCC)Cc1csc(-c2sc(-c3cc(CC(CCCCCCCC)CCCCCCCCCC)c(-c4ccc(-c5cccs5)s4)s3)c3c2C(=O)c2c(CC(CC)CCCC)sc(CC(CC)CCCC)c2C3=O)c1,CCCCCCc1ccc(C2(c3ccc(CCCCCC)cc3)c3cc4c(cc3-c3sc5cc(C=C6C(=O)c7ccccc7C6=C(C#N)C#N)sc5c32)C(c2ccc(CCCCCC)cc2)(c2ccc(CCCCCC)cc2)c2c-4sc3cc(C=C4C(=O)c5ccccc5C4=C(C#N)C#N)sc23)cc1,0.64,9.91,60.1,3.81,-5.58,-3.69,-5.576,-3.916,,,2022,10.1039/d2ra05925h,"OPV-DB (Qiu, J., Zenodo, 2026, doi:10.5281/zenodo.20841543)"
PBDTT-TPD,PC71BM,CCCCCCCCN1C(=O)c2csc(-c3cc4c(-c5ccc(CC(CC)CCCC)s5)c5sccc5c(-c5ccc(CC(CC)CCCC)s5)c4s3)c2C1=O,COC(=O)CCCC1(c2ccccc2)C23c4c5ccc6c7cc8c9c%10c(cc%11cc%12c%13c%14c(cc%15c%16ccc-5c2c%16c2c5c%16c%17c(c(c46)c7c9c%17c4c%10c%11c%13c4c%16c%14c%152)C513)C%12)C8,0.91,9.4,58.1,4.9,-5.49,-3.64,-5.9,-3.9,,,2022,10.1002/marc.202200279,"OPV-DB (Qiu, J., Zenodo, 2026, doi:10.5281/zenodo.20841543)"
PBCl-Qx,Y6,CCCCC(CC)Cc1ccc(-c2nc3c(-c4ccc(-c5cc6c(-c7cc(Cl)c(CC(CC)CCCC)s7)c7sccc7c(-c7cc(Cl)c(CC(CC)CCCC)s7)c6s5)s4)cc(Cl)c(-c4cccs4)c3nc2-c2ccc(CC(CC)CCCC)s2)s1,CCCCCCCCCCCc1c(/C=C2\C(=O)c3cc(F)c(F)cc3C2=C(C#N)C#N)sc2c1sc1c3c4nsnc4c4c5sc6c(CCCCCCCCCCC)c(/C=C7\C(=O)c8cc(F)c(F)cc8C7=C(C#N)C#N)sc6c5n(CC(CC)CCCC)c4c3n(CC(CC)CCCC)c21,0.76,26.32,62.1,12.44,-5.47,-3.14,-5.65,-4.1,,,2022,10.1021/acsami.2c00764,"OPV-DB (Qiu, J., Zenodo, 2026, doi:10.5281/zenodo.20841543)"
J71,ITIC5,CCCCCCCCC(CCCCCC)Cn1nc2c(-c3cccs3)c(F)c(F)c(-c3ccc(-c4cc5c(-c6ccc([Si](CCC)(CCC)CCC)s6)c6sccc6c(-c6ccc([Si](CCC)(CCC)CCC)s6)c5s4)s3)c2n1,CCCCCCc1ccc(C2(c3ccc(CCCCCC)cc3)c3cc(/C=C4\C(=O)c5cscc5C4=C(C#N)C#N)sc3-c3sc4cc5c6c(sc5cc4c32)-c2sc(/C=C3\C(=O)c4cscc4C3=C(C#N)C#N)cc2C6(c2ccc(CCCCCC)cc2)c2ccc(CCCCCC)cc2)cc1,0.897,18.48,75.5,12.5,-5.4,-3.24,-5.48,-3.95,,,2022,10.1002/cjoc.202200027,"OPV-DB (Qiu, J., Zenodo, 2026, doi:10.5281/zenodo.20841543)"
PM6-OEG20,BTP-eC9,CCCCC(CC)Cc1sc(-c2c3cc(-c4ccc(-c5sc(-c6ccc(-c7cc8c(-c9cc(F)c(CC(CC)CCCC)s9)c9sc(-c%10ccc(C(=O)OCCOCCOCCOC(=O)c%11cccs%11)s%10)cc9c(-c9cc(F)c(CC(CC)CCCC)s9)c8s7)s6)c6c5C(=O)c5c(CC(CC)CCCC)sc(CC(CC)CCCC)c5C6=O)s4)sc3c(-c3cc(F)c(CC(CC)CCCC)s3)c3ccsc23)cc1F,CCCCCCCCCc1c(/C=C2\C(=O)c3cc(Cl)c(Cl)cc3C2=C(C#N)C#N)sc2c1sc1c3c4nsnc4c4c5sc6c(CCCCCCCCC)c(/C=C7\C(=O)c8cc(Cl)c(Cl)cc8C7=C(C#N)C#N)sc6c5n(CC(CCCC)CCCCCC)c4c3n(CC(CCCC)CCCCCC)c21,0.82,22.19,69.0,12.53,-5.58,-3.75,-5.665,-4.165,,,2022,10.1002/aenm.202202224,"OPV-DB (Qiu, J., Zenodo, 2026, doi:10.5281/zenodo.20841543)"
PBDB-T,PYBDT,CCCCC(CC)Cc1ccc(-c2c3cc(-c4ccc(-c5sc(-c6cccs6)c6c5C(=O)c5c(CC(CC)CCCC)sc(CC(CC)CCCC)c5C6=O)s4)sc3c(-c3ccc(CC(CC)CCCC)s3)c3ccsc23)s1,CCCCCCCCCCCc1c(/C=C2\C(=O)c3ccccc3C2=C(C#N)C#N)sc2c1sc1c3c4nsnc4c4c5sc6c(CCCCCCCCCCC)c(/C=C7\C(=O)c8cc(-c9cc%10c(-c%11cc(Cl)c(CC(CC)CCCC)s%11)c%11sccc%11c(-c%11cc(Cl)c(CC(CC)CCCC)s%11)c%10s9)ccc8C7=C(C#N)C#N)sc6c5n(CC(CCCCCCCC)CCCCCCCCCC)c4c3n(CC(CCCCCCCC)CCCCCCCCCC)c21,0.86,21.92,67.0,12.61,-5.33,-3.48,-5.62,-4.14,,,2022,10.1039/d2ee02523j,"OPV-DB (Qiu, J., Zenodo, 2026, doi:10.5281/zenodo.20841543)"
PM6,BDDEH-4F,CCCCC(CC)Cc1sc(-c2c3cc(-c4ccc(-c5sc(-c6cccs6)c6c5C(=O)c5c(CC(CC)CCCC)sc(CC(CC)CCCC)c5C6=O)s4)sc3c(-c3cc(F)c(CC(CC)CCCC)s3)c3ccsc23)cc1F,CCCCC(CC)Cc1sc(CC(CC)CCCC)c2c1C(=O)c1c(-c3cc4c(s3)-c3sc(/C=C5\C(=O)c6cc(F)c(F)cc6C5=C(C#N)C#N)cc3C4(CC(CC)CCCC)CC(CC)CCCC)sc(-c3cc4c(s3)-c3sc(/C=C5\C(=O)c6cc(F)c(F)cc6C5=C(C#N)C#N)cc3C4(CC(CC)CCCC)CC(CC)CCCC)c1C2=O,0.88,22.57,63.38,12.59,-5.56,-3.65,-5.57,-3.94,,,2022,10.1002/chem.202201675,"OPV-DB (Qiu, J., Zenodo, 2026, doi:10.5281/zenodo.20841543)"
PIDT-T12BT,Y6,CCCCCCCCCCCc1csc(-c2c(F)c(F)c(-c3cc(CCCCCCCCCCC)c(-c4cc5c(s4)-c4cc6c(cc4C5(c4ccc(CCCCCC)cc4)c4ccc(CCCCCC)cc4)-c4sccc4C6(c4ccc(CCCCCC)cc4)c4ccc(CCCCCC)cc4)s3)c3nsnc23)c1,CCCCCCCCCCCc1c(/C=C2\C(=O)c3cc(F)c(F)cc3C2=C(C#N)C#N)sc2c1sc1c3c4nsnc4c4c5sc6c(CCCCCCCCCCC)c(/C=C7\C(=O)c8cc(F)c(F)cc8C7=C(C#N)C#N)sc6c5n(CC(CC)CCCC)c4c3n(CC(CC)CCCC)c21,0.75,24.5,69.0,12.7,-5.71,-3.7,-5.65,-4.1,,,2022,10.1021/acs.chemmater.2c00533,"OPV-DB (Qiu, J., Zenodo, 2026, doi:10.5281/zenodo.20841543)"
PBDB-TF,PTB4Cl,CCCCC(CC)Cc1sc(-c2c3cc(-c4ccc(-c5sc(-c6cccs6)c6c5C(=O)c5c(CC(CC)CCCC)sc(CC(CC)CCCC)c5C6=O)s4)sc3c(-c3cc(F)c(CC(CC)CCCC)s3)c3ccsc23)cc1F,CCCCCCCCC(CCCCCC)COc1cc(-c2cc(-c3ccc(CCCCCC)cc3)c(/C=C3\C(=O)c4cc(Cl)c(Cl)cc4C3=C(C#N)C#N)s2)c(OCC(CCCCCC)CCCCCCCC)cc1-c1cc(-c2ccc(CCCCCC)cc2)c(/C=C2\C(=O)c3cc(Cl)c(Cl)cc3C2=C(C#N)C#N)s1,0.93,19.01,72.17,12.76,-5.49,-3.64,-5.91,-3.93,,,2022,10.1002/chem.202201675,"OPV-DB (Qiu, J., Zenodo, 2026, doi:10.5281/zenodo.20841543)"
PBDB-T,PY5-TTz-FT,CCCCC(CC)Cc1ccc(-c2c3cc(-c4ccc(-c5sc(-c6cccs6)c6c5C(=O)c5c(CC(CC)CCCC)sc(CC(CC)CCCC)c5C6=O)s4)sc3c(-c3ccc(CC(CC)CCCC)s3)c3ccsc23)s1,CCCCCCCCCCCc1c(/C=C2\C(=O)c3ccccc3C2=C(C#N)C#N)sc2c1sc1c3c4nsnc4c4c5sc6c(CCCCCCCCCCC)c(/C=C7\C(=O)c8cc(-c9sc(-c%10nc%11sc(-c%12cc(CC(CC)CCCC)cs%12)nc%11s%10)cc9CC(CC)CCCC)ccc8C7=C(C#N)C#N)sc6c5n(CC(CCCCCCCC)CCCCCCCCCC)c4c3n(CC(CCCCCCCC)CCCCCCCCCC)c21,0.894,20.82,68.4,12.73,-5.38,-3.5,-5.7,-3.76,,,2022,10.1021/acs.macromol.2c00515,"OPV-DB (Qiu, J., Zenodo, 2026, doi:10.5281/zenodo.20841543)"
PBDTTT-C-T,IDT-2BM,CCCCC(CC)CC(=O)c1cc2c(-c3cc4c(-c5ccc(CC(CC)CCCC)s5)c5sccc5c(-c5ccc(CC(CC)CCCC)s5)c4s3)scc2s1,CCCCCCc1ccc(C2(c3ccc(CCCCCC)cc3)c3cc4c(cc3-c3sc(-c5ccc(C=C(C#N)C#N)c6nsnc56)cc32)C(c2ccc(CCCCCC)cc2)(c2ccc(CCCCCC)cc2)c2cc(-c3ccc(C=C(C#N)C#N)c5nsnc35)sc2-4)cc1,0.766,10.1,55.1,4.26,-5.13,-3.27,-5.587,-4.083,,,2022,10.1002/cjoc.202200027,"OPV-DB (Qiu, J., Zenodo, 2026, doi:10.5281/zenodo.20841543)"
PTz3Cl,L8-BO,CCCCC(CC)Cc1sc(-c2c3cc(-c4nc(Cl)cs4)sc3c(-c3cc(Cl)c(CC(CC)CCCC)s3)c3ccsc23)cc1Cl,CCCCCCC(CCCC)Cc1c(/C=C2\C(=O)c3cc(F)c(F)cc3C2=C(C#N)C#N)sc2c1sc1c3c4nsnc4c4c5sc6c(CC(CCCC)CCCCCC)c(/C=C7\C(=O)c8cc(F)c(F)cc8C7=C(C#N)C#N)sc6c5n(CC(CC)CCCC)c4c3n(CC(CC)CCCC)c21,0.892,12.03,37.97,4.07,-5.7,-3.72,-5.68,-3.9,,,2022,10.1002/adma.202208750,"OPV-DB (Qiu, J., Zenodo, 2026, doi:10.5281/zenodo.20841543)"
PTB7-Th,PNDI2FTVT,CCCCC(CC)COC(=O)c1sc2csc(-c3cc4c(-c5ccc(CC(CC)CCCC)s5)c5sccc5c(-c5ccc(CC(CC)CCCC)s5)c4s3)c2c1F,CCCCCCCCCCC(CCCCCCCC)CN1C(=O)c2ccc3c4c(c(-c5cc(F)c(/C=C/c6sccc6F)s5)cc(c24)C1=O)C(=O)N(CC(CCCCCCCC)CCCCCCCCCC)C3=O,0.66,10.5,62.0,4.3,-5.29,-3.72,-5.82,-3.96,,,2022,10.1039/d2py01219g,"OPV-DB (Qiu, J., Zenodo, 2026, doi:10.5281/zenodo.20841543)"
PDFTB,ITIC,CCCCCCCCCCC(CCCCCCCC)Cc1csc(-c2sc(-c3cc(CC(CCCCCCCC)CCCCCCCCCC)c(-c4cc(F)c(-c5sccc5F)s4)s3)c3c2C(=O)c2c(CC(CC)CCCC)sc(CC(CC)CCCC)c2C3=O)c1,CCCCCCc1ccc(C2(c3ccc(CCCCCC)cc3)c3cc4c(cc3-c3sc5cc(C=C6C(=O)c7ccccc7C6=C(C#N)C#N)sc5c32)C(c2ccc(CCCCCC)cc2)(c2ccc(CCCCCC)cc2)c2c-4sc3cc(C=C4C(=O)c5ccccc5C4=C(C#N)C#N)sc23)cc1,0.86,12.28,41.5,4.39,-5.68,-3.74,-5.576,-3.916,,,2022,10.1039/d2ra05925h,"OPV-DB (Qiu, J., Zenodo, 2026, doi:10.5281/zenodo.20841543)"
PTBD-BZ,N2200,CCCCCCCCC(CCCCCC)Cn1nc2c(-c3cccs3)c(F)c(F)c(-c3ccc(-c4cc5sc6c(-c7ccc(SCC(CCCC)CCCCCC)s7)c7ccsc7c(-c7ccc(SCC(CCCC)CCCCCC)s7)c6c5s4)s3)c2n1,CCCCCCCCCCC(CCCCCCCC)CN1C(=O)c2ccc3c4c(c(-c5ccc(-c6cccs6)s5)cc(c24)C1=O)C(=O)N(CC(CCCCCCCC)CCCCCCCCCC)C3=O,0.87,9.01,55.37,4.34,-5.4,-3.59,-5.71,-4.02,,,2022,10.1016/j.dyepig.2022.110081,"OPV-DB (Qiu, J., Zenodo, 2026, doi:10.5281/zenodo.20841543)"
PTQ10,BTA5,CCCCCCCCC(CCCCCC)COc1cnc2c(-c3cccs3)c(F)c(F)cc2n1,CCCCCCCCn1nc2c(/C=c3/sc(=C(C#N)C#N)n(Cc4ccccc4)c3=O)ccc(-c3cc4c(s3)-c3cc5c(cc3C4(c3ccc(CCCCCC)cc3)c3ccc(CCCCCC)cc3)-c3sc(-c4ccc(/C=c6/sc(=C(C#N)C#N)n(Cc7ccccc7)c6=O)c6nn(CCCCCCCC)nc46)cc3C5(c3ccc(CCCCCC)cc3)c3ccc(CCCCCC)cc3)c2n1,1.293,5.69,61.08,4.49,-5.54,-2.92,-5.55,-3.71,,,2022,10.1021/acsaem.2c02823,"OPV-DB (Qiu, J., Zenodo, 2026, doi:10.5281/zenodo.20841543)"
PBDB-T,PYT-EH0,CCCCC(CC)Cc1ccc(-c2c3cc(-c4ccc(-c5sc(-c6cccs6)c6c5C(=O)c5c(CC(CC)CCCC)sc(CC(CC)CCCC)c5C6=O)s4)sc3c(-c3ccc(CC(CC)CCCC)s3)c3ccsc23)s1,CCCCCCCCCCCc1c(/C=C2\C(=O)c3ccccc3C2=C(C#N)C#N)sc2c1sc1c3c4nsnc4c4c5sc6c(CCCCCCCCCCC)c(/C=C7/C(=O)c8cc(-c9cccs9)ccc8C7=C(C#N)C#N)sc6c5n(CC(CCCCCCCC)CCCCCCCCCC)c4c3n(CC(CCCCCCCC)CCCCCCCCCC)c21,0.89,20.8,67.0,12.8,-5.33,-3.48,-5.66,-3.78,,,2022,10.1002/marc.202200753,"OPV-DB (Qiu, J., Zenodo, 2026, doi:10.5281/zenodo.20841543)"
P3TCO-DMO,IT-4F,CCCCC(CC)Cc1sc(-c2c3cc(-c4cc(C(=O)CCC(C)CCCC(C)C)c(-c5ccc(-c6sccc6C(=O)CCC(C)CCCC(C)C)s5)s4)sc3c(-c3cc(F)c(CC(CC)CCCC)s3)c3ccsc23)cc1F,CCCCCCc1ccc(C2(c3ccc(CCCCCC)cc3)c3cc4c(cc3-c3sc5cc(/C=C6\C(=O)c7cc(F)c(F)cc7C6=C(C#N)C#N)sc5c32)C(c2ccc(CCCCCC)cc2)(c2ccc(CCCCCC)cc2)c2c-4sc3cc(/C=C4\C(=O)c5cc(F)c(F)cc5C4=C(C#N)C#N)sc23)cc1,0.87,20.89,71.0,12.8,-5.59,-3.7,-5.66,-4.14,,,2022,10.1021/accountsmr.2c00020,"OPV-DB (Qiu, J., Zenodo, 2026, doi:10.5281/zenodo.20841543)"
PIDT-T8BT,Y6,CCCCCCCCc1csc(-c2c(F)c(F)c(-c3cc(CCCCCCCC)c(-c4cc5c(s4)-c4cc6c(cc4C5(c4ccc(CCCCCC)cc4)c4ccc(CCCCCC)cc4)-c4sccc4C6(c4ccc(CCCCCC)cc4)c4ccc(CCCCCC)cc4)s3)c3nsnc23)c1,CCCCCCCCCCCc1c(/C=C2\C(=O)c3cc(F)c(F)cc3C2=C(C#N)C#N)sc2c1sc1c3c4nsnc4c4c5sc6c(CCCCCCCCCCC)c(/C=C7\C(=O)c8cc(F)c(F)cc8C7=C(C#N)C#N)sc6c5n(CC(CC)CCCC)c4c3n(CC(CC)CCCC)c21,0.69,17.6,50.0,6.04,-5.63,-3.61,-5.65,-4.1,,,2022,10.1021/acs.chemmater.2c00533,"OPV-DB (Qiu, J., Zenodo, 2026, doi:10.5281/zenodo.20841543)"
PTB7-Th,meta-TrBRCN,CCCCC(CC)COC(=O)c1sc2csc(-c3cc4c(-c5ccc(CC(CC)CCCC)s5)c5sccc5c(-c5ccc(CC(CC)CCCC)s5)c4s3)c2c1F,CCCCC1(CCCC)c2cc(-c3ccc(/C=c4\sc(=C(C#N)C#N)n(CC)c4=O)c4nsnc34)ccc2-c2c1c1c(c3c2C(CCCC)(CCCC)c2cc(-c4ccc(/C=c5\sc(=C(C#N)C#N)n(CC)c5=O)c5nsnc45)ccc2-3)C(CCCC)(CCCC)c2cc(-c3ccc(/C=c4\sc(=C(C#N)C#N)n(CC)c4=O)c4nsnc34)ccc2-1,0.94,16.75,64.5,10.15,-5.21,-3.6,-5.95,-3.72,,,2022,10.1016/j.synthmet.2022.117189,"OPV-DB (Qiu, J., Zenodo, 2026, doi:10.5281/zenodo.20841543)"
PTQ10,PIDT,CCCCCCCCC(CCCCCC)COc1cnc2c(-c3cccs3)c(F)c(F)cc2n1,CCCCCCCCCCCCCCCCC1(CCCCCCCCCCCCCCCC)c2cc3c(cc2-c2sc(/C=C4\C(=O)c5sccc5C4=C(C#N)C#N)cc21)C(CCCCCCCCCCCCCCCC)(CCCCCCCCCCCCCCCC)c1cc(/C=C2\C(=O)c4sc(-c5cc6c(s5)-c5cc7c(cc5C6(c5ccc(CCCCCC)cc5)c5ccc(CCCCCC)cc5)-c5sccc5C7(c5ccc(CCCCCC)cc5)c5ccc(CCCCCC)cc5)cc4C2=C(C#N)C#N)sc1-3,1.1,14.19,66.0,10.19,-5.54,-2.92,-5.71,-3.74,,,2022,10.1016/j.enrev.2022.100008,"OPV-DB (Qiu, J., Zenodo, 2026, doi:10.5281/zenodo.20841543)"
PTB7-Th,F10IC,CCCCC(CC)COC(=O)c1sc2csc(-c3cc4c(-c5ccc(CC(CC)CCCC)s5)c5sccc5c(-c5ccc(CC(CC)CCCC)s5)c4s3)c2c1F,CCCCCCc1ccc(C2(c3ccc(CCCCCC)cc3)c3c(sc4c5c(sc34)-c3sc4c(sc6cc(/C=C7\C(=O)c8cc(F)c(F)cc8C7=C(C#N)C#N)sc64)c3C5(c3ccc(CCCCCC)cc3)c3ccc(CCCCCC)cc3)-c3sc4c(sc5cc(/C=C6\C(=O)c7cc(F)c(F)cc7C6=C(C#N)C#N)sc54)c32)cc1,0.732,20.83,66.8,10.2,-5.21,-3.6,-5.26,-3.96,,,2022,10.1002/cjoc.202200027,"OPV-DB (Qiu, J., Zenodo, 2026, doi:10.5281/zenodo.20841543)"
PM6,MOIT-M,CCCCC(CC)Cc1sc(-c2c3cc(-c4ccc(-c5sc(-c6cccs6)c6c5C(=O)c5c(CC(CC)CCCC)sc(CC(CC)CCCC)c5C6=O)s4)sc3c(-c3cc(F)c(CC(CC)CCCC)s3)c3ccsc23)cc1F,CCCCCCOc1cccc(C2(c3cccc(OCCCCCC)c3)c3cc4c(cc3-c3sc5cc(/C=C6/C(=O)c7cc(C)ccc7C6=C(C#N)C#N)sc5c32)C(c2cccc(OCCCCCC)c2)(c2cccc(OCCCCCC)c2)c2c-4sc3cc(/C=C4/C(=O)c5cc(C)ccc5C4=C(C#N)C#N)sc23)c1,1.01,15.8,64.3,10.3,-5.56,-3.65,-5.61,-3.89,,,2022,10.1039/d2ta03941a,"OPV-DB (Qiu, J., Zenodo, 2026, doi:10.5281/zenodo.20841543)"
BT-2F,BTP-eC9,CCCCCCc1ccc(C2(c3ccc(CCCCCC)cc3)c3cc(/C=C4\C(=O)c5cc(F)c(F)cc5C4=C(C#N)C#N)sc3-c3sc4c(OCC(CC)CCCC)c5c6c(sc5c(OCC(CC)CCCC)c4c32)-c2sc(/C=C3\C(=O)c4cc(F)c(F)cc4C3=C(C#N)C#N)cc2C6(c2ccc(CCCCCC)cc2)c2ccc(CCCCCC)cc2)cc1,CCCCCCCCCc1c(/C=C2\C(=O)c3cc(Cl)c(Cl)cc3C2=C(C#N)C#N)sc2c1sc1c3c4nsnc4c4c5sc6c(CCCCCCCCC)c(/C=C7\C(=O)c8cc(Cl)c(Cl)cc8C7=C(C#N)C#N)sc6c5n(CC(CCCC)CCCCCC)c4c3n(CC(CCCC)CCCCCC)c21,0.857,17.94,66.79,10.27,-5.54,-4.05,-5.68,-3.9,,,2022,10.1016/j.matt.2022.03.012,"OPV-DB (Qiu, J., Zenodo, 2026, doi:10.5281/zenodo.20841543)"
PBDB-T,o-4TBC-2F,CCCCC(CC)Cc1ccc(-c2c3cc(-c4ccc(-c5sc(-c6cccs6)c6c5C(=O)c5c(CC(CC)CCCC)sc(CC(CC)CCCC)c5C6=O)s4)sc3c(-c3ccc(CC(CC)CCCC)s3)c3ccsc23)s1,CCOc1cccc(OCC)c1-c1cc(-c2ccc(/C=C3\C(=O)c4cc(F)c(F)cc4C3=C(C#N)C#N)s2)sc1-c1sc(-c2ccc(/C=C3\C(=O)c4cc(F)c(F)cc4C3=C(C#N)C#N)s2)cc1-c1c(OCC)cccc1OCC,0.76,20.48,65.7,10.26,-5.33,-3.48,-5.63,-4.0,,,2022,10.1002/chem.202201675,"OPV-DB (Qiu, J., Zenodo, 2026, doi:10.5281/zenodo.20841543)"
PTB7-Th,SFBRCN,CCCCC(CC)COC(=O)c1sc2csc(-c3cc4c(-c5ccc(CC(CC)CCCC)s5)c5sccc5c(-c5ccc(CC(CC)CCCC)s5)c4s3)c2c1F,CCCCCCCCOc1ccc2c(c1)-c1cc(OCCCCCCCC)ccc1C21c2cc(-c3ccc(/C=c4\sc(=C(C#N)C#N)n(CC)c4=O)c4nsnc34)ccc2-c2ccc(-c3ccc(/C=c4\sc(=C(C#N)C#N)n(CC)c4=O)c4nsnc34)cc21,0.91,17.54,66.0,10.26,-5.21,-3.6,-5.93,-3.86,,,2022,10.1016/j.synthmet.2022.117189,"OPV-DB (Qiu, J., Zenodo, 2026, doi:10.5281/zenodo.20841543)"
P133,Y6,CCCCCCCCCCC(CCCCCCCC)Cn1c(=O)n(CC(CCCCCCCC)CCCCCCCCCC)c2cc3c(cc21)c1ccsc1c1sc(-c2cc4c(-c5cc(F)c(CC(CC)CCCC)s5)c5sccc5c(-c5cc(F)c(CC(CC)CCCC)s5)c4s2)cc31,CCCCCCCCCCCc1c(/C=C2\C(=O)c3cc(F)c(F)cc3C2=C(C#N)C#N)sc2c1sc1c3c4nsnc4c4c5sc6c(CCCCCCCCCCC)c(/C=C7\C(=O)c8cc(F)c(F)cc8C7=C(C#N)C#N)sc6c5n(CC(CC)CCCC)c4c3n(CC(CC)CCCC)c21,0.89,18.56,62.0,10.24,-5.58,-3.54,-5.65,-4.09,,,2022,10.1002/ente.202201211,"OPV-DB (Qiu, J., Zenodo, 2026, doi:10.5281/zenodo.20841543)"
PTB7-Th,6TIC,CCCCC(CC)COC(=O)c1sc2csc(-c3cc4c(-c5ccc(CC(CC)CCCC)s5)c5sccc5c(-c5ccc(CC(CC)CCCC)s5)c4s3)c2c1F,CCCCCCc1ccc(C2(c3ccc(CCCCCC)cc3)c3c(sc4cc(/C=C5\C(=O)c6ccccc6C5=C(C#N)C#N)sc34)-c3sc4c5c(sc4c32)-c2sc3cc(/C=C4\C(=O)c6ccccc6C4=C(C#N)C#N)sc3c2C5(c2ccc(CCCCCC)cc2)c2ccc(CCCCCC)cc2)cc1,0.81,19.6,65.0,10.32,-5.21,-3.6,-5.263,-3.85,,,2022,10.1016/j.cej.2022.135020,"OPV-DB (Qiu, J., Zenodo, 2026, doi:10.5281/zenodo.20841543)"
PBTIBDTT,ITIC-4F,CCCCCCCCCCc1ccsc1-c1cc2c(=O)n(CC(CCCCCC)CCCCCCCC)c(=O)c3cc(-c4sc(-c5cc6c(-c7ccc(CC(CC)CCCC)s7)c7sccc7c(-c7ccc(CC(CC)CCCC)s7)c6s5)cc4CCCCCCCCCC)sc3c2s1,CCCCCCc1ccc(C2(c3ccc(CCCCCC)cc3)c3cc4c(cc3-c3sc5cc(/C=C6/C(=O)c7cc(F)c(F)cc7C6=C(C#N)C#N)sc5c32)C(c2ccc(CCCCCC)cc2)(c2ccc(CCCCCC)cc2)c2c-4sc3cc(/C=C4/C(=O)c5cc(F)c(F)cc5C4=C(C#N)C#N)sc23)cc1,0.82,18.17,69.18,10.31,-5.47,-3.6,-5.82,-4.24,,,2022,10.1039/d2nj06130a,"OPV-DB (Qiu, J., Zenodo, 2026, doi:10.5281/zenodo.20841543)"
PTB7-Th,FNIC1,CCCCC(CC)COC(=O)c1sc2csc(-c3cc4c(-c5ccc(CC(CC)CCCC)s5)c5sccc5c(-c5ccc(CC(CC)CCCC)s5)c4s3)c2c1F,CCc1ccc(C2(c3ccc(CC)cc3)c3cc(/C=C4\C(=O)c5cc(F)c(F)cc5C4=C(C#N)C#N)sc3-c3sc4c(sc5c(-c6ccc(CC)s6)c6c(sc7c8c(sc76)-c6sc(/C=C7\C(=O)c9cc(F)c(F)cc9C7=C(C#N)C#N)cc6C8(c6ccc(CC)cc6)c6ccc(CC)cc6)c(-c6ccc(CC)s6)c54)c32)cc1,0.774,19.97,66.4,10.3,-5.21,-3.6,-5.61,-3.92,,,2022,10.1002/cjoc.202200027,"OPV-DB (Qiu, J., Zenodo, 2026, doi:10.5281/zenodo.20841543)"
TBFCl50-BDD,IT-4F,CCCCC(CC)Cc1ccc(-c2c3cc(-c4ccc(-c5sc(-c6ccc(-c7cc8c(-c9cc(Cl)c(CC(CC)CCCC)s9)c9oc(-c%10ccc(-c%11sc(-c%12cccs%12)c%12c%11C(=O)c%11c(CC(CC)CCCC)sc(CC(CC)CCCC)c%11C%12=O)s%10)cc9c(-c9cc(Cl)c(CC(CC)CCCC)s9)c8s7)s6)c6c5C(=O)c5c(CC(CC)CCCC)sc(CC(CC)CCCC)c5C6=O)s4)sc3c(-c3ccc(CC(CC)CCCC)s3)c3ccsc23)s1,CCCCCCc1ccc(C2(c3ccc(CCCCCC)cc3)c3cc4c(cc3-c3sc5cc(/C=C6\C(=O)c7cc(F)c(F)cc7C6=C(C#N)C#N)sc5c32)C(c2ccc(CCCCCC)cc2)(c2ccc(CCCCCC)cc2)c2c-4sc3cc(/C=C4\C(=O)c5cc(F)c(F)cc5C4=C(C#N)C#N)sc23)cc1,0.812,18.1,70.5,10.4,-5.45,-3.26,-5.66,-4.14,,,2022,10.1039/d2tc05161c,"OPV-DB (Qiu, J., Zenodo, 2026, doi:10.5281/zenodo.20841543)"
PTB7-Th,F5IC,CCCCC(CC)COC(=O)c1sc2csc(-c3cc4c(-c5ccc(CC(CC)CCCC)s5)c5sccc5c(-c5ccc(CC(CC)CCCC)s5)c4s3)c2c1F,CCCCCCc1ccc(C2(c3ccc(CCCCCC)cc3)c3cc4c(cc3-c3sc(/C=C5\C(=O)c6cc(F)c(F)cc6C5=C(C#N)C#N)cc32)C(c2ccc(CCCCCC)cc2)(c2ccc(CCCCCC)cc2)c2cc(/C=C3\C(=O)c5cc(F)c(F)cc5C3=C(C#N)C#N)sc2-4)cc1,0.642,13.89,63.0,5.61,-5.21,-3.6,-5.82,-4.05,,,2022,10.1002/cjoc.202200027,"OPV-DB (Qiu, J., Zenodo, 2026, doi:10.5281/zenodo.20841543)"
FTAZ,F5IC,CCCCCCC(CCCC)CCc1c2cc(-c3ccc(-c4c(F)c(F)c(-c5cccs5)c5nn(CC(CCCC)CCCCCC)nc45)s3)sc2c(CCC(CCCC)CCCCCC)c2ccsc12,CCCCCCc1ccc(C2(c3ccc(CCCCCC)cc3)c3cc4c(cc3-c3sc(/C=C5\C(=O)c6cc(F)c(F)cc6C5=C(C#N)C#N)cc32)C(c2ccc(CCCCCC)cc2)(c2ccc(CCCCCC)cc2)c2cc(/C=C3\C(=O)c5cc(F)c(F)cc5C3=C(C#N)C#N)sc2-4)cc1,0.704,14.88,53.7,5.6,-5.38,-3.17,-5.82,-4.05,,,2022,10.1002/cjoc.202200027,"OPV-DB (Qiu, J., Zenodo, 2026, doi:10.5281/zenodo.20841543)"
PM7,PIDT,CCCCC(CC)Cc1sc(-c2c3ccsc3c(-c3cc(Cl)c(CC(CC)CCCC)s3)c3sc(-c4ccc(-c5sc(-c6cccs6)c6c5C(=O)c5c(CC(CC)CCCC)sc(CC(CC)CCCC)c5C6=O)s4)cc23)cc1Cl,CCCCCCCCCCCCCCCCC1(CCCCCCCCCCCCCCCC)c2cc3c(cc2-c2sc(/C=C4\C(=O)c5sccc5C4=C(C#N)C#N)cc21)C(CCCCCCCCCCCCCCCC)(CCCCCCCCCCCCCCCC)c1cc(/C=C2\C(=O)c4sc(-c5cc6c(s5)-c5cc7c(cc5C6(c5ccc(CCCCCC)cc5)c5ccc(CCCCCC)cc5)-c5sccc5C7(c5ccc(CCCCCC)cc5)c5ccc(CCCCCC)cc5)cc4C2=C(C#N)C#N)sc1-3,1.1,14.3,66.41,10.45,-5.575,-3.67,-5.71,-3.74,,,2022,10.1002/adfm.202210733,"OPV-DB (Qiu, J., Zenodo, 2026, doi:10.5281/zenodo.20841543)"
PM6,IOIC2,CCCCC(CC)Cc1sc(-c2c3cc(-c4ccc(-c5sc(-c6cccs6)c6c5C(=O)c5c(CC(CC)CCCC)sc(CC(CC)CCCC)c5C6=O)s4)sc3c(-c3cc(F)c(CC(CC)CCCC)s3)c3ccsc23)cc1F,CCCCCCc1ccc(C2(c3ccc(CCCCCC)cc3)c3cc(/C=C4\C(=O)c5cc(F)c(F)cc5C4=C(C#N)C#N)sc3-c3sc4c(c(CCCCCC)cc5c4cc(CCCCCC)c4c6c(sc45)-c4sc(/C=C5\C(=O)c7cc(F)c(F)cc7C5=C(C#N)C#N)cc4C6(c4ccc(CCCCCC)cc4)c4ccc(CCCCCC)cc4)c32)cc1,0.97,16.3,66.1,10.5,-5.56,-3.65,-5.41,-3.78,,,2022,10.1002/cjoc.202200027,"OPV-DB (Qiu, J., Zenodo, 2026, doi:10.5281/zenodo.20841543)"
PBDB-T,QCIC3,CCCCC(CC)Cc1ccc(-c2c3cc(-c4ccc(-c5sc(-c6cccs6)c6c5C(=O)c5c(CC(CC)CCCC)sc(CC(CC)CCCC)c5C6=O)s4)sc3c(-c3ccc(CC(CC)CCCC)s3)c3ccsc23)s1,CCCCCCC(CCCC)Oc1c(OC(CCCC)CCCCCC)c(-c2cc3c(s2)C2SC(CC(C)C(=C(C#N)C#N)C4=C(C=O)CC(Cl)C(Cl)=C4)=CC2C3(CC(CC)CCCC)CC(CC)CCCC)c2nccnc2c1-c1cc2c(s1)-c1sc(/C=C3\C(=O)C4C=C(Cl)C(Cl)=CC4C3=C(C#N)C#N)cc1C2(CC(CC)CCCC)CC(CC)CCCC,0.82,19.39,66.9,10.55,-5.33,-3.48,-5.52,-3.89,,,2022,10.1002/chem.202201675,"OPV-DB (Qiu, J., Zenodo, 2026, doi:10.5281/zenodo.20841543)"
PM6,PC71BM,CCCCC(CC)Cc1sc(-c2c3cc(-c4ccc(-c5sc(-c6cccs6)c6c5C(=O)c5c(CC(CC)CCCC)sc(CC(CC)CCCC)c5C6=O)s4)sc3c(-c3cc(F)c(CC(CC)CCCC)s3)c3ccsc23)cc1F,COC(=O)CCCC1(c2ccccc2)C23c4c5ccc6c7cc8c9c%10c(cc%11cc%12c%13c%14c(cc%15c%16ccc-5c2c%16c2c5c%16c%17c(c(c46)c7c9c%17c4c%10c%11c%13c4c%16c%14c%152)C513)C%12)C8,0.938,14.81,76.58,10.61,-5.56,-3.65,-5.9,-3.9,,,2022,10.1002/adma.202203379,"OPV-DB (Qiu, J., Zenodo, 2026, doi:10.5281/zenodo.20841543)"
J52-Cl,BTA3,CCCCCCCCC(CCCCCC)Cn1nc2c(-c3cccs3)c(F)c(F)c(-c3ccc(-c4cc5c(-c6cc(Cl)c(CC(CC)CCCC)s6)c6sccc6c(-c6cc(Cl)c(CC(CC)CCCC)s6)c5s4)s3)c2n1,CCCCCCCCn1nc2c(/C=c3\sc(=C(C#N)C#N)n(CC)c3=O)ccc(-c3cc4c(s3)-c3cc5c(cc3C4(c3ccc(CCCCCC)cc3)c3ccc(CCCCCC)cc3)-c3sc(-c4ccc(/C=c6\sc(=C(C#N)C#N)n(CC)c6=O)c6nn(CCCCCCCC)nc46)cc3C5(c3ccc(CCCCCC)cc3)c3ccc(CCCCCC)cc3)c2n1,1.243,12.9,66.12,10.6,-5.39,-3.45,-5.49,-3.72,,,2022,10.1016/j.joule.2022.07.001,"OPV-DB (Qiu, J., Zenodo, 2026, doi:10.5281/zenodo.20841543)"
PffBT4T2OD,PCBM,CCCCCCCCCCC(CCCCCCCC)Cc1csc(-c2c(F)c(F)c(-c3cc(CC(CCCCCCCC)CCCCCCCCCC)c(-c4ccc(-c5cccs5)s4)s3)c3nsnc23)c1,COC(=O)CCCC1(c2ccccc2)C23c4c5c6c7c8c9c(c%10c%11c2c2c%12c4c4c%13c5c5c7c7c8c8c%14c9c%10c9c%10c%11c2c2c%11c%12c4c4c%12c%13c5c5c7c7c8c8c%14c9c9c%10c2c2c%11c4c4c%12c5c7c5c8c9c2c45)C613,0.77,19.0,72.4,10.6,-5.32,-3.7,-6.1,-3.7,,,2022,10.1002/advs.202200366,"OPV-DB (Qiu, J., Zenodo, 2026, doi:10.5281/zenodo.20841543)"
FTAZ,ITIC-Th3,CCCCCCC(CCCC)CCc1c2cc(-c3ccc(-c4c(F)c(F)c(-c5cccs5)c5nn(CC(CCCC)CCCCCC)nc45)s3)sc2c(CCC(CCCC)CCCCCC)c2ccsc12,CCCCCCc1ccc(C2(c3ccc(CCCCCC)s3)c3cc4c(cc3-c3sc5cc(/C=C6\C(=O)c7ccc(OC)cc7C6=C(C#N)C#N)sc5c32)C(c2ccc(CCCCCC)s2)(c2ccc(CCCCCC)s2)c2c-4sc3cc(/C=C4\C(=O)c5ccc(OC)cc5C4=C(C#N)C#N)sc23)s1,0.962,16.34,68.3,10.7,-5.38,-3.17,-5.67,-3.73,,,2022,10.1002/cjoc.202200027,"OPV-DB (Qiu, J., Zenodo, 2026, doi:10.5281/zenodo.20841543)"
P3,i-IEICO-4 F,CCCCCCc1csc(-c2ccc(-c3cc(CCCCCC)c(/C=C/c4csc(-c5cc6c(OCC(CC)CCCC)c7sc(-c8ccc(C9=C%10C(=O)N(CC(CC)CCCC)C(c%11ccc(-c%12cc%13c(OCC(CC)CCCC)c%14sccc%14c(OCC(CC)CCCC)c%13s%12)s%11)=C%10C(=O)N9CC(CC)CCCC)s8)cc7c(OCC(CC)CCCC)c6s5)c4)s3)c3nsnc23)c1,CCCCCCc1ccc(C2(c3ccc(CCCCCC)cc3)c3cc4c(cc3-c3sc(-c5scc(/C=C6\C(=O)c7cc(F)c(F)cc7C6=C(C#N)C#N)c5OCC(CC)CCCC)cc32)C(c2ccc(CCCCCC)cc2)(c2ccc(CCCCCC)cc2)c2cc(-c3scc(/C=C5\C(=O)c6cc(F)c(F)cc6C5=C(C#N)C#N)c3OCC(CC)CCCC)sc2-4)cc1,0.887,17.44,69.0,10.67,-5.31,-3.6,-5.018,-3.331,,,2022,10.1016/j.synthmet.2022.117038,"OPV-DB (Qiu, J., Zenodo, 2026, doi:10.5281/zenodo.20841543)"
PTB7-Th,FRdCN2,CCCCC(CC)COC(=O)c1sc2csc(-c3cc4c(-c5ccc(CC(CC)CCCC)s5)c5sccc5c(-c5ccc(CC(CC)CCCC)s5)c4s3)c2c1F,CCn1c(=C(C#N)C#N)s/c(=C/c2ccc(-c3ccc(-c4ccc5c(c4)C(CC)(CC)c4cc(-c6ccc(-c7ccc(/C=c8/sc(=C(C#N)C#N)n(CC)c8=O)o7)c7nsnc67)ccc4-5)c4nsnc34)o2)c1=O,0.93,16.0,71.9,10.7,-5.21,-3.6,-5.88,-3.81,,,2022,10.1016/j.synthmet.2022.117189,"OPV-DB (Qiu, J., Zenodo, 2026, doi:10.5281/zenodo.20841543)"
PM6,IT-ClBr,CCCCC(CC)Cc1sc(-c2c3cc(-c4ccc(-c5sc(-c6cccs6)c6c5C(=O)c5c(CC(CC)CCCC)sc(CC(CC)CCCC)c5C6=O)s4)sc3c(-c3cc(F)c(CC(CC)CCCC)s3)c3ccsc23)cc1F,CCCCCCc1ccc(C2(c3ccc(CCCCCC)cc3)c3cc4c(cc3-c3sc5cc(/C=C6\C(=O)c7cc(Br)c(Cl)cc7C6=C(C#N)C#N)sc5c32)C(c2ccc(CCCCCC)cc2)(c2ccc(CCCCCC)cc2)c2c-4sc3cc(/C=C4\C(=O)c5cc(Br)c(Cl)cc5C4=C(C#N)C#N)sc23)cc1,0.76,20.67,68.7,10.79,-5.56,-3.65,-5.65,-3.67,,,2022,10.1021/acsaem.2c01249,"OPV-DB (Qiu, J., Zenodo, 2026, doi:10.5281/zenodo.20841543)"
PIDT-2FphanQ,Y6,CCCCCCc1ccc(C2(c3ccc(CCCCCC)cc3)c3cc4c(cc3-c3sccc32)C(c2ccc(CCCCCC)cc2)(c2ccc(CCCCCC)cc2)c2cc(-c3c(F)c(F)cc5nc6c7ccccc7c7ccccc7c6nc35)sc2-4)cc1,CCCCCCCCCCCc1c(/C=C2\C(=O)c3cc(F)c(F)cc3C2=C(C#N)C#N)sc2c1sc1c3c4nsnc4c4c5sc6c(CCCCCCCCCCC)c(/C=C7\C(=O)c8cc(F)c(F)cc8C7=C(C#N)C#N)sc6c5n(CC(CC)CCCC)c4c3n(CC(CC)CCCC)c21,0.84,19.7,65.9,10.9,-5.41,-3.53,-5.65,-4.09,,,2022,10.1016/j.polymer.2022.124867,"OPV-DB (Qiu, J., Zenodo, 2026, doi:10.5281/zenodo.20841543)"
PB2,ITCC,CCCCCCCCCCC(CCCCCCCC)COC(=O)c1cc2c(-c3ccc(-c4cc5c(-c6ccc(CC(CC)CCCC)s6)c6sccc6c(-c6ccc(CC(CC)CCCC)s6)c5s4)s3)sc(-c3cccs3)c2s1,CCCCCCc1ccc(C2(c3ccc(CCCCCC)cc3)c3cc4c(cc3-c3sc5cc(/C=C6\C(=O)c7sccc7C6=C(C#N)C#N)sc5c32)C(c2ccc(CCCCCC)cc2)(c2ccc(CCCCCC)cc2)c2c-4sc3cc(/C=C4\C(=O)c5sccc5C4=C(C#N)C#N)sc23)cc1,1.08,15.7,65.4,11.0,-4.94,-3.31,-5.508,-3.8,,,2022,10.1002/adma.202207009,"OPV-DB (Qiu, J., Zenodo, 2026, doi:10.5281/zenodo.20841543)"
PTO2,m-DTC-2Cl,CCOC(=O)c1ccsc1-c1cc2c(-c3cc(F)c(CC)s3)c3sc(-c4cc(C(=O)OCC)c(-c5cc6c(-c7cc(F)c(CC)s7)c7sc(-c8cc(C(=O)OCC)c(-c9cc%10c(-c%11cc(F)c(CC)s%11)c%11sccc%11c(-c%11cc(F)c(CC)s%11)c%10s9)s8)cc7c(-c7cc(F)c(CC)s7)c6s5)s4)cc3c(-c3cc(F)c(CC)s3)c2s1,CCCCCCCCC(CCCCCCCC)n1c2cc3c(cc2c2cc4c(cc21)-c1sc(/C=C2\C(=O)c5ccc(Cl)cc5C2=C(C#N)C#N)cc1C4(c1cccc(CCCCCC)c1)c1cccc(CCCCCC)c1)C(c1cccc(CCCCCC)c1)(c1cccc(CCCCCC)c1)c1cc(/C=C2\C(=O)c4ccc(Cl)cc4C2=C(C#N)C#N)sc1-3,1.05,16.8,63.1,11.1,-5.59,-3.67,-5.65,-3.89,,,2022,10.1002/adfm.202204720,"OPV-DB (Qiu, J., Zenodo, 2026, doi:10.5281/zenodo.20841543)"
PM6,ITOR-IC4F,CCCCC(CC)Cc1sc(-c2c3cc(-c4ccc(-c5sc(-c6cccs6)c6c5C(=O)c5c(CC(CC)CCCC)sc(CC(CC)CCCC)c5C6=O)s4)sc3c(-c3cc(F)c(CC(CC)CCCC)s3)c3ccsc23)cc1F,CCCCCCCCOc1ccc(C2(c3ccc(OCCCCCCCC)cc3)c3cc4c(cc3-c3sc5cc(/C=C6\C(=O)c7cc(F)c(F)cc7C6=C(C#N)C#N)sc5c32)C(c2ccc(OCCCCCCCC)cc2)(c2ccc(OCCCCCCCC)cc2)c2c-4sc3cc(/C=C4\C(=O)c5cc(F)c(F)cc5C4=C(C#N)C#N)sc23)cc1,0.899,18.05,68.37,11.1,-5.56,-3.65,-5.62,-4.09,,,2022,10.1016/j.solener.2022.02.049,"OPV-DB (Qiu, J., Zenodo, 2026, doi:10.5281/zenodo.20841543)"
PNTz4T,Y6,CCCCCCCCCCCCC(CCCCCCCCCC)Cc1csc(-c2cc3c(cc(-c4cc(CC(CCCCCCCCCC)CCCCCCCCCCCC)c(-c5ccc(-c6cccs6)s5)s4)c4nsnc43)c3nsnc23)c1,CCCCCCCCCCCc1c(/C=C2\C(=O)c3cc(F)c(F)cc3C2=C(C#N)C#N)sc2c1sc1c3c4nsnc4c4c5sc6c(CCCCCCCCCCC)c(/C=C7\C(=O)c8cc(F)c(F)cc8C7=C(C#N)C#N)sc6c5n(CC(CC)CCCC)c4c3n(CC(CC)CCCC)c21,0.71,23.4,67.0,11.1,-5.19,-3.67,-5.65,-4.09,,,2022,10.1021/acsami.2c01606,"OPV-DB (Qiu, J., Zenodo, 2026, doi:10.5281/zenodo.20841543)"
PBDT-ST,ITIC-2F,CCCCCCCCCCCCOC(=O)c1c2cc(-c3cc4c(-c5ccc(SCC(CC)CCCC)s5)c5sccc5c(-c5ccc(SCC(CC)CCCC)s5)c4s3)sc2c(C(=O)OCCCCCCCCCCCC)c2ccsc12,CCCCCCc1ccc(C2(c3ccc(CCCCCC)cc3)c3cc4c(cc3-c3sc5cc(/C=C6/C(=O)c7ccccc7C6=C(C#N)C#N)sc5c32)C(c2ccc(CCCCCC)cc2)(c2ccc(CCCCCC)cc2)c2c-4sc3cc(/C=C4/C(=O)c5cc(F)c(F)cc5C4=C(C#N)C#N)sc23)cc1,0.9,17.83,69.36,11.14,-5.52,-3.62,-5.705,-4.08,,,2022,10.1016/j.dyepig.2022.110459,"OPV-DB (Qiu, J., Zenodo, 2026, doi:10.5281/zenodo.20841543)"
PCE10,N2200,CCCCC(CC)COC(=O)c1sc2c(-c3cc4c(-c5ccc(CC(CC)CCCC)s5)c5sccc5c(-c5ccc(CC(CC)CCCC)s5)c4s3)scc2c1F,CCCCCCCCCCC(CCCCCCCC)CN1C(=O)c2ccc3c4c(c(-c5ccc(-c6cccs6)s5)cc(c24)C1=O)C(=O)N(CC(CCCCCCCC)CCCCCCCCCC)C3=O,0.796,12.3,53.96,5.26,-5.21,-3.6,-5.71,-4.02,,,2022,10.1016/j.cej.2022.138146,"OPV-DB (Qiu, J., Zenodo, 2026, doi:10.5281/zenodo.20841543)"
PBDB-T,PYF-T-o,CCCCC(CC)Cc1ccc(-c2c3cc(-c4ccc(-c5sc(-c6cccs6)c6c5C(=O)c5c(CC(CC)CCCC)sc(CC(CC)CCCC)c5C6=O)s4)sc3c(-c3ccc(CC(CC)CCCC)s3)c3ccsc23)s1,CCCCCCCCCCCCC(CCCCCCCCCC)Cn1c2c3sc(/C=C4\C(=O)c5c(F)cccc5C4=C(C#N)C#N)c(CCCCCCCCCCC)c3sc2c2c3nsnc3c3c4sc5c(CCCCCCCCCCC)c(/C=C6\C(=O)c7c(ccc(-c8cccs8)c7F)C6=C(C#N)C#N)sc5c4n(CC(CCCCCCCCCC)CCCCCCCCCCCC)c3c21,0.775,24.14,63.43,11.86,-5.33,-3.48,-5.715,-3.805,,,2022,10.1021/acsenergylett.2c01732,"OPV-DB (Qiu, J., Zenodo, 2026, doi:10.5281/zenodo.20841543)"
PBDTTS-2FQx,Y6,CCCCC(CC)COc1cc(-c2nc3c(-c4cccs4)ccc(-c4ccc(-c5cc6c(-c7ccc(SCC(CC)CCCC)s7)c7sccc7c(-c7ccc(SCC(CC)CCCC)s7)c6s5)s4)c3nc2-c2ccc(F)c(OCC(CC)CCCC)c2)ccc1F,CCCCCCCCCCCc1c(/C=C2\C(=O)c3cc(F)c(F)cc3C2=C(C#N)C#N)sc2c1sc1c3c4nsnc4c4c5sc6c(CCCCCCCCCCC)c(/C=C7\C(=O)c8cc(F)c(F)cc8C7=C(C#N)C#N)sc6c5n(CC(CC)CCCC)c4c3n(CC(CC)CCCC)c21,0.82,22.86,63.51,11.83,-5.42,-3.72,-5.65,-4.09,,,2022,10.1039/d2py01122k,"OPV-DB (Qiu, J., Zenodo, 2026, doi:10.5281/zenodo.20841543)"
D18,4T-3,CCCCCCC(CCCC)Cc1csc(-c2cc3c4nsnc4c4cc(-c5cc(CC(CCCC)CCCCCC)c(-c6cc7c(-c8cc(F)c(CC(CC)CCCC)s8)c8sccc8c(-c8cc(F)c(CC(CC)CCCC)s8)c7s6)s5)sc4c3s2)c1,CCCCC(CC)Cc1cc(/C=C2\C(=O)c3cc(F)c(F)cc3C2=C(C#N)C#N)sc1-c1sc(-c2cc(CC(CC)CCCC)c(-c3sc(/C=C4\C(=O)c5cc(F)c(F)cc5C4=C(C#N)C#N)cc3CC(CC)CCCC)s2)cc1CC(CC)CCCC,0.93,18.28,70.97,12.04,-5.51,-2.77,-5.86,-3.98,,,2022,10.1002/chem.202201675,"OPV-DB (Qiu, J., Zenodo, 2026, doi:10.5281/zenodo.20841543)"
P117,Y6,CCCCCCCCCCCCOc1c2cc(-c3cc4c5nc6c(nc5c5ccsc5c4s3)C(=O)N(CC(CCCCCCCC)CCCCCCCCCC)C6=O)sc2c(OCCCCCCCCCCCC)c2ccsc12,CCCCCCCCCCCc1c(/C=C2\C(=O)c3cc(F)c(F)cc3C2=C(C#N)C#N)sc2c1sc1c3c4nsnc4c4c5sc6c(CCCCCCCCCCC)c(/C=C7\C(=O)c8cc(F)c(F)cc8C7=C(C#N)C#N)sc6c5n(CC(CC)CCCC)c4c3n(CC(CC)CCCC)c21,0.83,22.86,64.0,12.14,-5.3,-3.43,-5.65,-4.09,,,2022,10.1002/marc.202200060,"OPV-DB (Qiu, J., Zenodo, 2026, doi:10.5281/zenodo.20841543)"
PM6,TIT-2Cl,CCCCC(CC)Cc1sc(-c2c3cc(-c4ccc(-c5sc(-c6cccs6)c6c5C(=O)c5c(CC(CC)CCCC)sc(CC(CC)CCCC)c5C6=O)s4)sc3c(-c3cc(F)c(CC(CC)CCCC)s3)c3ccsc23)cc1F,CCCCCCc1ccc(C2(c3ccc(CCCCCC)cc3)c3cc4c5sc6c(c5n(CCCCCC)c4cc3-c3sc(/C=C4\C(=O)c5cc(Cl)c(Cl)cc5C4=C(C#N)C#N)cc32)C(c2ccc(CCCCCC)cc2)(c2ccc(CCCCCC)cc2)c2cc(/C=C3\C(=O)c4cc(Cl)c(Cl)cc4C3=C(C#N)C#N)sc2-6)cc1,0.908,21.71,61.89,12.2,-5.56,-3.65,-5.48,-3.91,,,2022,10.1002/adfm.202200629,"OPV-DB (Qiu, J., Zenodo, 2026, doi:10.5281/zenodo.20841543)"
PM6,NTIC,CCCCC(CC)Cc1sc(-c2c3cc(-c4ccc(-c5sc(-c6cccs6)c6c5C(=O)c5c(CC(CC)CCCC)sc(CC(CC)CCCC)c5C6=O)s4)sc3c(-c3cc(F)c(CC(CC)CCCC)s3)c3ccsc23)cc1F,CCCCCCc1ccc(C2(c3ccc(CCCCCC)cc3)c3cc(/C=C4\C(=O)c5ccccc5C4=C(C#N)C#N)sc3-c3ccc4c5c(ccc4c32)-c2sc(/C=C3\C(=O)c4ccccc4C3=C(C#N)C#N)cc2C5(c2ccc(CCCCCC)cc2)c2ccc(CCCCCC)cc2)cc1,0.941,18.0,71.6,12.2,-5.56,-3.65,-5.525,-3.755,,,2022,10.1002/cjoc.202200027,"OPV-DB (Qiu, J., Zenodo, 2026, doi:10.5281/zenodo.20841543)"
P127,Y6,CCCCCCCCCCCCc1csc2c3cc4c(cc3c3sc(-c5cc6c(-c7ccc(CC(CC)CCCC)s7)c7sccc7c(-c7ccc(CC(CC)CCCC)s7)c6s5)c(CCCCCCCCCCCC)c3c12)C(=O)c1c(CC(CC)CCCC)sc(CC(CC)CCCC)c1C4=O,CCCCCCCCCCCc1c(/C=C2\C(=O)c3cc(F)c(F)cc3C2=C(C#N)C#N)sc2c1sc1c3c4nsnc4c4c5sc6c(CCCCCCCCCCC)c(/C=C7\C(=O)c8cc(F)c(F)cc8C7=C(C#N)C#N)sc6c5n(CC(CC)CCCC)c4c3n(CC(CC)CCCC)c21,0.82,22.24,67.0,12.27,-5.47,-3.34,-5.65,-4.09,,,2022,10.1016/j.polymer.2022.124892,"OPV-DB (Qiu, J., Zenodo, 2026, doi:10.5281/zenodo.20841543)"
PM6,IT-FBr,CCCCC(CC)Cc1sc(-c2c3cc(-c4ccc(-c5sc(-c6cccs6)c6c5C(=O)c5c(CC(CC)CCCC)sc(CC(CC)CCCC)c5C6=O)s4)sc3c(-c3cc(F)c(CC(CC)CCCC)s3)c3ccsc23)cc1F,CCCCCCc1ccc(C2(c3ccc(CCCCCC)cc3)c3cc4c(cc3-c3sc5cc(/C=C6\C(=O)c7cc(Br)c(F)cc7C6=C(C#N)C#N)sc5c32)C(c2ccc(CCCCCC)cc2)(c2ccc(CCCCCC)cc2)c2c-4sc3cc(/C=C4\C(=O)c5cc(Br)c(F)cc5C4=C(C#N)C#N)sc23)cc1,0.89,20.84,66.6,12.35,-5.56,-3.65,-5.66,-3.65,,,2022,10.1021/acsaem.2c01249,"OPV-DB (Qiu, J., Zenodo, 2026, doi:10.5281/zenodo.20841543)"
PCE10,6T-OFIC,CCCCC(CC)COC(=O)c1sc2c(-c3cc4c(-c5ccc(CC(CC)CCCC)s5)c5sccc5c(-c5ccc(CC(CC)CCCC)s5)c4s3)scc2c1F,CCCCCCCCc1c(/C=C2\C(=O)c3cc(F)c(F)cc3C2=C(C#N)C#N)sc2c3c(sc12)-c1sc2c4c(sc2c1C3(c1ccc(CCCCCC)cc1)c1ccc(CCCCCC)cc1)-c1sc2c(CCCCCCCC)c(/C=C3\C(=O)c5cc(F)c(F)cc5C3=C(C#N)C#N)sc2c1C4(c1ccc(CCCCCC)cc1)c1ccc(CCCCCC)cc1,0.701,26.35,66.9,12.37,-5.21,-3.6,-5.47,-3.89,,,2022,10.1016/j.orgel.2022.106642,"OPV-DB (Qiu, J., Zenodo, 2026, doi:10.5281/zenodo.20841543)"
P2F-EHp,ITIC-4F,CCc1c(F)cc(-c2c3cc(-c4ccc(-c5c6c(c(-c7ccc(-c8cc9c(-c%10cc(F)c(CC)c(F)c%10)c%10sc(-c%11ccc(-c%12c%13c(c(-c%14ccc(-c%15cc%16c(-c%17cc(F)c(CC)c(F)c%17)c%17sc(-c%18ccc(-c%19c%20c(c(-c%21cccs%21)c%21nn(CC)nc%19%21)C(=O)N(CC)C%20=O)s%18)cc%17c(-c%17cc(F)c(CC)c(F)c%17)c%16s%15)s%14)c%14nn(CC)nc%12%14)C(=O)N(CC)C%13=O)s%11)cc%10c(-c%10cc(F)c(CC)c(F)c%10)c9s8)s7)c7nn(CC)nc57)C(=O)N(CC)C6=O)s4)sc3c(-c3cc(F)c(CC)c(F)c3)c3ccsc23)cc1F,CCCCCCc1ccc(C2(c3ccc(CCCCCC)cc3)c3cc4c(cc3-c3sc5cc(/C=C6/C(=O)c7cc(F)c(F)cc7C6=C(C#N)C#N)sc5c32)C(c2ccc(CCCCCC)cc2)(c2ccc(CCCCCC)cc2)c2c-4sc3cc(/C=C4/C(=O)c5cc(F)c(F)cc5C4=C(C#N)C#N)sc23)cc1,0.893,19.95,69.8,12.43,-5.38,-3.06,-5.82,-4.24,,,2022,10.1002/adfm.202205338,"OPV-DB (Qiu, J., Zenodo, 2026, doi:10.5281/zenodo.20841543)"
PBDTTS-2FClQx,Y6,CCCCC(CC)COc1cc(-c2nc3c(-c4cccs4)ccc(-c4ccc(-c5cc6c(-c7ccc(SCC(CC)CCCC)s7)c7sccc7c(-c7ccc(SCC(CC)CCCC)s7)c6s5)s4)c3nc2-c2cc(F)c(F)c(OCC(CC)CCCC)c2)ccc1Cl,CCCCCCCCCCCc1c(/C=C2\C(=O)c3cc(F)c(F)cc3C2=C(C#N)C#N)sc2c1sc1c3c4nsnc4c4c5sc6c(CCCCCCCCCCC)c(/C=C7\C(=O)c8cc(F)c(F)cc8C7=C(C#N)C#N)sc6c5n(CC(CC)CCCC)c4c3n(CC(CC)CCCC)c21,0.85,22.54,64.68,12.41,-5.47,-3.81,-5.65,-4.09,,,2022,10.1039/d2py01122k,"OPV-DB (Qiu, J., Zenodo, 2026, doi:10.5281/zenodo.20841543)"
PBDB-T,PYTT-3,CCCCC(CC)Cc1ccc(-c2c3cc(-c4ccc(-c5sc(-c6cccs6)c6c5C(=O)c5c(CC(CC)CCCC)sc(CC(CC)CCCC)c5C6=O)s4)sc3c(-c3ccc(CC(CC)CCCC)s3)c3ccsc23)s1,CCCCCCCCCCCc1c(/C=C2/C(=O)c3cscc3C2=C(C#N)C#N)sc2c1sc1c3c4nsnc4c4c5sc6c(CCCCCCCCCCC)c(/C=C7/C(=O)c8c(csc8-c8cccs8)C7=C(C#N)C#N)sc6c5n(CC(CCCCCCCC)CCCCCCCCCC)c4c3n(CC(CCCCCCCC)CCCCCCCCCC)c21,0.82,21.99,68.5,12.41,-5.33,-3.48,-5.76,-3.88,,,2022,10.1016/j.enrev.2022.100008,"OPV-DB (Qiu, J., Zenodo, 2026, doi:10.5281/zenodo.20841543)"
PTB7-Th,asy-PNDI1FTVT,CCCCC(CC)COC(=O)c1sc2csc(-c3cc4c(-c5ccc(CC(CC)CCCC)s5)c5sccc5c(-c5ccc(CC(CC)CCCC)s5)c4s3)c2c1F,CCCCCCCCCCC(CCCCCCCC)CN1C(=O)c2ccc3c4c(c(-c5ccc(/C=C/c6sccc6F)s5)cc(c24)C1=O)C(=O)N(CC(CCCCCCCC)CCCCCCCCCC)C3=O,0.74,11.5,54.0,4.6,-5.29,-3.72,-5.75,-3.91,,,2022,10.1039/d2py01219g,"OPV-DB (Qiu, J., Zenodo, 2026, doi:10.5281/zenodo.20841543)"
PBDB-T,PNDI2T,CCCCC(CC)Cc1ccc(-c2c3cc(-c4ccc(-c5sc(-c6cccs6)c6c5C(=O)c5c(CC(CC)CCCC)sc(CC(CC)CCCC)c5C6=O)s4)sc3c(-c3ccc(CC(CC)CCCC)s3)c3ccsc23)s1,CCCCCCC(CCCCCC)CCN1C(=O)c2ccc3c4c(c(-c5cccs5)cc(c24)C1=O)C(=O)N(CCC(CCCCCC)CCCCCC)C3=O,0.899,8.87,56.78,4.53,-5.33,-3.48,-5.59,-3.82,,,2022,10.1039/d2nr00437b,"OPV-DB (Qiu, J., Zenodo, 2026, doi:10.5281/zenodo.20841543)"
PBDTTTC-T,PPDIDTT,CCCCC(CC)CC(=O)c1cc2c(-c3cc4c(-c5ccc(CC(CC)CCCC)s5)c5sccc5c(-c5ccc(CC(CC)CCCC)s5)c4s3)scc2s1,CCCCCCCCCCCCC(CCCCCCCCCC)CN1C(=O)c2ccc3c4ccc5c6c(cc(-c7cc8sc9ccsc9c8s7)c(c7ccc(c2c37)C1=O)c64)C(=O)N(CC(CCCCCCCCCC)CCCCCCCCCCCC)C5=O,0.765,9.77,60.9,4.63,-5.13,-3.27,-5.7,-3.8,,,2022,10.1002/cjoc.202200027,"OPV-DB (Qiu, J., Zenodo, 2026, doi:10.5281/zenodo.20841543)"
PBDB-T,PNIT,CCCCC(CC)Cc1ccc(-c2c3cc(-c4ccc(-c5sc(-c6cccs6)c6c5C(=O)c5c(CC(CC)CCCC)sc(CC(CC)CCCC)c5C6=O)s4)sc3c(-c3ccc(CC(CC)CCCC)s3)c3ccsc23)s1,CCCCCCCCCCCCC(CCCCCCCCCC)CN1C(=O)c2ccc3c4c(c(-c5ccc(-c6ccc7c(c6)N(CC(CCCCCC)CCCCCCCC)C(=O)/C7=C6/C(=O)N(CC(CCCCCC)CCCCCCCC)c7cc(-c8cccs8)ccc76)s5)cc(c24)C1=O)C(=O)N(CC(CCCCCCCCCC)CCCCCCCCCCCC)C3=O,0.866,10.36,57.7,5.32,-5.33,-3.53,-5.94,-3.99,,,2022,10.1021/acs.chemmater.2c00065,"OPV-DB (Qiu, J., Zenodo, 2026, doi:10.5281/zenodo.20841543)"
PTB7-Th,IEIC2,CCCCC(CC)COC(=O)c1sc2csc(-c3cc4c(-c5ccc(CC(CC)CCCC)s5)c5sccc5c(-c5ccc(CC(CC)CCCC)s5)c4s3)c2c1F,CCCCCCc1ccc(C2(c3ccc(CCCCCC)cc3)c3cc4c(cc3-c3sc(-c5sc(/C=C6\C(=O)c7ccccc7C6=C(C#N)C#N)cc5CCCC)cc32)C(c2ccc(CCCCCC)cc2)(c2ccc(CCCCCC)cc2)c2cc(-c3sc(/C=C5\C(=O)c6ccccc6C5=C(C#N)C#N)cc3CCCC)sc2-4)cc1,0.91,11.1,50.0,5.4,-5.21,-3.6,-5.45,-3.87,,,2022,10.1002/cjoc.202200027,"OPV-DB (Qiu, J., Zenodo, 2026, doi:10.5281/zenodo.20841543)"
PTB7-Th,IUIC,CCCCC(CC)COC(=O)c1sc2csc(-c3cc4c(-c5ccc(CC(CC)CCCC)s5)c5sccc5c(-c5ccc(CC(CC)CCCC)s5)c4s3)c2c1F,CCc1ccc(C2(c3ccc(CC)cc3)c3cc4c(cc3-c3sc5c6c(sc5c32)-c2sc(/C=C3\C(=O)c5cc(F)c(F)cc5C3=C(C#N)C#N)cc2C6(c2ccc(CC)cc2)c2ccc(CC)cc2)C(c2ccc(CC)cc2)(c2ccc(CC)cc2)c2c-4sc3c4c(sc23)-c2sc(/C=C3\C(=O)c5cc(F)c(F)cc5C3=C(C#N)C#N)cc2C4(c2ccc(CC)cc2)c2ccc(CC)cc2)cc1,0.796,21.74,64.9,11.2,-5.21,-3.6,-5.45,-3.87,,,2022,10.1002/cjoc.202200027,"OPV-DB (Qiu, J., Zenodo, 2026, doi:10.5281/zenodo.20841543)"
PTQ10,ITIC-4F,CCCCCCCCC(CCCCCC)COc1cnc2c(-c3cccs3)c(F)c(F)cc2n1,CCCCCCc1ccc(C2(c3ccc(CCCCCC)cc3)c3cc4c(cc3-c3sc5cc(/C=C6/C(=O)c7cc(F)c(F)cc7C6=C(C#N)C#N)sc5c32)C(c2ccc(CCCCCC)cc2)(c2ccc(CCCCCC)cc2)c2c-4sc3cc(/C=C4/C(=O)c5cc(F)c(F)cc5C4=C(C#N)C#N)sc23)cc1,0.95,19.81,61.0,11.25,-5.54,-2.92,-5.82,-4.24,,,2022,10.1002/solr.202200815,"OPV-DB (Qiu, J., Zenodo, 2026, doi:10.5281/zenodo.20841543)"
PTB7-Th,O-IDTBR,CCCCC(CC)COC(=O)c1sc2csc(-c3cc4c(-c5ccc(CC(CC)CCCC)s5)c5sccc5c(-c5ccc(CC(CC)CCCC)s5)c4s3)c2c1F,CCCCCCCCC1(CCCCCCCC)c2cc3c(cc2-c2sc(-c4ccc(/C=C5\SC(=S)N(CC)C5=O)c5nsnc45)cc21)C(CCCCCCCC)(CCCCCCCC)c1cc(-c2ccc(/C=C4\SC(=S)N(CC)C4=O)c4nsnc24)sc1-3,1.03,17.18,63.84,11.3,-5.25,-3.64,-5.45,-3.9,,,2022,10.1021/acsaem.2c02282,"OPV-DB (Qiu, J., Zenodo, 2026, doi:10.5281/zenodo.20841543)"
PBDB-T,X-PCIC,CCCCC(CC)Cc1ccc(-c2c3cc(-c4ccc(-c5sc(-c6cccs6)c6c5C(=O)c5c(CC(CC)CCCC)sc(CC(CC)CCCC)c5C6=O)s4)sc3c(-c3ccc(CC(CC)CCCC)s3)c3ccsc23)s1,CCCCCCc1nc2c(-c3cc4c(s3)C3SC(/C=C5\C(=O)c6cc(F)c(F)cc6C5C(C#N)C#N)=CC3C4(CC(CC)CCCC)CC(CC)CCCC)c3sc(CCCCCC)nc3c(-c3cc4c(s3)-c3sc(/C=C5\C(=O)C6CC(F)C(F)=CC6C5=C(C#N)C#N)cc3C4(CC(CC)CCCC)CC(CC)CCCC)c2s1,0.84,21.8,62.51,11.5,-5.33,-3.48,-5.37,-3.79,,,2022,10.1002/chem.202201675,"OPV-DB (Qiu, J., Zenodo, 2026, doi:10.5281/zenodo.20841543)"
PBDB-TF,HF-PCIC,CCCCC(CC)Cc1sc(-c2c3cc(-c4ccc(-c5sc(-c6cccs6)c6c5C(=O)c5c(CC(CC)CCCC)sc(CC(CC)CCCC)c5C6=O)s4)sc3c(-c3cc(F)c(CC(CC)CCCC)s3)c3ccsc23)cc1F,CCCCC(CC)CC1(CC(CC)CCCC)C2=C(SC(c3cc(F)c(-c4cc5c(s4)-c4sc(/C=C6\C(=O)c7cc(F)c(F)cc7C6=C(C#N)C#N)cc4C5(CC(CC)CCCC)CC(CC)CCCC)cc3F)C2)c2sc(/C=C3\C(=O)c4cc(F)c(F)cc4C3=C(C#N)C#N)cc21,0.91,17.81,70.77,11.49,-5.49,-3.64,-5.53,-3.83,,,2022,10.1002/chem.202201675,"OPV-DB (Qiu, J., Zenodo, 2026, doi:10.5281/zenodo.20841543)"
PTzBI-oF,PC71BM,CCCCCCCCN1C(=O)c2c(c(-c3cc(F)c(-c4cc5c(-c6ccc(CC(CC)CCCC)s6)c6sccc6c(-c6ccc(CC(CC)CCCC)s6)c5s4)s3)c3nn(CC(CC)CCCC)nc3c2-c2cc(F)cs2)C1=O,COC(=O)CCCC1(c2ccccc2)C23c4c5ccc6c7cc8c9c%10c(cc%11cc%12c%13c%14c(cc%15c%16ccc-5c2c%16c2c5c%16c%17c(c(c46)c7c9c%17c4c%10c%11c%13c4c%16c%14c%152)C513)C%12)C8,0.906,17.37,74.0,11.6,-5.25,-3.25,-5.9,-3.9,,,2022,10.1016/j.orgel.2022.106721,"OPV-DB (Qiu, J., Zenodo, 2026, doi:10.5281/zenodo.20841543)"
PIDT-FphanQ,Y6,CCCCCCc1ccc(C2(c3ccc(CCCCCC)cc3)c3cc4c(cc3-c3sccc32)C(c2ccc(CCCCCC)cc2)(c2ccc(CCCCCC)cc2)c2cc(-c3cc(F)cc5nc6c7ccccc7c7ccccc7c6nc35)sc2-4)cc1,CCCCCCCCCCCc1c(/C=C2\C(=O)c3cc(F)c(F)cc3C2=C(C#N)C#N)sc2c1sc1c3c4nsnc4c4c5sc6c(CCCCCCCCCCC)c(/C=C7\C(=O)c8cc(F)c(F)cc8C7=C(C#N)C#N)sc6c5n(CC(CC)CCCC)c4c3n(CC(CC)CCCC)c21,0.79,21.4,68.7,11.6,-5.33,-3.47,-5.65,-4.09,,,2022,10.1016/j.polymer.2022.124867,"OPV-DB (Qiu, J., Zenodo, 2026, doi:10.5281/zenodo.20841543)"
J52-2F,i-IEICO-4F,CCCCCCCCC(CCCCCC)Cn1nc2c(-c3cccs3)c(F)c(F)c(-c3ccc(-c4cc5c(-c6cc(F)c(CC(CC)CCCC)s6)c6sccc6c(-c6cc(F)c(CC(CC)CCCC)s6)c5s4)s3)c2n1,CCCCCCc1ccc(C2(c3ccc(CCCCCC)cc3)c3cc4c(cc3-c3sc(-c5scc(/C=C6\C(=O)c7cc(F)c(F)cc7C6=C(C#N)C#N)c5OCC(CC)CCCC)cc32)C(c2ccc(CCCCCC)cc2)(c2ccc(CCCCCC)cc2)c2cc(-c3scc(/C=C5\C(=O)c6cc(F)c(F)cc6C5=C(C#N)C#N)c3OCC(CC)CCCC)sc2-4)cc1,0.932,19.65,64.3,11.78,-5.36,-3.42,-5.018,-3.331,,,2022,10.1002/slct.202201508,"OPV-DB (Qiu, J., Zenodo, 2026, doi:10.5281/zenodo.20841543)"
PBClTTz-0,PC71BM,CCCCC(CC)COC(=O)c1sc2c(-c3cc4c(-c5cc(CC(CC)CCCC)c(Cl)s5)c5sccc5c(-c5cc(CC(CC)CCCC)c(Cl)s5)c4s3)scc2c1F,COC(=O)CCCC1(c2ccccc2)C23c4c5ccc6c7cc8c9c%10c(cc%11cc%12c%13c%14c(cc%15c%16ccc-5c2c%16c2c5c%16c%17c(c(c46)c7c9c%17c4c%10c%11c%13c4c%16c%14c%152)C513)C%12)C8,0.94,9.08,57.77,4.94,-5.55,-3.87,-5.9,-3.9,,,2022,10.1016/j.orgel.2022.106728,"OPV-DB (Qiu, J., Zenodo, 2026, doi:10.5281/zenodo.20841543)"
PTB7-Th,PFPDIT-TT2F,CCCCC(CC)COC(=O)c1sc2csc(-c3cc4c(-c5ccc(CC(CC)CCCC)s5)c5sccc5c(-c5ccc(CC(CC)CCCC)s5)c4s3)c2c1F,CCCCCCC(CCCCCC)n1c(=O)c2ccc3c4ccc5c(=O)n(C(CCCCCC)CCCCCC)c(=O)c6cc7c8c(sc9c%10cc%11c(=O)n(C(CCCCCC)CCCCCC)c(=O)c%12cc(-c%13cc(F)c(-c%14sccc%14F)s%13)c%13c%14ccc%15c(=O)n(C(CCCCCC)CCCCCC)c(=O)c%16cc(c98)c(c%14c%15%16)c%10c%13c%12%11)c8cc(c1=O)c2c3c8c7c4c56,0.84,13.05,46.42,5.11,-5.29,-3.72,-5.92,-3.89,,,2022,10.1016/j.dyepig.2022.110462,"OPV-DB (Qiu, J., Zenodo, 2026, doi:10.5281/zenodo.20841543)"
PTB7-Th,FBM,CCCCC(CC)COC(=O)c1sc2csc(-c3cc4c(-c5ccc(CC(CC)CCCC)s5)c5sccc5c(-c5ccc(CC(CC)CCCC)s5)c4s3)c2c1F,CCCCCCCCC1(CCCCCCCC)c2cc(-c3ccc(C=C(C#N)C#N)c4nsnc34)ccc2-c2ccc(-c3ccc(C=C(C#N)C#N)c4nsnc34)cc21,0.88,11.2,51.0,5.1,-5.21,-3.6,-6.25,-4.14,,,2022,10.1016/j.synthmet.2022.117189,"OPV-DB (Qiu, J., Zenodo, 2026, doi:10.5281/zenodo.20841543)"
PBCl-Qx5Cl,Y6,CCCCC(CC)Cc1cc(-c2nc3c(-c4ccc(-c5cc6c(-c7cc(Cl)c(CC(CC)CCCC)s7)c7sccc7c(-c7cc(Cl)c(CC(CC)CCCC)s7)c6s5)s4)cc(Cl)c(-c4cccs4)c3nc2-c2cc(CC(CC)CCCC)c(Cl)s2)sc1Cl,CCCCCCCCCCCc1c(/C=C2\C(=O)c3cc(F)c(F)cc3C2=C(C#N)C#N)sc2c1sc1c3c4nsnc4c4c5sc6c(CCCCCCCCCCC)c(/C=C7\C(=O)c8cc(F)c(F)cc8C7=C(C#N)C#N)sc6c5n(CC(CC)CCCC)c4c3n(CC(CC)CCCC)c21,0.79,24.47,61.3,11.82,-5.54,-3.4,-5.65,-4.1,,,2022,10.1021/acsami.2c00764,"OPV-DB (Qiu, J., Zenodo, 2026, doi:10.5281/zenodo.20841543)"
D18,BTP-Cy-4F,CCCCCCC(CCCC)Cc1csc(-c2cc3c4nsnc4c4cc(-c5cc(CC(CCCC)CCCCCC)c(-c6cc7c(-c8cc(F)c(CC(CC)CCCC)s8)c8sccc8c(-c8cc(F)c(CC(CC)CCCC)s8)c7s6)s5)sc4c3s2)c1,CCCCCCC(CCCC)Cc1c(/C=C2\C(=O)c3cc(F)c(F)cc3C2=C(C#N)C#N)sc2c1sc1c3c4nsnc4c4c5sc6c(CC(CCCC)CCCCCC)c(/C=C7\C(=O)c8cc(F)c(F)cc8C7=C(C#N)C#N)sc6c5n(CCCCCCCCCCc5ccccc5)c4c3n(CCCCCCCCCCc3ccccc3)c21,0.937,24.86,79.51,18.52,-5.51,-2.77,-5.66,-3.89,,,2022,10.1002/adma.202210760,"OPV-DB (Qiu, J., Zenodo, 2026, doi:10.5281/zenodo.20841543)"
PM6,Y6-BO,CCCCC(CC)Cc1sc(-c2c3cc(-c4ccc(-c5sc(-c6cccs6)c6c5C(=O)c5c(CC(CC)CCCC)sc(CC(CC)CCCC)c5C6=O)s4)sc3c(-c3cc(F)c(CC(CC)CCCC)s3)c3ccsc23)cc1F,CCCCCCCCCCCc1c(/C=C2\C(=O)c3cc(F)c(F)cc3C2=C(C#N)C#N)sc2c1sc1c3c4nsnc4c4c5sc6c(CCCCCCCCCCC)c(/C=C7\C(=O)c8cc(F)c(F)cc8C7=C(C#N)C#N)sc6c5n(CC(CCCC)CCCCCC)c4c3n(CC(CCCC)CCCCCC)c21,0.86,27.16,79.3,18.6,-5.56,-3.65,-5.65,-4.1,,,2022,10.1039/d2ee02553a,"OPV-DB (Qiu, J., Zenodo, 2026, doi:10.5281/zenodo.20841543)"
PBDB-T,PNDI10,CCCCC(CC)Cc1ccc(-c2c3cc(-c4ccc(-c5sc(-c6cccs6)c6c5C(=O)c5c(CC(CC)CCCC)sc(CC(CC)CCCC)c5C6=O)s4)sc3c(-c3ccc(CC(CC)CCCC)s3)c3ccsc23)s1,CCCCCCCCCCC(CCCCCCCC)CN1C(=O)c2ccc3c4c(c(-c5ccc(/C(C#N)=C/c6cc(OCC(CC)CCCC)c(/C=C(\C#N)c7ccc(-c8cc9c%10c(c(-c%11ccc(-c%12cccs%12)s%11)cc%11c%10c8C(=O)N(CC(CCCCCCCC)CCCCCCCCCC)C%11=O)C(=O)N(CC(CCCCCCCC)CCCCCCCCCC)C9=O)s7)cc6OCC(CC)CCCC)s5)cc(c24)C1=O)C(=O)N(CC(CCCCCCCC)CCCCCCCCCC)C3=O,0.86,10.93,72.0,6.7,-5.33,-3.53,-5.93,-3.87,,,2022,10.1039/d2ra03062d,"OPV-DB (Qiu, J., Zenodo, 2026, doi:10.5281/zenodo.20841543)"
B1,PYF-T-o,CCCCCCc1cc(-c2cc3c(-c4ccc(SCC(CC)CCCC)cc4)c4sc(-c5cc(CCCCCC)c(-c6cc(CCCCCC)c(-c7ccc(/C=C8/SC(=S)N(CCCC)C8=O)s7)s6)s5)cc4c(-c4ccc(SCC(CC)CCCC)cc4)c3s2)sc1-c1cc(CCCCCC)c(-c2ccc(/C=C3/SC(=S)N(CCCC)C3=O)s2)s1,CCCCCCCCCCCCC(CCCCCCCCCC)Cn1c2c3sc(/C=C4\C(=O)c5c(F)cccc5C4=C(C#N)C#N)c(CCCCCCCCCCC)c3sc2c2c3nsnc3c3c4sc5c(CCCCCCCCCCC)c(/C=C6\C(=O)c7c(ccc(-c8cccs8)c7F)C6=C(C#N)C#N)sc5c4n(CC(CCCCCCCCCC)CCCCCCCCCCCC)c3c21,0.87,4.33,56.01,2.1,-5.37,-3.51,-5.715,-3.805,,,2022,10.1021/acsenergylett.2c01732,"OPV-DB (Qiu, J., Zenodo, 2026, doi:10.5281/zenodo.20841543)"
PIDT-DTN,ITIC,CCc1ccc(C2(c3ccc(CC)cc3)c3cc4c(cc3-c3sccc32)C(c2ccc(CC)cc2)(c2ccc(CC)cc2)c2cc(-c3sc(-c5sc(-c6cc(CC)c(-c7cc8c(s7)-c7cc9c(cc7C8(c7ccc(CC)cc7)c7ccc(CC)cc7)-c7sc(-c8sc(-c%10sc(-c%11cc(CC)c(-c%12cc%13c(s%12)-c%12cc%14c(cc%12C%13(c%12ccc(CC)cc%12)c%12ccc(CC)cc%12)-c%12sc(-c%13sc(-c%15sc(-c%16cc(CC)cs%16)c%16c%15C(=O)c%15ccccc%15C%16=O)cc%13CC)cc%12C%14(c%12ccc(CC)cc%12)c%12ccc(CC)cc%12)s%11)c%11c%10C(=O)c%10ccccc%10C%11=O)cc8CC)cc7C9(c7ccc(CC)cc7)c7ccc(CC)cc7)s6)c6c5C(=O)c5ccccc5C6=O)cc3CC)sc2-4)cc1,CCCCCCc1ccc(C2(c3ccc(CCCCCC)cc3)c3cc4c(cc3-c3sc5cc(C=C6C(=O)c7ccccc7C6=C(C#N)C#N)sc5c32)C(c2ccc(CCCCCC)cc2)(c2ccc(CCCCCC)cc2)c2c-4sc3cc(C=C4C(=O)c5ccccc5C4=C(C#N)C#N)sc23)cc1,0.97,3.8,29.0,1.1,-5.37,-3.48,-5.576,-3.916,,,2022,10.1021/accountsmr.2c00020,"OPV-DB (Qiu, J., Zenodo, 2026, doi:10.5281/zenodo.20841543)"
PffBT4T-2OD,P(20CH-PDI-TT),CCCCCCCCCCC(CCCCCCCC)Cc1csc(-c2c(F)c(F)c(-c3cc(CC(CCCCCCCC)CCCCCCCCCC)c(-c4ccc(-c5cccs5)s4)s3)c3nsnc23)c1,CCCCCCCCCCC(CCCCCCCC)CN1C(=O)c2ccc3c4ccc5c6c(cc(-c7ccc(-c8cccs8)s7)c(c7ccc(c2c37)C1=O)c64)C(=O)N(CC(CCCCCCCC)CCCCCCCCCC)C5=O,0.78,3.57,39.61,1.1,-5.3,-3.51,-6.1,-3.9,,,2022,10.1021/acsami.2c16908,"OPV-DB (Qiu, J., Zenodo, 2026, doi:10.5281/zenodo.20841543)"
PBDT-3T,IT-4F,CCCCC(CC)Cc1ccsc1-c1ccc(-c2sc(-c3cc4c(-c5cc(F)c(CC(CC)CCCC)s5)c5sccc5c(-c5cc(F)c(CC(CC)CCCC)s5)c4s3)cc2CC(CC)CCCC)s1,CCCCCCc1ccc(C2(c3ccc(CCCCCC)cc3)c3cc4c(cc3-c3sc5cc(/C=C6\C(=O)c7cc(F)c(F)cc7C6=C(C#N)C#N)sc5c32)C(c2ccc(CCCCCC)cc2)(c2ccc(CCCCCC)cc2)c2c-4sc3cc(/C=C4\C(=O)c5cc(F)c(F)cc5C4=C(C#N)C#N)sc23)cc1,0.85,3.99,31.0,1.05,-5.48,-3.21,-5.66,-4.14,,,2022,10.1021/accountsmr.2c00020,"OPV-DB (Qiu, J., Zenodo, 2026, doi:10.5281/zenodo.20841543)"
P3HT,B1,CCCCCCc1ccsc1,CCCCCCc1cc(-c2cc3c(-c4ccc(SCC(CC)CCCC)cc4)c4sc(-c5cc(CCCCCC)c(-c6cc(CCCCCC)c(-c7ccc(/C=C8/SC(=S)N(CCCC)C8=O)s7)s6)s5)cc4c(-c4ccc(SCC(CC)CCCC)cc4)c3s2)sc1-c1cc(CCCCCC)c(-c2ccc(/C=C3/SC(=S)N(CCCC)C3=O)s2)s1,1.15,5.1,25.6,1.5,-5.01,-3.12,-5.37,-3.51,,,2022,10.1016/j.optmat.2022.112852,"OPV-DB (Qiu, J., Zenodo, 2026, doi:10.5281/zenodo.20841543)"
P3HT,N2200,CCCCCCc1ccsc1,CCCCCCCCCCC(CCCCCCCC)CN1C(=O)c2ccc3c4c(c(-c5ccc(-c6cccs6)s5)cc(c24)C1=O)C(=O)N(CC(CCCCCCCC)CCCCCCCCCC)C3=O,0.49,4.5,68.0,1.5,-5.01,-3.12,-5.71,-4.02,,,2022,10.1002/solr.202200073,"OPV-DB (Qiu, J., Zenodo, 2026, doi:10.5281/zenodo.20841543)"
PM6,DY3,CCCCC(CC)Cc1sc(-c2c3cc(-c4ccc(-c5sc(-c6cccs6)c6c5C(=O)c5c(CC(CC)CCCC)sc(CC(CC)CCCC)c5C6=O)s4)sc3c(-c3cc(F)c(CC(CC)CCCC)s3)c3ccsc23)cc1F,CCCCCCCCCCCc1c(/C=C2\C(=O)c3cc(F)c(F)cc3C2=C(C#N)C#N)sc2c1sc1c3c4nsnc4c4c5sc6c(CCCCCCCCCCC)c(/C=C7/C(=O)c8cc(F)c(F)cc8C7=C(C#N)C#N)sc6c5n(CC(CC)CCCC)c4c3n(CCCCCCCCCCOc3ccc(OCCCCCCCCCCn4c5c6sc(/C=C7\C(=O)c8cc(F)c(F)cc8C7=C(C#N)C#N)c(CCCCCCCCCCC)c6sc5c5c6nsnc6c6c7sc8c(CCCCCCCCCCC)c(/C=C9/C(=O)c%10cc(F)c(F)cc%10C9=C(C#N)C#N)sc8c7n(CC(CC)CCCC)c6c54)cc3)c21,0.87,26.2,76.21,17.33,-5.5,-3.61,-5.72,-3.95,,,2022,10.1002/adma.202206563,"OPV-DB (Qiu, J., Zenodo, 2026, doi:10.5281/zenodo.20841543)"
PQB-2,PY-IT,CCCCCCC(CCCC)Cc1csc(-c2cc3c4nccnc4c4cc(-c5cc(CC(CCCC)CCCCCC)c(-c6cc7c(-c8cc(F)c(CC(CC)CCCC)s8)c8sc(-c9ccc(-c%10sc(-c%11ccc(-c%12cc%13c(-c%14cc(F)c(CC(CC)CCCC)s%14)c%14sccc%14c(-c%14cc(F)c(CC(CC)CCCC)s%14)c%13s%12)s%11)c%11c%10C(=O)c%10c(CC(CC)CCCC)sc(CC(CC)CCCC)c%10C%11=O)s9)cc8c(-c8cc(F)c(CC(CC)CCCC)s8)c7s6)s5)sc4c3s2)c1,CCCCCCCCCCCc1c(/C=C2\C(=O)c3ccccc3C2=C(C#N)C#N)sc2c1sc1c3c4nsnc4c4c5sc6c(CCCCCCCCCCC)c(/C=C7\C(=O)c8cc(-c9cccs9)ccc8C7=C(C#N)C#N)sc6c5n(CC(CCCCCCCC)CCCCCCCCCC)c4c3n(CC(CCCCCCCC)CCCCCCCCCC)c21,0.942,24.2,76.5,18.1,-5.45,-3.59,-5.66,-3.7,,,2022,10.1039/d2ee03535a,"OPV-DB (Qiu, J., Zenodo, 2026, doi:10.5281/zenodo.20841543)"
PTQ10,Y6,CCCCCCCCC(CCCCCC)COc1cnc2c(-c3cccs3)c(F)c(F)cc2n1,CCCCCCCCCCCc1c(/C=C2\C(=O)c3cc(F)c(F)cc3C2=C(C#N)C#N)sc2c1sc1c3c4nsnc4c4c5sc6c(CCCCCCCCCCC)c(/C=C7\C(=O)c8cc(F)c(F)cc8C7=C(C#N)C#N)sc6c5n(CC(CC)CCCC)c4c3n(CC(CC)CCCC)c21,0.855,26.7,78.0,17.81,-5.54,-2.92,-5.65,-4.09,,,2022,10.1002/solr.202201090,"OPV-DB (Qiu, J., Zenodo, 2026, doi:10.5281/zenodo.20841543)"
PM6,BTP-2F-ThCl,CCCCC(CC)Cc1sc(-c2c3cc(-c4ccc(-c5sc(-c6cccs6)c6c5C(=O)c5c(CC(CC)CCCC)sc(CC(CC)CCCC)c5C6=O)s4)sc3c(-c3cc(F)c(CC(CC)CCCC)s3)c3ccsc23)cc1F,CCCCCCCCCCCc1c(/C=C2\C(=O)c3c(csc3Cl)C2C(C#N)C#N)sc2c1SC1c3c(c4c(c5nsnc35)c3sc5c(CCCCCCCCCCC)c(/C=C6\C(=O)c7cc(F)c(F)cc7C6=C(C#N)C#N)sc5c3n4CC(CC)CCCC)N(CC(CC)CCCC)C21,0.872,26.46,76.7,17.7,-5.56,-3.65,-5.7,-3.99,,,2022,10.1021/acsomega.2c06181,"OPV-DB (Qiu, J., Zenodo, 2026, doi:10.5281/zenodo.20841543)"
PBTTz3Cl,L8-BO,CCCCCCCCc1csc(-c2sc(-c3cc(CCCCCCCC)c(-c4cc5c(-c6cc(Cl)c(CC(CC)CCCC)s6)c6sccc6c(-c6cc(Cl)c(CC(CC)CCCC)s6)c5s4)s3)nc2Cl)c1,CCCCCCC(CCCC)Cc1c(/C=C2\C(=O)c3cc(F)c(F)cc3C2=C(C#N)C#N)sc2c1sc1c3c4nsnc4c4c5sc6c(CC(CCCC)CCCCCC)c(/C=C7\C(=O)c8cc(F)c(F)cc8C7=C(C#N)C#N)sc6c5n(CC(CC)CCCC)c4c3n(CC(CC)CCCC)c21,0.888,26.6,77.81,18.38,-5.56,-3.6,-5.68,-3.9,,,2022,10.1002/adma.202208750,"OPV-DB (Qiu, J., Zenodo, 2026, doi:10.5281/zenodo.20841543)"
P3HT,F8IC,CCCCCCc1ccsc1,CCCCCCc1ccc(C2(c3ccc(CCCCCC)cc3)c3c(sc4cc(/C=C5\C(=O)c6cc(F)c(F)cc6C5=C(C#N)C#N)sc34)-c3sc4c5c(sc4c32)-c2sc3cc(/C=C4\C(=O)c6cc(F)c(F)cc6C4=C(C#N)C#N)sc3c2C5(c2ccc(CCCCCC)cc2)c2ccc(CCCCCC)cc2)cc1,0.57,1.94,31.6,0.35,-5.01,-3.12,-5.4,-4.0,,,2023,10.1016/j.polymer.2023.125890,"OPV-DB (Qiu, J., Zenodo, 2026, doi:10.5281/zenodo.20841543)"
PM6,PQx3,CCCCC(CC)Cc1sc(-c2c3cc(-c4ccc(-c5sc(-c6cccs6)c6c5C(=O)c5c(CC(CC)CCCC)sc(CC(CC)CCCC)c5C6=O)s4)sc3c(-c3cc(F)c(CC(CC)CCCC)s3)c3ccsc23)cc1F,CCCCCCCCCCCCC(CCCCCCCCCC)Cn1c2c3sc(/C=C4\C(=O)c5ccccc5C4=C(C#N)C#N)c(CCCCCCCCCCC)c3sc2c2c3ncc(-c4ccc(Cl)cc4)nc3c3c4sc5c(CCCCCCCCCCC)c(C/C=C6/C(=O)c7cc(-c8cccs8)ccc7C6=C(C#N)C#N)sc5c4n(CC(CCCCCCCCCC)CCCCCCCCCCCC)c3c21,0.934,25.21,76.72,18.06,-5.56,-3.65,-5.6,-3.76,,,2023,10.1002/adma.202307398,"OPV-DB (Qiu, J., Zenodo, 2026, doi:10.5281/zenodo.20841543)"
PBDB-T,ITIC,CCCCC(CC)Cc1ccc(-c2c3cc(-c4ccc(-c5sc(-c6cccs6)c6c5C(=O)c5c(CC(CC)CCCC)sc(CC(CC)CCCC)c5C6=O)s4)sc3c(-c3ccc(CC(CC)CCCC)s3)c3ccsc23)s1,CCCCCCc1ccc(C2(c3ccc(CCCCCC)cc3)c3cc4c(cc3-c3sc5cc(C=C6C(=O)c7ccccc7C6=C(C#N)C#N)sc5c32)C(c2ccc(CCCCCC)cc2)(c2ccc(CCCCCC)cc2)c2c-4sc3cc(C=C4C(=O)c5ccccc5C4=C(C#N)C#N)sc23)cc1,0.94,25.9,80.82,19.86,-5.33,-3.48,-5.576,-3.916,,,2023,10.1016/j.chphi.2023.100407,"OPV-DB (Qiu, J., Zenodo, 2026, doi:10.5281/zenodo.20841543)"
D18-Cl,PY-IT,CCCCCCC(CCCC)Cc1csc(-c2cc3c4nsnc4c4cc(-c5cc(CC(CCCC)CCCCCC)c(-c6cc7c(-c8cc(Cl)c(CC(CC)CCCC)s8)c8sccc8c(-c8cc(Cl)c(CC(CC)CCCC)s8)c7s6)s5)sc4c3s2)c1,CCCCCCCCCCCc1c(/C=C2\C(=O)c3ccccc3C2=C(C#N)C#N)sc2c1sc1c3c4nsnc4c4c5sc6c(CCCCCCCCCCC)c(/C=C7\C(=O)c8cc(-c9cccs9)ccc8C7=C(C#N)C#N)sc6c5n(CC(CCCCCCCC)CCCCCCCCCC)c4c3n(CC(CCCCCCCC)CCCCCCCCCC)c21,0.97,23.6,75.7,17.3,-5.51,-2.77,-5.68,-3.94,,,2023,10.1002/adma.202305424,"OPV-DB (Qiu, J., Zenodo, 2026, doi:10.5281/zenodo.20841543)"
D18,EH-HD-4F,CCCCCCC(CCCC)Cc1csc(-c2cc3c4nsnc4c4cc(-c5cc(CC(CCCC)CCCCCC)c(-c6cc7c(-c8cc(F)c(CC(CC)CCCC)s8)c8sccc8c(-c8cc(F)c(CC(CC)CCCC)s8)c7s6)s5)sc4c3s2)c1,CCCCCCCCCCCc1c(/C=C2\C(=O)c3cc(F)c(F)cc3C2=C(C#N)C#N)sc2c1sc1c3c4nsnc4c4c5sc6c(CCCCCCCCCCC)c(/C=C7\C(=O)c8cc(F)c(F)cc8C7=C(C#N)C#N)sc6c5n(CC(CCCCCC)CCCCCCCC)c4c3n(CC(CC)CCCC)c21,0.84,27.24,78.12,18.1,-5.51,-2.77,-5.69,-4.04,,,2023,10.1039/d3ta07443a,"OPV-DB (Qiu, J., Zenodo, 2026, doi:10.5281/zenodo.20841543)"
PM6,BTP-S9,CCCCC(CC)Cc1sc(-c2c3cc(-c4ccc(-c5sc(-c6cccs6)c6c5C(=O)c5c(CC(CC)CCCC)sc(CC(CC)CCCC)c5C6=O)s4)sc3c(-c3cc(F)c(CC(CC)CCCC)s3)c3ccsc23)cc1F,CCc1c(/C=C2\C(=O)c3cc(Cl)c(Cl)cc3C2=C(C#N)C#N)sc2c1sc1c3c4nsnc4c4c5sc6c(CC)c(/C=C7\C(=O)c8cc9cc(F)c(F)cc9cc8C7=C(C#N)C#N)sc6c5n(CC)c4c3n(CC)c21,0.85,27.7,78.7,18.5,-5.56,-3.65,-5.63,-4.09,,,2023,10.1039/d3ee00630a,"OPV-DB (Qiu, J., Zenodo, 2026, doi:10.5281/zenodo.20841543)"
PM6,L15,CCCCC(CC)Cc1sc(-c2c3cc(-c4ccc(-c5sc(-c6cccs6)c6c5C(=O)c5c(CC(CC)CCCC)sc(CC(CC)CCCC)c5C6=O)s4)sc3c(-c3cc(F)c(CC(CC)CCCC)s3)c3ccsc23)cc1F,CCCCCCCCCCCc1c(/C=C2\C(=O)c3ccccc3C2=C(C#N)C#N)sc2c1sc1c3c4nsnc4c4c5sc6c(CCCCCCCCCCC)c(/C=C7\C(=O)c8cc(-c9cc%10c(=O)n(CC(CCCCCC)CCCCCCCC)c(=O)c%11ccsc%11c%10s9)ccc8C7=C(C#N)C#N)sc6c5n(CC(CCCCCCCC)CCCCCCCCCC)c4c3n(CC(CCCCCCCC)CCCCCCCCCC)c21,0.93,25.95,77.26,18.72,-5.56,-3.65,-5.75,-3.94,,,2023,10.1002/adma.202308334,"OPV-DB (Qiu, J., Zenodo, 2026, doi:10.5281/zenodo.20841543)"
L1,L8-BO,CCc1csc(-c2cc3oc(=O)c4cc(-c5cc(CC)c(-c6cc7c(-c8ccc(CC)s8)c8sc(-c9sc(-c%10cc%11oc(=O)c%12cc(-c%13cc(CC)c(-c%14cc%15c(-c%16ccc(CC)s%16)c%16sc(-c%17sc(-c%18cc%19oc(=O)c%20cc(-c%21cc(CC)c(-c%22cc%23c(-c%24ccc(CC)s%24)c%24sccc%24c(-c%24ccc(CC)s%24)c%23s%22)s%21)sc%20c%19s%18)cc%17CC)cc%16c(-c%16ccc(CC)s%16)c%15s%14)s%13)sc%12c%11s%10)cc9CC)cc8c(-c8ccc(CC)s8)c7s6)s5)sc4c3s2)c1,CCCCCCC(CCCC)Cc1c(/C=C2\C(=O)c3cc(F)c(F)cc3C2=C(C#N)C#N)sc2c1sc1c3c4nsnc4c4c5sc6c(CC(CCCC)CCCCCC)c(/C=C7\C(=O)c8cc(F)c(F)cc8C7=C(C#N)C#N)sc6c5n(CC(CC)CCCC)c4c3n(CC(CC)CCCC)c21,0.901,26.38,78.9,18.75,-5.45,-2.79,-5.68,-3.9,,,2023,10.1002/adfm.202312545,"OPV-DB (Qiu, J., Zenodo, 2026, doi:10.5281/zenodo.20841543)"
PTO,IT-4F,CCCCCCCCCCCc1c(/C=C2\C(=O)c3ccccc3C2=C(C#N)C#N)sc2c1sc1c3c4nsnc4c4c5sc6c(CCCCCCCCCCC)c(/C=C7/C(=O)c8cc(-c9cc%10sccc%10s9)ccc8C7=C(C#N)C#N)sc6c5n(CC(CCCCCCCC)CCCCCCCCCC)c4c3n(CC(CCCCCCCC)CCCCCCCCCC)c21,CCCCCCc1ccc(C2(c3ccc(CCCCCC)cc3)c3cc4c(cc3-c3sc5cc(/C=C6\C(=O)c7cc(F)c(F)cc7C6=C(C#N)C#N)sc5c32)C(c2ccc(CCCCCC)cc2)(c2ccc(CCCCCC)cc2)c2c-4sc3cc(/C=C4\C(=O)c5cc(F)c(F)cc5C4=C(C#N)C#N)sc23)cc1,0.94,18.96,66.35,11.83,-5.61,-3.59,-5.66,-4.14,,,2023,10.1039/d3py00229b,"OPV-DB (Qiu, J., Zenodo, 2026, doi:10.5281/zenodo.20841543)"
P3HT,H1,CCCCCCc1ccsc1,CCN1C(=O)C2=C(c3ccc(-c4ccc5c(c4)C(=C4c6cc(-c7ccc(C8=C9C(=O)N(CC)C(c%10cccs%10)=C9C(=O)N8CC)s7)ccc6-c6ccc(-c7ccc(C8=C9C(=O)N(CC)C(c%10cccs%10)=C9C(=O)N8CC)s7)cc64)c4cc(-c6ccc(C7=C8C(=O)N(CC)C(c9cccs9)=C8C(=O)N7CC)s6)ccc4-5)s3)N(CC)C(=O)C2=C1c1cccs1,1.17,7.74,60.0,5.42,-5.01,-3.12,-5.51,-3.84,,,2023,10.1016/j.jphotochem.2023.115162,"OPV-DB (Qiu, J., Zenodo, 2026, doi:10.5281/zenodo.20841543)"
D18,IDIC,CCCCCCC(CCCC)Cc1csc(-c2cc3c4nsnc4c4cc(-c5cc(CC(CCCC)CCCCCC)c(-c6cc7c(-c8cc(F)c(CC(CC)CCCC)s8)c8sccc8c(-c8cc(F)c(CC(CC)CCCC)s8)c7s6)s5)sc4c3s2)c1,CCCCCCC1(CCCCCC)c2cc3c(cc2-c2sc(/C=C4\C(=O)c5ccccc5C4=C(C#N)C#N)cc21)C(CCCCCC)(CCCCCC)c1cc(/C=C2\C(=O)c4ccccc4C2=C(C#N)C#N)sc1-3,0.951,17.36,68.93,11.38,-5.51,-2.77,-5.69,-3.91,,,2023,10.1002/adma.202308216,"OPV-DB (Qiu, J., Zenodo, 2026, doi:10.5281/zenodo.20841543)"
PBTz-F,Y6-BO,CCCCCCCCC(CCCCCC)Cc1nc2c(-c3ccc(-c4cc5c(-c6cc(F)c(CC(CC)CCCC)s6)c6sccc6c(-c6cc(F)c(CC(CC)CCCC)s6)c5s4)s3)c(F)c(F)c(-c3cccs3)c2s1,CCCCCCCCCCCc1c(/C=C2\C(=O)c3cc(F)c(F)cc3C2=C(C#N)C#N)sc2c1sc1c3c4nsnc4c4c5sc6c(CCCCCCCCCCC)c(/C=C7\C(=O)c8cc(F)c(F)cc8C7=C(C#N)C#N)sc6c5n(CC(CCCC)CCCCCC)c4c3n(CC(CCCC)CCCCCC)c21,0.88,22.48,57.59,11.38,-5.43,-3.37,-5.65,-4.1,,,2023,10.1016/j.orgel.2023.106860,"OPV-DB (Qiu, J., Zenodo, 2026, doi:10.5281/zenodo.20841543)"
PTB7-Th,L8-BO,CCCCC(CC)COC(=O)c1sc2csc(-c3cc4c(-c5ccc(CC(CC)CCCC)s5)c5sccc5c(-c5ccc(CC(CC)CCCC)s5)c4s3)c2c1F,CCCCCCC(CCCC)Cc1c(/C=C2\C(=O)c3cc(F)c(F)cc3C2=C(C#N)C#N)sc2c1sc1c3c4nsnc4c4c5sc6c(CC(CCCC)CCCCCC)c(/C=C7\C(=O)c8cc(F)c(F)cc8C7=C(C#N)C#N)sc6c5n(CC(CC)CCCC)c4c3n(CC(CC)CCCC)c21,0.706,24.3,66.1,11.3,-5.21,-3.6,-5.68,-3.9,,,2023,10.1002/adma.202308608,"OPV-DB (Qiu, J., Zenodo, 2026, doi:10.5281/zenodo.20841543)"
PBDB-T-2Cl,4TFIC-4F,CCCCC(CC)Cc1sc(-c2c3cc(-c4ccc(-c5sc(-c6cccs6)c6c5C(=O)c5c(CC(CC)CCCC)sc(CC(CC)CCCC)c5C6=O)s4)sc3c(-c3cc(Cl)c(CC(CC)CCCC)s3)c3ccsc23)cc1Cl,CCCCCCCCC1(CCCCCCCC)c2cc3c(cc2-c2cc4c(cc21)-c1sc2cc(/C=C5\C(=O)c6cc(F)c(F)cc6C5=C(C#N)C#N)sc2c1C4(c1ccc(CCCCCC)cc1)c1ccc(CCCCCC)cc1)C(c1ccc(CCCCCC)cc1)(c1ccc(CCCCCC)cc1)c1c-3sc2cc(/C=C3\C(=O)c4cc(F)c(F)cc4C3=C(C#N)C#N)sc12,0.93,16.56,73.0,11.24,-5.52,-3.6,-5.66,-3.98,,,2023,10.1016/j.jphotochem.2023.115162,"OPV-DB (Qiu, J., Zenodo, 2026, doi:10.5281/zenodo.20841543)"
PM6,IXIC-4Cl,CCCCC(CC)Cc1sc(-c2c3cc(-c4ccc(-c5sc(-c6cccs6)c6c5C(=O)c5c(CC(CC)CCCC)sc(CC(CC)CCCC)c5C6=O)s4)sc3c(-c3cc(F)c(CC(CC)CCCC)s3)c3ccsc23)cc1F,CCCCCCc1ccc(C2(c3ccc(CCCCCC)cc3)c3c(sc4cc(/C=C5\C(=O)c6cc(Cl)c(Cl)cc6C5=C(C#N)C#N)sc34)-c3sc4c5c(sc4c32)-c2sc3cc(/C=C4\C(=O)c6cc(Cl)c(Cl)cc6C4=C(C#N)C#N)sc3c2C5(c2ccc(CCCCCC)cc2)c2ccc(CCCCCC)cc2)cc1,0.76,23.6,65.2,11.64,-5.56,-3.65,-5.2,-3.95,,,2023,10.1039/d3ee00602f,"OPV-DB (Qiu, J., Zenodo, 2026, doi:10.5281/zenodo.20841543)"
PM6,ITIC-Th,CCCCC(CC)Cc1sc(-c2c3cc(-c4ccc(-c5sc(-c6cccs6)c6c5C(=O)c5c(CC(CC)CCCC)sc(CC(CC)CCCC)c5C6=O)s4)sc3c(-c3cc(F)c(CC(CC)CCCC)s3)c3ccsc23)cc1F,CCCCCCc1ccc(C2(c3ccc(CCCCCC)s3)c3cc4c(cc3-c3sc5cc(/C=C6\C(=O)c7ccccc7C6=C(C#N)C#N)sc5c32)C(c2ccc(CCCCCC)s2)(c2ccc(CCCCCC)s2)c2c-4sc3cc(/C=C4\C(=O)c5ccccc5C4=C(C#N)C#N)sc23)s1,0.98,16.4,71.4,11.5,-5.56,-3.65,-5.673,-3.909,,,2023,10.1021/acsaem.3c00093,"OPV-DB (Qiu, J., Zenodo, 2026, doi:10.5281/zenodo.20841543)"
Y6,D18,CCCCCCCCCCCc1c(/C=C2\C(=O)c3cc(F)c(F)cc3C2=C(C#N)C#N)sc2c1sc1c3c4nsnc4c4c5sc6c(CCCCCCCCCCC)c(/C=C7\C(=O)c8cc(F)c(F)cc8C7=C(C#N)C#N)sc6c5n(CC(CC)CCCC)c4c3n(CC(CC)CCCC)c21,CCCCCCC(CCCC)Cc1csc(-c2cc3c4nsnc4c4cc(-c5cc(CC(CCCC)CCCCCC)c(-c6cc7c(-c8cc(F)c(CC(CC)CCCC)s8)c8sccc8c(-c8cc(F)c(CC(CC)CCCC)s8)c7s6)s5)sc4c3s2)c1,0.849,18.58,49.51,7.81,-5.65,-4.09,-5.51,-2.77,,,2023,10.1021/acsaem.3c00694,"OPV-DB (Qiu, J., Zenodo, 2026, doi:10.5281/zenodo.20841543)"
PTB7-Th,COTIC-4F,CCCCC(CC)COC(=O)c1sc2csc(-c3cc4c(-c5ccc(CC(CC)CCCC)s5)c5sccc5c(-c5ccc(CC(CC)CCCC)s5)c4s3)c2c1F,CCCCC(CC)COc1cc(/C=C2\C(=O)c3cc(F)c(F)cc3C2=C(C#N)C#N)sc1-c1cc2c(s1)-c1sc(-c3sc(/C=C4\C(=O)c5cc(F)c(F)cc5C4=C(C#N)C#N)cc3OCC(CC)CCCC)cc1C2(CC(CC)CCCC)CC(CC)CCCC,0.551,24.95,61.0,8.55,-5.21,-3.6,-5.26,-4.16,,,2023,10.1021/acsenergylett.3c01444,"OPV-DB (Qiu, J., Zenodo, 2026, doi:10.5281/zenodo.20841543)"
PBDB-T,P1,CCCCC(CC)Cc1ccc(-c2c3cc(-c4ccc(-c5sc(-c6cccs6)c6c5C(=O)c5c(CC(CC)CCCC)sc(CC(CC)CCCC)c5C6=O)s4)sc3c(-c3ccc(CC(CC)CCCC)s3)c3ccsc23)s1,CCCCCCCCc1cc(-c2c(-c3cccs3)sc3c(-c4cc(CCCCCCCC)c(CCCCCCCC)s4)c(-c4ccc(-c5cccc6nsnc56)s4)sc23)sc1CCCCCCCC,0.857,15.09,62.0,8.12,-5.33,-3.48,-5.34,-3.53,,,2023,10.1021/acsapm.3c03141,"OPV-DB (Qiu, J., Zenodo, 2026, doi:10.5281/zenodo.20841543)"
PM6,F-M,CCCCC(CC)Cc1sc(-c2c3cc(-c4ccc(-c5sc(-c6cccs6)c6c5C(=O)c5c(CC(CC)CCCC)sc(CC(CC)CCCC)c5C6=O)s4)sc3c(-c3cc(F)c(CC(CC)CCCC)s3)c3ccsc23)cc1F,CCCCCCCCC1(CCCCCCCC)c2cc3c(cc2-c2cc4c(cc21)-c1sc(/C=C2\C(=O)c5cc(C)ccc5C2=C(C#N)C#N)cc1C4(CCCCCCCC)CCCCCCCC)C(CCCCCCCC)(CCCCCCCC)c1cc(/C=C2\C(=O)c4cc(C)ccc4C2=C(C#N)C#N)sc1-3,1.067,14.82,69.6,11.19,-5.56,-3.65,-5.42,-3.7,,,2023,10.1002/solr.202300728,"OPV-DB (Qiu, J., Zenodo, 2026, doi:10.5281/zenodo.20841543)"
PFETVT-T,L15,CCCCCCC(CCCC)COC(=O)c1c(F)csc1/C=C/c1sc(-c2cccs2)c(F)c1C(=O)OCC(CCCC)CCCCCC,CCCCCCCCCCCc1c(/C=C2\C(=O)c3ccccc3C2=C(C#N)C#N)sc2c1sc1c3c4nsnc4c4c5sc6c(CCCCCCCCCCC)c(/C=C7\C(=O)c8cc(-c9cc%10c(=O)n(CC(CCCCCC)CCCCCCCC)c(=O)c%11ccsc%11c%10s9)ccc8C7=C(C#N)C#N)sc6c5n(CC(CCCCCCCC)CCCCCCCCCC)c4c3n(CC(CCCCCCCC)CCCCCCCCCC)c21,0.93,19.74,64.33,11.81,-5.63,-3.18,-5.75,-3.94,,,2023,10.1002/aenm.202301110,"OPV-DB (Qiu, J., Zenodo, 2026, doi:10.5281/zenodo.20841543)"
PETVT-FT,L15,CCCCCCC(CCCC)COC(=O)c1ccsc1/C=C/c1sc(-c2scc(F)c2F)cc1C(=O)OCC(CCCC)CCCCCC,CCCCCCCCCCCc1c(/C=C2\C(=O)c3ccccc3C2=C(C#N)C#N)sc2c1sc1c3c4nsnc4c4c5sc6c(CCCCCCCCCCC)c(/C=C7\C(=O)c8cc(-c9cc%10c(=O)n(CC(CCCCCC)CCCCCCCC)c(=O)c%11ccsc%11c%10s9)ccc8C7=C(C#N)C#N)sc6c5n(CC(CCCCCCCC)CCCCCCCCCC)c4c3n(CC(CCCCCCCC)CCCCCCCCCC)c21,0.98,3.76,52.43,1.92,-5.7,-3.09,-5.75,-3.94,,,2023,10.1002/aenm.202301110,"OPV-DB (Qiu, J., Zenodo, 2026, doi:10.5281/zenodo.20841543)"
PTB7-Th,B1,CCCCC(CC)COC(=O)c1sc2csc(-c3cc4c(-c5ccc(CC(CC)CCCC)s5)c5sccc5c(-c5ccc(CC(CC)CCCC)s5)c4s3)c2c1F,CCCCCCc1cc(-c2cc3c(-c4ccc(SCC(CC)CCCC)cc4)c4sc(-c5cc(CCCCCC)c(-c6cc(CCCCCC)c(-c7ccc(/C=C8/SC(=S)N(CCCC)C8=O)s7)s6)s5)cc4c(-c4ccc(SCC(CC)CCCC)cc4)c3s2)sc1-c1cc(CCCCCC)c(-c2ccc(/C=C3/SC(=S)N(CCCC)C3=O)s2)s1,0.94,5.82,38.0,2.06,-5.21,-3.6,-5.37,-3.51,,,2023,10.1002/ajoc.202300377,"OPV-DB (Qiu, J., Zenodo, 2026, doi:10.5281/zenodo.20841543)"
D18-ChCl,PYF-T-o,CCCCCCC(CCCC)Cc1csc(-c2cc3c4nsnc4c4cc(-c5cc(CC(CC)CCCCCC)c(-c6cc7c(-c8cc(Cl)c(CCCCCCC9CCCCC9)s8)c8sccc8c(-c8cc(Cl)c(CCCCCCC9CCCCC9)s8)c7s6)s5)sc4c3s2)c1,CCCCCCCCCCCCC(CCCCCCCCCC)Cn1c2c3sc(/C=C4\C(=O)c5c(F)cccc5C4=C(C#N)C#N)c(CCCCCCCCCCC)c3sc2c2c3nsnc3c3c4sc5c(CCCCCCCCCCC)c(/C=C6\C(=O)c7c(ccc(-c8cccs8)c7F)C6=C(C#N)C#N)sc5c4n(CC(CCCCCCCCCC)CCCCCCCCCCCC)c3c21,0.905,25.72,73.4,17.1,-5.53,-2.83,-5.715,-3.805,,,2023,10.1002/adfm.202306791,"OPV-DB (Qiu, J., Zenodo, 2026, doi:10.5281/zenodo.20841543)"
P3HT,Flu-RH,CCCCCCc1ccsc1,CCN1C(=O)/C(=C/c2ccc(-c3ccc4c(c3)C(CC)(CC)c3cc(-c5ccc(/C=C6\SC(=S)N(CC)C6=O)s5)ccc3-4)s2)SC1=S,1.03,5.7,52.0,3.08,-5.01,-3.12,-5.58,-3.53,,,2023,10.1016/j.jphotochem.2023.115162,"OPV-DB (Qiu, J., Zenodo, 2026, doi:10.5281/zenodo.20841543)"
PM6,P3,CCCCC(CC)Cc1sc(-c2c3cc(-c4ccc(-c5sc(-c6cccs6)c6c5C(=O)c5c(CC(CC)CCCC)sc(CC(CC)CCCC)c5C6=O)s4)sc3c(-c3cc(F)c(CC(CC)CCCC)s3)c3ccsc23)cc1F,CCCCCCc1csc(-c2ccc(-c3cc(CCCCCC)c(/C=C/c4csc(-c5cc6c(OCC(CC)CCCC)c7sc(-c8ccc(C9=C%10C(=O)N(CC(CC)CCCC)C(c%11ccc(-c%12cc%13c(OCC(CC)CCCC)c%14sccc%14c(OCC(CC)CCCC)c%13s%12)s%11)=C%10C(=O)N9CC(CC)CCCC)s8)cc7c(OCC(CC)CCCC)c6s5)c4)s3)c3nsnc23)c1,0.98,4.49,38.56,1.7,-5.56,-3.65,-5.31,-3.6,,,2023,10.1002/chem.202300653,"OPV-DB (Qiu, J., Zenodo, 2026, doi:10.5281/zenodo.20841543)"
PC2,PY-IT,CCCCCCC1(CCCCCC)c2ccccc2-c2cc3c(cc21)c1cc2c(cc1n3CC)-c1ccc(-c3ccc(-c4c(OCCCC)c(OCCCC)c(-c5cccs5)c5nsnc45)s3)cc1C2(CCCCCC)CCCCCC,CCCCCCCCCCCc1c(/C=C2\C(=O)c3ccccc3C2=C(C#N)C#N)sc2c1sc1c3c4nsnc4c4c5sc6c(CCCCCCCCCCC)c(/C=C7\C(=O)c8cc(-c9cccs9)ccc8C7=C(C#N)C#N)sc6c5n(CC(CCCCCCCC)CCCCCCCCCC)c4c3n(CC(CCCCCCCC)CCCCCCCCCC)c21,0.94,23.42,72.3,15.92,-5.43,-3.56,-5.68,-3.94,,,2023,10.1002/smll.202303226,"OPV-DB (Qiu, J., Zenodo, 2026, doi:10.5281/zenodo.20841543)"
PR2,Y6,CCCCCCCCCCC(CCCCCCCC)Cc1csc(-c2cc(F)c(-c3cc(CC(CCCCCCCC)CCCCCCCCCC)c(-c4ccc(-c5ccc(-c6sc(-c7cc(F)c(-c8cc(CC(CCCCCCCC)CCCCCCCCCC)c(-c9cc%10sc%11ccsc%11c%10s9)s8)c8nsnc78)cc6CC(CCCCCCCC)CCCCCCCCCC)s5)s4)s3)c3nsnc23)c1,CCCCCCCCCCCc1c(/C=C2\C(=O)c3cc(F)c(F)cc3C2=C(C#N)C#N)sc2c1sc1c3c4nsnc4c4c5sc6c(CCCCCCCCCCC)c(/C=C7\C(=O)c8cc(F)c(F)cc8C7=C(C#N)C#N)sc6c5n(CC(CC)CCCC)c4c3n(CC(CC)CCCC)c21,0.841,25.49,73.9,15.84,-5.25,-3.685,-5.65,-4.09,,,2023,10.1002/smll.202303226,"OPV-DB (Qiu, J., Zenodo, 2026, doi:10.5281/zenodo.20841543)"
PBDB-T-2Cl,Y6-BO,CCCCC(CC)Cc1sc(-c2c3cc(-c4ccc(-c5sc(-c6cccs6)c6c5C(=O)c5c(CC(CC)CCCC)sc(CC(CC)CCCC)c5C6=O)s4)sc3c(-c3cc(Cl)c(CC(CC)CCCC)s3)c3ccsc23)cc1Cl,CCCCCCCCCCCc1c(/C=C2\C(=O)c3cc(F)c(F)cc3C2=C(C#N)C#N)sc2c1sc1c3c4nsnc4c4c5sc6c(CCCCCCCCCCC)c(/C=C7\C(=O)c8cc(F)c(F)cc8C7=C(C#N)C#N)sc6c5n(CC(CCCC)CCCCCC)c4c3n(CC(CCCC)CCCCCC)c21,0.85,24.48,74.55,15.98,-5.52,-3.6,-5.65,-4.1,,,2023,10.1002/adom.202302202,"OPV-DB (Qiu, J., Zenodo, 2026, doi:10.5281/zenodo.20841543)"
SM1,PC61BM,CCCCCCCCc1cc(/C=C(/C#N)C(=O)OCC(CC)CCCC)sc1-c1ccc(-c2sc(-c3cc4c(-c5ccc(CC(CC)CCCC)s5)c5sc(-c6cc(CCCCCCCC)c(-c7ccc(-c8sc(/C=C(\C#N)C(=O)OCC(CC)CCCC)cc8CCCCCCCC)s7)s6)cc5c(-c5ccc(CC(CC)CCCC)s5)c4s3)cc2CCCCCCCC)s1,COC(=O)CCCC1(c2ccccc2)C23c4c5c6c7c8c9c(c%10c%11c2c2c%12c4c4c%13c5c5c7c7c8c8c%14c9c%10c9c%10c%11c2c2c%11c%12c4c4c%12c%13c5c5c7c7c8c8c%14c9c9c%10c2c2c%11c4c4c%12c5c7c5c8c9c2c45)C613,0.75,7.06,48.0,2.53,-5.25,-2.8,-6.1,-3.7,,,2023,10.1016/j.orgel.2023.106913,"OPV-DB (Qiu, J., Zenodo, 2026, doi:10.5281/zenodo.20841543)"
PM6,PQx2,CCCCC(CC)Cc1sc(-c2c3cc(-c4ccc(-c5sc(-c6cccs6)c6c5C(=O)c5c(CC(CC)CCCC)sc(CC(CC)CCCC)c5C6=O)s4)sc3c(-c3cc(F)c(CC(CC)CCCC)s3)c3ccsc23)cc1F,CCCCCCCCCCCCC(CCCCCCCCCC)Cn1c2c3sc(/C=C4\C(=O)c5ccccc5C4=C(C#N)C#N)c(CCCCCCCCCCC)c3sc2c2c3nc4c5ccccc5c5ccccc5c4nc3c3c4sc5c(CCCCCCCCCCC)c(C/C=C6/C(=O)c7cc(-c8cccs8)ccc7C6=C(C#N)C#N)sc5c4n(CC(CCCCCCCCCC)CCCCCCCCCCCC)c3c21,0.899,5.63,51.61,2.61,-5.56,-3.65,-5.55,-3.72,,,2023,10.1002/adma.202307398,"OPV-DB (Qiu, J., Zenodo, 2026, doi:10.5281/zenodo.20841543)"
SM3,PC61BM,CCCCCCCCOc1cc(-c2ccc(-c3ccc4c5c(cccc35)C(=O)N(CCCCCCCC)C4=O)s2)c(F)cc1-c1ccc(-c2ccc3c4c(cccc24)C(=O)N(CCCCCCCC)C3=O)s1,COC(=O)CCCC1(c2ccccc2)C23c4c5c6c7c8c9c(c%10c%11c2c2c%12c4c4c%13c5c5c7c7c8c8c%14c9c%10c9c%10c%11c2c2c%11c%12c4c4c%12c%13c5c5c7c7c8c8c%14c9c9c%10c2c2c%11c4c4c%12c5c7c5c8c9c2c45)C613,0.79,7.19,44.0,2.49,-5.95,-3.68,-6.1,-3.7,,,2023,10.1016/j.orgel.2023.106913,"OPV-DB (Qiu, J., Zenodo, 2026, doi:10.5281/zenodo.20841543)"
PBDB-T,BTOIC,CCCCC(CC)Cc1ccc(-c2c3cc(-c4ccc(-c5sc(-c6cccs6)c6c5C(=O)c5c(CC(CC)CCCC)sc(CC(CC)CCCC)c5C6=O)s4)sc3c(-c3ccc(CC(CC)CCCC)s3)c3ccsc23)s1,CCOc1c2c(c(OCC)c3c1C(c1ccc(CC)cc1)(c1ccc(CC)cc1)c1c-3sc3cc(/C=C4\C(=O)c5c(csc5C)C4=C(C#N)C#N)sc13)C(c1ccc(CC)cc1)(c1ccc(CC)cc1)c1c-2sc2cc(/C=C3\C(=O)c4c(csc4C)C3=C(C#N)C#N)sc12,0.862,18.6,68.4,10.96,-5.33,-3.48,-5.42,-3.94,,,2023,10.1021/accountsmr.3c00160,"OPV-DB (Qiu, J., Zenodo, 2026, doi:10.5281/zenodo.20841543)"
PTC,IT-4F,CCCCC(CC)Cc1sc(-c2c3cc(-c4cc(C(=O)CC5CCCCC5)cs4)sc3c(-c3cc(F)c(CC(CC)CCCC)s3)c3ccsc23)cc1F,CCCCCCc1ccc(C2(c3ccc(CCCCCC)cc3)c3cc4c(cc3-c3sc5cc(/C=C6\C(=O)c7cc(F)c(F)cc7C6=C(C#N)C#N)sc5c32)C(c2ccc(CCCCCC)cc2)(c2ccc(CCCCCC)cc2)c2c-4sc3cc(/C=C4\C(=O)c5cc(F)c(F)cc5C4=C(C#N)C#N)sc23)cc1,0.95,18.39,61.03,10.66,-5.65,-3.7,-5.66,-4.14,,,2023,10.1039/d3py00229b,"OPV-DB (Qiu, J., Zenodo, 2026, doi:10.5281/zenodo.20841543)"
PBDBT,IT-IC,CCCCC(CC)Cc1sc(-c2c3cc(-c4cccc5nsnc45)sc3c(-c3cc(Cl)c(CC(CC)CCCC)s3)c3ccsc23)cc1Cl,CCCCCCc1ccc(C2(c3ccc(CCCCCC)cc3)c3cc4c(cc3-c3sc5cc(C=C6C(=O)c7ccccc7C6=C(C#N)C#N)sc5c32)C(c2ccc(CCCCCC)cc2)(c2ccc(CCCCCC)cc2)c2c-4sc3cc(C=C4C(=O)c5ccccc5C4=C(C#N)C#N)sc23)cc1,0.91,16.43,73.0,10.85,-5.33,-3.48,-5.576,-3.916,,,2023,10.1021/acsami.3c15126,"OPV-DB (Qiu, J., Zenodo, 2026, doi:10.5281/zenodo.20841543)"
PBDB-T,F-F,CCCCC(CC)Cc1ccc(-c2c3cc(-c4ccc(-c5sc(-c6cccs6)c6c5C(=O)c5c(CC(CC)CCCC)sc(CC(CC)CCCC)c5C6=O)s4)sc3c(-c3ccc(CC(CC)CCCC)s3)c3ccsc23)s1,CCCCCCCCC1(CCCCCCCC)c2cc3c(cc2-c2cc4c(cc21)-c1sc(C=C2C(=O)c5cc(F)ccc5C2=C(C#N)C#N)cc1C4(CCCCCCCC)CCCCCCCC)C(CCCCCCCC)(CCCCCCCC)c1cc(C=C2C(=O)c4cc(F)ccc4C2=C(C#N)C#N)sc1-3,0.88,17.36,71.0,10.85,-5.33,-3.48,-5.72,-4.13,,,2023,10.1016/j.jphotochem.2023.115162,"OPV-DB (Qiu, J., Zenodo, 2026, doi:10.5281/zenodo.20841543)"
PCE10,IEICO-4F,CCCCC(CC)COC(=O)c1sc2c(-c3cc4c(-c5ccc(CC(CC)CCCC)s5)c5sccc5c(-c5ccc(CC(CC)CCCC)s5)c4s3)scc2c1F,CCCCCCc1ccc(C2(c3ccc(CCCCCC)cc3)c3cc4c(cc3-c3sc(-c5sc(/C=C6\C(=O)c7cc(F)c(F)cc7C6=C(C#N)C#N)cc5OCC(CC)CCCC)cc32)C(c2ccc(CCCCCC)cc2)(c2ccc(CCCCCC)cc2)c2cc(-c3scc(/C=C5/C(=O)c6cc(F)c(F)cc6C5=C(C#N)C#N)c3OCC(CC)CCCC)sc2-4)cc1,0.71,24.96,63.0,11.15,-5.21,-3.6,-5.44,-4.19,,,2023,10.1016/j.nanoen.2023.108472,"OPV-DB (Qiu, J., Zenodo, 2026, doi:10.5281/zenodo.20841543)"
PM6,ITC-2Br1,CCCCC(CC)Cc1sc(-c2c3cc(-c4ccc(-c5sc(-c6cccs6)c6c5C(=O)c5c(CC(CC)CCCC)sc(CC(CC)CCCC)c5C6=O)s4)sc3c(-c3cc(F)c(CC(CC)CCCC)s3)c3ccsc23)cc1F,CCCCCCc1ccc(C2(c3ccc(CCCCCC)cc3)c3cc4c(cc3-c3sc5cc(/C=C6\C(=O)c7c(Br)csc7C6=C(C#N)C#N)sc5c32)C(c2ccc(CCCCCC)cc2)(c2ccc(CCCCCC)cc2)c2c-4sc3cc(/C=C4\C(=O)c5c(Br)csc5C4=C(C#N)C#N)sc23)cc1,1.01,16.6,70.6,11.9,-5.56,-3.65,-5.7,-3.95,,,2023,10.1021/accountsmr.3c00160,"OPV-DB (Qiu, J., Zenodo, 2026, doi:10.5281/zenodo.20841543)"
PBDB-T,PTY6,CCCCC(CC)Cc1ccc(-c2c3cc(-c4ccc(-c5sc(-c6cccs6)c6c5C(=O)c5c(CC(CC)CCCC)sc(CC(CC)CCCC)c5C6=O)s4)sc3c(-c3ccc(CC(CC)CCCC)s3)c3ccsc23)s1,CCCCCCCCCCCCC(CCCCCCCCCC)Cn1c2c3sc(/C=C4\C(=O)c5ccccc5C4=C(C#N)C#N)c(CCCCCCCCCCC)c3sc2c2c3nsnc3c3c4sc5c(CCCCCCCCCCC)c(/C=C6\C(=O)c7cc(-c8ccc(-c9ccc(-c%10sc(-c%11ccc(-c%12cc%13c(-c%14ccc(CC(CC)CCCC)s%14)c%14sccc%14c(-c%14ccc(CC(CC)CCCC)s%14)c%13s%12)s%11)c%11c%10C(=O)c%10c(CC(CC)CCCC)sc(CC(CC)CCCC)c%10C%11=O)s9)s8)ccc7C6=C(C#N)C#N)sc5c4n(CC(CCCCCCCCCC)CCCCCCCCCCCC)c3c21,0.873,20.47,67.0,12.04,-5.33,-3.48,-5.64,-3.81,,,2023,10.1002/adfm.202311798,"OPV-DB (Qiu, J., Zenodo, 2026, doi:10.5281/zenodo.20841543)"
D18-Cl,PYF-T-o,CCCCCCC(CCCC)Cc1csc(-c2cc3c4nsnc4c4cc(-c5cc(CC(CCCC)CCCCCC)c(-c6cc7c(-c8cc(Cl)c(CC(CC)CCCC)s8)c8sccc8c(-c8cc(Cl)c(CC(CC)CCCC)s8)c7s6)s5)sc4c3s2)c1,CCCCCCCCCCCCC(CCCCCCCCCC)Cn1c2c3sc(/C=C4\C(=O)c5c(F)cccc5C4=C(C#N)C#N)c(CCCCCCCCCCC)c3sc2c2c3nsnc3c3c4sc5c(CCCCCCCCCCC)c(/C=C6\C(=O)c7c(ccc(-c8cccs8)c7F)C6=C(C#N)C#N)sc5c4n(CC(CCCCCCCCCC)CCCCCCCCCCCC)c3c21,0.906,22.97,59.5,12.3,-5.48,-2.75,-5.715,-3.805,,,2023,10.1002/adfm.202306791,"OPV-DB (Qiu, J., Zenodo, 2026, doi:10.5281/zenodo.20841543)"
PDNB-2F,Y6,CCCCCCCCCCCCC(CCCCCCCCCC)CN1C(=O)c2ccc3c4c(ccc(c24)C1=O)-c1nc2c(-c4cc(CC(CC)CCCC)c(-c5cc6c(-c7cc(F)c(CC(CC)CCCC)s7)c7sccc7c(-c7cc(F)c(CC(CC)CCCC)s7)c6s5)s4)c(F)c(F)c(-c4cc(CC(CC)CCCC)cs4)c2nc1-3,CCCCCCCCCCCc1c(/C=C2\C(=O)c3cc(F)c(F)cc3C2=C(C#N)C#N)sc2c1sc1c3c4nsnc4c4c5sc6c(CCCCCCCCCCC)c(/C=C7\C(=O)c8cc(F)c(F)cc8C7=C(C#N)C#N)sc6c5n(CC(CC)CCCC)c4c3n(CC(CC)CCCC)c21,0.87,22.45,62.37,12.18,-5.6,-3.95,-5.65,-4.09,,,2023,10.1039/d3ra05647c,"OPV-DB (Qiu, J., Zenodo, 2026, doi:10.5281/zenodo.20841543)"
PTQ-10,IDTPC,CCOc1cnc2c(-c3ccc(-c4c(F)c(F)c(-c5ccc(-c6c(F)c(F)c(-c7cccs7)c7ncc(OCC)nc67)s5)c5ncc(OCC)nc45)s3)c(F)c(F)cc2n1,CCCCCCC1(CCCCCC)c2cc3c(cc2-c2sc(/C=C4\C(=O)c5cscc5C4=C(C#N)C#N)cc21)C(CCCCCC)(CCCCCC)c1cc(/C=C2\C(=O)c4cscc4C2=C(C#N)C#N)sc1-3,0.93,17.5,74.6,12.2,-5.54,-2.92,-5.755,-3.96,,,2023,10.1021/accountsmr.3c00160,"OPV-DB (Qiu, J., Zenodo, 2026, doi:10.5281/zenodo.20841543)"
PBTz-Cl,Y6-BO,CCCCCCCCC(CCCCCC)Cc1nc2c(-c3ccc(-c4cc5c(-c6cc(Cl)c(CC(CC)CCCC)s6)c6sccc6c(-c6cc(Cl)c(CC(CC)CCCC)s6)c5s4)s3)c(F)c(F)c(-c3cccs3)c2s1,CCCCCCCCCCCc1c(/C=C2\C(=O)c3cc(F)c(F)cc3C2=C(C#N)C#N)sc2c1sc1c3c4nsnc4c4c5sc6c(CCCCCCCCCCC)c(/C=C7\C(=O)c8cc(F)c(F)cc8C7=C(C#N)C#N)sc6c5n(CC(CCCC)CCCCCC)c4c3n(CC(CCCC)CCCCCC)c21,0.9,22.78,60.57,12.36,-5.47,-3.39,-5.65,-4.1,,,2023,10.1016/j.orgel.2023.106860,"OPV-DB (Qiu, J., Zenodo, 2026, doi:10.5281/zenodo.20841543)"
PBB2-H,PY-IT,CCCCCCCCC(CCCCCC)Cc1ccc(-c2c3nc(-c4ccc(-c5cc6c(-c7ccc(CC(CC)CCCC)s7)c7sccc7c(-c7ccc(CC(CC)CCCC)s7)c6s5)s4)sc3c(-c3ccc(CC(CCCCCC)CCCCCCCC)s3)c3nc(-c4cccs4)sc23)s1,CCCCCCCCCCCc1c(/C=C2\C(=O)c3ccccc3C2=C(C#N)C#N)sc2c1sc1c3c4nsnc4c4c5sc6c(CCCCCCCCCCC)c(/C=C7\C(=O)c8cc(-c9cccs9)ccc8C7=C(C#N)C#N)sc6c5n(CC(CCCCCCCC)CCCCCCCCCC)c4c3n(CC(CCCCCCCC)CCCCCCCCCC)c21,0.937,19.89,72.71,13.55,-5.45,-3.47,-5.68,-3.94,,,2023,10.1039/d3ee00186e,"OPV-DB (Qiu, J., Zenodo, 2026, doi:10.5281/zenodo.20841543)"
PBDB-T,BTP-BO-4Cl,CCCCC(CC)Cc1ccc(-c2c3cc(-c4ccc(-c5sc(-c6cccs6)c6c5C(=O)c5c(CC(CC)CCCC)sc(CC(CC)CCCC)c5C6=O)s4)sc3c(-c3ccc(CC(CC)CCCC)s3)c3ccsc23)s1,CCCCCCCCCCCc1c(/C=C2\C(=O)c3cc(Cl)c(Cl)cc3C2=C(C#N)C#N)sc2c1Cc1c-2n(CC(CCCC)CCCCCC)c2c1c1nsnc1c1c3c(n(CC(CCCC)CCCCCC)c12)-c1sc(/C=C2\C(=O)c4cc(Cl)c(Cl)cc4C2=C(C#N)C#N)c(CCCCCCCCCCC)c1C3,0.748,25.23,68.15,12.86,-5.33,-3.48,-5.62,-4.05,,,2023,10.1002/adma.202313105,"OPV-DB (Qiu, J., Zenodo, 2026, doi:10.5281/zenodo.20841543)"
PDNB,Y6,CCCCCCCCCCCCC(CCCCCCCCCC)CN1C(=O)c2ccc3c4c(ccc(c24)C1=O)-c1nc2c(-c4cc(CC(CC)CCCC)c(-c5cc6c(-c7ccc(CC(CC)CCCC)s7)c7sccc7c(-c7ccc(CC(CC)CCCC)s7)c6s5)s4)c(F)c(F)c(-c4cc(CC(CC)CCCC)cs4)c2nc1-3,CCCCCCCCCCCc1c(/C=C2\C(=O)c3cc(F)c(F)cc3C2=C(C#N)C#N)sc2c1sc1c3c4nsnc4c4c5sc6c(CCCCCCCCCCC)c(/C=C7\C(=O)c8cc(F)c(F)cc8C7=C(C#N)C#N)sc6c5n(CC(CC)CCCC)c4c3n(CC(CC)CCCC)c21,0.795,16.97,65.47,8.83,-5.49,-3.91,-5.65,-4.09,,,2023,10.1039/d3ra05647c,"OPV-DB (Qiu, J., Zenodo, 2026, doi:10.5281/zenodo.20841543)"
J52,ITIC,CCCCCCCCC(CCCCCC)Cn1nc2c(-c3cccs3)c(F)c(F)c(-c3ccc(-c4cc5c(-c6ccc(CC(CC)CCCC)s6)c6sccc6c(-c6ccc(CC(CC)CCCC)s6)c5s4)s3)c2n1,CCCCCCc1ccc(C2(c3ccc(CCCCCC)cc3)c3cc4c(cc3-c3sc5cc(C=C6C(=O)c7ccccc7C6=C(C#N)C#N)sc5c32)C(c2ccc(CCCCCC)cc2)(c2ccc(CCCCCC)cc2)c2c-4sc3cc(C=C4C(=O)c5ccccc5C4=C(C#N)C#N)sc23)cc1,0.8,18.3,59.0,8.7,-5.2,-3.05,-5.576,-3.916,,,2023,10.1002/solr.202300471,"OPV-DB (Qiu, J., Zenodo, 2026, doi:10.5281/zenodo.20841543)"
PBDT-TT,Y6-BO,CCCCC(CC)COC(=O)c1c(-c2cccs2)sc2c(C(=O)OCC(CC)CCCC)c(-c3ccc(-c4cc5c(-c6ccc(CC(CC)CCCC)s6)c6sccc6c(-c6ccc(CC(CC)CCCC)s6)c5s4)s3)sc12,CCCCCCCCCCCc1c(/C=C2\C(=O)c3cc(F)c(F)cc3C2=C(C#N)C#N)sc2c1sc1c3c4nsnc4c4c5sc6c(CCCCCCCCCCC)c(/C=C7\C(=O)c8cc(F)c(F)cc8C7=C(C#N)C#N)sc6c5n(CC(CCCC)CCCCCC)c4c3n(CC(CCCC)CCCCCC)c21,0.795,17.8,62.0,8.77,-5.23,-3.34,-5.65,-4.1,,,2023,10.1021/acsami.3c00815,"OPV-DB (Qiu, J., Zenodo, 2026, doi:10.5281/zenodo.20841543)"
SM2,PC61BM,CCCCCCCCCCCCN1C(=O)c2cccc3c(-c4ccc(-c5ccc(-c6ccc(-c7ccc8c9c(cccc79)C(=O)N(CCCCCCCCCCCC)C8=O)s6)c(F)c5)s4)ccc(c23)C1=O,COC(=O)CCCC1(c2ccccc2)C23c4c5c6c7c8c9c(c%10c%11c2c2c%12c4c4c%13c5c5c7c7c8c8c%14c9c%10c9c%10c%11c2c2c%11c%12c4c4c%12c%13c5c5c7c7c8c8c%14c9c9c%10c2c2c%11c4c4c%12c5c7c5c8c9c2c45)C613,0.87,10.77,46.0,4.33,-5.98,-3.62,-6.1,-3.7,,,2023,10.1016/j.orgel.2023.106913,"OPV-DB (Qiu, J., Zenodo, 2026, doi:10.5281/zenodo.20841543)"
PDBT-Cl,Y6,CCc1sc(-c2c3sc4cc(-c5ccc(-c6sc(-c7ccc(-c8cc9sc%10c(-c%11cc(Cl)c(CC)s%11)c%11c(sc%12cc(-c%13ccc(-c%14sc(-c%15ccc(-c%16cc%17sc%18c(-c%19cc(Cl)c(CC)s%19)c%19c(sc%20cc(-c%21ccc(-c%22sc(-c%23cccs%23)c%23c%22C(=O)c%22c(CC)sc(CC)c%22C%23=O)s%21)sc%20%19)c(-c%19cc(Cl)c(CC)s%19)c%18c%17s%16)s%15)c%15c%14C(=O)c%14c(CC)sc(CC)c%14C%15=O)s%13)sc%12%11)c(-c%11cc(Cl)c(CC)s%11)c%10c9s8)s7)c7c6C(=O)c6c(CC)sc(CC)c6C7=O)s5)sc4c3c(-c3cc(Cl)c(CC)s3)c3sc4ccsc4c23)cc1Cl,CCCCCCCCCCCc1c(/C=C2\C(=O)c3cc(F)c(F)cc3C2=C(C#N)C#N)sc2c1sc1c3c4nsnc4c4c5sc6c(CCCCCCCCCCC)c(/C=C7\C(=O)c8cc(F)c(F)cc8C7=C(C#N)C#N)sc6c5n(CC(CC)CCCC)c4c3n(CC(CC)CCCC)c21,0.765,25.86,64.1,12.83,-5.41,-3.56,-5.65,-4.09,,,2023,10.1039/d3tc04798a,"OPV-DB (Qiu, J., Zenodo, 2026, doi:10.5281/zenodo.20841543)"
P3,L8-BO,CCCCCCc1csc(-c2ccc(-c3cc(CCCCCC)c(/C=C/c4csc(-c5cc6c(OCC(CC)CCCC)c7sc(-c8ccc(C9=C%10C(=O)N(CC(CC)CCCC)C(c%11ccc(-c%12cc%13c(OCC(CC)CCCC)c%14sccc%14c(OCC(CC)CCCC)c%13s%12)s%11)=C%10C(=O)N9CC(CC)CCCC)s8)cc7c(OCC(CC)CCCC)c6s5)c4)s3)c3nsnc23)c1,CCCCCCC(CCCC)Cc1c(/C=C2\C(=O)c3cc(F)c(F)cc3C2=C(C#N)C#N)sc2c1sc1c3c4nsnc4c4c5sc6c(CC(CCCC)CCCCCC)c(/C=C7\C(=O)c8cc(F)c(F)cc8C7=C(C#N)C#N)sc6c5n(CC(CC)CCCC)c4c3n(CC(CC)CCCC)c21,0.742,22.8,74.3,12.56,-5.31,-3.6,-5.68,-3.9,,,2023,10.1039/d3py00540b,"OPV-DB (Qiu, J., Zenodo, 2026, doi:10.5281/zenodo.20841543)"
PMDPP3T,PC70BM,CCCCCCCCC(CCCCCC)CN1C(=O)C2=C(c3cc(C)c(-c4cccs4)s3)N(CC(CCCCCC)CCCCCCCC)C(=O)C2=C1c1cc(C)cs1,CCCCC(=O)OCC1(C2=CC=CC=C2)C3=CC=CC4=CC=CC5=CC=CC6=CC=C7C=CC=CC8=CC=CC1=C8C7=C6C5=C4C3,0.9,21.3,66.0,12.65,-5.2,-3.6,-6.1,-3.9,,,2023,10.1039/d3ra03637e,"OPV-DB (Qiu, J., Zenodo, 2026, doi:10.5281/zenodo.20841543)"
J52-Cl,Y18,CCCCCCCCC(CCCCCC)Cn1nc2c(-c3cccs3)c(F)c(F)c(-c3ccc(-c4cc5c(-c6cc(Cl)c(CC(CC)CCCC)s6)c6sccc6c(-c6cc(Cl)c(CC(CC)CCCC)s6)c5s4)s3)c2n1,CCc1c(/C=C2\C(=O)c3cc(F)c(F)cc3C2=C(C#N)C#N)sc2c1sc1c3c4nn(CC)nc4c4c5sc6c(CC)c(/C=C7\C(=O)c8cc(F)c(F)cc8C7=C(C#N)C#N)sc6c5n(CC)c4c3n(CC)c21,0.8,23.73,71.86,13.64,-5.39,-3.45,-5.58,-3.98,,,2023,10.1002/aenm.202302429,"OPV-DB (Qiu, J., Zenodo, 2026, doi:10.5281/zenodo.20841543)"
J71,MeIC,CCCCCCCCC(CCCCCC)Cn1nc2c(-c3cccs3)c(F)c(F)c(-c3ccc(-c4cc5c(-c6ccc([Si](CCC)(CCC)CCC)s6)c6sccc6c(-c6ccc([Si](CCC)(CCC)CCC)s6)c5s4)s3)c2n1,CCCCCCc1ccc(C2(c3ccc(CCCCCC)cc3)c3cc4c(cc3-c3sc5cc(/C=C6\C(=O)c7c(csc7C)C6=C(C#N)C#N)sc5c32)C(c2ccc(CCCCCC)cc2)(c2ccc(CCCCCC)cc2)c2c-4sc3cc(/C=C4\C(=O)c5c(csc5C)C4=C(C#N)C#N)sc23)cc1,0.918,18.41,74.2,12.54,-5.4,-3.24,-5.57,-3.93,,,2023,10.1021/accountsmr.3c00160,"OPV-DB (Qiu, J., Zenodo, 2026, doi:10.5281/zenodo.20841543)"
PCDTBT,PCBM,CCCCCCCCC(CCCCCCCC)n1c2ccccc2c2ccc(-c3ccc(-c4ccc(-c5cccs5)c5nsnc45)s3)cc21,COC(=O)CCCC1(c2ccccc2)C23c4c5c6c7c8c9c(c%10c%11c2c2c%12c4c4c%13c5c5c7c7c8c8c%14c9c%10c9c%10c%11c2c2c%11c%12c4c4c%12c%13c5c5c7c7c8c8c%14c9c9c%10c2c2c%11c4c4c%12c5c7c5c8c9c2c45)C613,0.739,12.41,70.01,6.42,-5.5,-3.6,-6.1,-3.7,,,2023,10.1039/d3nr05143a,"OPV-DB (Qiu, J., Zenodo, 2026, doi:10.5281/zenodo.20841543)"
P3HT,BTA5,CCCCCCc1ccsc1,CCCCCCCCn1nc2c(/C=c3/sc(=C(C#N)C#N)n(Cc4ccccc4)c3=O)ccc(-c3cc4c(s3)-c3cc5c(cc3C4(c3ccc(CCCCCC)cc3)c3ccc(CCCCCC)cc3)-c3sc(-c4ccc(/C=c6/sc(=C(C#N)C#N)n(Cc7ccccc7)c6=O)c6nn(CCCCCCCC)nc46)cc3C5(c3ccc(CCCCCC)cc3)c3ccc(CCCCCC)cc3)c2n1,0.91,10.15,65.0,6.01,-5.01,-3.12,-5.55,-3.71,,,2023,10.1002/aenm.202303976,"OPV-DB (Qiu, J., Zenodo, 2026, doi:10.5281/zenodo.20841543)"
PTB7,ITIC,CCCCC(CC)COC(=O)c1sc2c(-c3cc4c(OCC(CC)CCCC)c5sccc5c(OCC(CC)CCCC)c4s3)scc2c1F,CCCCCCc1ccc(C2(c3ccc(CCCCCC)cc3)c3cc4c(cc3-c3sc5cc(C=C6C(=O)c7ccccc7C6=C(C#N)C#N)sc5c32)C(c2ccc(CCCCCC)cc2)(c2ccc(CCCCCC)cc2)c2c-4sc3cc(C=C4C(=O)c5ccccc5C4=C(C#N)C#N)sc23)cc1,0.81,13.87,51.0,5.72,-5.19,-3.43,-5.576,-3.916,,,2023,10.1016/j.synthmet.2023.117347,"OPV-DB (Qiu, J., Zenodo, 2026, doi:10.5281/zenodo.20841543)"
P6TIF,IT4F,CCCCCCCCCCCCc1csc(-c2sc(-c3ccc4c(c3)/C(=C3\C(=O)N(CC(CCCCCCCCCC)CCCCCCCCCCCC)c5cc(-c6cc(CCCCCCCCCCCC)c(-c7cc(CCCCCCCCCCCC)c(-c8cc(F)c(-c9sccc9F)s8)s7)s6)ccc53)C(=O)N4CC(CCCCCCCCCC)CCCCCCCCCCCC)cc2CCCCCCCCCCCC)c1,CCCCCCc1ccc(C2(c3ccc(CCCCCC)cc3)c3cc4c(cc3-c3sc5cc(/C=C6\C(=O)c7cc(F)c(F)cc7C6=C(C#N)C#N)sc5c32)C(c2ccc(CCCCCC)cc2)(c2ccc(CCCCCC)cc2)c2c-4sc3cc(/C=C4\C(=O)c5cc(F)c(F)cc5C4=C(C#N)C#N)sc23)cc1,0.68,20.28,74.81,10.32,-5.26,-3.83,-5.66,-4.14,,,2023,10.1016/j.cej.2023.143796,"OPV-DB (Qiu, J., Zenodo, 2026, doi:10.5281/zenodo.20841543)"
PTzBI,ITIC,CCCCCCCCN1C(=O)c2c(c(-c3ccc(-c4cc5c(-c6ccc(CC(CC)CCCC)s6)c6sccc6c(-c6ccc(CC(CC)CCCC)s6)c5s4)s3)c3nn(CCCCCCCC)nc3c2-c2cccs2)C1=O,CCCCCCc1ccc(C2(c3ccc(CCCCCC)cc3)c3cc4c(cc3-c3sc5cc(C=C6C(=O)c7ccccc7C6=C(C#N)C#N)sc5c32)C(c2ccc(CCCCCC)cc2)(c2ccc(CCCCCC)cc2)c2c-4sc3cc(C=C4C(=O)c5ccccc5C4=C(C#N)C#N)sc23)cc1,0.98,15.92,66.16,10.35,-5.34,-3.46,-5.576,-3.916,,,2023,10.1002/aenm.202301965,"OPV-DB (Qiu, J., Zenodo, 2026, doi:10.5281/zenodo.20841543)"
P1,L8-BO,CCCCCCCCc1cc(-c2c(-c3cccs3)sc3c(-c4cc(CCCCCCCC)c(CCCCCCCC)s4)c(-c4ccc(-c5cccc6nsnc56)s4)sc23)sc1CCCCCCCC,CCCCCCC(CCCC)Cc1c(/C=C2\C(=O)c3cc(F)c(F)cc3C2=C(C#N)C#N)sc2c1sc1c3c4nsnc4c4c5sc6c(CC(CCCC)CCCCCC)c(/C=C7\C(=O)c8cc(F)c(F)cc8C7=C(C#N)C#N)sc6c5n(CC(CC)CCCC)c4c3n(CC(CC)CCCC)c21,0.766,18.12,73.72,10.37,-5.34,-3.53,-5.68,-3.9,,,2023,10.1039/d3py00540b,"OPV-DB (Qiu, J., Zenodo, 2026, doi:10.5281/zenodo.20841543)"
PTB7-Th,6-IF4F,CCCCC(CC)COC(=O)c1sc2csc(-c3cc4c(-c5ccc(CC(CC)CCCC)s5)c5sccc5c(-c5ccc(CC(CC)CCCC)s5)c4s3)c2c1F,CCCCCCCCC1(CCCCCCCC)c2cc3c(cc2-c2sc(-c4sc(/C=C5\C(=O)c6cc(F)c(F)cc6C5=C(C#N)C#N)c5sc(C(=O)OCC(CC)CCCCCC)c(F)c45)cc21)C(CCCCCCCC)(CCCCCCCC)c1cc(-c2sc(/C=C4\C(=O)c5cc(F)c(F)cc5C4=C(C#N)C#N)c4sc(C(=O)OCC(CC)CCCCCC)c(F)c24)sc1-3,0.59,25.21,67.9,10.46,-5.21,-3.6,-5.42,-4.14,,,2023,10.1016/j.dyepig.2023.111768,"OPV-DB (Qiu, J., Zenodo, 2026, doi:10.5281/zenodo.20841543)"
PDBQx-TCl,BTA3-4F,CCCCCCC(CCCC)Cc1csc(-c2cc3c4nccnc4c4cc(-c5cc(CC(CCCC)CCCCCC)c(-c6cc7sc8c(-c9cc(Cl)c(CC(CC)CCCC)s9)c9c(sc%10ccsc%109)c(-c9cc(Cl)c(CC(CC)CCCC)s9)c8c7s6)s5)sc4c3s2)c1,CCCCCCCCn1nc2c(/C=c3\sc(=C(C#N)C#N)n(CC)c3=O)ccc(-c3cc4c(s3)-c3cc5c(cc3C4(c3ccc(CCCCCC)cc3)c3ccc(CCCCCC)cc3)-c3sc(-c4ccc(/C=c6\sc(=C(C#N)C#N)n(CC)c6=O)c6nn(CCCCCCCC)nc46)cc3C5(c3ccc(CCCCCC)cc3)c3ccc(CCCCCC)cc3)c2n1,1.05,13.9,72.0,10.5,-5.23,-2.67,-5.62,-3.67,,,2023,10.1039/d3ee02700g,"OPV-DB (Qiu, J., Zenodo, 2026, doi:10.5281/zenodo.20841543)"
PPDT2FBT,Y6,CCCCCCCCC(CCCCCC)COc1ccc(OCC(CCCCCC)CCCCCCCC)c(-c2ccc(-c3c(F)c(F)c(-c4cccs4)c4nsnc34)s2)c1,CCCCCCCCCCCc1c(/C=C2\C(=O)c3cc(F)c(F)cc3C2=C(C#N)C#N)sc2c1sc1c3c4nsnc4c4c5sc6c(CCCCCCCCCCC)c(/C=C7\C(=O)c8cc(F)c(F)cc8C7=C(C#N)C#N)sc6c5n(CC(CC)CCCC)c4c3n(CC(CC)CCCC)c21,0.6857,26.34,57.63,10.41,-5.43,-3.67,-5.65,-4.09,,,2023,10.1039/d3ya00125c,"OPV-DB (Qiu, J., Zenodo, 2026, doi:10.5281/zenodo.20841543)"
PBQx-TF,ITIC,CCCCCCC(CCCC)Cc1csc(-c2cc3c(s2)-c2sc(-c4cc(CC(CCCC)CCCCCC)c(-c5cc6c(-c7cc(F)c(CC(CC)CCCC)s7)c7sccc7c(-c7cc(F)c(CC(CC)CCCC)s7)c6s5)s4)cc2[C@H]2N=CC=N[C@H]32)c1,CCCCCCc1ccc(C2(c3ccc(CCCCCC)cc3)c3cc4c(cc3-c3sc5cc(C=C6C(=O)c7ccccc7C6=C(C#N)C#N)sc5c32)C(c2ccc(CCCCCC)cc2)(c2ccc(CCCCCC)cc2)c2c-4sc3cc(C=C4C(=O)c5ccccc5C4=C(C#N)C#N)sc23)cc1,0.99,16.4,65.9,10.7,-5.41,-2.82,-5.576,-3.916,,,2023,10.1002/adma.202310390,"OPV-DB (Qiu, J., Zenodo, 2026, doi:10.5281/zenodo.20841543)"
PR2,PY-IT,CCCCCCCCCCC(CCCCCCCC)Cc1csc(-c2cc(F)c(-c3cc(CC(CCCCCCCC)CCCCCCCCCC)c(-c4ccc(-c5ccc(-c6sc(-c7cc(F)c(-c8cc(CC(CCCCCCCC)CCCCCCCCCC)c(-c9cc%10sc%11ccsc%11c%10s9)s8)c8nsnc78)cc6CC(CCCCCCCC)CCCCCCCCCC)s5)s4)s3)c3nsnc23)c1,CCCCCCCCCCCc1c(/C=C2\C(=O)c3ccccc3C2=C(C#N)C#N)sc2c1sc1c3c4nsnc4c4c5sc6c(CCCCCCCCCCC)c(/C=C7\C(=O)c8cc(-c9cccs9)ccc8C7=C(C#N)C#N)sc6c5n(CC(CCCCCCCC)CCCCCCCCCC)c4c3n(CC(CCCCCCCC)CCCCCCCCCC)c21,0.938,21.9,70.6,14.5,-5.25,-3.685,-5.68,-3.94,,,2023,10.1002/smll.202303226,"OPV-DB (Qiu, J., Zenodo, 2026, doi:10.5281/zenodo.20841543)"
SM4,PC61BM,CCCCCCCCOc1cc(-c2ccc(-c3ccc4c5c(cccc35)C(=O)N(CCCCCCCC)C4=O)s2)c(OCCCCCCCC)cc1-c1ccc(-c2ccc3c4c(cccc24)C(=O)N(CCCCCCCC)C3=O)s1,COC(=O)CCCC1(c2ccccc2)C23c4c5c6c7c8c9c(c%10c%11c2c2c%12c4c4c%13c5c5c7c7c8c8c%14c9c%10c9c%10c%11c2c2c%11c%12c4c4c%12c%13c5c5c7c7c8c8c%14c9c9c%10c2c2c%11c4c4c%12c5c7c5c8c9c2c45)C613,0.89,9.72,38.0,3.27,-5.8,-3.65,-6.1,-3.7,,,2023,10.1016/j.orgel.2023.106913,"OPV-DB (Qiu, J., Zenodo, 2026, doi:10.5281/zenodo.20841543)"
PBT1-EH,ITIC,CCCCCCC(CCCC)Cc1sc(CC(CCCC)CCCCCC)c2c1C(=O)c1c(-c3cccs3)sc(-c3ccc(-c4cc5c(-c6ccc(SCC(CC)CCCC)s6)c6sccc6c(-c6ccc(SCC(CC)CCCC)s6)c5s4)s3)c1C2=O,CCCCCCc1ccc(C2(c3ccc(CCCCCC)cc3)c3cc4c(cc3-c3sc5cc(C=C6C(=O)c7ccccc7C6=C(C#N)C#N)sc5c32)C(c2ccc(CCCCCC)cc2)(c2ccc(CCCCCC)cc2)c2c-4sc3cc(C=C4C(=O)c5ccccc5C4=C(C#N)C#N)sc23)cc1,0.99,15.7,63.4,9.8,-5.43,-3.43,-5.576,-3.916,,,2023,10.1021/accountsmr.3c00160,"OPV-DB (Qiu, J., Zenodo, 2026, doi:10.5281/zenodo.20841543)"
PM6,PQx1,CCCCC(CC)Cc1sc(-c2c3cc(-c4ccc(-c5sc(-c6cccs6)c6c5C(=O)c5c(CC(CC)CCCC)sc(CC(CC)CCCC)c5C6=O)s4)sc3c(-c3cc(F)c(CC(CC)CCCC)s3)c3ccsc23)cc1F,CCCCCCCCCCCCC(CCCCCCCCCC)Cn1c2c3sc(/C=C4\C(=O)c5ccccc5C4=C(C#N)C#N)c(CCCCCCCCCCC)c3sc2c2c3nc(-c4ccccc4)c(-c4ccccc4)nc3c3c4sc5c(CCCCCCCCCCC)c(C/C=C6/C(=O)c7cc(-c8cccs8)ccc7C6=C(C#N)C#N)sc5c4n(CC(CCCCCCCCCC)CCCCCCCCCCCC)c3c21,0.951,17.36,59.05,9.75,-5.56,-3.65,-5.56,-3.75,,,2023,10.1002/adma.202307398,"OPV-DB (Qiu, J., Zenodo, 2026, doi:10.5281/zenodo.20841543)"
PBDFCl-1,Y6,CCCCCCC(CCCC)Cc1csc(-c2cc3c4nsnc4c4cc(-c5cc(CC(CCCC)CCCCCC)c(-c6cc7c(-c8cc(Cl)c(CC(CC)CCCC)s8)c8occc8c(-c8cc(Cl)c(CC(CC)CCCC)s8)c7o6)s5)sc4c3s2)c1,CCCCCCCCCCCc1c(/C=C2\C(=O)c3cc(F)c(F)cc3C2=C(C#N)C#N)sc2c1sc1c3c4nsnc4c4c5sc6c(CCCCCCCCCCC)c(/C=C7\C(=O)c8cc(F)c(F)cc8C7=C(C#N)C#N)sc6c5n(CC(CC)CCCC)c4c3n(CC(CC)CCCC)c21,0.88,24.95,67.67,14.86,-5.49,-3.55,-5.65,-4.09,,,2023,10.1002/adfm.202300981,"OPV-DB (Qiu, J., Zenodo, 2026, doi:10.5281/zenodo.20841543)"
PM6,PC70BM,CCCCC(CC)Cc1sc(-c2c3cc(-c4ccc(-c5sc(-c6cccs6)c6c5C(=O)c5c(CC(CC)CCCC)sc(CC(CC)CCCC)c5C6=O)s4)sc3c(-c3cc(F)c(CC(CC)CCCC)s3)c3ccsc23)cc1F,CCCCC(=O)OCC1(C2=CC=CC=C2)C3=CC=CC4=CC=CC5=CC=CC6=CC=C7C=CC=CC8=CC=CC1=C8C7=C6C5=C4C3,0.97,13.91,69.93,9.43,-5.56,-3.65,-6.1,-3.9,,,2023,10.1002/solr.202300228,"OPV-DB (Qiu, J., Zenodo, 2026, doi:10.5281/zenodo.20841543)"
PCE10-2F,Y6,CCOC(=O)c1sc2c(-c3cc4c(-c5cc(F)c(CC)s5)c5sc(-c6sc(-c7cc8c(-c9cc(F)c(CC)s9)c9sc(-c%10sc(-c%11cc%12c(-c%13cc(F)c(CC)s%13)c%13sccc%13c(-c%13cc(F)c(CC)s%13)c%12s%11)c%11sc(C(=O)OCC)c(F)c%10%11)cc9c(-c9cc(F)c(CC)s9)c8s7)c7sc(C(=O)OCC)c(F)c67)cc5c(-c5cc(F)c(CC)s5)c4s3)scc2c1F,CCCCCCCCCCCc1c(/C=C2\C(=O)c3cc(F)c(F)cc3C2=C(C#N)C#N)sc2c1sc1c3c4nsnc4c4c5sc6c(CCCCCCCCCCC)c(/C=C7\C(=O)c8cc(F)c(F)cc8C7=C(C#N)C#N)sc6c5n(CC(CC)CCCC)c4c3n(CC(CC)CCCC)c21,0.796,25.87,70.56,14.55,-5.47,-3.9,-5.65,-4.09,,,2023,10.1039/d3ee04476a,"OPV-DB (Qiu, J., Zenodo, 2026, doi:10.5281/zenodo.20841543)"
PBN-S,Y6,CCSc1cc2c(cc1SCC)C(=O)c1c(-c3ccc(-c4cc5c(-c6cc(F)c(CC)s6)c6sc(-c7ccc(-c8sc(-c9ccc(-c%10cc%11c(-c%12cc(F)c(CC)s%12)c%12sc(-c%13ccc(-c%14sc(-c%15ccc(-c%16cc%17c(-c%18cc(F)c(CC)s%18)c%18sccc%18c(-c%18cc(F)c(CC)s%18)c%17s%16)s%15)c%15c%14C(=O)c%14cc(SCC)c(SCC)cc%14C%15=O)s%13)cc%12c(-c%12cc(F)c(CC)s%12)c%11s%10)s9)c9c8C(=O)c8cc(SCC)c(SCC)cc8C9=O)s7)cc6c(-c6cc(F)c(CC)s6)c5s4)s3)sc(-c3cccs3)c1C2=O,CCCCCCCCCCCc1c(/C=C2\C(=O)c3cc(F)c(F)cc3C2=C(C#N)C#N)sc2c1sc1c3c4nsnc4c4c5sc6c(CCCCCCCCCCC)c(/C=C7\C(=O)c8cc(F)c(F)cc8C7=C(C#N)C#N)sc6c5n(CC(CC)CCCC)c4c3n(CC(CC)CCCC)c21,0.849,24.71,61.4,12.86,-5.48,-3.52,-5.65,-4.09,,,2023,10.1016/j.orgel.2023.106765,"OPV-DB (Qiu, J., Zenodo, 2026, doi:10.5281/zenodo.20841543)"
PM6,H1,CCCCC(CC)Cc1sc(-c2c3cc(-c4ccc(-c5sc(-c6cccs6)c6c5C(=O)c5c(CC(CC)CCCC)sc(CC(CC)CCCC)c5C6=O)s4)sc3c(-c3cc(F)c(CC(CC)CCCC)s3)c3ccsc23)cc1F,CCN1C(=O)C2=C(c3ccc(-c4ccc5c(c4)C(=C4c6cc(-c7ccc(C8=C9C(=O)N(CC)C(c%10cccs%10)=C9C(=O)N8CC)s7)ccc6-c6ccc(-c7ccc(C8=C9C(=O)N(CC)C(c%10cccs%10)=C9C(=O)N8CC)s7)cc64)c4cc(-c6ccc(C7=C8C(=O)N(CC)C(c9cccs9)=C8C(=O)N7CC)s6)ccc4-5)s3)N(CC)C(=O)C2=C1c1cccs1,0.99,10.65,56.6,5.97,-5.56,-3.65,-5.51,-3.84,,,2023,10.1002/solr.202300143,"OPV-DB (Qiu, J., Zenodo, 2026, doi:10.5281/zenodo.20841543)"
PBT,Y6,CCCCCCCCCCCCOc1c(OCCCCCCCCCCCC)c(-c2ccc(-c3cc4c(-c5ccc(SCC(CC)CCCC)cc5)c5sccc5c(-c5ccc(SCC(CC)CCCC)cc5)c4s3)s2)c2nsnc2c1-c1cccs1,CCCCCCCCCCCc1c(/C=C2\C(=O)c3cc(F)c(F)cc3C2=C(C#N)C#N)sc2c1sc1c3c4nsnc4c4c5sc6c(CCCCCCCCCCC)c(/C=C7\C(=O)c8cc(F)c(F)cc8C7=C(C#N)C#N)sc6c5n(CC(CC)CCCC)c4c3n(CC(CC)CCCC)c21,0.79,25.6,63.3,12.9,-5.43,-3.65,-5.65,-4.09,,,2023,10.1002/adma.202312311,"OPV-DB (Qiu, J., Zenodo, 2026, doi:10.5281/zenodo.20841543)"
PBDB-T,L8-BO,CCCCC(CC)Cc1ccc(-c2c3cc(-c4ccc(-c5sc(-c6cccs6)c6c5C(=O)c5c(CC(CC)CCCC)sc(CC(CC)CCCC)c5C6=O)s4)sc3c(-c3ccc(CC(CC)CCCC)s3)c3ccsc23)s1,CCCCCCC(CCCC)Cc1c(/C=C2\C(=O)c3cc(F)c(F)cc3C2=C(C#N)C#N)sc2c1sc1c3c4nsnc4c4c5sc6c(CC(CCCC)CCCCCC)c(/C=C7\C(=O)c8cc(F)c(F)cc8C7=C(C#N)C#N)sc6c5n(CC(CC)CCCC)c4c3n(CC(CC)CCCC)c21,0.761,26.3,74.9,15.0,-5.33,-3.48,-5.68,-3.9,,,2023,10.1002/adma.202308608,"OPV-DB (Qiu, J., Zenodo, 2026, doi:10.5281/zenodo.20841543)"
D18-Cl,BTA3,CCCCCCC(CCCC)Cc1csc(-c2cc3c4nsnc4c4cc(-c5cc(CC(CCCC)CCCCCC)c(-c6cc7c(-c8cc(Cl)c(CC(CC)CCCC)s8)c8sccc8c(-c8cc(Cl)c(CC(CC)CCCC)s8)c7s6)s5)sc4c3s2)c1,CCCCCCCCn1nc2c(/C=c3\sc(=C(C#N)C#N)n(CC)c3=O)ccc(-c3cc4c(s3)-c3cc5c(cc3C4(c3ccc(CCCCCC)cc3)c3ccc(CCCCCC)cc3)-c3sc(-c4ccc(/C=c6\sc(=C(C#N)C#N)n(CC)c6=O)c6nn(CCCCCCCC)nc46)cc3C5(c3ccc(CCCCCC)cc3)c3ccc(CCCCCC)cc3)c2n1,1.3,8.29,58.43,6.3,-5.51,-2.77,-5.49,-3.72,,,2023,10.1002/marc.202300019,"OPV-DB (Qiu, J., Zenodo, 2026, doi:10.5281/zenodo.20841543)"
PBDB-T,PY-IT,CCCCC(CC)Cc1ccc(-c2c3cc(-c4ccc(-c5sc(-c6cccs6)c6c5C(=O)c5c(CC(CC)CCCC)sc(CC(CC)CCCC)c5C6=O)s4)sc3c(-c3ccc(CC(CC)CCCC)s3)c3ccsc23)s1,CCCCCCCCCCCc1c(/C=C2\C(=O)c3ccccc3C2=C(C#N)C#N)sc2c1sc1c3c4nsnc4c4c5sc6c(CCCCCCCCCCC)c(/C=C7\C(=O)c8cc(-c9cccs9)ccc8C7=C(C#N)C#N)sc6c5n(CC(CCCCCCCC)CCCCCCCCCC)c4c3n(CC(CCCCCCCC)CCCCCCCCCC)c21,0.836,24.51,73.44,15.05,-5.33,-3.48,-5.68,-3.94,,,2023,10.1002/anie.202319755,"OPV-DB (Qiu, J., Zenodo, 2026, doi:10.5281/zenodo.20841543)"
PBPD,PY-IT,CCCCCCCCC(CCCCCC)COc1nc2cc(-c3cccs3)ccc2c2ccc(-c3ccc(-c4cc5c(-c6ccc(CC(CCCCCC)CCCCCCCC)s6)c6sccc6c(-c6ccc(CC(CCCCCC)CCCCCCCC)s6)c5s4)s3)cc12,CCCCCCCCCCCc1c(/C=C2\C(=O)c3ccccc3C2=C(C#N)C#N)sc2c1sc1c3c4nsnc4c4c5sc6c(CCCCCCCCCCC)c(/C=C7\C(=O)c8cc(-c9cccs9)ccc8C7=C(C#N)C#N)sc6c5n(CC(CCCCCCCC)CCCCCCCCCC)c4c3n(CC(CCCCCCCC)CCCCCCCCCC)c21,0.889,23.72,72.53,15.29,-5.49,-3.38,-5.68,-3.94,,,2023,10.1002/adfm.202301701,"OPV-DB (Qiu, J., Zenodo, 2026, doi:10.5281/zenodo.20841543)"
PDCBT,PY-IT,CCCCCCCCC(CCCCCC)COC(=O)c1csc(-c2cc(C(=O)OCC(CCCCCC)CCCCCCCC)c(-c3ccc(-c4cccs4)s3)s2)c1,CCCCCCCCCCCc1c(/C=C2\C(=O)c3ccccc3C2=C(C#N)C#N)sc2c1sc1c3c4nsnc4c4c5sc6c(CCCCCCCCCCC)c(/C=C7\C(=O)c8cc(-c9cccs9)ccc8C7=C(C#N)C#N)sc6c5n(CC(CCCCCCCC)CCCCCCCCCC)c4c3n(CC(CCCCCCCC)CCCCCCCCCC)c21,0.929,22.8,72.2,15.3,-5.31,-3.0,-5.68,-3.94,,,2023,10.1016/j.chempr.2023.04.021,"OPV-DB (Qiu, J., Zenodo, 2026, doi:10.5281/zenodo.20841543)"
PC5,PY-IT,CCCCC(CC)COC(=O)c1csc(-c2cc3c(OCC(CC)CCCC)c4sccc4c(OCC(CC)CCCC)c3s2)c1,CCCCCCCCCCCc1c(/C=C2\C(=O)c3ccccc3C2=C(C#N)C#N)sc2c1sc1c3c4nsnc4c4c5sc6c(CCCCCCCCCCC)c(/C=C7\C(=O)c8cc(-c9cccs9)ccc8C7=C(C#N)C#N)sc6c5n(CC(CCCCCCCC)CCCCCCCCCC)c4c3n(CC(CCCCCCCC)CCCCCCCCCC)c21,0.944,23.49,69.7,15.46,-5.5,-3.38,-5.68,-3.94,,,2023,10.1002/smll.202303226,"OPV-DB (Qiu, J., Zenodo, 2026, doi:10.5281/zenodo.20841543)"
J52,HF-PCIC,CCCCCCCCC(CCCCCC)Cn1nc2c(-c3cccs3)c(F)c(F)c(-c3ccc(-c4cc5c(-c6ccc(CC(CC)CCCC)s6)c6sccc6c(-c6ccc(CC(CC)CCCC)s6)c5s4)s3)c2n1,CCCCC(CC)CC1(CC(CC)CCCC)C2=C(SC(c3cc(F)c(-c4cc5c(s4)-c4sc(/C=C6\C(=O)c7cc(F)c(F)cc7C6=C(C#N)C#N)cc4C5(CC(CC)CCCC)CC(CC)CCCC)cc3F)C2)c2sc(/C=C3\C(=O)c4cc(F)c(F)cc4C3=C(C#N)C#N)cc21,0.757,19.21,59.3,8.6,-5.2,-3.05,-5.53,-3.83,,,2023,10.1016/j.cej.2023.144472,"OPV-DB (Qiu, J., Zenodo, 2026, doi:10.5281/zenodo.20841543)"
PBDB-T,BTIC-4F,CCCCC(CC)Cc1ccc(-c2c3cc(-c4ccc(-c5sc(-c6cccs6)c6c5C(=O)c5c(CC(CC)CCCC)sc(CC(CC)CCCC)c5C6=O)s4)sc3c(-c3ccc(CC(CC)CCCC)s3)c3ccsc23)s1,CCn1c(=O)c2cc(-c3cc4c(s3)-c3sc(/C=C5\C(=O)c6cc(F)c(F)cc6C5=C(C#N)C#N)cc3C4(CC)CC)sc2c2sc(-c3cc4c(s3)-c3sc(/C=C5\C(=O)c6cc(F)c(F)cc6C5=C(C#N)C#N)cc3C4(CC)CC)cc2c1=O,0.79,16.92,64.0,8.53,-5.33,-3.48,-5.71,-3.95,,,2023,10.1021/acsaem.3c03231,"OPV-DB (Qiu, J., Zenodo, 2026, doi:10.5281/zenodo.20841543)"
Y5,PBDB-T,CCCCCCCCCCCc1c(/C=C2\C(=O)c3ccccc3C2=C(C#N)C#N)sc2c1sc1c3c4nsnc4c4c5sc6c(CCCCCCCCCCC)c(/C=C7\C(=O)c8ccccc8C7=C(C#N)C#N)sc6c5n(CC(CC)CCCC)c4c3n(CC(CC)CCCC)c21,CCCCC(CC)Cc1ccc(-c2c3cc(-c4ccc(-c5sc(-c6cccs6)c6c5C(=O)c5c(CC(CC)CCCC)sc(CC(CC)CCCC)c5C6=O)s4)sc3c(-c3ccc(CC(CC)CCCC)s3)c3ccsc23)s1,0.84,23.46,68.3,13.46,-5.55,-3.87,-5.33,-3.48,,,2023,10.1002/chem.202302624,"OPV-DB (Qiu, J., Zenodo, 2026, doi:10.5281/zenodo.20841543)"
PTQ10,IT-4F,CCCCCCCCC(CCCCCC)COc1cnc2c(-c3cccs3)c(F)c(F)cc2n1,CCCCCCc1ccc(C2(c3ccc(CCCCCC)cc3)c3cc4c(cc3-c3sc5cc(/C=C6\C(=O)c7cc(F)c(F)cc7C6=C(C#N)C#N)sc5c32)C(c2ccc(CCCCCC)cc2)(c2ccc(CCCCCC)cc2)c2c-4sc3cc(/C=C4\C(=O)c5cc(F)c(F)cc5C4=C(C#N)C#N)sc23)cc1,0.929,20.88,68.29,13.25,-5.54,-2.92,-5.66,-4.14,,,2023,10.1002/adma.202305652,"OPV-DB (Qiu, J., Zenodo, 2026, doi:10.5281/zenodo.20841543)"
PM6,PX-1,CCCCC(CC)Cc1sc(-c2c3cc(-c4ccc(-c5sc(-c6cccs6)c6c5C(=O)c5c(CC(CC)CCCC)sc(CC(CC)CCCC)c5C6=O)s4)sc3c(-c3cc(F)c(CC(CC)CCCC)s3)c3ccsc23)cc1F,CCCCCCCCCCCCC(CCCCCCCCCC)Cn1c2c3sc(/C=C4\C(=O)c5cc(F)c(F)cc5C4=C(C#N)C#N)c(CCCCCCCCCCC)c3sc2c2c3nc4c5cc(-c6scc(F)c6F)ccc5c5ccccc5c4nc3c3c4sc5c(CCCCCCCCCCC)c(/C=C6/C(=O)c7cc(F)c(F)cc7C6=C(C#N)C#N)sc5c4n(CC(CCCCCCCCCC)CCCCCCCCCCCC)c3c21,0.959,19.9,71.02,13.55,-5.56,-3.65,-5.67,-3.81,,,2023,10.1002/marc.202300407,"OPV-DB (Qiu, J., Zenodo, 2026, doi:10.5281/zenodo.20841543)"
Y6,ZnPc,CCCCCCCCCCCc1c(/C=C2\C(=O)c3cc(F)c(F)cc3C2=C(C#N)C#N)sc2c1sc1c3c4nsnc4c4c5sc6c(CCCCCCCCCCC)c(/C=C7\C(=O)c8cc(F)c(F)cc8C7=C(C#N)C#N)sc6c5n(CC(CC)CCCC)c4c3n(CC(CC)CCCC)c21,CCCCCCCCCCCc1c(/C=C2\C(=O)c3cc(F)c(F)cc3C2=C(C#N)C#N)sc2c1sc1c3c4nsnc4c4c5sc6c(CCCCCCCCCCC)c(/C=C7\C(=O)c8cc(F)c(F)cc8C7=C(C#N)C#N)sc6c5n(CC(CC)CCCC)c4c3n(CC(CC)CCCC)c21,0.64,4.0,55.0,1.4,-5.65,-4.09,-5.65,-4.09,,,2023,10.1021/acsami.3c04282,"OPV-DB (Qiu, J., Zenodo, 2026, doi:10.5281/zenodo.20841543)"
PC2,Y6,CCCCCCC1(CCCCCC)c2ccccc2-c2cc3c(cc21)c1cc2c(cc1n3CC)-c1ccc(-c3ccc(-c4c(OCCCC)c(OCCCC)c(-c5cccs5)c5nsnc45)s3)cc1C2(CCCCCC)CCCCCC,CCCCCCCCCCCc1c(/C=C2\C(=O)c3cc(F)c(F)cc3C2=C(C#N)C#N)sc2c1sc1c3c4nsnc4c4c5sc6c(CCCCCCCCCCC)c(/C=C7\C(=O)c8cc(F)c(F)cc8C7=C(C#N)C#N)sc6c5n(CC(CC)CCCC)c4c3n(CC(CC)CCCC)c21,0.859,26.68,76.7,17.58,-5.43,-3.56,-5.65,-4.09,,,2023,10.1002/smll.202303226,"OPV-DB (Qiu, J., Zenodo, 2026, doi:10.5281/zenodo.20841543)"
PTO2,IDTT-IC,CCOC(=O)c1ccsc1-c1cc2c(-c3cc(F)c(CC)s3)c3sc(-c4cc(C(=O)OCC)c(-c5cc6c(-c7cc(F)c(CC)s7)c7sc(-c8cc(C(=O)OCC)c(-c9cc%10c(-c%11cc(F)c(CC)s%11)c%11sccc%11c(-c%11cc(F)c(CC)s%11)c%10s9)s8)cc7c(-c7cc(F)c(CC)s7)c6s5)s4)cc3c(-c3cc(F)c(CC)s3)c2s1,CCCCCCCCCCCCCCCCC1(CCCCCCCCCCCCCCCC)c2cc3c(cc2-c2sc4cc(/C=C5\C(=O)c6ccccc6C5=C(C#N)C#N)sc4c21)C(CCCCCCCCCCCCCCCC)(CCCCCCCCCCCCCCCC)c1c-3sc2cc(/C=C3\C(=O)c4ccccc4C3=C(C#N)C#N)sc12,1.07,14.41,60.0,9.28,-5.59,-3.67,-5.68,-3.84,,,2023,10.1039/d3tc02042h,"OPV-DB (Qiu, J., Zenodo, 2026, doi:10.5281/zenodo.20841543)"
P3HT,F-BTA3,CCCCCCc1ccsc1,CCCCCCCCn1nc2c(C=c3sc(=C(C#N)C#N)n(CC)c3=O)cc(F)c(-c3cc4c(s3)-c3cc5c(cc3C4(c3ccc(CCCCCC)cc3)c3ccc(CCCCCC)cc3)-c3sc(-c4c(F)cc(C=c6sc(=C(C#N)C#N)n(CC)c6=O)c6nn(CCCCCCCC)nc46)cc3C5(c3ccc(CCCCCC)cc3)c3ccc(CCCCCC)cc3)c2n1,0.84,11.18,65.0,6.1,-5.01,-3.12,-5.52,-3.39,,,2023,10.1002/aenm.202303976,"OPV-DB (Qiu, J., Zenodo, 2026, doi:10.5281/zenodo.20841543)"
J52,DF-PCIC,CCCCCCCCC(CCCCCC)Cn1nc2c(-c3cccs3)c(F)c(F)c(-c3ccc(-c4cc5c(-c6ccc(CC(CC)CCCC)s6)c6sccc6c(-c6ccc(CC(CC)CCCC)s6)c5s4)s3)c2n1,CCCCC(CC)CC1(CC(CC)CCCC)c2cc(/C=C3\C(=O)c4ccccc4C3=C(C#N)C#N)sc2-c2sc(-c3cc(F)c(-c4cc5c(s4)-c4sc(/C=C6\C(=O)c7ccccc7C6=C(C#N)C#N)cc4C5(CC(CC)CCCC)CC(CC)CCCC)cc3F)cc21,0.872,17.61,59.4,9.11,-5.2,-3.05,-5.49,-3.77,,,2023,10.1016/j.cej.2023.144472,"OPV-DB (Qiu, J., Zenodo, 2026, doi:10.5281/zenodo.20841543)"
P6TIF,PC71BM,CCCCCCCCCCCCc1csc(-c2sc(-c3ccc4c(c3)/C(=C3\C(=O)N(CC(CCCCCCCCCC)CCCCCCCCCCCC)c5cc(-c6cc(CCCCCCCCCCCC)c(-c7cc(CCCCCCCCCCCC)c(-c8cc(F)c(-c9sccc9F)s8)s7)s6)ccc53)C(=O)N4CC(CCCCCCCCCC)CCCCCCCCCCCC)cc2CCCCCCCCCCCC)c1,COC(=O)CCCC1(c2ccccc2)C23c4c5ccc6c7cc8c9c%10c(cc%11cc%12c%13c%14c(cc%15c%16ccc-5c2c%16c2c5c%16c%17c(c(c46)c7c9c%17c4c%10c%11c%13c4c%16c%14c%152)C513)C%12)C8,0.73,19.08,65.48,9.12,-5.26,-3.83,-5.9,-3.9,,,2023,10.1016/j.cej.2023.143796,"OPV-DB (Qiu, J., Zenodo, 2026, doi:10.5281/zenodo.20841543)"
PTB7-Th,P(NDI2OD-T2),CCCCC(CC)COC(=O)c1sc2csc(-c3cc4c(-c5ccc(CC(CC)CCCC)s5)c5sccc5c(-c5ccc(CC(CC)CCCC)s5)c4s3)c2c1F,CCCCCCCCCCC(CCCCCCCC)CN1C(=O)c2ccc3c4c(c(-c5ccc(-c6cccs6)s5)cc(c24)C1=O)C(=O)N(C(CCCCCCCC)CCCCCCCCCC)C3=O,0.84,13.59,53.0,6.12,-5.21,-3.6,-5.49,-4.05,,,2023,10.1039/d3py00718a,"OPV-DB (Qiu, J., Zenodo, 2026, doi:10.5281/zenodo.20841543)"
PBDT-TTz,Y6,CCCCC(CC)COc1c2cc(-c3sc(-c4nnc(-c5cc(CC(CC)CCCC)cs5)nn4)cc3CC(CC)CCCC)sc2c(OCC(CC)CCCC)c2ccsc12,CCCCCCCCCCCc1c(/C=C2\C(=O)c3cc(F)c(F)cc3C2=C(C#N)C#N)sc2c1sc1c3c4nsnc4c4c5sc6c(CCCCCCCCCCC)c(/C=C7\C(=O)c8cc(F)c(F)cc8C7=C(C#N)C#N)sc6c5n(CC(CC)CCCC)c4c3n(CC(CC)CCCC)c21,0.83,25.51,65.76,13.92,-5.42,-3.58,-5.65,-4.09,,,2023,10.1021/acsapm.3c02608,"OPV-DB (Qiu, J., Zenodo, 2026, doi:10.5281/zenodo.20841543)"
PBDB-T,ITIC2,CCCCC(CC)Cc1ccc(-c2c3cc(-c4ccc(-c5sc(-c6cccs6)c6c5C(=O)c5c(CC(CC)CCCC)sc(CC(CC)CCCC)c5C6=O)s4)sc3c(-c3ccc(CC(CC)CCCC)s3)c3ccsc23)s1,CCCCCCc1ccc(C2(c3ccc(CCCCCC)cc3)c3cc(C=C4C(=O)c5ccccc5C4=C(C#N)C#N)sc3-c3sc4c(-c5ccc(CC(CC)CCCC)s5)c5c6c(sc5c(-c5ccc(CC(CC)CCCC)s5)c4c32)-c2sc(C=C3C(=O)c4ccccc4C3=C(C#N)C#N)cc2C6(c2ccc(CCCCCC)cc2)c2ccc(CCCCCC)cc2)cc1,0.874,15.19,70.5,9.38,-5.33,-3.48,-5.43,-3.8,,,2023,10.1002/solr.202300047,"OPV-DB (Qiu, J., Zenodo, 2026, doi:10.5281/zenodo.20841543)"
PM6,ITIC-4 F,CCCCC(CC)Cc1sc(-c2c3cc(-c4ccc(-c5sc(-c6cccs6)c6c5C(=O)c5c(CC(CC)CCCC)sc(CC(CC)CCCC)c5C6=O)s4)sc3c(-c3cc(F)c(CC(CC)CCCC)s3)c3ccsc23)cc1F,CCCCCCc1ccc(C2(c3ccc(CCCCCC)cc3)c3cc4c(cc3-c3sc5cc(/C=C6/C(=O)c7cc(F)c(F)cc7C6=C(C#N)C#N)sc5c32)C(c2ccc(CCCCCC)cc2)(c2ccc(CCCCCC)cc2)c2c-4sc3cc(/C=C4/C(=O)c5cc(F)c(F)cc5C4=C(C#N)C#N)sc23)cc1,0.85,24.5,67.1,14.04,-5.56,-3.65,-5.82,-4.24,,,2023,10.1002/solr.202300320,"OPV-DB (Qiu, J., Zenodo, 2026, doi:10.5281/zenodo.20841543)"
PSEHTT,FTTB,CCCCC(CC)Cc1ccsc1-c1nc2sc(-c3sc(-c4cc5c(s4)-c4sccc4[Si]5(CC(CC)CCCC)CC(CC)CCCC)cc3CC(CC)CCCC)nc2s1,CCCCCCCCC1(CCCCCCCC)c2cc(-c3ccc(C=C4C(=O)N(CC)C(=S)N(CC)C4=O)s3)ccc2-c2ccc(-c3ccc(C=C4C(=O)N(CC)C(=S)N(CC)C4=O)s3)cc21,1.0,12.47,51.0,7.17,-5.1,-3.3,-5.65,-3.62,,,2023,10.1016/j.jphotochem.2023.115162,"OPV-DB (Qiu, J., Zenodo, 2026, doi:10.5281/zenodo.20841543)"
D18,N4,CCCCCCC(CCCC)Cc1csc(-c2cc3c4nsnc4c4cc(-c5cc(CC(CCCC)CCCCCC)c(-c6cc7c(-c8cc(F)c(CC(CC)CCCC)s8)c8sccc8c(-c8cc(F)c(CC(CC)CCCC)s8)c7s6)s5)sc4c3s2)c1,CCCCCCCCN1C(=O)c2cc(-c3ccc(C=C4C(=O)c5ccccc5C4=O)s3)c3c4c(cc(-c5ccc(C=C6C(=O)c7ccccc7C6=O)s5)c(c24)C1=O)C(=O)N(CCCCCCCC)C3=O,0.87,24.9,77.4,16.8,-5.51,-2.77,-5.54,-3.67,,,2023,10.1002/aenm.202303799,"OPV-DB (Qiu, J., Zenodo, 2026, doi:10.5281/zenodo.20841543)"
PDBQx-TCl,PY-IT,CCCCCCC(CCCC)Cc1csc(-c2cc3c4nccnc4c4cc(-c5cc(CC(CCCC)CCCCCC)c(-c6cc7sc8c(-c9cc(Cl)c(CC(CC)CCCC)s9)c9c(sc%10ccsc%109)c(-c9cc(Cl)c(CC(CC)CCCC)s9)c8c7s6)s5)sc4c3s2)c1,CCCCCCCCCCCc1c(/C=C2\C(=O)c3ccccc3C2=C(C#N)C#N)sc2c1sc1c3c4nsnc4c4c5sc6c(CCCCCCCCCCC)c(/C=C7\C(=O)c8cc(-c9cccs9)ccc8C7=C(C#N)C#N)sc6c5n(CC(CCCCCCCC)CCCCCCCCCC)c4c3n(CC(CCCCCCCC)CCCCCCCCCC)c21,0.81,23.5,78.6,16.8,-5.23,-2.67,-5.68,-3.94,,,2023,10.1039/d3ee02700g,"OPV-DB (Qiu, J., Zenodo, 2026, doi:10.5281/zenodo.20841543)"
PC5,Y6,CCCCC(CC)COC(=O)c1csc(-c2cc3c(OCC(CC)CCCC)c4sccc4c(OCC(CC)CCCC)c3s2)c1,CCCCCCCCCCCc1c(/C=C2\C(=O)c3cc(F)c(F)cc3C2=C(C#N)C#N)sc2c1sc1c3c4nsnc4c4c5sc6c(CCCCCCCCCCC)c(/C=C7\C(=O)c8cc(F)c(F)cc8C7=C(C#N)C#N)sc6c5n(CC(CC)CCCC)c4c3n(CC(CC)CCCC)c21,0.856,26.2,75.9,17.02,-5.5,-3.38,-5.65,-4.09,,,2023,10.1002/smll.202303226,"OPV-DB (Qiu, J., Zenodo, 2026, doi:10.5281/zenodo.20841543)"
PBDFCl-2,Y6,CCCCCCC(CCCC)Cc1csc(-c2cc3c4nsnc4c4cc(-c5cc(CC(CCCC)CCCCCC)c(-c6cc7c(-c8sc(CC(CC)CCCC)cc8Cl)c8occc8c(-c8sc(CC(CC)CCCC)cc8Cl)c7o6)s5)sc4c3s2)c1,CCCCCCCCCCCc1c(/C=C2\C(=O)c3cc(F)c(F)cc3C2=C(C#N)C#N)sc2c1sc1c3c4nsnc4c4c5sc6c(CCCCCCCCCCC)c(/C=C7\C(=O)c8cc(F)c(F)cc8C7=C(C#N)C#N)sc6c5n(CC(CC)CCCC)c4c3n(CC(CC)CCCC)c21,0.88,26.94,71.59,17.0,-5.51,-3.55,-5.65,-4.09,,,2023,10.1002/adfm.202300981,"OPV-DB (Qiu, J., Zenodo, 2026, doi:10.5281/zenodo.20841543)"
PM6,PYFT-o,CCCCC(CC)Cc1sc(-c2c3cc(-c4ccc(-c5sc(-c6cccs6)c6c5C(=O)c5c(CC(CC)CCCC)sc(CC(CC)CCCC)c5C6=O)s4)sc3c(-c3cc(F)c(CC(CC)CCCC)s3)c3ccsc23)cc1F,CCCCCCCCCCCCC(CCCCCCCCCC)Cn1c2c3sc(/C=C4\C(=O)c5c(F)cccc5C4=C(C#N)C#N)c(CCCCCCCCCCC)c3sc2c2c3nsnc3c3c4sc5c(CCCCCCCCCCC)c(/C=C6\C(=O)c7c(ccc(-c8cccs8)c7F)C6=C(C#N)C#N)sc5c4n(CC(CCCCCCCCCC)CCCCCCCCCCCC)c3c21,0.879,25.29,76.3,16.96,-5.56,-3.65,-5.715,-3.805,,,2023,10.1039/d3ee02953k,"OPV-DB (Qiu, J., Zenodo, 2026, doi:10.5281/zenodo.20841543)"
PM6,CH-D1,CCCCC(CC)Cc1sc(-c2c3cc(-c4ccc(-c5sc(-c6cccs6)c6c5C(=O)c5c(CC(CC)CCCC)sc(CC(CC)CCCC)c5C6=O)s4)sc3c(-c3cc(F)c(CC(CC)CCCC)s3)c3ccsc23)cc1F,CCCCCCCCCCCCC(CCCCCCCCCC)Cn1c2c3sc(/C=C4\C(=O)c5ccc(-c6sc(-c7ccc8c(c7)C(=O)/C(=C/Cc7sc9c(sc%10c%11c%12nc%13cc(F)c(F)cc%13nc%12c%12c%13sc%14c(CC(CCCC)CCCCCC)c(/C=C%15\C(=O)c%16ccccc%16C%15=C(C#N)C#N)sc%14c%13n(CC(CCCCCCCCCC)CCCCCCCCCCCC)c%12c%11n(CC(CCCCCCCCCC)CCCCCCCCCCCC)c9%10)c7CC(CCCC)CCCCCC)C8=C(C#N)C#N)c(F)c6F)cc5C4=C(C#N)C#N)c(CC(CCCC)CCCCCC)c3sc2c2c3nc4cc(F)c(F)cc4nc3c3c4sc5c(CC(CCCC)CCCCCC)c(C/C=C6/C(=O)c7ccccc7C6=C(C#N)C#N)sc5c4n(CC(CCCCCCCCCC)CCCCCCCCCCCC)c3c21,0.949,23.9,73.2,16.62,-5.56,-3.65,-5.68,-3.68,,,2023,10.1002/aenm.202300301,"OPV-DB (Qiu, J., Zenodo, 2026, doi:10.5281/zenodo.20841543)"
PTO2,IT-4F,CCOC(=O)c1ccsc1-c1cc2c(-c3cc(F)c(CC)s3)c3sc(-c4cc(C(=O)OCC)c(-c5cc6c(-c7cc(F)c(CC)s7)c7sc(-c8cc(C(=O)OCC)c(-c9cc%10c(-c%11cc(F)c(CC)s%11)c%11sccc%11c(-c%11cc(F)c(CC)s%11)c%10s9)s8)cc7c(-c7cc(F)c(CC)s7)c6s5)s4)cc3c(-c3cc(F)c(CC)s3)c2s1,CCCCCCc1ccc(C2(c3ccc(CCCCCC)cc3)c3cc4c(cc3-c3sc5cc(/C=C6\C(=O)c7cc(F)c(F)cc7C6=C(C#N)C#N)sc5c32)C(c2ccc(CCCCCC)cc2)(c2ccc(CCCCCC)cc2)c2c-4sc3cc(/C=C4\C(=O)c5cc(F)c(F)cc5C4=C(C#N)C#N)sc23)cc1,1.72,12.51,77.2,16.61,-5.59,-3.67,-5.66,-4.14,,,2023,10.1002/solr.202300642,"OPV-DB (Qiu, J., Zenodo, 2026, doi:10.5281/zenodo.20841543)"
PM6,PZC24,CCCCC(CC)Cc1sc(-c2c3cc(-c4ccc(-c5sc(-c6cccs6)c6c5C(=O)c5c(CC(CC)CCCC)sc(CC(CC)CCCC)c5C6=O)s4)sc3c(-c3cc(F)c(CC(CC)CCCC)s3)c3ccsc23)cc1F,CCCCCCCCCCCCC(CCCCCCCCCC)Cn1c2c3sc(/C=C4\C(=O)c5ccccc5C4=C(C#N)C#N)c(CC(CCCC)CCCCCC)c3sc2c2c3nc4cc(F)c(F)cc4nc3c3c4sc5c(CC(CCCC)CCCCCC)c(C/C=C6/C(=O)c7cc(-c8scc(F)c8F)ccc7C6=C(C#N)C#N)sc5c4n(CC(CCCCCCCCCC)CCCCCCCCCCCC)c3c21,0.946,23.76,74.47,16.82,-5.56,-3.65,-5.69,-3.7,,,2023,10.1002/aenm.202300301,"OPV-DB (Qiu, J., Zenodo, 2026, doi:10.5281/zenodo.20841543)"
P3HT,IDTBR,CCCCCCc1ccsc1,CCN1C(=O)/C(=C/c2ccc(-c3cc4c(s3)-c3cc5c(cc3C4(CC)CC)-c3sc(-c4ccc(/C=C6\SC(=S)N(CC)C6=O)c6nsnc46)cc3C5(CC)CC)c3nsnc23)SC1=S,0.73,14.6,66.0,7.0,-5.01,-3.12,-5.63,-3.8,,,2023,10.1016/j.jmgm.2023.108432,"OPV-DB (Qiu, J., Zenodo, 2026, doi:10.5281/zenodo.20841543)"
PCE10,ITIC-4F,CCCCC(CC)COC(=O)c1sc2c(-c3cc4c(-c5ccc(CC(CC)CCCC)s5)c5sccc5c(-c5ccc(CC(CC)CCCC)s5)c4s3)scc2c1F,CCCCCCc1ccc(C2(c3ccc(CCCCCC)cc3)c3cc4c(cc3-c3sc5cc(/C=C6/C(=O)c7cc(F)c(F)cc7C6=C(C#N)C#N)sc5c32)C(c2ccc(CCCCCC)cc2)(c2ccc(CCCCCC)cc2)c2c-4sc3cc(/C=C4/C(=O)c5cc(F)c(F)cc5C4=C(C#N)C#N)sc23)cc1,0.64,18.79,55.0,6.48,-5.21,-3.6,-5.82,-4.24,,,2023,10.1002/aenm.202301696,"OPV-DB (Qiu, J., Zenodo, 2026, doi:10.5281/zenodo.20841543)"
PM6,H2,CCCCC(CC)Cc1sc(-c2c3cc(-c4ccc(-c5sc(-c6cccs6)c6c5C(=O)c5c(CC(CC)CCCC)sc(CC(CC)CCCC)c5C6=O)s4)sc3c(-c3cc(F)c(CC(CC)CCCC)s3)c3ccsc23)cc1F,CCCCCCCCCCCc1c(/C=C2\C(=O)c3ccccc3C2=C(C#N)C#N)sc2c1sc1c3c4nsnc4c4c5sc6c(CCCCCCCCCCC)c(/C=C7\C(=O)c8ccccc8C7=C(C#N)C#N)sc6c5n(CC(CC)CCCC)c4c3n(CC(CC)CCCC)c21.CCl.CCl,0.84,13.88,56.27,6.59,-5.56,-3.65,-5.62,-3.94,,,2023,10.1002/solr.202300143,"OPV-DB (Qiu, J., Zenodo, 2026, doi:10.5281/zenodo.20841543)"
P3HT,PY-IT,CCCCCCc1ccsc1,CCCCCCCCCCCc1c(/C=C2\C(=O)c3ccccc3C2=C(C#N)C#N)sc2c1sc1c3c4nsnc4c4c5sc6c(CCCCCCCCCCC)c(/C=C7\C(=O)c8cc(-c9cccs9)ccc8C7=C(C#N)C#N)sc6c5n(CC(CCCCCCCC)CCCCCCCCCC)c4c3n(CC(CCCCCCCC)CCCCCCCCCC)c21,0.601,4.71,41.4,1.17,-5.01,-3.12,-5.68,-3.94,,,2023,10.1016/j.chempr.2023.04.021,"OPV-DB (Qiu, J., Zenodo, 2026, doi:10.5281/zenodo.20841543)"
M8,PC71BM,CCCCCCC(CCCC)Cn1c2cc(/C=C3\C(=O)c4cc(F)c(F)cc4C3=C(C#N)C#N)sc2c2oc3c(OCC(CC)CCCC)c4c(oc5c6sc(/C=C7\C(=O)c8cc(F)c(F)cc8C7=C(C#N)C#N)cc6n(CC(CCCC)CCCCCC)c54)c(OCC(CC)CCCC)c3c21,COC(=O)CCCC1(c2ccccc2)C23c4c5ccc6c7cc8c9c%10c(cc%11cc%12c%13c%14c(cc%15c%16ccc-5c2c%16c2c5c%16c%17c(c(c46)c7c9c%17c4c%10c%11c%13c4c%16c%14c%152)C513)C%12)C8,0.81,12.8,68.0,6.7,-5.49,-3.91,-5.9,-3.9,,,2023,10.1016/j.cclet.2023.108438,"OPV-DB (Qiu, J., Zenodo, 2026, doi:10.5281/zenodo.20841543)"
PiBT,Y6,CCCCCCN1C(=O)c2ccc(/C=C/c3ccc(/C=C/c4ccc5c(c4)C(=O)N(CCCCCC)C5=O)c4nsnc34)cc2C1=O,CCCCCCCCCCCc1c(/C=C2\C(=O)c3cc(F)c(F)cc3C2=C(C#N)C#N)sc2c1sc1c3c4nsnc4c4c5sc6c(CCCCCCCCCCC)c(/C=C7\C(=O)c8cc(F)c(F)cc8C7=C(C#N)C#N)sc6c5n(CC(CC)CCCC)c4c3n(CC(CC)CCCC)c21,0.87,28.2,77.3,19.0,-5.8,-3.3,-5.65,-4.09,,,2023,10.1002/adma.202312311,"OPV-DB (Qiu, J., Zenodo, 2026, doi:10.5281/zenodo.20841543)"
PBTz-F,PM6,CCCCCCCCC(CCCCCC)Cc1nc2c(-c3ccc(-c4cc5c(-c6cc(F)c(CC(CC)CCCC)s6)c6sccc6c(-c6cc(F)c(CC(CC)CCCC)s6)c5s4)s3)c(F)c(F)c(-c3cccs3)c2s1,CCCCC(CC)Cc1sc(-c2c3cc(-c4ccc(-c5sc(-c6cccs6)c6c5C(=O)c5c(CC(CC)CCCC)sc(CC(CC)CCCC)c5C6=O)s4)sc3c(-c3cc(F)c(CC(CC)CCCC)s3)c3ccsc23)cc1F,0.905,27.24,79.26,19.54,-5.43,-3.37,-5.56,-3.65,,,2023,10.1002/adma.202300631,"OPV-DB (Qiu, J., Zenodo, 2026, doi:10.5281/zenodo.20841543)"
D18,Y7,CCCCCCC(CCCC)Cc1csc(-c2cc3c4nsnc4c4cc(-c5cc(CC(CCCC)CCCCCC)c(-c6cc7c(-c8cc(F)c(CC(CC)CCCC)s8)c8sccc8c(-c8cc(F)c(CC(CC)CCCC)s8)c7s6)s5)sc4c3s2)c1,CCCCCCCCCCCc1c(/C=C2\C(=O)c3cc(Cl)c(Cl)cc3C2=C(C#N)C#N)sc2c1sc1c3c4nsnc4c4c5sc6c(CCCCCCCCCCC)c(/C=C7\C(=O)c8cc(Cl)c(Cl)cc8C7=C(C#N)C#N)sc6c5n(CC(CC)CCCC)c4c3n(CC(CC)CCCC)c21,0.847,26.77,75.78,17.18,-5.51,-2.77,-5.72,-4.16,,,2023,10.1002/anie.202318360,"OPV-DB (Qiu, J., Zenodo, 2026, doi:10.5281/zenodo.20841543)"
D18,PY-IT,CCCCCCC(CCCC)Cc1csc(-c2cc3c4nsnc4c4cc(-c5cc(CC(CCCC)CCCCCC)c(-c6cc7c(-c8cc(F)c(CC(CC)CCCC)s8)c8sccc8c(-c8cc(F)c(CC(CC)CCCC)s8)c7s6)s5)sc4c3s2)c1,CCCCCCCCCCCc1c(/C=C2\C(=O)c3ccccc3C2=C(C#N)C#N)sc2c1sc1c3c4nsnc4c4c5sc6c(CCCCCCCCCCC)c(/C=C7\C(=O)c8cc(-c9cccs9)ccc8C7=C(C#N)C#N)sc6c5n(CC(CCCCCCCC)CCCCCCCCCC)c4c3n(CC(CCCCCCCC)CCCCCCCCCC)c21,0.95,24.27,75.14,17.53,-5.51,-2.77,-5.68,-3.94,,,2023,10.1002/solr.202300599,"OPV-DB (Qiu, J., Zenodo, 2026, doi:10.5281/zenodo.20841543)"
PM6,CH1007,CCCCC(CC)Cc1sc(-c2c3cc(-c4ccc(-c5sc(-c6cccs6)c6c5C(=O)c5c(CC(CC)CCCC)sc(CC(CC)CCCC)c5C6=O)s4)sc3c(-c3cc(F)c(CC(CC)CCCC)s3)c3ccsc23)cc1F,CCCCCCCCCCCc1c(/C=C2\C(=O)c3cc(F)c(F)cc3C2=C(C#N)C#N)[se]c2c1sc1c3c4nsnc4c4c5sc6c(CCCCCCCCCCC)c(/C=C7\C(=O)c8cc(F)c(F)cc8C7=C(C#N)C#N)[se]c6c5n(CC(CCCC)CCCCCC)c4c3n(CC(CCCC)CCCCCC)c12,0.825,27.5,77.0,17.47,-5.56,-3.65,-5.59,-3.97,,,2023,10.1002/aenm.202304477,"OPV-DB (Qiu, J., Zenodo, 2026, doi:10.5281/zenodo.20841543)"
JD40-BDD20,PA-5,CCCCCCC(CCCC)Cc1cc(-c2cc3c4nsnc4c4cc(-c5cc(CC(CCCC)CCCCCC)c(-c6cc7c(-c8ccc(CC(CC)CCCC)s8)c8sc(-c9ccc(-c%10sc(-c%11cccs%11)c%11c%10C(=O)c%10c(CC(CC)CCCC)sc(CC(CC)CCCC)c%10C%11=O)s9)cc8c(-c8ccc(CC(CC)CCCC)s8)c7s6)s5)sc4c3s2)sc1-c1cc2c(-c3ccc(CC(CC)CCCC)s3)c3sccc3c(-c3ccc(CC(CC)CCCC)s3)c2s1,CCCCCCCCCCCCC(CCCCCCCCCC)Cn1c2c3sc(/C=C4\C(=O)c5ccccc5C4=C(C#N)C#N)c(CCCCCCCCCCC)c3sc2c2c3nsnc3c3c4sc5c(CCCCCCCCCCC)c(/C=C6\C(=O)c7cc(-c8cccs8)ccc7C6=C(C#N)C#N)sc5c4n(CC(CCCCCCCCCC)CCCCCCCCCCCC)c3c21,0.9,24.62,78.4,17.39,-5.28,-3.27,-5.63,-3.72,,,2023,10.1002/adfm.202313722,"OPV-DB (Qiu, J., Zenodo, 2026, doi:10.5281/zenodo.20841543)"
PM6,PY2F-T,CCCCC(CC)Cc1sc(-c2c3cc(-c4ccc(-c5sc(-c6cccs6)c6c5C(=O)c5c(CC(CC)CCCC)sc(CC(CC)CCCC)c5C6=O)s4)sc3c(-c3cc(F)c(CC(CC)CCCC)s3)c3ccsc23)cc1F,CCCCCCCCCCCc1c(/C=C2\C(=O)c3c(F)cc(F)cc3C2=C(C#N)C#N)sc2c1sc1c3c4nsnc4c4c5sc6c(CCCCCCCCCCC)c(/C=C7\C(=O)c8c(cc(F)c(-c9cccs9)c8F)C7=C(C#N)C#N)sc6c5n(CC(CCCCCCCC)CCCCCCCCCC)c4c3n(CC(CCCCCCCC)CCCCCCCCCC)c21,0.887,26.2,74.8,17.38,-5.56,-3.65,-5.71,-3.84,,,2023,10.1002/adfm.202300712,"OPV-DB (Qiu, J., Zenodo, 2026, doi:10.5281/zenodo.20841543)"
PTQ-10,IDTPC-Me,CCOc1cnc2c(-c3ccc(-c4c(F)c(F)c(-c5ccc(-c6c(F)c(F)c(-c7cccs7)c7ncc(OCC)nc67)s5)c5ncc(OCC)nc45)s3)c(F)c(F)cc2n1,CCCCCCC1(CCCCCC)c2cc3c(cc2-c2sc(/C=C4\C(=O)c5c(csc5C)C4=C(C#N)C#N)cc21)C(CCCCCC)(CCCCCC)c1cc(/C=C2\C(=O)c4c(csc4C)C2=C(C#N)C#N)sc1-3,0.95,13.8,70.3,9.2,-5.54,-2.92,-5.62,-3.92,,,2023,10.1021/accountsmr.3c00160,"OPV-DB (Qiu, J., Zenodo, 2026, doi:10.5281/zenodo.20841543)"
PM7,IT-4F,CCCCC(CC)Cc1sc(-c2c3ccsc3c(-c3cc(Cl)c(CC(CC)CCCC)s3)c3sc(-c4ccc(-c5sc(-c6cccs6)c6c5C(=O)c5c(CC(CC)CCCC)sc(CC(CC)CCCC)c5C6=O)s4)cc23)cc1Cl,CCCCCCc1ccc(C2(c3ccc(CCCCCC)cc3)c3cc4c(cc3-c3sc5cc(/C=C6\C(=O)c7cc(F)c(F)cc7C6=C(C#N)C#N)sc5c32)C(c2ccc(CCCCCC)cc2)(c2ccc(CCCCCC)cc2)c2c-4sc3cc(/C=C4\C(=O)c5cc(F)c(F)cc5C4=C(C#N)C#N)sc23)cc1,0.885,21.05,75.51,14.07,-5.575,-3.67,-5.66,-4.14,,,2023,10.1002/adma.202305652,"OPV-DB (Qiu, J., Zenodo, 2026, doi:10.5281/zenodo.20841543)"
PM6,BTP-Th,CCCCC(CC)Cc1sc(-c2c3cc(-c4ccc(-c5sc(-c6cccs6)c6c5C(=O)c5c(CC(CC)CCCC)sc(CC(CC)CCCC)c5C6=O)s4)sc3c(-c3cc(F)c(CC(CC)CCCC)s3)c3ccsc23)cc1F,CCCCCCc1ccc(-c2c(/C=C3\C(=O)c4cc(F)c(F)cc4C3=C(C#N)C#N)sc3c2sc2c4c5nsnc5c5c6sc7c(-c8ccc(CCCCCC)s8)c(/C=C8\C(=O)c9cc(F)c(F)cc9C8=C(C#N)C#N)sc7c6n(CC(CCCC)CCCCCC)c5c4n(CC(CCCC)CCCCCC)c32)s1,0.871,26.07,77.44,17.58,-5.56,-3.65,-5.75,-3.96,,,2024,10.1002/adma.202407613,"OPV-DB (Qiu, J., Zenodo, 2026, doi:10.5281/zenodo.20841543)"
PTB7-Th,IEICO-4F,CCCCC(CC)COC(=O)c1sc2csc(-c3cc4c(-c5ccc(CC(CC)CCCC)s5)c5sccc5c(-c5ccc(CC(CC)CCCC)s5)c4s3)c2c1F,CCCCCCc1ccc(C2(c3ccc(CCCCCC)cc3)c3cc4c(cc3-c3sc(-c5sc(/C=C6\C(=O)c7cc(F)c(F)cc7C6=C(C#N)C#N)cc5OCC(CC)CCCC)cc32)C(c2ccc(CCCCCC)cc2)(c2ccc(CCCCCC)cc2)c2cc(-c3scc(/C=C5/C(=O)c6cc(F)c(F)cc6C5=C(C#N)C#N)c3OCC(CC)CCCC)sc2-4)cc1,1.853,13.89,70.52,18.15,-5.21,-3.6,-5.44,-4.19,,,2024,10.1002/smll.202402903,"OPV-DB (Qiu, J., Zenodo, 2026, doi:10.5281/zenodo.20841543)"
D18,SF-HR,CCCCCCC(CCCC)CC1=CSC(C2=CC3=C(S2)C2=C(C=C(C4=CC(CC(CCCC)CCCCCC)=C(C5=CC6=C(C7=CC(F)=C(CC(CC)CCCC)S7)C7=C(C=CS7)C(C7=CC(F)=C(CC(CC)CCCC)S7)=C6S5)S4)S2)C2=NSN=C32)=C1,CCN1C(=O)/C(=C/c2ccc(-c3ccc4c(c3)C3(c5cc(-c6ccc(/C=C7\SC(=S)N(CC)C7=O)s6)ccc5-4)c4cc(-c5ccc(/C=C6\SC(=S)N(CC)C6=O)s5)ccc4-c4ccc(-c5ccc(/C=C6\SC(=S)N(CC)C6=O)s5)cc43)s2)SC1=S,1.186,7.52,56.4,5.03,-5.51,-2.77,-5.53,-3.33,,,2024,10.1002/adfm.202414292,"OPV-DB (Qiu, J., Zenodo, 2026, doi:10.5281/zenodo.20841543)"
PB2,BTP-eC9,CCCCCCCCCCC(CCCCCCCC)COC(=O)c1cc2c(-c3ccc(-c4cc5c(-c6ccc(CC(CC)CCCC)s6)c6sccc6c(-c6ccc(CC(CC)CCCC)s6)c5s4)s3)sc(-c3cccs3)c2s1,CCCCCCCCCc1c(/C=C2\C(=O)c3cc(Cl)c(Cl)cc3C2=C(C#N)C#N)sc2c1sc1c3c4nsnc4c4c5sc6c(CCCCCCCCC)c(/C=C7\C(=O)c8cc(Cl)c(Cl)cc8C7=C(C#N)C#N)sc6c5n(CC(CCCC)CCCCCC)c4c3n(CC(CCCC)CCCCCC)c21,0.866,26.7,78.1,18.1,-4.94,-3.31,-5.68,-3.9,,,2024,10.1021/acsenergylett.4c00723,"OPV-DB (Qiu, J., Zenodo, 2026, doi:10.5281/zenodo.20841543)"
PM6,BTP-BO-4Cl,CCCCC(CC)Cc1sc(-c2c3cc(-c4ccc(-c5sc(-c6cccs6)c6c5C(=O)c5c(CC(CC)CCCC)sc(CC(CC)CCCC)c5C6=O)s4)sc3c(-c3cc(F)c(CC(CC)CCCC)s3)c3ccsc23)cc1F,CCCCCCCCCCCc1c(/C=C2\C(=O)c3cc(Cl)c(Cl)cc3C2=C(C#N)C#N)sc2c1Cc1c-2n(CC(CCCC)CCCCCC)c2c1c1nsnc1c1c3c(n(CC(CCCC)CCCCCC)c12)-c1sc(/C=C2\C(=O)c4cc(Cl)c(Cl)cc4C2=C(C#N)C#N)c(CCCCCCCCCCC)c1C3,0.846,27.85,78.12,18.42,-5.56,-3.65,-5.62,-4.05,,,2024,10.1021/acs.macromol.4c01285,"OPV-DB (Qiu, J., Zenodo, 2026, doi:10.5281/zenodo.20841543)"
D18,IT-4Cl,CCCCCCC(CCCC)Cc1csc(-c2cc3c4nsnc4c4cc(-c5cc(CC(CCCC)CCCCCC)c(-c6cc7c(-c8cc(F)c(CC(CC)CCCC)s8)c8sccc8c(-c8cc(F)c(CC(CC)CCCC)s8)c7s6)s5)sc4c3s2)c1,CCCCCCc1ccc(C2(c3ccc(CCCCCC)cc3)c3cc4c(cc3-c3sc5cc(/C=C6\C(=O)c7cc(Cl)c(Cl)cc7C6=C(C#N)C#N)sc5c32)C(c2ccc(CCCCCC)cc2)(c2ccc(CCCCCC)cc2)c2c-4sc3cc(/C=C4\C(=O)c5cc(Cl)c(Cl)cc5C4=C(C#N)C#N)sc23)cc1,0.895,19.69,66.69,11.75,-5.51,-2.77,-5.75,-4.09,,,2024,10.1021/acsmaterialslett.4c00287,"OPV-DB (Qiu, J., Zenodo, 2026, doi:10.5281/zenodo.20841543)"
PBDB-T,NCBDT,CCCCC(CC)Cc1ccc(-c2c3cc(-c4ccc(-c5sc(-c6cccs6)c6c5C(=O)c5c(CC(CC)CCCC)sc(CC(CC)CCCC)c5C6=O)s4)sc3c(-c3ccc(CC(CC)CCCC)s3)c3ccsc23)s1,CCCCCCCCc1c2sc3c(c2c(CCCCCCCC)c2sc4c(c12)C(c1ccc(CCCCCC)cc1)(c1ccc(CCCCCC)cc1)c1cc(C=C2C(=O)c5cc(F)ccc5C2=C(C#N)C#N)sc1-4)C(c1ccc(CCCCCC)cc1)(c1ccc(CCCCCC)cc1)c1cc(C=C2C(=O)c4cc(F)ccc4C2=C(C#N)C#N)sc1-3,0.8046,23.135359,65.88,12.26,-5.33,-3.48,-5.36,-3.89,,,2024,10.1016/j.rio.2024.100748,"OPV-DB (Qiu, J., Zenodo, 2026, doi:10.5281/zenodo.20841543)"
PBDD4T,PC71BM,CCc1csc(-c2sc(-c3cc(CC)c(-c4ccc(-c5ccc(-c6sc(-c7sc(-c8cc(CC)c(-c9ccc(-c%10ccc(-c%11sc(-c%12sc(-c%13cc(CC)c(-c%14ccc(-c%15cccs%15)s%14)s%13)c%13c%12C(=O)c%12c(CC)sc(CC)c%12C%13=O)cc%11CC)s%10)s9)s8)c8c7C(=O)c7c(CC)sc(CC)c7C8=O)cc6CC)s5)s4)s3)c3c2C(=O)c2c(CC)sc(CC)c2C3=O)c1,CCCCC(=O)OCC1(C2=CC=CC=C2)C3=CC=CC4=CC=CC5=CC=CC6=CC=C7C=CC=CC8=CC=CC1=C8C7=C6C5=C4C3,0.79,12.23,48.43,4.68,-5.3,-3.535,-6.1,-3.9,,,2024,10.1002/ente.202401316,"OPV-DB (Qiu, J., Zenodo, 2026, doi:10.5281/zenodo.20841543)"
2,PC71BM,CCCCC(CC)CN1C(=O)c2cccc3c(-c4ccc(-c5ccc6c7c(cccc57)C(=O)N(CC(CC)CCCC)C6=O)s4)ccc(c23)C1=O,COC(=O)CCCC1(c2ccccc2)C23c4c5ccc6c7cc8c9c%10c(cc%11cc%12c%13c%14c(cc%15c%16ccc-5c2c%16c2c5c%16c%17c(c(c46)c7c9c%17c4c%10c%11c%13c4c%16c%14c%152)C513)C%12)C8,0.82,14.19,69.0,8.03,-5.95,-3.62,-5.9,-3.9,,,2024,10.1021/acsami.4c00167,"OPV-DB (Qiu, J., Zenodo, 2026, doi:10.5281/zenodo.20841543)"
PM6,PY-C11,CCCCC(CC)Cc1sc(-c2c3cc(-c4ccc(-c5sc(-c6cccs6)c6c5C(=O)c5c(CC(CC)CCCC)sc(CC(CC)CCCC)c5C6=O)s4)sc3c(-c3cc(F)c(CC(CC)CCCC)s3)c3ccsc23)cc1F,CCCCCCCCCCCCC(CCCCCCCCCC)Cn1c2c3sc(/C=C4\C(=O)c5ccccc5C4=C(C#N)C#N)c(CCCCCCCCCCC)c3sc2c2c3nsnc3c3c4sc5c(CCCCCCCCCCC)c(C/C=C6/C(=O)c7cc(-c8cccs8)ccc7C6=C(C#N)C#N)sc5c4n(CC(CCCCCCCCCC)CCCCCCCCCCCC)c3c21,0.937,24.92,78.6,18.35,-5.56,-3.65,-5.68,-3.9,,,2024,10.1016/j.enchem.2024.100129,"OPV-DB (Qiu, J., Zenodo, 2026, doi:10.5281/zenodo.20841543)"
PM6,F-BTA3,CCCCC(CC)Cc1sc(-c2c3cc(-c4ccc(-c5sc(-c6cccs6)c6c5C(=O)c5c(CC(CC)CCCC)sc(CC(CC)CCCC)c5C6=O)s4)sc3c(-c3cc(F)c(CC(CC)CCCC)s3)c3ccsc23)cc1F,CCCCCCCCn1nc2c(C=c3sc(=C(C#N)C#N)n(CC)c3=O)cc(F)c(-c3cc4c(s3)-c3cc5c(cc3C4(c3ccc(CCCCCC)cc3)c3ccc(CCCCCC)cc3)-c3sc(-c4c(F)cc(C=c6sc(=C(C#N)C#N)n(CC)c6=O)c6nn(CCCCCCCC)nc46)cc3C5(c3ccc(CCCCCC)cc3)c3ccc(CCCCCC)cc3)c2n1,1.204,11.5,69.0,9.55,-5.56,-3.65,-5.52,-3.39,,,2024,10.1021/acsaem.4c02271,"OPV-DB (Qiu, J., Zenodo, 2026, doi:10.5281/zenodo.20841543)"
PB-BT,Y6,CCCCCCCCCCC(CCCCCCCC)COc1c2cc(-c3sc(-c4ccc(-c5cc(CCCCCC)cs5)c5nsnc45)cc3CCCCCC)sc2c(OCC(CCCCCCCC)CCCCCCCCCC)c2ccsc12,CCCCCCCCCCCc1c(/C=C2\C(=O)c3cc(F)c(F)cc3C2=C(C#N)C#N)sc2c1sc1c3c4nsnc4c4c5sc6c(CCCCCCCCCCC)c(/C=C7\C(=O)c8cc(F)c(F)cc8C7=C(C#N)C#N)sc6c5n(CC(CC)CCCC)c4c3n(CC(CC)CCCC)c21,0.79,21.69,56.0,9.56,-5.36,-3.67,-5.65,-4.09,,,2024,10.1016/j.optmat.2024.115778,"OPV-DB (Qiu, J., Zenodo, 2026, doi:10.5281/zenodo.20841543)"
PTB7Th,PCBM,CCCCC(CC)COC(=O)c1sc2csc(-c3cc4c(-c5ccc(CC(CC)CCCC)s5)c5sccc5c(-c5ccc(CC(CC)CCCC)s5)c4s3)c2c1F,COC(=O)CCCC1(c2ccccc2)C23c4c5c6c7c8c9c(c%10c%11c2c2c%12c4c4c%13c5c5c7c7c8c8c%14c9c%10c9c%10c%11c2c2c%11c%12c4c4c%12c%13c5c5c7c7c8c8c%14c9c9c%10c2c2c%11c4c4c%12c5c7c5c8c9c2c45)C613,0.78,18.26,57.0,9.45,-5.21,-3.6,-6.1,-3.7,,,2024,10.1021/acsami.4c04669,"OPV-DB (Qiu, J., Zenodo, 2026, doi:10.5281/zenodo.20841543)"
P3TEA,SF-PDI2,CCCCCCCCCCC(CCCCCCCC)COC(=O)c1cc(-c2c(F)c(F)c(-c3cc(C(=O)OCC(CCCCCCCC)CCCCCCCCCC)c(-c4sccc4CC(CCCCCC)CCCCCCC)s3)c3nsnc23)sc1-c1cc(CC(CCCCCC)CCCCCCC)c(-c2ccc(-c3c(F)c(F)c(-c4cccs4)c4nsnc34)s2)s1,CCCCCCC(CCCCCC)N1C(=O)c2ccc3c4ccc5c6c(cc(-c7ccc8c(c7)C7(c9ccccc9-c9ccccc97)c7cc(-c9cc%10c%11c(ccc%12c%13ccc%14c%15c(ccc(c9c%11%12)c%15%13)C(=O)N(C(CCCCCC)CCCCCC)C%14=O)C(=O)N(C(CCCCCC)CCCCCC)C%10=O)ccc7-8)c(c7ccc(c2c37)C1=O)c64)C(=O)N(C(CCCCCC)CCCCCC)C5=O,1.11,13.27,64.3,9.5,-5.46,-3.56,-5.9,-3.83,,,2024,10.1002/cssc.202402169,"OPV-DB (Qiu, J., Zenodo, 2026, doi:10.5281/zenodo.20841543)"
D18-Cl,O-IDTBR,CCCCCCC(CCCC)Cc1csc(-c2cc3c4nsnc4c4cc(-c5cc(CC(CCCC)CCCCCC)c(-c6cc7c(-c8cc(Cl)c(CC(CC)CCCC)s8)c8sccc8c(-c8cc(Cl)c(CC(CC)CCCC)s8)c7s6)s5)sc4c3s2)c1,CCCCCCCCC1(CCCCCCCC)c2cc3c(cc2-c2sc(-c4ccc(/C=C5\SC(=S)N(CC)C5=O)c5nsnc45)cc21)C(CCCCCCCC)(CCCCCCCC)c1cc(-c2ccc(/C=C4\SC(=S)N(CC)C4=O)c4nsnc24)sc1-3,0.851,18.77,60.5,9.66,-5.51,-2.77,-5.52,-3.89,,,2024,10.1021/acsapm.4c01193,"OPV-DB (Qiu, J., Zenodo, 2026, doi:10.5281/zenodo.20841543)"
PTQ10,BTA3-4F,CCCCCCCCC(CCCCCC)COc1cnc2c(C)c(F)c(F)c(-c3ccc(C)s3)c2n1,CCCCCCCCn1nc2c(/C=c3\sc(=C(C#N)C#N)n(CC)c3=O)ccc(-c3cc4c(s3)-c3cc5c(cc3C4(c3ccc(CCCCCC)cc3)c3ccc(CCCCCC)cc3)-c3sc(-c4ccc(/C=c6\sc(=C(C#N)C#N)n(CC)c6=O)c6nn(CCCCCCCC)nc46)cc3C5(c3ccc(CCCCCC)cc3)c3ccc(CCCCCC)cc3)c2n1,1.269,11.51,68.09,9.95,-5.54,-2.92,-5.49,-3.72,,,2024,10.1021/jacs.4c17140,"OPV-DB (Qiu, J., Zenodo, 2026, doi:10.5281/zenodo.20841543)"
PBDB-T,COi8DFIC,CCCCC(CC)Cc1ccc(-c2c3cc(-c4ccc(-c5sc(-c6cccs6)c6c5C(=O)c5c(CC(CC)CCCC)sc(CC(CC)CCCC)c5C6=O)s4)sc3c(-c3ccc(CC(CC)CCCC)s3)c3ccsc23)s1,CCCCCCc1ccc(C2(c3ccc(CCCCCC)cc3)Oc3c(sc4c5c(sc34)-c3sc4cc(/C=C6\C(=O)c7cc(F)c(F)cc7C6=C(C#N)C#N)sc4c3C(c3ccc(CCCCCC)cc3)(c3ccc(CCCCCC)cc3)O5)-c3sc4cc(/C=C5\C(=O)c6cc(F)c(F)cc6C5=C(C#N)C#N)sc4c32)cc1,0.73,22.17,60.52,9.78,-5.33,-3.48,-5.5,-3.88,,,2024,10.1039/d4tc05190d,"OPV-DB (Qiu, J., Zenodo, 2026, doi:10.5281/zenodo.20841543)"
PffBT-2T,L8-BO,CCCCCCCCCCCCC(CCCCCCCCCC)Cc1ccc(-c2csc(-c3c(F)c(F)c(-c4cc(-c5ccc(CC(CCCCCCCCCC)CCCCCCCCCCCC)s5)c(-c5ccc(-c6cccs6)s5)s4)c4nsnc34)c2)s1,CCCCCCC(CCCC)Cc1c(/C=C2\C(=O)c3cc(F)c(F)cc3C2=C(C#N)C#N)sc2c1sc1c3c4nsnc4c4c5sc6c(CC(CCCC)CCCCCC)c(/C=C7\C(=O)c8cc(F)c(F)cc8C7=C(C#N)C#N)sc6c5n(CC(CC)CCCC)c4c3n(CC(CC)CCCC)c21,0.92,22.3,65.3,13.3,-5.27,-3.1,-5.68,-3.9,,,2024,10.1002/anie.202412903,"OPV-DB (Qiu, J., Zenodo, 2026, doi:10.5281/zenodo.20841543)"
PTQ10,BTP-eC9,CCOc1cnc2c(-c3ccc(-c4c(F)c(F)c(-c5ccc(-c6c(F)c(F)c(-c7cccs7)c7ncc(OCC)nc67)s5)c5ncc(OCC)nc45)s3)c(F)c(F)cc2n1,CCCCCCCCCc1c(/C=C2\C(=O)c3cc(Cl)c(Cl)cc3C2=C(C#N)C#N)sc2c1sc1c3c4nsnc4c4c5sc6c(CCCCCCCCC)c(/C=C7\C(=O)c8cc(Cl)c(Cl)cc8C7=C(C#N)C#N)sc6c5n(CC(CCCC)CCCCCC)c4c3n(CC(CCCC)CCCCCC)c21,0.86,24.41,71.5,15.57,-5.54,-2.92,-5.665,-4.165,,,2024,10.1002/aenm.202404962,"OPV-DB (Qiu, J., Zenodo, 2026, doi:10.5281/zenodo.20841543)"
SM 4,PC71BM,CCCCCCCCOc1cc(-c2ccc(-c3ccc4c5c(cccc35)C(=O)N(CCCCCCCC)C4=O)s2)c(OCCCCCCCC)cc1-c1ccc(-c2ccc3c4c(cccc24)C(=O)N(CCCCCCCC)C3=O)s1,COC(=O)CCCC1(c2ccccc2)C23c4c5ccc6c7cc8c9c%10c(cc%11cc%12c%13c%14c(cc%15c%16ccc-5c2c%16c2c5c%16c%17c(c(c46)c7c9c%17c4c%10c%11c%13c4c%16c%14c%152)C513)C%12)C8,0.97,13.69,75.0,10.06,-5.8,-3.65,-5.9,-3.9,,,2024,10.1021/acsaem.4c00854,"OPV-DB (Qiu, J., Zenodo, 2026, doi:10.5281/zenodo.20841543)"
SM1,Y6,CCCCCCCCC1=C(C2=CC=C(C3=C(CCCCCCCC)C=C(C4=CC5=C(C6=CC=C(CC(CC)CCCC)S6)C6=C(C=C(C7=CC(CCCCCCCC)=C(C8=CC=C(C9=C(CCCCCCCC)C=C(/C=C(\C#N)C(=O)OCC(CC)CCCC)S9)S8)S7)S6)C(C6=CC=C(CC(CC)CCCC)S6)=C5S4)S3)S2)SC(/C=C(/C#N)C(=O)OCC(CC)CCCC)=C1,CCCCCCCCCCCc1c(/C=C2\C(=O)c3cc(F)c(F)cc3C2=C(C#N)C#N)sc2c1sc1c3c4nsnc4c4c5sc6c(CCCCCCCCCCC)c(/C=C7\C(=O)c8cc(F)c(F)cc8C7=C(C#N)C#N)sc6c5n(CC(CC)CCCC)c4c3n(CC(CC)CCCC)c21,0.8,23.6,67.0,12.7,-5.25,-2.8,-5.65,-4.09,,,2024,10.1039/d4cc06017b,"OPV-DB (Qiu, J., Zenodo, 2026, doi:10.5281/zenodo.20841543)"
SM1-S,Y6,CCCCCCCCC1=C(C2=CC=C(C3=C(CCCCCCCC)C=C(C4=CC5=C(C6=CC=C(SCC(CC)CCCC)S6)C6=C(C=C(C7=CC(CCCCCCCC)=C(C8=CC=C(C9=C(CCCCCCCC)C=C(/C=C(\C#N)C(=O)OCC(CC)CCCC)S9)S8)S7)S6)C(C6=CC=C(SCC(CC)CCCC)S6)=C5S4)S3)S2)SC(/C=C(/C#N)C(=O)OCC(CC)CCCC)=C1,CCCCCCCCCCCc1c(/C=C2\C(=O)c3cc(F)c(F)cc3C2=C(C#N)C#N)sc2c1sc1c3c4nsnc4c4c5sc6c(CCCCCCCCCCC)c(/C=C7\C(=O)c8cc(F)c(F)cc8C7=C(C#N)C#N)sc6c5n(CC(CC)CCCC)c4c3n(CC(CC)CCCC)c21,0.82,23.2,68.0,12.9,-5.32,-2.81,-5.65,-4.09,,,2024,10.1039/d4cc06017b,"OPV-DB (Qiu, J., Zenodo, 2026, doi:10.5281/zenodo.20841543)"
PF2,PCBM,CCCCCCCCC(CCCCCC)Cc1cc2sc(-c3c4cc(-c5sc(-c6c(F)c(F)c(-c7cc(CC(CC)CCCC)cs7)c7nsnc67)cc5CC(CC)CCCC)sc4c(-c4cc5sc(CC(CCCCCC)CCCCCCCC)cc5s4)c4ccsc34)cc2s1,COC(=O)CCCC1(c2ccccc2)C23c4c5c6c7c8c9c(c%10c%11c2c2c%12c4c4c%13c5c5c7c7c8c8c%14c9c%10c9c%10c%11c2c2c%11c%12c4c4c%12c%13c5c5c7c7c8c8c%14c9c9c%10c2c2c%11c4c4c%12c5c7c5c8c9c2c45)C613,0.76,17.8,66.0,9.0,-5.48,-3.73,-6.1,-3.7,,,2024,10.1016/j.synthmet.2024.117599,"OPV-DB (Qiu, J., Zenodo, 2026, doi:10.5281/zenodo.20841543)"
PTzBI-dF,PY-IT,CCCCCCCCN1C(=O)c2c(c(-c3cc(F)c(-c4cc5c(-c6cc(F)c(CC(CC)CCCC)s6)c6sccc6c(-c6cc(F)c(CC(CC)CCCC)s6)c5s4)s3)c3nn(CCC(CC)CCCC)nc3c2-c2cc(F)cs2)C1=O,CCCCCCCCCCCc1c(/C=C2\C(=O)c3ccccc3C2=C(C#N)C#N)sc2c1sc1c3c4nsnc4c4c5sc6c(CCCCCCCCCCC)c(/C=C7\C(=O)c8cc(-c9cccs9)ccc8C7=C(C#N)C#N)sc6c5n(CC(CCCCCCCC)CCCCCCCCCC)c4c3n(CC(CCCCCCCC)CCCCCCCCCC)c21,0.951,21.86,66.31,13.78,-5.55,-3.83,-5.68,-3.94,,,2024,10.1002/aenm.202402268,"OPV-DB (Qiu, J., Zenodo, 2026, doi:10.5281/zenodo.20841543)"
P1,PC71BM,CCCCCCCCc1cc(-c2c(-c3cccs3)sc3c(-c4cc(CCCCCCCC)c(CCCCCCCC)s4)c(-c4ccc(-c5cccc6nsnc56)s4)sc23)sc1CCCCCCCC,COC(=O)CCCC1(c2ccccc2)C23c4c5ccc6c7cc8c9c%10c(cc%11cc%12c%13c%14c(cc%15c%16ccc-5c2c%16c2c5c%16c%17c(c(c46)c7c9c%17c4c%10c%11c%13c4c%16c%14c%152)C513)C%12)C8,0.908,14.8,64.1,8.61,-5.34,-3.53,-5.9,-3.9,,,2024,10.1021/acsami.4c00167,"OPV-DB (Qiu, J., Zenodo, 2026, doi:10.5281/zenodo.20841543)"
PTzBi,N2200,CCCCCCCCN1C(=O)c2c(c(-c3ccc(-c4cc5c(-c6ccc(CC(CC)CCCC)s6)c6sccc6c(-c6ccc(CC(CC)CCCC)s6)c5s4)s3)c3nn(CCCCCCCC)nc3c2-c2cccs2)C1=O,CCCCCCCCCCC(CCCCCCCC)CN1C(=O)C2=C3C(=CC(C4=CC=C(C5=CC=CS5)S4)=C4C(=O)N(CC(CCCCCCCC)CCCCCCCCCC)C(=O)C(=C43)C=C2)C1=O,0.9,5.36,58.0,2.8,-5.34,-3.46,-5.71,-4.02,,,2024,10.1039/d4tc04387a,"OPV-DB (Qiu, J., Zenodo, 2026, doi:10.5281/zenodo.20841543)"
PBDB-T,IT-4Cl,CCCCC(CC)Cc1ccc(-c2c3cc(-c4ccc(-c5sc(-c6cccs6)c6c5C(=O)c5c(CC(CC)CCCC)sc(CC(CC)CCCC)c5C6=O)s4)sc3c(-c3ccc(CC(CC)CCCC)s3)c3ccsc23)s1,CCCCCCc1ccc(C2(c3ccc(CCCCCC)cc3)c3cc4c(cc3-c3sc5cc(/C=C6\C(=O)c7cc(Cl)c(Cl)cc7C6=C(C#N)C#N)sc5c32)C(c2ccc(CCCCCC)cc2)(c2ccc(CCCCCC)cc2)c2c-4sc3cc(/C=C4\C(=O)c5cc(Cl)c(Cl)cc5C4=C(C#N)C#N)sc23)cc1,0.693,20.12,72.3,10.1,-5.33,-3.48,-5.75,-4.09,,,2024,10.1002/anie.202400565,"OPV-DB (Qiu, J., Zenodo, 2026, doi:10.5281/zenodo.20841543)"
D18,Py1,CCCCCCC(CCCC)CC1=CSC(C2=CC3=C(S2)C2=C(C=C(C4=CC(CC(CCCC)CCCCCC)=C(C5=CC6=C(C7=CC(F)=C(CC(CC)CCCC)S7)C7=C(C=CS7)C(C7=CC(F)=C(CC(CC)CCCC)S7)=C6S5)S4)S2)C2=NSN=C32)=C1,CCCCCCCCC(CCCCCCCC)n1c2cc(-c3sc(-c4sc(/C=C5\C(=O)N(CCCC)C(=O)C(C#N)=C5C)cc4CCCCCC)cc3CCCCCC)sc2c2sc(-c3sc(-c4sc(/C=C5\C(=O)N(CCCC)C(=O)C(C#N)=C5C)cc4CCCCCC)cc3CCCCCC)cc21,0.764,22.46,62.4,10.71,-5.51,-2.77,-5.27,-4.0,,,2024,10.1002/aenm.202404537,"OPV-DB (Qiu, J., Zenodo, 2026, doi:10.5281/zenodo.20841543)"
PTB7-Th,DICTF,CCCCC(CC)COC(=O)c1sc2csc(-c3cc4c(-c5ccc(CC(CC)CCCC)s5)c5sccc5c(-c5ccc(CC(CC)CCCC)s5)c4s3)c2c1F,CCCCCCCCC1(CCCCCCCC)c2cc(-c3ccc(/C=C4\C(=O)c5ccccc5C4=C(C#N)C#N)s3)ccc2-c2ccc(-c3ccc(/C=C4\C(=O)c5ccccc5C4=C(C#N)C#N)s3)cc21,0.96,16.38,66.0,10.38,-5.21,-3.6,-5.67,-3.79,,,2024,10.1002/anie.202406272,"OPV-DB (Qiu, J., Zenodo, 2026, doi:10.5281/zenodo.20841543)"
PBTz-Cl,L8-BO,CCCCCCCCC(CCCCCC)Cc1nc2c(-c3ccc(-c4cc5c(-c6cc(Cl)c(CC(CC)CCCC)s6)c6sccc6c(-c6cc(Cl)c(CC(CC)CCCC)s6)c5s4)s3)c(F)c(F)c(-c3cccs3)c2s1,CCCCCCC(CCCC)Cc1c(/C=C2\C(=O)c3cc(F)c(F)cc3C2=C(C#N)C#N)sc2c1sc1c3c4nsnc4c4c5sc6c(CC(CCCC)CCCCCC)c(/C=C7\C(=O)c8cc(F)c(F)cc8C7=C(C#N)C#N)sc6c5n(CC(CC)CCCC)c4c3n(CC(CC)CCCC)c21,0.904,19.39,58.17,10.19,-5.47,-3.39,-5.68,-3.9,,,2024,10.1039/d4tc03741c,"OPV-DB (Qiu, J., Zenodo, 2026, doi:10.5281/zenodo.20841543)"
J61,ITIC,CCCCCCCCCCCCSc1ccc(-c2c3cc(-c4ccc(-c5c(F)c(F)c(-c6cccs6)c6nn(CC(CCCCCC)CCCCCCCC)nc56)s4)sc3c(-c3ccc(SCCCCCCCCCCCC)s3)c3ccsc23)s1,CCCCCCc1ccc(C2(c3ccc(CCCCCC)cc3)c3cc4c(cc3-c3sc5cc(/C=C6\C(=O)c7ccccc7C6=C(C#N)C#N)sc5c32)C(c2ccc(CCCCCC)cc2)(c2ccc(CCCCCC)cc2)c2c-4sc3cc(/C=C4\C(=O)c5ccccc5C4=C(C#N)C#N)sc23)cc1,0.9,17.97,65.0,10.6,-5.3,-3.15,-5.576,-3.916,,,2024,10.1039/d4cc06017b,"OPV-DB (Qiu, J., Zenodo, 2026, doi:10.5281/zenodo.20841543)"
PM6,BTP-FTh,CCCCC(CC)Cc1sc(-c2c3cc(-c4ccc(-c5sc(-c6cccs6)c6c5C(=O)c5c(CC(CC)CCCC)sc(CC(CC)CCCC)c5C6=O)s4)sc3c(-c3cc(F)c(CC(CC)CCCC)s3)c3ccsc23)cc1F,CCCCCCc1sc(-c2c(/C=C3\C(=O)c4cc(F)c(F)cc4C3=C(C#N)C#N)sc3c2sc2c4c5nsnc5c5c6sc7c(-c8cc(F)c(CCCCCC)s8)c(/C=C8\C(=O)c9cc(F)c(F)cc9C8=C(C#N)C#N)sc7c6n(CC(CCCC)CCCCCC)c5c4n(CC(CCCC)CCCCCC)c32)cc1F,0.974,19.96,53.34,10.37,-5.56,-3.65,-5.8,-4.04,,,2024,10.1002/cssc.202400601,"OPV-DB (Qiu, J., Zenodo, 2026, doi:10.5281/zenodo.20841543)"
PB-BTCN,Y6,CCCCCCCCCCC(CCCCCCCC)Cc1csc(-c2cc(C#N)c(-c3cc(CC(CCCCCCCC)CCCCCCCCCC)c(-c4cc5c(-c6ccc(CC(CC)CCCC)s6)c6sccc6c(-c6ccc(CC(CC)CCCC)s6)c5s4)s3)c3nsnc23)c1,CCCCCCCCCCCc1c(/C=C2\C(=O)c3cc(F)c(F)cc3C2=C(C#N)C#N)sc2c1sc1c3c4nsnc4c4c5sc6c(CCCCCCCCCCC)c(/C=C7\C(=O)c8cc(F)c(F)cc8C7=C(C#N)C#N)sc6c5n(CC(CC)CCCC)c4c3n(CC(CC)CCCC)c21,0.79,12.14,53.0,5.07,-5.37,-3.57,-5.65,-4.09,,,2024,10.1016/j.optmat.2024.115778,"OPV-DB (Qiu, J., Zenodo, 2026, doi:10.5281/zenodo.20841543)"
D18,A1,CCCCCCC(CCCC)Cc1csc(-c2cc3c4nsnc4c4cc(-c5cc(CC(CCCC)CCCCCC)c(-c6cc7c(-c8cc(F)c(CC(CC)CCCC)s8)c8sccc8c(-c8cc(F)c(CC(CC)CCCC)s8)c7s6)s5)sc4c3s2)c1,CCCCCCCCN1C(=O)c2c(-c3ccccc3)cc3c4c(cc(-c5ccccc5)c(c24)C1=O)C1C=C(c2ccccc2)C2=C4C1=C3C=C(c1ccccc1)C4C(=O)N(CCCCCCCC)C2=O,0.866,25.65,73.6,16.35,-5.51,-2.77,-5.66,-3.7,,,2024,10.1002/adma.202405718,"OPV-DB (Qiu, J., Zenodo, 2026, doi:10.5281/zenodo.20841543)"
PTQ10,L8-BO,CCCCCCCCC(CCCCCC)COc1cnc2c(-c3cccs3)c(F)c(F)cc2n1,CCCCCCC(CCCC)Cc1c(/C=C2\C(=O)c3cc(F)c(F)cc3C2=C(C#N)C#N)sc2c1sc1c3c4nsnc4c4c5sc6c(CC(CCCC)CCCCCC)c(/C=C7\C(=O)c8cc(F)c(F)cc8C7=C(C#N)C#N)sc6c5n(CC(CC)CCCC)c4c3n(CC(CC)CCCC)c21,0.9,25.42,74.35,17.11,-5.54,-2.92,-5.68,-3.9,,,2024,10.1016/j.cej.2024.148728,"OPV-DB (Qiu, J., Zenodo, 2026, doi:10.5281/zenodo.20841543)"
PTzBI-oF,PYF-T-o,CCCCCCCCN1C(=O)c2c(c(-c3cc(F)c(-c4cc5c(-c6ccc(CC(CC)CCCC)s6)c6sccc6c(-c6ccc(CC(CC)CCCC)s6)c5s4)s3)c3nn(CC(CC)CCCC)nc3c2-c2cc(F)cs2)C1=O,CCCCCCCCCCCCC(CCCCCCCCCC)Cn1c2c3sc(/C=C4\C(=O)c5c(F)cccc5C4=C(C#N)C#N)c(CCCCCCCCCCC)c3sc2c2c3nsnc3c3c4sc5c(CCCCCCCCCCC)c(/C=C6\C(=O)c7c(ccc(-c8cccs8)c7F)C6=C(C#N)C#N)sc5c4n(CC(CCCCCCCCCC)CCCCCCCCCCCC)c3c21,0.86,26.4,70.1,16.0,-5.25,-3.25,-5.715,-3.805,,,2024,10.1016/j.porgcoat.2024.108309,"OPV-DB (Qiu, J., Zenodo, 2026, doi:10.5281/zenodo.20841543)"
PTBTz2,L8-BO,CCOC(=O)c1cc2c(-c3nccs3)sc(-c3ncc(-c4cc5c(-c6ccc(CC)s6)c6sc(-c7cnc(-c8sc(-c9ncc(-c%10cc%11c(-c%12ccc(CC)s%12)c%12sc(-c%13cnc(-c%14sc(-c%15ncc(-c%16cc%17c(-c%18ccc(CC)s%18)c%18sccc%18c(-c%18ccc(CC)s%18)c%17s%16)s%15)c%15sc(C(=O)OCC)cc%14%15)s%13)cc%12c(-c%12ccc(CC)s%12)c%11s%10)s9)c9sc(C(=O)OCC)cc89)s7)cc6c(-c6ccc(CC)s6)c5s4)s3)c2s1,CCCCCCC(CCCC)Cc1c(/C=C2\C(=O)c3cc(F)c(F)cc3C2=C(C#N)C#N)sc2c1sc1c3c4nsnc4c4c5sc6c(CC(CCCC)CCCCCC)c(/C=C7\C(=O)c8cc(F)c(F)cc8C7=C(C#N)C#N)sc6c5n(CC(CC)CCCC)c4c3n(CC(CC)CCCC)c21,0.87,25.0,73.0,15.8,-5.48,-3.52,-5.68,-3.9,,,2024,10.1002/anie.202409814,"OPV-DB (Qiu, J., Zenodo, 2026, doi:10.5281/zenodo.20841543)"
PDTP-TBT,Y6-BO,CCCCCCCCc1ccc(-n2c3ccsc3c3sc(-c4cc(CCCCCCCC)c(-c5ccc(-c6sccc6CCCCCCCC)c6nsnc56)s4)cc32)cc1,CCCCCCCCCCCc1c(/C=C2\C(=O)c3cc(F)c(F)cc3C2=C(C#N)C#N)sc2c1sc1c3c4nsnc4c4c5sc6c(CCCCCCCCCCC)c(/C=C7\C(=O)c8cc(F)c(F)cc8C7=C(C#N)C#N)sc6c5n(CC(CCCC)CCCCCC)c4c3n(CC(CCCC)CCCCCC)c21,0.47,15.1,45.5,3.24,-5.27,-3.57,-5.65,-4.1,,,2024,10.1016/j.cej.2024.149865,"OPV-DB (Qiu, J., Zenodo, 2026, doi:10.5281/zenodo.20841543)"
J61,m-ITIC,CCCCCCCCCCCCSc1ccc(-c2c3cc(-c4ccc(-c5c(F)c(F)c(-c6cccs6)c6nn(CC(CCCCCC)CCCCCCCC)nc56)s4)sc3c(-c3ccc(SCCCCCCCCCCCC)s3)c3ccsc23)s1,CCCCCCc1cccc(C2(c3cccc(CCCCCC)c3)c3cc4c(cc3-c3sc5cc(/C=C6\C(=O)c7ccccc7C6=C(C#N)C#N)sc5c32)C(c2cccc(CCCCCC)c2)(c2cccc(CCCCCC)c2)c2c-4sc3cc(/C=C4\C(=O)c5ccccc5C4=C(C#N)C#N)sc23)c1,0.91,18.31,70.0,11.8,-5.3,-3.15,-5.527,-3.854,,,2024,10.1039/d4cc06017b,"OPV-DB (Qiu, J., Zenodo, 2026, doi:10.5281/zenodo.20841543)"
PBQx-TF,ITCC-Cl,CCCCCCC(CCCC)CC1=CSC(C2=CC3=C(S2)C2=C(C=C(C4=CC(CC(CCCC)CCCCCC)=C(C5=CC6=C(C7=CC(F)=C(CC(CC)CCCC)S7)C7=C(C=CS7)C(C7=CC(F)=C(CC(CC)CCCC)S7)=C6S5)S4)S2)[C@H]2N=CC=N[C@H]32)=C1,CCCCCCC1=CC=C(C2(C3=CC=C(CCCCCC)C=C3)C3=CC4=C(C=C3C3=C2C2=C(C=C(/C=C5\C(=O)C6=C(C=C(Cl)S6)C5=C(C#N)C#N)S2)S3)C(C2=CC=C(CCCCCC)C=C2)(C2=CC=C(CCCCCC)C=C2)C2=C4SC3=C2SC(/C=C2\C(=O)C4=C(C=C(Cl)S4)C2=C(C#N)C#N)=C3)C=C1,0.984,17.7,70.6,12.3,-5.41,-2.82,-5.4,-3.78,,,2024,10.1039/d4ee05022c,"OPV-DB (Qiu, J., Zenodo, 2026, doi:10.5281/zenodo.20841543)"
PTB7-Th,ITIC-Th,CCCCC(CC)COC(=O)c1sc2csc(-c3cc4c(-c5ccc(CC(CC)CCCC)s5)c5sccc5c(-c5ccc(CC(CC)CCCC)s5)c4s3)c2c1F,CCCCCCc1ccc(C2(c3ccc(CCCCCC)s3)c3cc4c(cc3-c3sc5cc(/C=C6\C(=O)c7ccccc7C6=C(C#N)C#N)sc5c32)C(c2ccc(CCCCCC)s2)(c2ccc(CCCCCC)s2)c2c-4sc3cc(/C=C4\C(=O)c5ccccc5C4=C(C#N)C#N)sc23)s1,0.8,25.02,55.76,11.17,-5.29,-3.72,-5.673,-3.909,,,2024,10.1016/j.optmat.2024.115854,"OPV-DB (Qiu, J., Zenodo, 2026, doi:10.5281/zenodo.20841543)"
PB-BTF,Y6,CCCCCCCCCCC(CCCCCCCC)COc1c2cc(-c3sc(-c4c(F)c(F)c(-c5cc(CCCCCC)cs5)c5nsnc45)cc3CCCCCC)sc2c(OCC(CCCCCCCC)CCCCCCCCCC)c2ccsc12,CCCCCCCCCCCc1c(/C=C2\C(=O)c3cc(F)c(F)cc3C2=C(C#N)C#N)sc2c1sc1c3c4nsnc4c4c5sc6c(CCCCCCCCCCC)c(/C=C7\C(=O)c8cc(F)c(F)cc8C7=C(C#N)C#N)sc6c5n(CC(CC)CCCC)c4c3n(CC(CC)CCCC)c21,0.81,22.95,60.0,11.12,-5.42,-3.72,-5.65,-4.09,,,2024,10.1016/j.optmat.2024.115778,"OPV-DB (Qiu, J., Zenodo, 2026, doi:10.5281/zenodo.20841543)"
PTB7-Th,COTIC-4F,CCCCC(CC)COC(=O)c1sc2c(-c3cc4c(-c5ccc(CC(CC)CCCC)s5)c5sc(C)cc5c(-c5ccc(CC(CC)CCCC)s5)c4s3)sc(C)c2c1F,CCCCC(CC)COc1cc(/C=C2\C(=O)c3cc(F)c(F)cc3C2=C(C#N)C#N)sc1-c1cc2c(s1)-c1sc(-c3sc(/C=C4\C(=O)c5cc(F)c(F)cc5C4=C(C#N)C#N)cc3OCC(CC)CCCC)cc1C2(CC(CC)CCCC)CC(CC)CCCC,0.52,25.81,61.0,8.22,-5.21,-3.6,-5.26,-4.16,,,2024,10.1016/j.orgel.2024.107183,"OPV-DB (Qiu, J., Zenodo, 2026, doi:10.5281/zenodo.20841543)"
PBQx-TF,IT-4F,CCCCCCC(CCCC)Cc1csc(-c2cc3c(s2)-c2sc(-c4cc(CC(CCCC)CCCCCC)c(-c5cc6c(-c7cc(F)c(CC(CC)CCCC)s7)c7sccc7c(-c7cc(F)c(CC(CC)CCCC)s7)c6s5)s4)cc2[C@H]2N=CC=N[C@H]32)c1,CCCCCCc1ccc(C2(c3ccc(CCCCCC)cc3)c3cc4c(cc3-c3sc5cc(/C=C6\C(=O)c7cc(F)c(F)cc7C6=C(C#N)C#N)sc5c32)C(c2ccc(CCCCCC)cc2)(c2ccc(CCCCCC)cc2)c2c-4sc3cc(/C=C4\C(=O)c5cc(F)c(F)cc5C4=C(C#N)C#N)sc23)cc1,0.804,19.4,77.5,18.8,-5.41,-2.82,-5.66,-4.14,,,2024,10.1002/adma.202402575,"OPV-DB (Qiu, J., Zenodo, 2026, doi:10.5281/zenodo.20841543)"
PTzBI-dF,L8BO,CCCCCCCCN1C(=O)c2c(c(-c3cc(F)c(-c4cc5c(-c6cc(F)c(CC(CC)CCCC)s6)c6sccc6c(-c6cc(F)c(CC(CC)CCCC)s6)c5s4)s3)c3nn(CCC(CC)CCCC)nc3c2-c2cc(F)cs2)C1=O,CCCCCCC(CCCC)Cc1c(/C=C2\C(=O)c3cc(F)c(F)cc3C2=C(C#N)C#N)sc2c1sc1c3c4nsnc4c4c5sc6c(CC(CCCC)CCCCCC)c(/C=C7\C(=O)c8cc(F)c(F)cc8C7=C(C#N)C#N)sc6c5n(CC(CC)CCCC)c4c3n(CC(CC)CCCC)c21,0.919,26.7,77.8,19.1,-5.55,-3.83,-5.68,-3.9,,,2024,10.1002/adfm.202409323,"OPV-DB (Qiu, J., Zenodo, 2026, doi:10.5281/zenodo.20841543)"
PM6,BO4Cl,CCCCC(CC)Cc1sc(-c2c3cc(-c4ccc(-c5sc(-c6cccs6)c6c5C(=O)c5c(CC(CC)CCCC)sc(CC(CC)CCCC)c5C6=O)s4)sc3c(-c3cc(F)c(CC(CC)CCCC)s3)c3ccsc23)cc1F,CCCCCCCCCCCC1=C(/C=C2\C(=O)C3=CC(Cl)=C(Cl)C=C3C2=C(C#N)C#N)SC2=C1SC1=C2N(CC(CCCC)CCCCCC)C2=C1C1=NSN=C1C1=C2N(CC(CCCC)CCCCCC)C2=C1SC1=C2SC(/C=C2\C(=O)C3=CC(Cl)=C(Cl)C=C3C2=C(C#N)C#N)=C1CCCCCCCCCCC,0.845,29.1,77.1,18.96,-5.56,-3.65,-5.68,-4.1,,,2024,10.1021/acsenergylett.4c03168,"OPV-DB (Qiu, J., Zenodo, 2026, doi:10.5281/zenodo.20841543)"
PM6,PY-DT,CCCCC(CC)Cc1sc(-c2c3cc(-c4ccc(-c5sc(-c6cccs6)c6c5C(=O)c5c(CC(CC)CCCC)sc(CC(CC)CCCC)c5C6=O)s4)sc3c(-c3cc(F)c(CC(CC)CCCC)s3)c3ccsc23)cc1F,CCCCCCCCCCCCC(CCCCCCCCCC)Cn1c2c3sc(/C=C4\C(=O)c5ccccc5C4=C(C#N)C#N)c(CC(CCCC)CCCCCC)c3sc2c2c3nsnc3c3c4sc5c(CC(CCCC)CCCCCC)c(/C=C6\C(=O)c7cc(-c8cccs8)ccc7C6=C(C#N)C#N)sc5c4n(CC(CCCCCCCCCC)CCCCCCCCCCCC)c3c21,0.951,25.85,78.5,19.3,-5.56,-3.65,-5.6,-3.83,,,2024,10.1039/d4ee02978j,"OPV-DB (Qiu, J., Zenodo, 2026, doi:10.5281/zenodo.20841543)"
D18-Cl,N3,CCCCCCC(CCCC)Cc1csc(-c2cc3c4nsnc4c4cc(-c5cc(CC(CCCC)CCCCCC)c(-c6cc7c(-c8cc(Cl)c(CC(CC)CCCC)s8)c8sccc8c(-c8cc(Cl)c(CC(CC)CCCC)s8)c7s6)s5)sc4c3s2)c1,CCCCCCCCCCCc1c(/C=C2\C(=O)c3cc(F)c(F)cc3C2=C(C#N)C#N)sc2c1sc1c3c4nsnc4c4c5sc6c(CCCCCCCCCCC)c(/C=C7\C(=O)c8cc(F)c(F)cc8C7=C(C#N)C#N)sc6c5n(CCC(CC)CCCC)c4c3n(CCC(CC)CCCC)c21,0.875,27.63,80.8,19.53,-5.51,-2.77,-5.64,-3.86,,,2024,10.1002/advs.202409867,"OPV-DB (Qiu, J., Zenodo, 2026, doi:10.5281/zenodo.20841543)"
MEH-PPV,PCBM,C=Cc1cc(OCC(CC)CCCC)c(C=C)cc1OC,COC(=O)CCCC1(c2ccccc2)C23c4c5c6c7c8c9c(c%10c%11c2c2c%12c4c4c%13c5c5c7c7c8c8c%14c9c%10c9c%10c%11c2c2c%11c%12c4c4c%12c%13c5c5c7c7c8c8c%14c9c9c%10c2c2c%11c4c4c%12c5c7c5c8c9c2c45)C613,0.878,5.83,44.0,2.28,-5.07,-2.9,-6.1,-3.7,,,2024,10.1039/d4nj04171b,"OPV-DB (Qiu, J., Zenodo, 2026, doi:10.5281/zenodo.20841543)"
PiBT,BTP-eC9,CCCCCCN1C(=O)c2ccc(/C=C/c3ccc(/C=C/c4ccc5c(c4)C(=O)N(CCCCCC)C5=O)c4nsnc34)cc2C1=O,CCCCCCCCCc1c(/C=C2\C(=O)c3cc(Cl)c(Cl)cc3C2=C(C#N)C#N)sc2c1sc1c3c4nsnc4c4c5sc6c(CCCCCCCCC)c(/C=C7\C(=O)c8cc(Cl)c(Cl)cc8C7=C(C#N)C#N)sc6c5n(CC(CCCC)CCCCCC)c4c3n(CC(CCCC)CCCCCC)c21,0.72,24.7,52.0,9.2,-5.8,-3.3,-5.68,-3.9,,,2024,10.1039/d4ee02414a,"OPV-DB (Qiu, J., Zenodo, 2026, doi:10.5281/zenodo.20841543)"
PBDB-T,BTP-Th,CCCCC(CC)Cc1ccc(-c2c3cc(-c4ccc(-c5sc(-c6cccs6)c6c5C(=O)c5c(CC(CC)CCCC)sc(CC(CC)CCCC)c5C6=O)s4)sc3c(-c3ccc(CC(CC)CCCC)s3)c3ccsc23)s1,CCCCCCc1ccc(-c2c(/C=C3\C(=O)c4cc(F)c(F)cc4C3=C(C#N)C#N)sc3c2sc2c4c5nsnc5c5c6sc7c(-c8ccc(CCCCCC)s8)c(/C=C8\C(=O)c9cc(F)c(F)cc9C8=C(C#N)C#N)sc7c6n(CC(CCCC)CCCCCC)c5c4n(CC(CCCC)CCCCCC)c32)s1,0.88,23.01,68.73,13.91,-5.33,-3.48,-5.75,-3.96,,,2024,10.1002/cssc.202400601,"OPV-DB (Qiu, J., Zenodo, 2026, doi:10.5281/zenodo.20841543)"
SM1-F,Y6,CCCCCCCCC1=C(C2=CC=C(C3=C(CCCCCCCC)C=C(C4=CC5=C(C6=CC(F)=C(CC(CC)CCCC)S6)C6=C(C=C(C7=CC(CCCCCCCC)=C(C8=CC=C(C9=C(CCCCCCCC)C=C(/C=C(\C#N)C(=O)OCC(CC)CCCC)S9)S8)S7)S6)C(C6=CC(F)=C(CC(CC)CCCC)S6)=C5S4)S3)S2)SC(/C=C(/C#N)C(=O)OCC(CC)CCCC)=C1,CCCCCCCCCCCc1c(/C=C2\C(=O)c3cc(F)c(F)cc3C2=C(C#N)C#N)sc2c1sc1c3c4nsnc4c4c5sc6c(CCCCCCCCCCC)c(/C=C7\C(=O)c8cc(F)c(F)cc8C7=C(C#N)C#N)sc6c5n(CC(CC)CCCC)c4c3n(CC(CC)CCCC)c21,0.87,23.2,70.0,14.1,-5.37,-2.81,-5.65,-4.09,,,2024,10.1039/d4cc06017b,"OPV-DB (Qiu, J., Zenodo, 2026, doi:10.5281/zenodo.20841543)"
PBDB-T,BTP-FTh,CCCCC(CC)Cc1ccc(-c2c3cc(-c4ccc(-c5sc(-c6cccs6)c6c5C(=O)c5c(CC(CC)CCCC)sc(CC(CC)CCCC)c5C6=O)s4)sc3c(-c3ccc(CC(CC)CCCC)s3)c3ccsc23)s1,CCCCCCc1sc(-c2c(/C=C3\C(=O)c4cc(F)c(F)cc4C3=C(C#N)C#N)sc3c2sc2c4c5nsnc5c5c6sc7c(-c8cc(F)c(CCCCCC)s8)c(/C=C8\C(=O)c9cc(F)c(F)cc9C8=C(C#N)C#N)sc7c6n(CC(CCCC)CCCCCC)c5c4n(CC(CCCC)CCCCCC)c32)cc1F,0.851,24.14,72.06,14.81,-5.33,-3.48,-5.8,-4.04,,,2024,10.1002/cssc.202400601,"OPV-DB (Qiu, J., Zenodo, 2026, doi:10.5281/zenodo.20841543)"
PiNT,BTP-eC9,CCCCCCCCCCCCC(CCCCCCCCCC)Cc1csc(-c2cc3c(cc(-c4cc(CC(CCCCCCCCCC)CCCCCCCCCCCC)c(-c5ccc(/C=C(\C#N)c6cc(OCC(CC)CCCC)c(/C(C#N)=C/c7cccs7)cc6OCC(CC)CCCC)s5)s4)c4nsnc43)c3nsnc23)c1,CCCCCCCCCc1c(/C=C2\C(=O)c3cc(Cl)c(Cl)cc3C2=C(C#N)C#N)sc2c1sc1c3c4nsnc4c4c5sc6c(CCCCCCCCC)c(/C=C7\C(=O)c8cc(Cl)c(Cl)cc8C7=C(C#N)C#N)sc6c5n(CC(CCCC)CCCCCC)c4c3n(CC(CCCC)CCCCCC)c21,0.88,27.8,77.6,19.1,-5.42,-3.22,-5.68,-3.9,,,2024,10.1039/d4ee02414a,"OPV-DB (Qiu, J., Zenodo, 2026, doi:10.5281/zenodo.20841543)"
PM7,L8-BO,CCCCC(CC)Cc1sc(-c2c3ccsc3c(-c3cc(Cl)c(CC(CC)CCCC)s3)c3sc(-c4ccc(-c5sc(-c6cccs6)c6c5C(=O)c5c(CC(CC)CCCC)sc(CC(CC)CCCC)c5C6=O)s4)cc23)cc1Cl,CCCCCCC(CCCC)Cc1c(/C=C2\C(=O)c3cc(F)c(F)cc3C2=C(C#N)C#N)sc2c1sc1c3c4nsnc4c4c5sc6c(CC(CCCC)CCCCCC)c(/C=C7\C(=O)c8cc(F)c(F)cc8C7=C(C#N)C#N)sc6c5n(CC(CC)CCCC)c4c3n(CC(CC)CCCC)c21,0.908,24.41,74.17,16.44,-5.575,-3.67,-5.68,-3.9,,,2024,10.1002/adfm.202408678,"OPV-DB (Qiu, J., Zenodo, 2026, doi:10.5281/zenodo.20841543)"
PBDB-T-2F,COi8DFIC,COC(=O)C(C)(C)c1cc(C)cc(-c2sc3c4sc5cc(/C=C6/C(=O)c7cc(F)cc(c7)C(=O)/C6=C\c6cc(C(C)(C)C(=O)OC)c(-c7cc(C)cc(C(C)(C)C(=O)OC)c7)s6)sc5c4c(C(C)(C)C(=O)OC)ccc2-3)c1,CCCCCCc1ccc(C2(c3ccc(CCCCCC)cc3)Oc3c(sc4c5c(sc34)-c3sc4cc(/C=C6\C(=O)c7cc(F)c(F)cc7C6=C(C#N)C#N)sc4c3C(c3ccc(CCCCCC)cc3)(c3ccc(CCCCCC)cc3)O5)-c3sc4cc(/C=C5\C(=O)c6cc(F)c(F)cc6C5=C(C#N)C#N)sc4c32)cc1,0.835,17.82,44.11,6.57,-5.5,-3.6,-5.5,-3.88,,,2024,10.1039/d4tc05190d,"OPV-DB (Qiu, J., Zenodo, 2026, doi:10.5281/zenodo.20841543)"
SM 3,PC71BM,CCCCCCCCOc1cc(-c2ccc(-c3ccc4c5c(cccc35)C(=O)N(CCCCCCCC)C4=O)s2)c(F)cc1-c1ccc(-c2ccc3c4c(cccc24)C(=O)N(CCCCCCCC)C3=O)s1,COC(=O)CCCC1(c2ccccc2)C23c4c5ccc6c7cc8c9c%10c(cc%11cc%12c%13c%14c(cc%15c%16ccc-5c2c%16c2c5c%16c%17c(c(c46)c7c9c%17c4c%10c%11c%13c4c%16c%14c%152)C513)C%12)C8,0.92,11.24,72.0,7.48,-5.95,-3.68,-5.9,-3.9,,,2024,10.1021/acsaem.4c00854,"OPV-DB (Qiu, J., Zenodo, 2026, doi:10.5281/zenodo.20841543)"
PTB7-Th,ITIC-4F,CCCCC(CC)COC(=O)c1sc2c(-c3cc4c(-c5ccc(CC(CC)CCCC)s5)c5sc(C)cc5c(-c5ccc(CC(CC)CCCC)s5)c4s3)sc(C)c2c1F,CCc1ccc(C2(c3ccc(CC)cc3)c3cc4c(cc3-c3sc5cc(/C=C6\C(=O)c7cc(F)c(F)cc7C6=C(C#N)C#N)sc5c32)C(c2ccc(CC)cc2)(c2ccc(CC)cc2)c2c-4sc3cc(/C=C4\C(=O)c5cc(F)c(F)cc5C4=C(C#N)C#N)sc23)cc1,0.64,19.61,55.0,6.7,-5.21,-3.6,-5.82,-4.24,,,2024,10.1016/j.orgel.2024.107183,"OPV-DB (Qiu, J., Zenodo, 2026, doi:10.5281/zenodo.20841543)"
D18,A2,CCCCCCC(CCCC)Cc1csc(-c2cc3c4nsnc4c4cc(-c5cc(CC(CCCC)CCCCCC)c(-c6cc7c(-c8cc(F)c(CC(CC)CCCC)s8)c8sccc8c(-c8cc(F)c(CC(CC)CCCC)s8)c7s6)s5)sc4c3s2)c1,CCCCCC(CCCCC)N1C(=O)c2ccc3c4c2c(cc2c4c4c(c5ccc6c7cc8c(=O)n(C(CCCCC)CCCCC)c(=O)c9ccc%10c%11ccc%12c(=O)n(C(CCCCC)CCCCC)c(=O)c%13cc(c6c52)c(c%11c%12%13)c7c%10c98)=CC2C(=O)N(C(CCCCC)CCCCC)C(=O)C5=C2C=4C3C=C5)C1=O,0.872,26.46,78.89,18.2,-5.51,-2.77,-5.7,-3.78,,,2024,10.1002/adma.202405718,"OPV-DB (Qiu, J., Zenodo, 2026, doi:10.5281/zenodo.20841543)"
PTB7-Th,IEICO,CCCCC(CC)COC(=O)c1sc2c(-c3cc4c(-c5ccc(CC(CC)CCCC)s5)c5sc(C)cc5c(-c5ccc(CC(CC)CCCC)s5)c4s3)sc(C)c2c1F,CCCCCCc1ccc(C2(c3ccc(CCCCCC)cc3)c3cc4c(cc3-c3sc(-c5sc(/C=C6\C(=O)c7ccccc7C6=C(C#N)C#N)cc5OCC(CC)CCCC)cc32)C(c2ccc(CCCCCC)cc2)(c2ccc(CCCCCC)cc2)c2cc(-c3sc(/C=C5\C(=O)c6ccccc6C5=C(C#N)C#N)cc3OCC(CC)CCCC)sc2-4)cc1,0.9,12.5,59.4,6.7,-5.21,-3.6,-5.32,-3.95,,,2025,10.1016/j.molstruc.2025.145091,"OPV-DB (Qiu, J., Zenodo, 2026, doi:10.5281/zenodo.20841543)"
D18,H-1,CCCCCCC(CCCC)CC1=CSC(C2=CC3=C(S2)C2=C(C=C(C4=CC(CC(CCCC)CCCCCC)=C(C5=CC6=C(C7=CC(F)=C(CC(CC)CCCC)S7)C7=C(C=CS7)C(C7=CC(F)=C(CC(CC)CCCC)S7)=C6S5)S4)S2)C2=NSN=C32)=C1,CCN1C(=O)C2=C(c3ccc(-c4ccc5c(c4)C(=C4c6cc(-c7ccc(C8=C9C(=O)N(CC)C(c%10cccs%10)=C9C(=O)N8CC)s7)ccc6-c6ccc(-c7ccc(C8=C9C(=O)N(CC)C(c%10cccs%10)=C9C(=O)N8CC)s7)cc64)c4cc(-c6ccc(C7=C8C(=O)N(CC)C(c9cccs9)=C8C(=O)N7CC)s6)ccc4-5)s3)N(CC)C(=O)C2=C1c1cccs1,0.927,25.76,77.79,18.56,-5.51,-2.77,-5.51,-3.84,,,2025,10.1002/adom.202500450,"OPV-DB (Qiu, J., Zenodo, 2026, doi:10.5281/zenodo.20841543)"
P3HT,BT-CIC,CCCCCCc1cc(C)sc1C,CCCCCCc1ccc(C2(c3ccc(CCCCCC)cc3)c3cc(/C=C4\C(=O)c5cc(Cl)c(Cl)cc5C4=C(C#N)C#N)sc3-c3sc4c(OCC(CC)CCCC)c5c6c(sc5c(OCC(CC)CCCC)c4c32)-c2sc(/C=C3\C(=O)c4cc(Cl)c(Cl)cc4C3=C(C#N)C#N)cc2C6(c2ccc(CCCCCC)cc2)c2ccc(CCCCCC)cc2)cc1,0.47,2.79,49.6,0.7,-5.01,-3.12,-5.49,-4.09,,,2025,10.1039/d5ee05059f,"OPV-DB (Qiu, J., Zenodo, 2026, doi:10.5281/zenodo.20841543)"
PBDTTT-C,PC61BM,CCCCC(CC)COc1c2cc(-c3scc4sc(C(=O)C(CC)CCCC)cc34)sc2c(OCC(CC)CCCC)c2ccsc12,COC(=O)CCCC1(c2ccccc2)C23c4c5c6c7c8c9c(c%10c%11c2c2c%12c4c4c%13c5c5c7c7c8c8c%14c9c%10c9c%10c%11c2c2c%11c%12c4c4c%12c%13c5c5c7c7c8c8c%14c9c9c%10c2c2c%11c4c4c%12c5c7c5c8c9c2c45)C613,0.68,16.1,61.0,6.6,-5.12,-3.35,-6.1,-3.7,,,2025,10.1016/j.cej.2025.167007,"OPV-DB (Qiu, J., Zenodo, 2026, doi:10.5281/zenodo.20841543)"
J52,i-IEICO-F3,CCCCCCCCC(CCCCCC)Cn1nc2c(-c3ccc(C)s3)c(F)c(F)c(-c3ccc(-c4cc5c(-c6ccc(CC(CC)CCCC)s6)c6sc(C)cc6c(-c6ccc(CC(CC)CCCC)s6)c5s4)s3)c2n1,CCCCCCc1ccc(C2(c3ccc(CCCCCC)cc3)c3cc4c(cc3-c3sc(-c5scc(/C=C6\C(=O)c7c(F)cccc7C6=C(C#N)C#N)c5OCC(CC)CCCC)cc32)C(c2ccc(CCCCCC)cc2)(c2ccc(CCCCCC)cc2)c2cc(-c3scc(/C=C5\C(=O)c6c(F)cccc6C5=C(C#N)C#N)c3OCC(CC)CCCC)sc2-4)cc1,0.897,16.21,52.6,7.65,-5.2,-3.05,-5.34,-3.74,,,2025,10.1016/j.molstruc.2025.145091,"OPV-DB (Qiu, J., Zenodo, 2026, doi:10.5281/zenodo.20841543)"
PIDTT-DFBT,P71BM,CCCCCCc1ccc(C2(c3ccc(CCCCCC)cc3)c3cc4c(cc3-c3sc5ccsc5c32)C(c2ccc(CCCCCC)cc2)(c2ccc(CCCCCC)cc2)c2c-4sc3cc(-c4c(F)c(F)cc5nsnc45)sc23)cc1,COC(=O)CCCC1(c2ccccc2)C23c4c5ccc6c7cc8c9c%10c(cc%11cc%12c%13c%14c(cc%15c%16ccc-5c2c%16c2c5c%16c%17c(c(c46)c7c9c%17c4c%10c%11c%13c4c%16c%14c%152)C513)C%12)C8,0.97,12.49,63.0,7.54,-5.3,-3.5,-5.9,-3.9,,,2025,10.1016/j.cej.2025.167007,"OPV-DB (Qiu, J., Zenodo, 2026, doi:10.5281/zenodo.20841543)"
PPDT2FBT,PC61BM,CCCCCCCCC(CCCCCC)COC1=CC(C2=CC=C(C3=C(F)C(F)=C(C4=CC=CS4)C4=NSN=C34)S2)=C(OCC(CCCCCC)CCCCCCCC)C=C1,COC(=O)CCCC1(c2ccccc2)C23c4c5c6c7c8c9c(c%10c%11c2c2c%12c4c4c%13c5c5c7c7c8c8c%14c9c%10c9c%10c%11c2c2c%11c%12c4c4c%12c%13c5c5c7c7c8c8c%14c9c9c%10c2c2c%11c4c4c%12c5c7c5c8c9c2c45)C613,0.78,15.9,61.0,7.63,-5.43,-3.67,-6.1,-3.7,,,2025,10.1021/acsami.5c17316,"OPV-DB (Qiu, J., Zenodo, 2026, doi:10.5281/zenodo.20841543)"
PM6,F-BTA3,CCCCC(CC)Cc1sc(-c2c3cc(-c4ccc(-c5sc(-c6cccs6)c6c5C(=O)c5c(CC(CC)CCCC)sc(CC(CC)CCCC)c5C6=O)s4)sc3c(-c3cc(F)c(CC(CC)CCCC)s3)c3ccsc23)cc1F,CCCCCCCCN1N=C2C(/C=C3/SC(=C(C#N)C#N)N(CC)C3=O)=CC(F)=C(C3=CC4=C(S3)C3=C(C=C5C(=C3)C(C3=CC=C(CCCCCC)C=C3)(C3=CC=C(CCCCCC)C=C3)C3=C5SC(C5=C(F)C=C(/C=C6/SC(=C(C#N)C#N)N(CC)C6=O)C6=NN(CCCCCCCC)N=C56)=C3)C4(C3=CC=C(CCCCCC)C=C3)C3=CC=C(CCCCCC)C=C3)C2=N1,1.169,10.51,62.67,7.7,-5.56,-3.65,-5.52,-3.39,,,2025,10.1002/smll.202506344,"OPV-DB (Qiu, J., Zenodo, 2026, doi:10.5281/zenodo.20841543)"
PBDB-T,IT-T-IC,CCCCC(CC)Cc1ccc(-c2c3cc(-c4ccc(-c5sc(-c6cccs6)c6c5C(=O)c5c(CC(CC)CCCC)sc(CC(CC)CCCC)c5C6=O)s4)sc3c(-c3ccc(CC(CC)CCCC)s3)c3ccsc23)s1,CCc1ccc(C2(c3ccc(CC)cc3)c3cc4c(cc3-c3sc5cc(-c6ccc(/C=C7\C(=O)c8ccccc8C7=C(C#N)C#N)s6)sc5c32)C(c2ccc(CC)cc2)(c2ccc(CC)cc2)c2c-4sc3cc(-c4ccc(/C=C5\C(=O)c6ccccc6C5=C(C#N)C#N)s4)sc23)cc1,0.978,11.26,59.7,6.57,-5.33,-3.48,-5.28,-3.82,,,2025,10.1016/j.molstruc.2025.145091,"OPV-DB (Qiu, J., Zenodo, 2026, doi:10.5281/zenodo.20841543)"
PM6,AQx-2,CCCCC(CC)Cc1sc(-c2c3cc(-c4ccc(-c5sc(-c6cccs6)c6c5C(=O)c5c(CC(CC)CCCC)sc(CC(CC)CCCC)c5C6=O)s4)sc3c(-c3cc(F)c(CC(CC)CCCC)s3)c3ccsc23)cc1F,CCCCCCCCCCCC1=C(/C=C2\C(=O)C3=CC(F)=C(F)C=C3C2=C(C#N)C#N)SC2=C1SC1=C2N(CC)C2=C3C(=C4N=CC=NC4=C12)C1=C(C2=C(S1)C(CCCCCCCCCCC)=C(/C=C1\C(=O)C4=CC(F)=C(F)C=C4C1=C(C#N)C#N)S2)N3CC,0.87,25.8,73.1,16.4,-5.56,-3.65,-5.62,-3.88,,,2025,10.1002/aenm.202502643,"OPV-DB (Qiu, J., Zenodo, 2026, doi:10.5281/zenodo.20841543)"
D18,PY-IT,CCCCCCC(CCCC)CC1=CSC(C2=CC3=C(S2)C2=C(C=C(C4=CC(CC(CCCC)CCCCCC)=C(C5=CC6=C(C7=CC(F)=C(CC(CC)CCCC)S7)C7=C(C=CS7)C(C7=CC(F)=C(CC(CC)CCCC)S7)=C6S5)S4)S2)C2=NSN=C32)=C1,CCCCCCCCCCCc1c(/C=C2\C(=O)c3ccccc3C2=C(C#N)C#N)sc2c1sc1c3c4nsnc4c4c5sc6c(CCCCCCCCCCC)c(/C=C7\C(=O)c8cc(-c9cccs9)ccc8C7=C(C#N)C#N)sc6c5n(CC(CCCCCCCC)CCCCCCCCCC)c4c3n(CC(CCCCCCCC)CCCCCCCCCC)c21,0.94,23.54,74.47,16.48,-5.51,-2.77,-5.68,-3.94,,,2025,10.1039/d5ta03440j,"OPV-DB (Qiu, J., Zenodo, 2026, doi:10.5281/zenodo.20841543)"
J52,IEICO-4F,CCCCCCCCC(CCCCCC)Cn1nc2c(-c3ccc(C)s3)c(F)c(F)c(-c3ccc(-c4cc5c(-c6ccc(CC(CC)CCCC)s6)c6sc(C)cc6c(-c6ccc(CC(CC)CCCC)s6)c5s4)s3)c2n1,CCCCCCc1ccc(C2(c3ccc(CCCCCC)cc3)c3cc4c(cc3-c3sc(-c5sc(/C=C6\C(=O)c7cc(F)c(F)cc7C6=C(C#N)C#N)cc5OCC(CC)CCCC)cc32)C(c2ccc(CCCCCC)cc2)(c2ccc(CCCCCC)cc2)c2cc(-c3scc(/C=C5/C(=O)c6cc(F)c(F)cc6C5=C(C#N)C#N)c3OCC(CC)CCCC)sc2-4)cc1,0.704,19.55,56.3,7.75,-5.2,-3.05,-5.44,-4.19,,,2025,10.1016/j.molstruc.2025.145091,"OPV-DB (Qiu, J., Zenodo, 2026, doi:10.5281/zenodo.20841543)"
D18,H-2F,CCCCCCC(CCCC)CC1=CSC(C2=CC3=C(S2)C2=C(C=C(C4=CC(CC(CCCC)CCCCCC)=C(C5=CC6=C(C7=CC(F)=C(CC(CC)CCCC)S7)C7=C(C=CS7)C(C7=CC(F)=C(CC(CC)CCCC)S7)=C6S5)S4)S2)C2=NSN=C32)=C1,CCCCCCCCC1=C(/C=C2\C(=O)C3=CC(F)=C(F)C=C3C2=C(C#N)C#N)SC(C2=C(N(C3=CC=CC=C3)C3=CC=CC=C3)C3=C(S2)C(N(C2=CC=CC=C2)C2=CC=CC=C2)=C(C2=CC(CCCCCCCC)=C(/C=C4\C(=O)C5=CC(F)=C(F)C=C5C4=C(C#N)C#N)S2)S3)=C1,0.917,26.16,78.63,18.85,-5.51,-2.77,-5.58,-4.06,,,2025,10.1002/adom.202500450,"OPV-DB (Qiu, J., Zenodo, 2026, doi:10.5281/zenodo.20841543)"
D18,Bu-OD-4F,CCCCCCC(CCCC)CC1=CSC(C2=CC3=C(S2)C2=C(C=C(C4=CC(CC(CCCC)CCCCCC)=C(C5=CC6=C(C7=CC(F)=C(CC(CC)CCCC)S7)C7=C(C=CS7)C(C7=CC(F)=C(CC(CC)CCCC)S7)=C6S5)S4)S2)C2=NSN=C32)=C1,CCCCCCCCCCCc1c(/C=C2\C(=O)c3cc(F)c(F)cc3C2=C(C#N)C#N)sc2c1sc1c3c4nsnc4c4c5sc6c(CCCCCCCCCCC)c(/C=C7\C(=O)c8cc(F)c(F)cc8C7=C(C#N)C#N)sc6c5n(C(C)(C)C)c4c3n(CC(CCCCCCCC)CCCCCCCCCC)c21,0.856,26.366,76.41,17.236,-5.51,-2.77,-5.68,-4.01,,,2025,10.1039/d5ta08724d,"OPV-DB (Qiu, J., Zenodo, 2026, doi:10.5281/zenodo.20841543)"
L8-BO,ITIC,CCCCCCC(CCCC)Cc1c(/C=C2\C(=O)c3cc(F)c(F)cc3C2=C(C#N)C#N)sc2c1sc1c3c4nsnc4c4c5sc6c(CC(CCCC)CCCCCC)c(/C=C7\C(=O)c8cc(F)c(F)cc8C7=C(C#N)C#N)sc6c5n(CC(CC)CCCC)c4c3n(CC(CC)CCCC)c21,CCCCCCc1ccc(C2(c3ccc(CCCCCC)cc3)c3cc4c(cc3-c3sc5cc(/C=C6\C(=O)c7ccccc7C6=C(C#N)C#N)sc5c32)C(c2ccc(CCCCCC)cc2)(c2ccc(CCCCCC)cc2)c2c-4sc3cc(/C=C4\C(=O)c5ccccc5C4=C(C#N)C#N)sc23)cc1,0.914,27.68,76.18,19.33,-5.68,-3.9,-5.576,-3.916,,,2025,10.1002/adfm.202506593,"OPV-DB (Qiu, J., Zenodo, 2026, doi:10.5281/zenodo.20841543)"
D18,Y6,CCCCCCC(CCCC)CC1=CSC(C2=CC3=C(S2)C2=C(C=C(C4=CC(CC(CCCC)CCCCCC)=C(C5=CC6=C(C7=CC(F)=C(CC(CC)CCCC)S7)C7=C(C=CS7)C(C7=CC(F)=C(CC(CC)CCCC)S7)=C6S5)S4)S2)C2=NSN=C32)=C1,CCCCCCCCCCCc1c(/C=C2\C(=O)c3cc(F)c(F)cc3C2=C(C#N)C#N)sc2c1sc1c3c4nsnc4c4c5sc6c(CCCCCCCCCCC)c(/C=C7\C(=O)c8cc(F)c(F)cc8C7=C(C#N)C#N)sc6c5n(CC(CC)CCCC)c4c3n(CC(CC)CCCC)c21,0.836,28.6,80.84,19.35,-5.51,-2.77,-5.65,-4.09,,,2025,10.1016/j.cej.2025.160133,"OPV-DB (Qiu, J., Zenodo, 2026, doi:10.5281/zenodo.20841543)"
P3HT,IEICO-4F,CCCCCCc1cc(C)sc1C,CCCCCCc1ccc(C2(c3ccc(CCCCCC)cc3)c3cc4c(cc3-c3sc(-c5sc(/C=C6\C(=O)c7cc(F)c(F)cc7C6=C(C#N)C#N)cc5OCC(CC)CCCC)cc32)C(c2ccc(CCCCCC)cc2)(c2ccc(CCCCCC)cc2)c2cc(-c3scc(/C=C5/C(=O)c6cc(F)c(F)cc6C5=C(C#N)C#N)c3OCC(CC)CCCC)sc2-4)cc1,0.42,7.3,45.6,1.41,-5.01,-3.12,-5.44,-4.19,,,2025,10.1039/d5ee05059f,"OPV-DB (Qiu, J., Zenodo, 2026, doi:10.5281/zenodo.20841543)"
PNDIT-F3N,PIL-PDES,COC(=O)C(C)(C)c1cc(C)cc(-c2sc3c4sc5cc(/C=C6/C(=O)c7cc(F)cc(c7)C(=O)/C6=C\c6cc(C(C)(C)C(=O)OC)c(-c7cc(C)cc(C(C)(C)C(=O)OC)c7)s6)sc5c4c(C(C)(C)C(=O)OC)ccc2-3)c1,CCCCCCCCCCCCC(CCCCCCCCCC)Cn1c2c3sc(/C=C4\C(=O)c5ccccc5C4=C(C#N)C#N)c(CC(CCCC)CCCCCC)c3sc2c2c3nsnc3c3c4sc5c(CC(CCCC)CCCCCC)c(/C=C6\C(=O)c7cc(-c8cccs8)ccc7C6=C(C#N)C#N)sc5c4n(CC(CCCCCCCCCC)CCCCCCCCCCCC)c3c21,0.9504,25.3,81.41,19.58,-5.56,-3.65,-5.6,-3.83,,,2025,10.1002/adma.202507761,"OPV-DB (Qiu, J., Zenodo, 2026, doi:10.5281/zenodo.20841543)"
D18-Cl,Y6,CCCCCCC(CCCC)Cc1csc(-c2cc3c4nsnc4c4cc(-c5cc(CC(CCCC)CCCCCC)c(-c6cc7c(-c8cc(Cl)c(CC(CC)CCCC)s8)c8sccc8c(-c8cc(Cl)c(CC(CC)CCCC)s8)c7s6)s5)sc4c3s2)c1,CCCCCCCCCCCc1c(/C=C2\C(=O)c3cc(F)c(F)cc3C2=C(C#N)C#N)sc2c1sc1c3c4nsnc4c4c5sc6c(CCCCCCCCCCC)c(/C=C7\C(=O)c8cc(F)c(F)cc8C7=C(C#N)C#N)sc6c5n(CC(CC)CCCC)c4c3n(CC(CC)CCCC)c21,0.862,27.94,79.84,19.23,-5.51,-2.77,-5.65,-4.09,,,2025,10.1002/smtd.202501159,"OPV-DB (Qiu, J., Zenodo, 2026, doi:10.5281/zenodo.20841543)"
D18,N3,CCCCCCC(CCCC)CC1=CSC(C2=CC3=C(S2)C2=C(C=C(C4=CC(CC(CCCC)CCCCCC)=C(C5=CC6=C(C7=CC(F)=C(CC(CC)CCCC)S7)C7=C(C=CS7)C(C7=CC(F)=C(CC(CC)CCCC)S7)=C6S5)S4)S2)C2=NSN=C32)=C1,CCCCCCCCCCCc1c(/C=C2\C(=O)c3cc(F)c(F)cc3C2=C(C#N)C#N)sc2c1sc1c3c4nsnc4c4c5sc6c(CCCCCCCCCCC)c(/C=C7\C(=O)c8cc(F)c(F)cc8C7=C(C#N)C#N)sc6c5n(CCC(CC)CCCC)c4c3n(CCC(CC)CCCC)c21,0.836,28.79,79.51,19.12,-5.51,-2.77,-5.64,-3.86,,,2025,10.1039/d5ee04322k,"OPV-DB (Qiu, J., Zenodo, 2026, doi:10.5281/zenodo.20841543)"
PCDTBT,PCBM,CCCCCCCCC(CCCCCCCC)N1C2=CC=CC=C2C2=CC=C(C3=CC=C(C4=CC=C(C5=CC=CS5)C5=NSN=C45)S3)C=C21,COC(=O)CCCC1(c2ccccc2)C23c4c5c6c7c8c9c(c%10c%11c2c2c%12c4c4c%13c5c5c7c7c8c8c%14c9c%10c9c%10c%11c2c2c%11c%12c4c4c%12c%13c5c5c7c7c8c8c%14c9c9c%10c2c2c%11c4c4c%12c5c7c5c8c9c2c45)C613,0.728,5.7,53.3,2.25,-5.5,-3.6,-6.1,-3.7,,,2025,10.1016/j.apsusc.2025.165613,"OPV-DB (Qiu, J., Zenodo, 2026, doi:10.5281/zenodo.20841543)"
PTQ10,P(NDIDEG-T),CCCCCCCCC(CCCCCC)COc1cnc2c(C)c(F)c(F)c(-c3ccc(C)s3)c2n1,COCCOCCOCC(COCCOCCOC)CN1C(=O)c2ccc3c4c(c(-c5cccs5)cc(c24)C1=O)C(=O)N(CC(COCCOCCOC)COCCOCCOC)C3=O,0.806,6.68,39.76,2.25,-5.54,-2.92,-5.74,-4.01,,,2025,10.1021/acs.chemmater.5c00515,"OPV-DB (Qiu, J., Zenodo, 2026, doi:10.5281/zenodo.20841543)"
D18,Y6,CCCCCCC(CCCC)Cc1csc(-c2cc3c4nsnc4c4cc(-c5cc(CC(CCCC)CCCCCC)c(-c6cc7c(-c8cc(F)c(CC(CC)CCCC)s8)c8sccc8c(-c8cc(F)c(CC(CC)CCCC)s8)c7s6)s5)sc4c3s2)c1,CCCCCCCCCCCc1c(/C=C2\C(=O)c3cc(F)c(F)cc3C2=C(C#N)C#N)sc2c1sc1c3c4nsnc4c4c5sc6c(CCCCCCCCCCC)c(/C=C7\C(=O)c8cc(F)c(F)cc8C7=C(C#N)C#N)sc6c5n(CC(CC)CCCC)c4c3n(CC(CC)CCCC)c21,0.877,27.52,81.47,19.66,-5.51,-2.77,-5.65,-4.09,,,2025,10.1002/adfm.202531119,"OPV-DB (Qiu, J., Zenodo, 2026, doi:10.5281/zenodo.20841543)"
L8-BO,Y6,CCCCCCC(CCCC)Cc1c(/C=C2\C(=O)c3cc(F)c(F)cc3C2=C(C#N)C#N)sc2c1sc1c3c4nsnc4c4c5sc6c(CC(CCCC)CCCCCC)c(/C=C7\C(=O)c8cc(F)c(F)cc8C7=C(C#N)C#N)sc6c5n(CC(CC)CCCC)c4c3n(CC(CC)CCCC)c21,CCCCCCCCCCCc1c(/C=C2\C(=O)c3cc(F)c(F)cc3C2=C(C#N)C#N)sc2c1sc1c3c4nsnc4c4c5sc6c(CCCCCCCCCCC)c(/C=C7\C(=O)c8cc(F)c(F)cc8C7=C(C#N)C#N)sc6c5n(CC(CC)CCCC)c4c3n(CC(CC)CCCC)c21,0.902,28.09,77.43,19.62,-5.68,-3.9,-5.65,-4.09,,,2025,10.1002/adfm.202506593,"OPV-DB (Qiu, J., Zenodo, 2026, doi:10.5281/zenodo.20841543)"
PBDB-T,i-IEICO,CCCCC(CC)Cc1ccc(-c2c3cc(-c4ccc(-c5sc(-c6cccs6)c6c5C(=O)c5c(CC(CC)CCCC)sc(CC(CC)CCCC)c5C6=O)s4)sc3c(-c3ccc(CC(CC)CCCC)s3)c3ccsc23)s1,CCCCCCc1ccc(C2(c3ccc(CCCCCC)cc3)c3cc4c(cc3-c3sc(-c5cc(/C=C6\C(=O)c7ccccc7C6=C(C#N)C#N)cs5)cc32)C(c2ccc(CCCCCC)cc2)(c2ccc(CCCCCC)cc2)c2cc(-c3cc(/C=C5\C(=O)c6ccccc6C5=C(C#N)C#N)cs3)sc2-4)cc1,1.006,14.67,59.6,8.79,-5.33,-3.48,-5.31,-3.68,,,2025,10.1016/j.molstruc.2025.145091,"OPV-DB (Qiu, J., Zenodo, 2026, doi:10.5281/zenodo.20841543)"
PBDT-ST1,PC71BM,CCCCC(CC)CSc1ccc(-c2c3cc(-c4ccc(-c5sc(-c6cccs6)c6c5C(=O)c5c(CC(CC)CCCC)sc(CC(CC)CCCC)c5C6=O)s4)sc3c(-c3ccc(SCC(CC)CCCC)s3)c3ccsc23)s1,COC(=O)CCCC1(c2ccccc2)C23c4c5ccc6c7cc8c9c%10c(cc%11cc%12c%13c%14c(cc%15c%16ccc-5c2c%16c2c5c%16c%17c(c(c46)c7c9c%17c4c%10c%11c%13c4c%16c%14c%152)C513)C%12)C8,0.89,13.8,74.0,9.09,-5.52,-3.56,-5.9,-3.9,,,2025,10.1016/j.cej.2025.167007,"OPV-DB (Qiu, J., Zenodo, 2026, doi:10.5281/zenodo.20841543)"
D18,AQx-2,CCCCCCC(CCCC)CC1=CSC(C2=CC3=C(S2)C2=C(C=C(C4=CC(CC(CCCC)CCCCCC)=C(C5=CC6=C(C7=CC(F)=C(CC(CC)CCCC)S7)C7=C(C=CS7)C(C7=CC(F)=C(CC(CC)CCCC)S7)=C6S5)S4)S2)C2=NSN=C32)=C1,CCCCCCCCCCCC1=C(/C=C2\C(=O)C3=CC(F)=C(F)C=C3C2=C(C#N)C#N)SC2=C1SC1=C2N(CC)C2=C3C(=C4N=CC=NC4=C12)C1=C(C2=C(S1)C(CCCCCCCCCCC)=C(/C=C1\C(=O)C4=CC(F)=C(F)C=C4C1=C(C#N)C#N)S2)N3CC,0.868,27.379,76.0,17.553,-5.51,-2.77,-5.62,-3.88,,,2025,10.1039/d5ta08724d,"OPV-DB (Qiu, J., Zenodo, 2026, doi:10.5281/zenodo.20841543)"
PTzBI-oF,PYIT,CCCCCCCCN1C(=O)C2=C(C3=CC(F)=CS3)C3=NN(CC(CC)CCCC)N=C3C(C3=CC(F)=C(C4=CC5=C(S4)C(C4=CC=C(CC(CC)CCCC)S4)=C4C=CSC4=C5C4=CC=C(CC(CC)CCCC)S4)S3)=C2C1=O,CCCCCCCCCCCc1c(/C=C2\C(=O)c3ccccc3C2=C(C#N)C#N)sc2c1sc1c3c4nsnc4c4c5sc6c(CCCCCCCCCCC)c(/C=C7\C(=O)c8cc(-c9cccs9)ccc8C7=C(C#N)C#N)sc6c5n(CC(CCCCCCCC)CCCCCCCCCC)c4c3n(CC(CCCCCCCC)CCCCCCCCCC)c21,0.891,26.11,75.41,17.55,-5.25,-3.25,-5.68,-3.94,,,2025,10.1039/d5ee01082a,"OPV-DB (Qiu, J., Zenodo, 2026, doi:10.5281/zenodo.20841543)"
SM1,PZ1,CCCCCCCCC1=C(C2=CC=C(C3=C(CCCCCCCC)C=C(C4=CC5=C(C6=CC=C(CC(CC)CCCC)S6)C6=C(C=C(C7=CC(CCCCCCCC)=C(C8=CC=C(C9=C(CCCCCCCC)C=C(/C=C(\C#N)C(=O)OCC(CC)CCCC)S9)S8)S7)S6)C(C6=CC=C(CC(CC)CCCC)S6)=C5S4)S3)S2)SC(/C=C(/C#N)C(=O)OCC(CC)CCCC)=C1,CCCCCCCCCCCCCCCCC1(CCCCCCCCCCCCCCCC)c2cc3c(cc2-c2sc(/C=C4\C(=O)C5=C(C=CC(c6cccs6)C=C5)C4=C(C#N)C#N)cc21)C(CCCCCCCCCCCCCCCC)(CCCCCCCCCCCCCCCC)c1cc(/C=C2\C(=O)c4ccccc4C2=C(C#N)C#N)sc1-3,0.883,7.34,61.34,3.97,-5.25,-2.8,-5.74,-3.86,,,2025,10.1016/j.orgel.2025.107325,"OPV-DB (Qiu, J., Zenodo, 2026, doi:10.5281/zenodo.20841543)"
PBDB-T,IDT6CN,CCCCC(CC)Cc1ccc(-c2c3cc(-c4ccc(-c5sc(-c6cccs6)c6c5C(=O)c5c(CC(CC)CCCC)sc(CC(CC)CCCC)c5C6=O)s4)sc3c(-c3ccc(CC(CC)CCCC)s3)c3ccsc23)s1,CCCCCCc1ccc(C2(c3ccc(CCCCCC)cc3)c3cc4c(cc3-c3sc(/C=C5/C(=O)c6cscc6C5=C(C#N)C#N)cc32)C(c2ccc(CCCCCC)cc2)(c2ccc(CCCCCC)cc2)c2c-4sc3cc(/C=C4\C(=O)c5cscc5C4=C(C#N)C#N)sc23)cc1,0.83,15.14,73.27,9.27,-5.33,-3.48,-5.68,-3.97,,,2025,10.1016/j.mtener.2025.102108,"OPV-DB (Qiu, J., Zenodo, 2026, doi:10.5281/zenodo.20841543)"
PTQ10,PY-IT,CCCCCCCCC(CCCCCC)COc1cnc2c(C)c(F)c(F)c(-c3ccc(C)s3)c2n1,CCCCCCCCCCCc1c(/C=C2\C(=O)c3ccccc3C2=C(C#N)C#N)sc2c1sc1c3c4nsnc4c4c5sc6c(CCCCCCCCCCC)c(/C=C7\C(=O)c8cc(-c9cccs9)ccc8C7=C(C#N)C#N)sc6c5n(CC(CCCCCCCC)CCCCCCCCCC)c4c3n(CC(CCCCCCCC)CCCCCCCCCC)c21,0.96,22.12,65.15,13.83,-5.54,-2.92,-5.68,-3.94,,,2025,10.1039/d5ta03440j,"OPV-DB (Qiu, J., Zenodo, 2026, doi:10.5281/zenodo.20841543)"
P3HT,IDT-2Br,CCCCCCc1cc(C)sc1C,CCc1ccc(C2(c3ccc(CC)cc3)c3cc4c(cc3-c3sc(-c5ccc(/C=C6\SC(=S)N(CC)C6=O)c6nsnc56)cc32)C(c2ccc(CC)cc2)(c2ccc(CC)cc2)c2cc(-c3ccc(/C=C5\SC(=S)N(CC)C5=O)c5nsnc35)sc2-4)cc1,0.83,7.39,64.8,4.01,-5.01,-3.12,-5.52,-3.69,,,2025,10.1039/d5ee05059f,"OPV-DB (Qiu, J., Zenodo, 2026, doi:10.5281/zenodo.20841543)"
PBDT-TS1,PC71BM,CCCCCCCCSC1=CC=C(C2=C3SC=CC3=C(C3=CC=C(SCCCCCCCC)S3)C3=C2C=C(C2=C4C(F)=C(C(=O)OCC(CC)CCCC)SC4=CS2)S3)S1,CCCCC(=O)OCC1(C2=CC=CC=C2)C3=CC=CC4=CC=CC5=CC=CC6=CC=C7C=CC=CC8=CC=CC1=C8C7=C6C5=C4C3,0.88,11.5,65.0,6.4,-5.33,-3.52,-6.1,-3.9,,,2025,10.1016/j.jiec.2025.02.022,"OPV-DB (Qiu, J., Zenodo, 2026, doi:10.5281/zenodo.20841543)"
PBDT-TS1,PC61BM,CCCCCCCCSC1=CC=C(C2=C3SC=CC3=C(C3=CC=C(SCCCCCCCC)S3)C3=C2C=C(C2=C4C(F)=C(C(=O)OCC(CC)CCCC)SC4=CS2)S3)S1,COC(=O)CCCC1(c2ccccc2)C23c4c5c6c7c8c9c(c%10c%11c2c2c%12c4c4c%13c5c5c7c7c8c8c%14c9c%10c9c%10c%11c2c2c%11c%12c4c4c%12c%13c5c5c7c7c8c8c%14c9c9c%10c2c2c%11c4c4c%12c5c7c5c8c9c2c45)C613,0.78,12.5,64.0,6.4,-5.33,-3.52,-6.1,-3.7,,,2025,10.1016/j.jiec.2025.02.022,"OPV-DB (Qiu, J., Zenodo, 2026, doi:10.5281/zenodo.20841543)"
J71,N2200,CCCCCCCCC(CCCCCC)Cn1nc2c(-c3ccc(C)s3)c(F)c(F)c(-c3ccc(-c4cc5c(-c6ccc([Si](CCC)(CCC)CCC)s6)c6sc(C)cc6c(-c6ccc([Si](CCC)(CCC)CCC)s6)c5s4)s3)c2n1,CCCCCCCCCCC(CCCCCCCC)CN1C(=O)C2=C3C(=CC(C4=CC=C(C5=CC=CS5)S4)=C4C(=O)N(CC(CCCCCCCC)CCCCCCCCCC)C(=O)C(=C43)C=C2)C1=O,0.9,9.6,74.0,6.4,-5.4,-3.24,-5.71,-4.02,,,2025,10.1002/adfm.202530703,"OPV-DB (Qiu, J., Zenodo, 2026, doi:10.5281/zenodo.20841543)"
PBDT-DTBT,Y6,CCCCCCCCOc1c(OCCCCCCCC)c2sc(-c3sc(-c4ccc(-c5cc(CCCCCC)cs5)c5nsnc45)cc3CCCCCC)cc2c2ccsc12,CCCCCCCCCCCc1c(/C=C2\C(=O)c3cc(F)c(F)cc3C2=C(C#N)C#N)sc2c1sc1c3c4nsnc4c4c5sc6c(CCCCCCCCCCC)c(/C=C7\C(=O)c8cc(F)c(F)cc8C7=C(C#N)C#N)sc6c5n(CC(CC)CCCC)c4c3n(CC(CC)CCCC)c21,0.843,22.3,75.9,14.3,-5.26,-3.1,-5.65,-4.09,,,2025,10.1021/acsapm.5c00298,"OPV-DB (Qiu, J., Zenodo, 2026, doi:10.5281/zenodo.20841543)"
PCE10,eC9-2Cl,CCCCC(CC)COC(=O)c1sc2c(-c3cc4c(-c5ccc(CC(CC)CCCC)s5)c5sc(C)cc5c(-c5ccc(CC(CC)CCCC)s5)c4s3)sc(C)c2c1F,CCCCCCCCCC1=C(/C=C2\C(=O)C3=CC=C(Cl)C=C3C2=C(C#N)C#N)SC2=C1SC1=C2N(CC(CCCC)CCCCCC)C2=C1C1=NSN=C1C1=C2N(CC(CCCC)CCCCCC)C2=C1SC1=C2SC(/C=C2\C(=O)C3=CC=C(Cl)C=C3C2=C(C#N)C#N)=C1CCCCCCCCC,0.769,24.56,72.9,14.25,-5.21,-3.6,-5.57,-3.74,,,2025,10.1002/aenm.202501682,"OPV-DB (Qiu, J., Zenodo, 2026, doi:10.5281/zenodo.20841543)"
J51,N2200,CCCCCCCCC(CCCCCC)Cc1ccc(-c2c3cc(-c4ccc(-c5c(F)c(F)c(-c6ccc(C)s6)c6nn(CCCCCCCC)nc56)s4)sc3c(-c3ccc(CC(CCCCCC)CCCCCCCC)s3)c3cc(C)sc23)s1,CCCCCCCCCCC(CCCCCCCC)CN1C(=O)C2=C3C(=CC(C4=CC=C(C5=CC=CS5)S4)=C4C(=O)N(CC(CCCCCCCC)CCCCCCCCCC)C(=O)C(=C43)C=C2)C1=O,0.78,10.1,50.0,3.9,-5.29,-3.3,-5.71,-4.02,,,2025,10.1002/adfm.202530703,"OPV-DB (Qiu, J., Zenodo, 2026, doi:10.5281/zenodo.20841543)"
PPDT2FBT,PC70BM,CCCCCCCCC(CCCCCC)COC1=CC(C2=CC=C(C3=C(F)C(F)=C(C4=CC=CS4)C4=NSN=C34)S2)=C(OCC(CCCCCC)CCCCCCCC)C=C1,CCCCC(=O)OCC1(C2=CC=CC=C2)C3=CC=CC4=CC=CC5=CC=CC6=CC=C7C=CC=CC8=CC=CC1=C8C7=C6C5=C4C3,0.8,16.9,69.82,9.44,-5.43,-3.67,-6.1,-3.9,,,2025,10.1016/j.synthmet.2025.117914,"OPV-DB (Qiu, J., Zenodo, 2026, doi:10.5281/zenodo.20841543)"
PBDB-T,PNDIT,CCCCC(CC)Cc1ccc(-c2c3cc(-c4ccc(-c5sc(-c6cccs6)c6c5C(=O)c5c(CC(CC)CCCC)sc(CC(CC)CCCC)c5C6=O)s4)sc3c(-c3ccc(CC(CC)CCCC)s3)c3ccsc23)s1,CCCCCCCCCCC(CCCCCCCC)CN1C(=O)c2ccc3c4c(c(-c5ccc(-c6ccc(-c7cc8c9c(c(-c%10cccs%10)cc%10c9c7C(=O)N(CC(CCCCCCCC)CCCCCCCCCC)C%10=O)C(=O)N(CC(CCCCCCCC)CCCCCCCCCC)C8=O)s6)s5)cc(c24)C1=O)C(=O)N(CC(CCCCCCCC)CCCCCCCCCC)C3=O,0.79,7.26,59.43,3.4,-5.33,-3.48,-6.36,-4.05,,,2025,10.1002/macp.202500269,"OPV-DB (Qiu, J., Zenodo, 2026, doi:10.5281/zenodo.20841543)"
PBDB-T,IEICO,CCCCC(CC)Cc1ccc(-c2c3cc(-c4ccc(-c5sc(-c6cccs6)c6c5C(=O)c5c(CC(CC)CCCC)sc(CC(CC)CCCC)c5C6=O)s4)sc3c(-c3ccc(CC(CC)CCCC)s3)c3ccsc23)s1,CCCCCCc1ccc(C2(c3ccc(CCCCCC)cc3)c3cc4c(cc3-c3sc(-c5sc(/C=C6\C(=O)c7ccccc7C6=C(C#N)C#N)cc5OCC(CC)CCCC)cc32)C(c2ccc(CCCCCC)cc2)(c2ccc(CCCCCC)cc2)c2cc(-c3sc(/C=C5\C(=O)c6ccccc6C5=C(C#N)C#N)cc3OCC(CC)CCCC)sc2-4)cc1,0.894,7.16,52.8,3.38,-5.33,-3.48,-5.32,-3.95,,,2025,10.1016/j.molstruc.2025.145091,"OPV-DB (Qiu, J., Zenodo, 2026, doi:10.5281/zenodo.20841543)"
P3HT,PC70BM,CCCCCCc1cc(C)sc1C,CCCCC(=O)OCC1(C2=CC=CC=C2)C3=CC=CC4=CC=CC5=CC=CC6=CC=C7C=CC=CC8=CC=CC1=C8C7=C6C5=C4C3,0.56,17.96,60.69,6.13,-5.01,-3.12,-6.1,-3.9,,,2025,10.1002/pol.20250771,"OPV-DB (Qiu, J., Zenodo, 2026, doi:10.5281/zenodo.20841543)"
PBDTT,L8-BO,CCCCC(CC)Cc1ccc(-c2c3ccsc3c(-c3ccc(CC(CC)CCCC)s3)c3ccsc23)s1,CCCCCCC(CCCC)Cc1c(/C=C2\C(=O)c3cc(F)c(F)cc3C2=C(C#N)C#N)sc2c1sc1c3c4nsnc4c4c5sc6c(CC(CCCC)CCCCCC)c(/C=C7\C(=O)c8cc(F)c(F)cc8C7=C(C#N)C#N)sc6c5n(CC(CC)CCCC)c4c3n(CC(CC)CCCC)c21,0.61,22.7,44.0,6.2,-5.13,-3.62,-5.68,-3.9,,,2025,10.1002/cssc.202501961,"OPV-DB (Qiu, J., Zenodo, 2026, doi:10.5281/zenodo.20841543)"
F-BTA3,PM6,CCCCCCCCN1N=C2C(/C=C3/SC(=C(C#N)C#N)N(CC)C3=O)=CC(F)=C(C3=CC4=C(S3)C3=C(C=C5C(=C3)C(C3=CC=C(CCCCCC)C=C3)(C3=CC=C(CCCCCC)C=C3)C3=C5SC(C5=C(F)C=C(/C=C6/SC(=C(C#N)C#N)N(CC)C6=O)C6=NN(CCCCCCCC)N=C56)=C3)C4(C3=CC=C(CCCCCC)C=C3)C3=CC=C(CCCCCC)C=C3)C2=N1,CCCCC(CC)Cc1sc(-c2c3cc(-c4ccc(-c5sc(-c6cccs6)c6c5C(=O)c5c(CC(CC)CCCC)sc(CC(CC)CCCC)c5C6=O)s4)sc3c(-c3cc(F)c(CC(CC)CCCC)s3)c3ccsc23)cc1F,1.165,8.74,60.32,6.14,-5.52,-3.39,-5.56,-3.65,,,2025,10.1002/smll.202506344,"OPV-DB (Qiu, J., Zenodo, 2026, doi:10.5281/zenodo.20841543)"
DR3TBDTT,PZ1,CCc1ccc(-c2c3cc(-c4cc(CC)c(-c5ccc(-c6sc(/C=C7/SC(=S)N(CC)C7=O)cc6CC)s5)s4)sc3c(-c3ccc(CC)s3)c3cc(-c4cc(CC)c(-c5ccc(-c6sc(/C=C7/SC(=S)N(CC)C7=O)cc6CC)s5)s4)sc23)s1,CCCCCCCCCCCCCCCCC1(CCCCCCCCCCCCCCCC)c2cc3c(cc2-c2sc(/C=C4\C(=O)C5=C(C=CC(c6cccs6)C=C5)C4=C(C#N)C#N)cc21)C(CCCCCCCCCCCCCCCC)(CCCCCCCCCCCCCCCC)c1cc(/C=C2\C(=O)c4ccccc4C2=C(C#N)C#N)sc1-3,0.87,11.36,59.7,5.86,-5.02,-3.27,-5.74,-3.86,,,2025,10.1021/acsphotonics.5c02041,"OPV-DB (Qiu, J., Zenodo, 2026, doi:10.5281/zenodo.20841543)"
PTB7-Th,Y6,CCCCC(CC)COC(=O)c1sc2c(-c3cc4c(-c5ccc(CC(CC)CCCC)s5)c5sc(C)cc5c(-c5ccc(CC(CC)CCCC)s5)c4s3)sc(C)c2c1F,CCCCCCCCCCCc1c(/C=C2\C(=O)c3cc(F)c(F)cc3C2=C(C#N)C#N)sc2c1sc1c3c4nsnc4c4c5sc6c(CCCCCCCCCCC)c(/C=C7\C(=O)c8cc(F)c(F)cc8C7=C(C#N)C#N)sc6c5n(CC(CC)CCCC)c4c3n(CC(CC)CCCC)c21,0.792,22.85,71.7,12.98,-5.21,-3.6,-5.65,-4.09,,,2025,10.1002/marc.202500357,"OPV-DB (Qiu, J., Zenodo, 2026, doi:10.5281/zenodo.20841543)"
J52,i-IEICO-2F,CCCCCCCCC(CCCCCC)Cn1nc2c(-c3ccc(C)s3)c(F)c(F)c(-c3ccc(-c4cc5c(-c6ccc(CC(CC)CCCC)s6)c6sc(C)cc6c(-c6ccc(CC(CC)CCCC)s6)c5s4)s3)c2n1,CCCCCCc1ccc(C2(c3ccc(CCCCCC)cc3)c3cc4c(cc3-c3sc(-c5scc(/C=C6\C(=O)c7cc(F)ccc7C6=C(C#N)C#N)c5OCC(CC)CCCC)cc32)C(c2ccc(CCCCCC)cc2)(c2ccc(CCCCCC)cc2)c2cc(-c3scc(/C=C5\C(=O)c6cc(F)ccc6C5=C(C#N)C#N)c3OCC(CC)CCCC)sc2-4)cc1,0.909,20.9,67.7,12.86,-5.2,-3.05,-5.29,-3.73,,,2025,10.1016/j.molstruc.2025.145091,"OPV-DB (Qiu, J., Zenodo, 2026, doi:10.5281/zenodo.20841543)"
H11,IDIC,CCCCCCCCC(CCCCCC)CN1N=C2C(C3=CC=C(/C=C(/C#N)C(=O)OCC(CC)CCCC)S3)=C(F)C(F)=C(C3=CC=C(C4=CC5=C(C6=CC=C(CC(CC)CCCC)S6)C6=C(C=C(C7=CC=C(C8=C(F)C(F)=C(C9=CC=C(/C=C(\C#N)C(=O)OCC(CC)CCCC)S9)C9=NN(CC(CCCCCC)CCCCCCCC)N=C89)S7)S6)C(C6=CC=C(CC(CC)CCCC)S6)=C5S4)S3)C2=N1,CCCCCCC1(CCCCCC)c2cc3c(cc2-c2sc(/C=C4\C(=O)c5ccccc5C4=C(C#N)C#N)cc21)C(CCCCCC)(CCCCCC)c1cc(/C=C2\C(=O)c4ccccc4C2=C(C#N)C#N)sc1-3,0.97,15.21,65.46,9.73,-5.27,-3.45,-5.69,-3.91,,,2025,10.1039/d5ra04889c,"OPV-DB (Qiu, J., Zenodo, 2026, doi:10.5281/zenodo.20841543)"
PM6,ABP4T-4F,CCCCC(CC)Cc1sc(-c2c3cc(-c4ccc(-c5sc(-c6cccs6)c6c5C(=O)c5c(CC(CC)CCCC)sc(CC(CC)CCCC)c5C6=O)s4)sc3c(-c3cc(F)c(CC(CC)CCCC)s3)c3ccsc23)cc1F,CCCCCCCCCC1=C(/C=C2\C(=O)C3=CC(F)=C(F)C=C3C2=C(C#N)C#N)SC2=C1SC1=C2SC2=C1N(CC(CCCC)CCCCCC)C1=C2C2=NSN=C2C2=C1N(CC(CCCC)CCCCCC)C1=C2SC(/C=C2\C(=O)C3=CC(F)=C(F)C=C3C2=C(C#N)C#N)=C1CCCCCCCC,0.922,22.0,75.1,15.2,-5.56,-3.65,-5.65,-3.85,,,2025,10.1016/j.mtener.2025.102108,"OPV-DB (Qiu, J., Zenodo, 2026, doi:10.5281/zenodo.20841543)"
PM6,AQx,CCCCC(CC)Cc1sc(-c2c3cc(-c4ccc(-c5sc(-c6cccs6)c6c5C(=O)c5c(CC(CC)CCCC)sc(CC(CC)CCCC)c5C6=O)s4)sc3c(-c3cc(F)c(CC(CC)CCCC)s3)c3ccsc23)cc1F,CCCCCCCCCCCC1=C(/C=C2\C(=O)C3=CC(F)=C(F)C=C3C2=C(C#N)C#N)SC2=C1SC1=C2N(CC)C2=C3C(=C4N=C(C)C(C)=NC4=C12)C1=C(C2=C(S1)C(CCCCCCCCCCC)=C(/C=C1\C(=O)C4=CC(F)=C(F)C=C4C1=C(C#N)C#N)S2)N3CC,0.895,23.7,71.9,15.26,-5.56,-3.65,-5.59,-3.85,,,2025,10.1002/anie.202500129,"OPV-DB (Qiu, J., Zenodo, 2026, doi:10.5281/zenodo.20841543)"
D18,PY-DT,CCCCCCC(CCCC)CC1=CSC(C2=CC3=C(S2)C2=C(C=C(C4=CC(CC(CCCC)CCCCCC)=C(C5=CC6=C(C7=CC(F)=C(CC(CC)CCCC)S7)C7=C(C=CS7)C(C7=CC(F)=C(CC(CC)CCCC)S7)=C6S5)S4)S2)C2=NSN=C32)=C1,CCCCCCCCCCCCC(CCCCCCCCCC)Cn1c2c3sc(/C=C4\C(=O)c5ccccc5C4=C(C#N)C#N)c(CC(CCCC)CCCCCC)c3sc2c2c3nsnc3c3c4sc5c(CC(CCCC)CCCCCC)c(/C=C6\C(=O)c7cc(-c8cccs8)ccc7C6=C(C#N)C#N)sc5c4n(CC(CCCCCCCCCC)CCCCCCCCCCCC)c3c21,0.986,22.73,68.6,15.37,-5.51,-2.77,-5.6,-3.83,,,2025,10.1021/acsaem.5c00940,"OPV-DB (Qiu, J., Zenodo, 2026, doi:10.5281/zenodo.20841543)"
PTB7-Th,FOIC,CCCCC(CC)COC(=O)c1sc2csc(-c3cc4c(-c5ccc(CC(CC)CCCC)s5)c5sccc5c(-c5ccc(CC(CC)CCCC)s5)c4s3)c2c1F,CCCCCCc1ccc(C2(c3ccc(CCCCCC)cc3)c3c(sc4cc(C=C5C(=O)c6cc(F)ccc6C5=C(C#N)C#N)sc34)-c3sc4c5c(sc4c32)-c2sc3cc(C=C4C(=O)c6cc(F)ccc6C4=C(C#N)C#N)sc3c2C5(c2ccc(CCCCCC)cc2)c2ccc(CCCCCC)cc2)cc1,0.72,25.8,70.5,13.1,-5.29,-3.72,-5.38,-3.91,,,2025,10.1016/j.cej.2025.167007,"OPV-DB (Qiu, J., Zenodo, 2026, doi:10.5281/zenodo.20841543)"
Pz1,L8-BO,CCCCCCCCCCCCCCCCC1(CCCCCCCCCCCCCCCC)c2cc3c(cc2-c2sc(/C=C4\C(=O)C5=C(C=CC(c6cccs6)C=C5)C4=C(C#N)C#N)cc21)C(CCCCCCCCCCCCCCCC)(CCCCCCCCCCCCCCCC)c1cc(/C=C2\C(=O)c4ccccc4C2=C(C#N)C#N)sc1-3,CCCCCCC(CCCC)Cc1c(/C=C2\C(=O)c3cc(F)c(F)cc3C2=C(C#N)C#N)sc2c1sc1c3c4nsnc4c4c5sc6c(CC(CCCC)CCCCCC)c(/C=C7\C(=O)c8cc(F)c(F)cc8C7=C(C#N)C#N)sc6c5n(CC(CC)CCCC)c4c3n(CC(CC)CCCC)c21,0.871,21.86,72.25,13.76,-5.74,-3.86,-5.68,-3.9,,,2025,10.1021/acsami.5c00969,"OPV-DB (Qiu, J., Zenodo, 2026, doi:10.5281/zenodo.20841543)"
BTR-Cl,L8-BO,CCCCCCC1=C(C2=CC(CCCCCC)=C(C3=CC=C(/C=C4\SC(=S)N(CC(CC)CCCC)C4=O)S3)S2)SC(C2=CC3=C(C4=CC(Cl)=C(CC(CC)CCCC)S4)C4=C(C=C(C5=CC(CCCCCC)=C(C6=CC(CCCCCC)=C(C7=CC=C(/C=C8/SC(=S)N(CCCCCC)C8=O)S7)S6)S5)S4)C(C4=CC(Cl)=C(CC(CC)CCCC)S4)=C3S2)=C1,CCCCCCC(CCCC)Cc1c(/C=C2\C(=O)c3cc(F)c(F)cc3C2=C(C#N)C#N)sc2c1sc1c3c4nsnc4c4c5sc6c(CC(CCCC)CCCCCC)c(/C=C7\C(=O)c8cc(F)c(F)cc8C7=C(C#N)C#N)sc6c5n(CC(CC)CCCC)c4c3n(CC(CC)CCCC)c21,0.86,22.44,70.3,13.6,-5.46,-3.7,-5.68,-3.9,,,2025,10.1016/j.dyepig.2025.113508,"OPV-DB (Qiu, J., Zenodo, 2026, doi:10.5281/zenodo.20841543)"
J52,i-IEICO-4Cl,CCCCCCCCC(CCCCCC)Cn1nc2c(-c3ccc(C)s3)c(F)c(F)c(-c3ccc(-c4cc5c(-c6ccc(CC(CC)CCCC)s6)c6sc(C)cc6c(-c6ccc(CC(CC)CCCC)s6)c5s4)s3)c2n1,CCCCCCC1=CC=C(C2(C3=CC=C(CCCCCC)C=C3)C3=CC4=C(C=C3C3=C2C=C(C2=C(OCC(CC)CCCC)C(/C=C5/C(=O)C6=CC(Cl)=C(Cl)C=C6C5=C(C#N)C#N)=CS2)S3)C(C2=CC=C(CCCCCC)C=C2)(C2=CC=C(CCCCCC)C=C2)C2=C4SC(C3=C(OCC(CC)CCCC)C(/C=C4/C(=O)C5=CC(Cl)=C(Cl)C=C5C4=C(C#N)C#N)=CS3)=C2)C=C1,0.85,21.22,66.2,13.18,-5.2,-3.05,-5.46,-3.82,,,2025,10.1016/j.molstruc.2025.145091,"OPV-DB (Qiu, J., Zenodo, 2026, doi:10.5281/zenodo.20841543)"
PTB7-Th,FNIC2,CCCCC(CC)COC(=O)c1sc2csc(-c3cc4c(-c5ccc(CC(CC)CCCC)s5)c5sccc5c(-c5ccc(CC(CC)CCCC)s5)c4s3)c2c1F,CCc1ccc(C2(c3ccc(CC)cc3)c3c(sc4cc(/C=C5\C(=O)c6cc(F)c(F)cc6C5=C(C#N)C#N)sc34)-c3sc4c(-c5ccc(CC)s5)c5c6c(sc5c(-c5ccc(CC)s5)c4c32)-c2sc3cc(/C=C4\C(=O)c5cc(F)c(F)cc5C4=C(C#N)C#N)sc3c2C6(c2ccc(CC)cc2)c2ccc(CC)cc2)cc1,0.72,25.6,71.9,13.3,-5.29,-3.72,-5.56,-4.0,,,2025,10.1016/j.cej.2025.167007,"OPV-DB (Qiu, J., Zenodo, 2026, doi:10.5281/zenodo.20841543)"
P3HT,IEICO,CCCCCCc1cc(C)sc1C,CCCCCCc1ccc(C2(c3ccc(CCCCCC)cc3)c3cc4c(cc3-c3sc(-c5sc(/C=C6\C(=O)c7ccccc7C6=C(C#N)C#N)cc5OCC(CC)CCCC)cc32)C(c2ccc(CCCCCC)cc2)(c2ccc(CCCCCC)cc2)c2cc(-c3sc(/C=C5\C(=O)c6ccccc6C5=C(C#N)C#N)cc3OCC(CC)CCCC)sc2-4)cc1,0.64,9.12,48.4,2.84,-5.01,-3.12,-5.32,-3.95,,,2025,10.1039/d5ee05059f,"OPV-DB (Qiu, J., Zenodo, 2026, doi:10.5281/zenodo.20841543)"
P3HT,PCBM,CCCCCCc1cc(C)sc1C,COC(=O)CCCC1(c2ccccc2)C23c4c5c6c7c8c9c(c%10c%11c2c2c%12c4c4c%13c5c5c7c7c8c8c%14c9c%10c9c%10c%11c2c2c%11c%12c4c4c%12c%13c5c5c7c7c8c8c%14c9c9c%10c2c2c%11c4c4c%12c5c7c5c8c9c2c45)C613,0.61,15.55,67.0,6.46,-5.01,-3.12,-6.1,-3.7,,,2025,10.1016/j.sse.2025.109056,"OPV-DB (Qiu, J., Zenodo, 2026, doi:10.5281/zenodo.20841543)"
PM6,ID4F,CCCCC(CC)Cc1sc(-c2c3cc(-c4ccc(-c5sc(-c6cccs6)c6c5C(=O)c5c(CC(CC)CCCC)sc(CC(CC)CCCC)c5C6=O)s4)sc3c(-c3cc(F)c(CC(CC)CCCC)s3)c3ccsc23)cc1F,CCC1(CC)c2cc3c(cc2-c2sc(/C=C4\C(=O)c5cc(F)c(F)cc5C4=C(C#N)C#N)cc21)C(CC)(CC)c1cc(/C=C2\C(=O)c4cc(F)c(F)cc4C2=C(C#N)C#N)sc1-3,0.783,16.5,69.6,8.98,-5.56,-3.65,-5.75,-4.06,,,2025,10.1039/d5ta03640b,"OPV-DB (Qiu, J., Zenodo, 2026, doi:10.5281/zenodo.20841543)"
J52-F,N2200,CCCCCCCCC(CCCCCC)CN1N=C2C(C3=CC=CS3)=C(F)C(F)=C(C3=CC=C(C4=CC5=C(C6=CC(F)=C(CC(CC)CCCC)S6)C6=C(C=CS6)C(C6=CC(F)=C(CC(CC)CCCC)S6)=C5S4)S3)C2=N1,CCCCCCCCCCC(CCCCCCCC)CN1C(=O)C2=C3C(=CC(C4=CC=C(C5=CC=CS5)S4)=C4C(=O)N(CC(CCCCCCCC)CCCCCCCCCC)C(=O)C(=C43)C=C2)C1=O,0.943,14.09,67.6,8.99,-5.36,-3.42,-5.71,-4.02,,,2025,10.1016/j.dyepig.2025.112955,"OPV-DB (Qiu, J., Zenodo, 2026, doi:10.5281/zenodo.20841543)"
BTR-Cl,Y6,CCCCCCC1=C(C2=CC(CCCCCC)=C(C3=CC=C(/C=C4\SC(=S)N(CC(CC)CCCC)C4=O)S3)S2)SC(C2=CC3=C(C4=CC(Cl)=C(CC(CC)CCCC)S4)C4=C(C=C(C5=CC(CCCCCC)=C(C6=CC(CCCCCC)=C(C7=CC=C(/C=C8/SC(=S)N(CCCCCC)C8=O)S7)S6)S5)S4)C(C4=CC(Cl)=C(CC(CC)CCCC)S4)=C3S2)=C1,CCCCCCCCCCCc1c(/C=C2\C(=O)c3cc(F)c(F)cc3C2=C(C#N)C#N)sc2c1sc1c3c4nsnc4c4c5sc6c(CCCCCCCCCCC)c(/C=C7\C(=O)c8cc(F)c(F)cc8C7=C(C#N)C#N)sc6c5n(CC(CC)CCCC)c4c3n(CC(CC)CCCC)c21,0.842,26.72,69.1,15.5,-5.46,-3.7,-5.65,-4.09,,,2025,10.1002/aenm.202504576,"OPV-DB (Qiu, J., Zenodo, 2026, doi:10.5281/zenodo.20841543)"
PM7,IXIC-4Cl,CC1=CC(=CC(=C1)C2=C3C=CC(=C4C5=C(C=C(S5)/C=C\6/C(=O)C7=CC(=CC(=C7)Cl)C(=O)/C6=C\C8=CC(=C(S8)C9=CC(=CC(=C9)C)C)C)SC4=C3S2)C)C,CCCCCCc1ccc(C2(c3ccc(CCCCCC)cc3)c3c(sc4cc(/C=C5\C(=O)c6cc(Cl)c(Cl)cc6C5=C(C#N)C#N)sc34)-c3sc4c5c(sc4c32)-c2sc3cc(/C=C4\C(=O)c6cc(Cl)c(Cl)cc6C4=C(C#N)C#N)sc3c2C5(c2ccc(CCCCCC)cc2)c2ccc(CCCCCC)cc2)cc1,0.857,23.99,74.7,15.37,-5.63,-3.67,-5.2,-3.95,,,2025,10.1016/j.molstruc.2025.145091,"OPV-DB (Qiu, J., Zenodo, 2026, doi:10.5281/zenodo.20841543)"
P3HT,FBR,CCCCCCc1cc(C)sc1C,CCCCCCCCC1(CCCCCCCC)c2cc(-c3ccc(/C=C4\SC(=S)N(CC)C4=O)c4nsnc34)ccc2-c2ccc(-c3ccc(/C=C4\SC(=S)N(CC)C4=O)c4nsnc34)cc21,0.88,4.78,67.2,2.85,-5.01,-3.12,-5.787,-3.673,,,2025,10.1039/d5ee05059f,"OPV-DB (Qiu, J., Zenodo, 2026, doi:10.5281/zenodo.20841543)"
P3HT,Y6,CCCCCCc1cc(C)sc1C,CCCCCCCCCCCc1c(/C=C2\C(=O)c3cc(F)c(F)cc3C2=C(C#N)C#N)sc2c1sc1c3c4nsnc4c4c5sc6c(CCCCCCCCCCC)c(/C=C7\C(=O)c8cc(F)c(F)cc8C7=C(C#N)C#N)sc6c5n(CC(CC)CCCC)c4c3n(CC(CC)CCCC)c21,0.54,11.39,44.8,2.79,-5.01,-3.12,-5.65,-4.09,,,2025,10.1039/d5ee05059f,"OPV-DB (Qiu, J., Zenodo, 2026, doi:10.5281/zenodo.20841543)"
D18,L8BO,CCCCCCC(CCCC)Cc1csc(-c2cc3c4nsnc4c4cc(-c5cc(CC(CCCC)CCCCCC)c(-c6cc7c(-c8cc(F)c(CC(CC)CCCC)s8)c8sccc8c(-c8cc(F)c(CC(CC)CCCC)s8)c7s6)s5)sc4c3s2)c1,CCCCCCCCCc1c(C=C2C(=O)c3cc(Cl)c(Cl)cc3C2=C(C#N)C#N)sc2c1sc1c3c4nsnc4c4c5sc6c(CCCCCCCCC)c(C=C7C(=O)c8cc(Cl)c(Cl)cc8C7=C(C#N)C#N)sc6c5n(CC(CCCC)CCCCCC)c4c3n(CC(CCCC)CCCCCC)c21,0.936,26.81,80.13,20.11,-5.51,-2.77,-5.665,-4.165,,,2025,10.1002/adfm.202524391,"OPV-DB (Qiu, J., Zenodo, 2026, doi:10.5281/zenodo.20841543)"
J52,IEICO,CCCCCCCCC(CCCCCC)Cn1nc2c(-c3ccc(C)s3)c(F)c(F)c(-c3ccc(-c4cc5c(-c6ccc(CC(CC)CCCC)s6)c6sc(C)cc6c(-c6ccc(CC(CC)CCCC)s6)c5s4)s3)c2n1,CCCCCCc1ccc(C2(c3ccc(CCCCCC)cc3)c3cc4c(cc3-c3sc(-c5sc(/C=C6\C(=O)c7ccccc7C6=C(C#N)C#N)cc5OCC(CC)CCCC)cc32)C(c2ccc(CCCCCC)cc2)(c2ccc(CCCCCC)cc2)c2cc(-c3sc(/C=C5\C(=O)c6ccccc6C5=C(C#N)C#N)cc3OCC(CC)CCCC)sc2-4)cc1,0.872,11.39,51.7,5.13,-5.2,-3.05,-5.32,-3.95,,,2025,10.1016/j.molstruc.2025.145091,"OPV-DB (Qiu, J., Zenodo, 2026, doi:10.5281/zenodo.20841543)"
PBDB-T,CRIC,CCCCC(CC)Cc1ccc(-c2c3cc(-c4ccc(-c5sc(-c6cccs6)c6c5C(=O)c5c(CC(CC)CCCC)sc(CC(CC)CCCC)c5C6=O)s4)sc3c(-c3ccc(CC(CC)CCCC)s3)c3ccsc23)s1,CCCCCCc1ccc(C2(c3ccc(CCCCCC)cc3)c3cc(/C=C4\C(=O)c5ccccc5C4=C(C#N)C#N)sc3-c3cc4c5cccc6c5c(cc4c4cccc2c34)-c2sc(/C=C3\C(=O)c4ccccc4C3=C(C#N)C#N)cc2C6(c2ccc(CCCCCC)cc2)c2ccc(CCCCCC)cc2)cc1,0.849,20.3,67.4,11.6,-5.33,-3.48,-5.44,-3.82,,,2025,10.1039/d5tc00204d,"OPV-DB (Qiu, J., Zenodo, 2026, doi:10.5281/zenodo.20841543)"
PBQx-TF,BTP-eC9,CCCCCCC(CCCC)CC1=CSC(C2=CC3=C(S2)C2=C(C=C(C4=CC(CC(CCCC)CCCCCC)=C(C5=CC6=C(C7=CC(F)=C(CC(CC)CCCC)S7)C7=C(C=CS7)C(C7=CC(F)=C(CC(CC)CCCC)S7)=C6S5)S4)S2)[C@H]2N=CC=N[C@H]32)=C1,CCCCCCCCCc1c(/C=C2\C(=O)c3cc(Cl)c(Cl)cc3C2=C(C#N)C#N)sc2c1sc1c3c4nsnc4c4c5sc6c(CCCCCCCCC)c(/C=C7\C(=O)c8cc(Cl)c(Cl)cc8C7=C(C#N)C#N)sc6c5n(CC(CCCC)CCCCCC)c4c3n(CC(CCCC)CCCCCC)c21,0.83,25.17,76.5,16.0,-5.41,-2.82,-5.68,-3.9,,,2025,10.1016/j.orgel.2025.107262,"OPV-DB (Qiu, J., Zenodo, 2026, doi:10.5281/zenodo.20841543)"
p-DTS(FBTTh2)2,PC71BM,CCCCCCc1ccc(-c2ccc(-c3cc(F)c(-c4cc5c(s4)-c4sc(-c6c(F)cc(-c7ccc(-c8ccc(CCCCCC)s8)s7)c7nsnc67)cc4[Si]5(CC(CC)CCCC)CC(CC)CCCC)c4nsnc34)s2)s1,COC(=O)CCCC1(c2ccccc2)C23c4c5ccc6c7cc8c9c%10c(cc%11cc%12c%13c%14c(cc%15c%16ccc-5c2c%16c2c5c%16c%17c(c(c46)c7c9c%17c4c%10c%11c%13c4c%16c%14c%152)C513)C%12)C8,0.8,14.6,68.0,7.94,-5.12,-3.34,-5.9,-3.9,,,2025,10.1016/j.cej.2025.167007,"OPV-DB (Qiu, J., Zenodo, 2026, doi:10.5281/zenodo.20841543)"
P2,PC61BM,CCCCCCCCCCCCN1C(=O)C2=C(c3ccc(-c4cc5c(s4)-c4cc6c(cc4[Si]5(CCCCCCCC)CCCCCCCC)-c4sccc4[Si]6(CCCCCCCC)CCCCCCCC)s3)N(CCCCCCCCCCCC)C(=O)C2=C1c1cccs1,COC(=O)CCCC1(c2ccccc2)C23c4c5c6c7c8c9c(c%10c%11c2c2c%12c4c4c%13c5c5c7c7c8c8c%14c9c%10c9c%10c%11c2c2c%11c%12c4c4c%12c%13c5c5c7c7c8c8c%14c9c9c%10c2c2c%11c4c4c%12c5c7c5c8c9c2c45)C613,0.58,11.29,37.0,2.38,-5.1,-3.7,-6.1,-3.7,,,2025,10.1021/acsomega.5c08115,"OPV-DB (Qiu, J., Zenodo, 2026, doi:10.5281/zenodo.20841543)"
B1,PY-IT,CCCCCCc1cc(-c2cc3c(-c4ccc(SCC(CC)CCCC)cc4)c4sc(-c5cc(CCCCCC)c(-c6cc(CCCCCC)c(-c7ccc(/C=C8/SC(=S)N(CCCC)C8=O)s7)s6)s5)cc4c(-c4ccc(SCC(CC)CCCC)cc4)c3s2)sc1-c1cc(CCCCCC)c(-c2ccc(/C=C3/SC(=S)N(CCCC)C3=O)s2)s1,CCCCCCCCCCCc1c(/C=C2\C(=O)c3ccccc3C2=C(C#N)C#N)sc2c1sc1c3c4nsnc4c4c5sc6c(CCCCCCCCCCC)c(/C=C7\C(=O)c8cc(-c9cccs9)ccc8C7=C(C#N)C#N)sc6c5n(CC(CCCCCCCC)CCCCCCCCCC)c4c3n(CC(CCCCCCCC)CCCCCCCCCC)c21,0.84,17.86,57.3,8.6,-5.37,-3.51,-5.68,-3.94,,,2025,10.1021/acsphotonics.5c02041,"OPV-DB (Qiu, J., Zenodo, 2026, doi:10.5281/zenodo.20841543)"
PTB7-Th,BTPV-4F-eC9,CCCCC(CC)COC(=O)c1sc2c(-c3cc4c(-c5ccc(CC(CC)CCCC)s5)c5sc(C)cc5c(-c5ccc(CC(CC)CCCC)s5)c4s3)sc(C)c2c1F,CCCCCCCCCC1=C(/C=C/C=C2\C(=O)C3=CC(F)=C(F)C=C3C2=C(C#N)C#N)SC2=C1SC1=C2N(CC(CCCC)CCCCCC)C2=C1C1=NSN=C1C1=C2N(CC(CCCC)CCCCCC)C2=C1SC1=C2SC(/C=C/C=C2\C(=O)C3=CC(F)=C(F)C=C3C2=C(C#N)C#N)=C1CCCCCCCCC,0.68,27.3,67.0,12.7,-5.21,-3.6,-5.38,-4.06,,,2025,10.1002/aenm.202502398,"OPV-DB (Qiu, J., Zenodo, 2026, doi:10.5281/zenodo.20841543)"
PBDB-T,PTB4Cl,CCCCC(CC)Cc1ccc(-c2c3cc(-c4ccc(-c5sc(-c6cccs6)c6c5C(=O)c5c(CC(CC)CCCC)sc(CC(CC)CCCC)c5C6=O)s4)sc3c(-c3ccc(CC(CC)CCCC)s3)c3ccsc23)s1,CCCCCCCCC(CCCCCC)COc1cc(-c2cc(-c3ccc(CCCCCC)cc3)c(/C=C3\C(=O)c4cc(Cl)c(Cl)cc4C3=C(C#N)C#N)s2)c(OCC(CCCCCC)CCCCCCCC)cc1-c1cc(-c2ccc(CCCCCC)cc2)c(/C=C2\C(=O)c3cc(Cl)c(Cl)cc3C2=C(C#N)C#N)s1,0.93,19.01,72.17,12.76,-5.33,-3.48,-5.91,-3.93,,,2025,10.1021/accountsmr.5c00291,"OPV-DB (Qiu, J., Zenodo, 2026, doi:10.5281/zenodo.20841543)"
PBDT-TBT-F,Y6,CCCCC(CC)COc1c2cc(-c3cc(/C=C/c4sc(-c5c(F)c(F)c(-c6ccc(CC(CC)CCCC)s6)c6nsnc56)cc4CC(CC)CCCC)cs3)sc2c(OCC(CC)CCCC)c2ccsc12,CCCCCCCCCCCc1c(/C=C2\C(=O)c3cc(F)c(F)cc3C2=C(C#N)C#N)sc2c1sc1c3c4nsnc4c4c5sc6c(CCCCCCCCCCC)c(/C=C7\C(=O)c8cc(F)c(F)cc8C7=C(C#N)C#N)sc6c5n(CC(CC)CCCC)c4c3n(CC(CC)CCCC)c21,0.815,22.66,68.69,12.69,-5.36,-3.19,-5.65,-4.09,,,2025,10.1002/anie.202518567,"OPV-DB (Qiu, J., Zenodo, 2026, doi:10.5281/zenodo.20841543)"
PBDB-T,PC71BM,CCCCC(CC)Cc1ccc(-c2c3cc(-c4ccc(-c5sc(-c6cccs6)c6c5C(=O)c5c(CC(CC)CCCC)sc(CC(CC)CCCC)c5C6=O)s4)sc3c(-c3ccc(CC(CC)CCCC)s3)c3ccsc23)s1,CCCCC(=O)OCC1(C2=CC=CC=C2)C3=CC=CC4=CC=CC5=CC=CC6=CC=C7C=CC=CC8=CC=CC1=C8C7=C6C5=C4C3,0.875,19.15,72.7,12.52,-5.33,-3.48,-6.1,-3.9,,,2025,10.1016/j.molstruc.2025.145091,"OPV-DB (Qiu, J., Zenodo, 2026, doi:10.5281/zenodo.20841543)"
PM7,ITC-2Cl,CC1=CC(=CC(=C1)C2=C3C=CC(=C4C5=C(C=C(S5)/C=C\6/C(=O)C7=CC(=CC(=C7)Cl)C(=O)/C6=C\C8=CC(=C(S8)C9=CC(=CC(=C9)C)C)C)SC4=C3S2)C)C,CCCCCCC1=CC=C(C2(C3=CC=C(CCCCCC)C=C3)C3=CC4=C(C=C3C3=C2C2=C(C=C(/C=C5\C(=O)C6=C(Cl)SC=C6C5=C(C#N)C#N)S2)S3)C(C2=CC=C(CCCCCC)C=C2)(C2=CC=C(CCCCCC)C=C2)C2=C4SC3=C2SC(/C=C2\C(=O)C4=C(Cl)SC=C4C2=C(C#N)C#N)=C3)C=C1,0.915,20.27,73.9,13.72,-5.63,-3.67,-5.58,-4.01,,,2025,10.1016/j.molstruc.2025.145091,"OPV-DB (Qiu, J., Zenodo, 2026, doi:10.5281/zenodo.20841543)"
PCE10,BTP-eC9,CCCCC(CC)COC(=O)c1sc2c(-c3cc4c(-c5ccc(CC(CC)CCCC)s5)c5sc(C)cc5c(-c5ccc(CC(CC)CCCC)s5)c4s3)sc(C)c2c1F,CCCCCCCCCc1c(/C=C2\C(=O)c3cc(Cl)c(Cl)cc3C2=C(C#N)C#N)sc2c1sc1c3c4nsnc4c4c5sc6c(CCCCCCCCC)c(/C=C7\C(=O)c8cc(Cl)c(Cl)cc8C7=C(C#N)C#N)sc6c5n(CC(CCCC)CCCCCC)c4c3n(CC(CCCC)CCCCCC)c21,0.704,25.71,69.1,12.73,-5.21,-3.6,-5.665,-4.165,,,2025,10.1002/aenm.202505706,"OPV-DB (Qiu, J., Zenodo, 2026, doi:10.5281/zenodo.20841543)"
J52-F,Y6,CCCCCCCCC(CCCCCC)CN1N=C2C(C3=CC=CS3)=C(F)C(F)=C(C3=CC=C(C4=CC5=C(C6=CC(F)=C(CC(CC)CCCC)S6)C6=C(C=CS6)C(C6=CC(F)=C(CC(CC)CCCC)S6)=C5S4)S3)C2=N1,CCCCCCCCCCCc1c(/C=C2\C(=O)c3cc(F)c(F)cc3C2=C(C#N)C#N)sc2c1sc1c3c4nsnc4c4c5sc6c(CCCCCCCCCCC)c(/C=C7\C(=O)c8cc(F)c(F)cc8C7=C(C#N)C#N)sc6c5n(CC(CC)CCCC)c4c3n(CC(CC)CCCC)c21,0.761,24.88,67.5,12.75,-5.36,-3.42,-5.65,-4.09,,,2025,10.1016/j.dyepig.2025.112955,"OPV-DB (Qiu, J., Zenodo, 2026, doi:10.5281/zenodo.20841543)"
J52,i-IEICO-4F,CCCCCCCCC(CCCCCC)Cn1nc2c(-c3ccc(C)s3)c(F)c(F)c(-c3ccc(-c4cc5c(-c6ccc(CC(CC)CCCC)s6)c6sc(C)cc6c(-c6ccc(CC(CC)CCCC)s6)c5s4)s3)c2n1,CCCCCCc1ccc(C2(c3ccc(CCCCCC)cc3)c3cc4c(cc3-c3sc(-c5scc(/C=C6\C(=O)c7cc(F)c(F)cc7C6=C(C#N)C#N)c5OCC(CC)CCCC)cc32)C(c2ccc(CCCCCC)cc2)(c2ccc(CCCCCC)cc2)c2cc(-c3scc(/C=C5\C(=O)c6cc(F)c(F)cc6C5=C(C#N)C#N)c3OCC(CC)CCCC)sc2-4)cc1,0.847,18.03,65.6,10.02,-5.2,-3.05,-5.018,-3.331,,,2025,10.1016/j.molstruc.2025.145091,"OPV-DB (Qiu, J., Zenodo, 2026, doi:10.5281/zenodo.20841543)"
PBQx-TF,A4T-16,CCCCCCC(CCCC)CC1=CSC(C2=CC3=C(S2)C2=C(C=C(C4=CC(CC(CCCC)CCCCCC)=C(C5=CC6=C(C7=CC(F)=C(CC(CC)CCCC)S7)C7=C(C=CS7)C(C7=CC(F)=C(CC(CC)CCCC)S7)=C6S5)S4)S2)[C@H]2N=CC=N[C@H]32)=C1,CCc1cc(CC)c(-c2cc(-c3cc(-c4c(CC)cc(CC)cc4CC)c(-c4sc(/C=C5\C(=O)c6cc(F)c(F)cc6C5=C(C#N)C#N)cc4CC)s3)sc2-c2sc(/C=C3\C(=O)c4cc(F)c(F)cc4C3=C(C#N)C#N)cc2CC)c(CC)c1,0.85,22.72,65.0,12.62,-5.41,-2.82,-5.67,-3.96,,,2025,10.1039/d5ta00384a,"OPV-DB (Qiu, J., Zenodo, 2026, doi:10.5281/zenodo.20841543)"
PM6,ITIC-2F,CCCCC(CC)Cc1sc(-c2c3cc(-c4ccc(-c5sc(-c6cccs6)c6c5C(=O)c5c(CC(CC)CCCC)sc(CC(CC)CCCC)c5C6=O)s4)sc3c(-c3cc(F)c(CC(CC)CCCC)s3)c3ccsc23)cc1F,CCCCCCc1ccc(C2(c3ccc(CCCCCC)cc3)c3cc4c(cc3-c3sc5cc(/C=C6/C(=O)c7ccccc7C6=C(C#N)C#N)sc5c32)C(c2ccc(CCCCCC)cc2)(c2ccc(CCCCCC)cc2)c2c-4sc3cc(/C=C4/C(=O)c5cc(F)c(F)cc5C4=C(C#N)C#N)sc23)cc1,0.944,18.7,69.4,12.3,-5.56,-3.65,-5.705,-4.08,,,2025,10.1002/adfm.202523848,"OPV-DB (Qiu, J., Zenodo, 2026, doi:10.5281/zenodo.20841543)"
PTB7-Th,IEICO-4F,CCCCC(CC)COC(=O)c1sc2c(-c3cc4c(-c5ccc(CC(CC)CCCC)s5)c5sc(C)cc5c(-c5ccc(CC(CC)CCCC)s5)c4s3)sc(C)c2c1F,CCCCCCc1ccc(C2(c3ccc(CCCCCC)cc3)c3cc4c(cc3-c3sc(-c5sc(/C=C6\C(=O)c7cc(F)c(F)cc7C6=C(C#N)C#N)cc5OCC(CC)CCCC)cc32)C(c2ccc(CCCCCC)cc2)(c2ccc(CCCCCC)cc2)c2cc(-c3scc(/C=C5/C(=O)c6cc(F)c(F)cc6C5=C(C#N)C#N)c3OCC(CC)CCCC)sc2-4)cc1,0.72,22.1,67.0,10.7,-5.21,-3.6,-5.44,-4.19,,,2025,10.1016/j.molstruc.2025.145091,"OPV-DB (Qiu, J., Zenodo, 2026, doi:10.5281/zenodo.20841543)"
BTR-Cl,PY-IT,CCCCCCc1cc(-c2cc3c(-c4cc(Cl)c(CC(CC)CCCC)s4)c4sc(-c5cc(CCCCCC)c(-c6cc(CCCCCC)c(-c7ccc(/C=C8/SC(=S)N(CCCCCC)C8=O)s7)s6)s5)cc4c(-c4cc(Cl)c(CC(CC)CCCC)s4)c3s2)sc1-c1cc(CCCCCC)c(-c2ccc(/C=C3\SC(=S)N(CC(CC)CCCC)C3=O)s2)s1,CCCCCCCCCCCc1c(/C=C2\C(=O)c3ccccc3C2=C(C#N)C#N)sc2c1sc1c3c4nsnc4c4c5sc6c(CCCCCCCCCCC)c(/C=C7\C(=O)c8cc(-c9cccs9)ccc8C7=C(C#N)C#N)sc6c5n(CC(CCCCCCCC)CCCCCCCCCC)c4c3n(CC(CCCCCCCC)CCCCCCCCCC)c21,0.965,18.62,55.69,10.01,-5.46,-3.7,-5.68,-3.94,,,2025,10.1021/acsami.5c16793,"OPV-DB (Qiu, J., Zenodo, 2026, doi:10.5281/zenodo.20841543)"
D18-Cl,IDIC,CCCCCCC(CCCC)Cc1csc(-c2cc3c4nsnc4c4cc(-c5cc(CC(CCCC)CCCCCC)c(-c6cc7c(-c8cc(Cl)c(CC(CC)CCCC)s8)c8sccc8c(-c8cc(Cl)c(CC(CC)CCCC)s8)c7s6)s5)sc4c3s2)c1,CCCCCCC1(CCCCCC)c2cc3c(cc2-c2sc(/C=C4\C(=O)c5ccccc5C4=C(C#N)C#N)cc21)C(CCCCCC)(CCCCCC)c1cc(/C=C2\C(=O)c4ccccc4C2=C(C#N)C#N)sc1-3,0.986,16.17,63.93,10.19,-5.51,-2.77,-5.69,-3.91,,,2025,10.1039/d5tc00560d,"OPV-DB (Qiu, J., Zenodo, 2026, doi:10.5281/zenodo.20841543)"
BDTS-2DPP,IEIC,CCSc1ccc(-c2c3cc(-c4ccc(C5=C6C(=O)N(CC)C(c7cccs7)=C6C(=O)N5CC)s4)sc3c(-c3ccc(SCC)s3)c3cc(-c4ccc(C5=C6C(=O)N(CC)C(c7cccs7)=C6C(=O)N5CC)s4)sc23)s1,CCCCCCc1ccc(C2(c3ccc(CCCCCC)cc3)c3cc4c(cc3-c3sc(-c5sc(/C=C6\C(=O)c7ccccc7C6=C(C#N)C#N)cc5CC(CC)CCCC)cc32)C(c2ccc(CCCCCC)cc2)(c2ccc(CCCCCC)cc2)c2cc(-c3sc(/C=C5\C(=O)c6ccccc6C5=C(C#N)C#N)cc3CC(CC)CCCC)sc2-4)cc1,0.94,10.87,59.0,6.03,-5.28,-3.49,-5.42,-3.82,,,2025,10.1039/d5ra04889c,"OPV-DB (Qiu, J., Zenodo, 2026, doi:10.5281/zenodo.20841543)"
PBDTT-TT,PC71BM,CCCCC(CC)COC(=O)c1cc2c(-c3cc4c(-c5ccc(CC(CC)CCCC)s5)c5sccc5c(-c5ccc(CC(CC)CCCC)s5)c4s3)scc2s1,COC(=O)CCCC1(c2ccccc2)C23c4c5ccc6c7cc8c9c%10c(cc%11cc%12c%13c%14c(cc%15c%16ccc-5c2c%16c2c5c%16c%17c(c(c46)c7c9c%17c4c%10c%11c%13c4c%16c%14c%152)C513)C%12)C8,0.8,18.06,70.93,10.23,-5.09,-3.22,-5.9,-3.9,,,2025,10.1016/j.cej.2025.167007,"OPV-DB (Qiu, J., Zenodo, 2026, doi:10.5281/zenodo.20841543)"
J52,i-IEICO,CCCCCCCCC(CCCCCC)Cn1nc2c(-c3ccc(C)s3)c(F)c(F)c(-c3ccc(-c4cc5c(-c6ccc(CC(CC)CCCC)s6)c6sc(C)cc6c(-c6ccc(CC(CC)CCCC)s6)c5s4)s3)c2n1,CCCCCCc1ccc(C2(c3ccc(CCCCCC)cc3)c3cc4c(cc3-c3sc(-c5cc(/C=C6\C(=O)c7ccccc7C6=C(C#N)C#N)cs5)cc32)C(c2ccc(CCCCCC)cc2)(c2ccc(CCCCCC)cc2)c2cc(-c3cc(/C=C5\C(=O)c6ccccc6C5=C(C#N)C#N)cs3)sc2-4)cc1,0.96,18.76,58.2,10.48,-5.2,-3.05,-5.31,-3.68,,,2025,10.1016/j.molstruc.2025.145091,"OPV-DB (Qiu, J., Zenodo, 2026, doi:10.5281/zenodo.20841543)"
PBDB-T,ITIC-Th,CCCCC(CC)Cc1ccc(-c2c3cc(-c4ccc(-c5sc(-c6cccs6)c6c5C(=O)c5c(CC(CC)CCCC)sc(CC(CC)CCCC)c5C6=O)s4)sc3c(-c3ccc(CC(CC)CCCC)s3)c3ccsc23)s1,CCCCCCc1ccc(C2(c3ccc(CCCCCC)s3)c3cc4c(cc3-c3sc5cc(/C=C6\C(=O)c7ccccc7C6=C(C#N)C#N)sc5c32)C(c2ccc(CCCCCC)s2)(c2ccc(CCCCCC)s2)c2c-4sc3cc(/C=C4\C(=O)c5ccccc5C4=C(C#N)C#N)sc23)s1,0.86,17.09,70.69,10.39,-5.33,-3.48,-5.673,-3.909,,,2025,10.1016/j.cej.2025.167007,"OPV-DB (Qiu, J., Zenodo, 2026, doi:10.5281/zenodo.20841543)"
PTQ10,IT-4Cl,CCCCCCCCC(CCCCCC)COc1cnc2c(C)c(F)c(F)c(-c3ccc(C)s3)c2n1,CCc1ccc(C2(c3ccc(CC)cc3)c3cc4c(cc3-c3sc5cc(/C=C6\C(=O)c7cc(Cl)c(Cl)cc7C6=C(C#N)C#N)sc5c32)C(c2ccc(CC)cc2)(c2ccc(CC)cc2)c2c-4sc3cc(/C=C4\C(=O)c5cc(Cl)c(Cl)cc5C4=C(C#N)C#N)sc23)cc1,0.89,19.33,70.46,12.12,-5.54,-2.92,-5.75,-4.09,,,2025,10.1016/j.molstruc.2025.145091,"OPV-DB (Qiu, J., Zenodo, 2026, doi:10.5281/zenodo.20841543)"
PTB7-Th,PC71BM,CCCCC(CC)COC(=O)c1sc2c(-c3cc4c(-c5ccc(CC(CC)CCCC)s5)c5sc(C)cc5c(-c5ccc(CC(CC)CCCC)s5)c4s3)sc(C)c2c1F,CCCCC(=O)OCC1(C2=CC=CC=C2)C3=CC=CC4=CC=CC5=CC=CC6=CC=C7C=CC=CC8=CC=CC1=C8C7=C6C5=C4C3,0.711,25.13,68.0,12.06,-5.21,-3.6,-6.1,-3.9,,,2025,10.1016/j.molstruc.2025.145091,"OPV-DB (Qiu, J., Zenodo, 2026, doi:10.5281/zenodo.20841543)"
PTB7-Th,A4T-16,CCCCC(CC)COC(=O)c1sc2c(-c3cc4c(-c5ccc(CC(CC)CCCC)s5)c5sc(C)cc5c(-c5ccc(CC(CC)CCCC)s5)c4s3)sc(C)c2c1F,CCc1cc(CC)c(-c2cc(-c3cc(-c4c(CC)cc(CC)cc4CC)c(-c4sc(/C=C5\C(=O)c6cc(F)c(F)cc6C5=C(C#N)C#N)cc4CC)s3)sc2-c2sc(/C=C3\C(=O)c4cc(F)c(F)cc4C3=C(C#N)C#N)cc2CC)c(CC)c1,0.776,20.5,66.4,10.6,-5.21,-3.6,-5.67,-3.96,,,2025,10.1021/acsenergylett.5c00666,"OPV-DB (Qiu, J., Zenodo, 2026, doi:10.5281/zenodo.20841543)"
P3HT,N2200,CCCCCCc1cc(C)sc1C,CCCCCCCCCCC(CCCCCCCC)CN1C(=O)C2=C3C(=CC(C4=CC=C(C5=CC=CS5)S4)=C4C(=O)N(CC(CCCCCCCC)CCCCCCCCCC)C(=O)C(=C43)C=C2)C1=O,1.092,19.573,55.371,11.834,-5.01,-3.12,-5.71,-4.02,,,2025,10.1039/d5na00721f,"OPV-DB (Qiu, J., Zenodo, 2026, doi:10.5281/zenodo.20841543)"
PM6,eC9-2Cl,CCCCC(CC)Cc1sc(-c2c3cc(-c4ccc(-c5sc(-c6cccs6)c6c5C(=O)c5c(CC(CC)CCCC)sc(CC(CC)CCCC)c5C6=O)s4)sc3c(-c3cc(F)c(CC(CC)CCCC)s3)c3ccsc23)cc1F,CCCCCCCCCC1=C(/C=C2\C(=O)C3=CC=C(Cl)C=C3C2=C(C#N)C#N)SC2=C1SC1=C2N(CC(CCCC)CCCCCC)C2=C1C1=NSN=C1C1=C2N(CC(CCCC)CCCCCC)C2=C1SC1=C2SC(/C=C2\C(=O)C3=CC=C(Cl)C=C3C2=C(C#N)C#N)=C1CCCCCCCCC,0.918,25.24,74.06,17.16,-5.56,-3.65,-5.57,-3.74,,,2025,10.1002/anie.202515114,"OPV-DB (Qiu, J., Zenodo, 2026, doi:10.5281/zenodo.20841543)"
P3HT,PC61BM,CCCCCCc1ccsc1,COC(=O)CCCC1(c2ccccc2)C23c4c5c6c7c8c9c(c%10c%11c2c2c%12c4c4c%13c5c5c7c7c8c8c%14c9c%10c9c%10c%11c2c2c%11c%12c4c4c%12c%13c5c5c7c7c8c8c%14c9c9c%10c2c2c%11c4c4c%12c5c7c5c8c9c2c45)C613,0.83,26.0,72.0,15.6,-5.01,-3.12,-6.1,-3.7,,,2025,10.1016/j.solener.2025.113778,"OPV-DB (Qiu, J., Zenodo, 2026, doi:10.5281/zenodo.20841543)"
J52-F,PY-IT,CCCCCCCCC(CCCCCC)CN1N=C2C(C3=CC=CS3)=C(F)C(F)=C(C3=CC=C(C4=CC5=C(C6=CC(F)=C(CC(CC)CCCC)S6)C6=C(C=CS6)C(C6=CC(F)=C(CC(CC)CCCC)S6)=C5S4)S3)C2=N1,CCCCCCCCCCCc1c(/C=C2\C(=O)c3ccccc3C2=C(C#N)C#N)sc2c1sc1c3c4nsnc4c4c5sc6c(CCCCCCCCCCC)c(/C=C7\C(=O)c8cc(-c9cccs9)ccc8C7=C(C#N)C#N)sc6c5n(CC(CCCCCCCC)CCCCCCCCCC)c4c3n(CC(CCCCCCCC)CCCCCCCCCC)c21,0.892,24.62,71.88,15.78,-5.36,-3.42,-5.68,-3.94,,,2025,10.1039/d5cc03097h,"OPV-DB (Qiu, J., Zenodo, 2026, doi:10.5281/zenodo.20841543)"
BTR-Cl,N3,CCCCCCC1=C(C2=CC(CCCCCC)=C(C3=CC=C(/C=C4\SC(=S)N(CC(CC)CCCC)C4=O)S3)S2)SC(C2=CC3=C(C4=CC(Cl)=C(CC(CC)CCCC)S4)C4=C(C=C(C5=CC(CCCCCC)=C(C6=CC(CCCCCC)=C(C7=CC=C(/C=C8/SC(=S)N(CCCCCC)C8=O)S7)S6)S5)S4)C(C4=CC(Cl)=C(CC(CC)CCCC)S4)=C3S2)=C1,CCCCCCCCCCCc1c(/C=C2\C(=O)c3cc(F)c(F)cc3C2=C(C#N)C#N)sc2c1sc1c3c4nsnc4c4c5sc6c(CCCCCCCCCCC)c(/C=C7\C(=O)c8cc(F)c(F)cc8C7=C(C#N)C#N)sc6c5n(CCC(CC)CCCC)c4c3n(CCC(CC)CCCC)c21,0.846,26.9,75.16,17.12,-5.46,-3.7,-5.64,-3.86,,,2025,10.1016/j.jechem.2025.09.046,"OPV-DB (Qiu, J., Zenodo, 2026, doi:10.5281/zenodo.20841543)"
D18,BO-4Cl,CCCCCCC(CCCC)Cc1csc(-c2cc3c4nsnc4c4cc(-c5cc(CC(CCCC)CCCCCC)c(-c6cc7c(-c8cc(F)c(CC(CC)CCCC)s8)c8sccc8c(-c8cc(F)c(CC(CC)CCCC)s8)c7s6)s5)sc4c3s2)c1,CCCCCCCCCCCc1c(/C=C2\C(=O)c3cc(Cl)c(Cl)cc3C2=C(C#N)C#N)sc2c1sc1c3c4nsnc4c4c5sc6c(CCCCCCCCCCC)c(/C=C7\C(=O)c8cc(Cl)c(Cl)cc8C7=C(C#N)C#N)sc6c5n(CC(CCCC)CCCCCC)c4c3n(CC(CCCC)CCCCCC)c21,0.911,27.54,81.33,20.4,-5.51,-2.77,-5.68,-4.1,,,2025,10.1002/adma.202517576,"OPV-DB (Qiu, J., Zenodo, 2026, doi:10.5281/zenodo.20841543)"
PM6,Y7,CCCCC(CC)Cc1sc(-c2c3cc(-c4ccc(-c5sc(-c6cccs6)c6c5C(=O)c5c(CC(CC)CCCC)sc(CC(CC)CCCC)c5C6=O)s4)sc3c(-c3cc(F)c(CC(CC)CCCC)s3)c3ccsc23)cc1F,CCCCCCCCCCCc1c(/C=C2\C(=O)c3cc(Cl)c(Cl)cc3C2=C(C#N)C#N)sc2c1sc1c3c4nsnc4c4c5sc6c(CCCCCCCCCCC)c(/C=C7\C(=O)c8cc(Cl)c(Cl)cc8C7=C(C#N)C#N)sc6c5n(CC(CC)CCCC)c4c3n(CC(CC)CCCC)c21,0.856,27.18,74.81,17.6,-5.56,-3.65,-5.72,-4.16,,,2025,10.1016/j.mtener.2025.101992,"OPV-DB (Qiu, J., Zenodo, 2026, doi:10.5281/zenodo.20841543)"
D18,Y6-BO,CCCCCCC(CCCC)CC1=CSC(C2=CC3=C(S2)C2=C(C=C(C4=CC(CC(CCCC)CCCCCC)=C(C5=CC6=C(C7=CC(F)=C(CC(CC)CCCC)S7)C7=C(C=CS7)C(C7=CC(F)=C(CC(CC)CCCC)S7)=C6S5)S4)S2)C2=NSN=C32)=C1,CCCCCCCCCCCc1c(/C=C2\C(=O)c3cc(F)c(F)cc3C2=C(C#N)C#N)sc2c1sc1c3c4nsnc4c4c5sc6c(CCCCCCCCCCC)c(/C=C7\C(=O)c8cc(F)c(F)cc8C7=C(C#N)C#N)sc6c5n(CC(CCCC)CCCCCC)c4c3n(CC(CCCC)CCCCCC)c21,0.862,28.91,79.96,19.92,-5.51,-2.77,-5.65,-4.1,,,2025,10.1002/adma.202500352,"OPV-DB (Qiu, J., Zenodo, 2026, doi:10.5281/zenodo.20841543)"
PM7,TfIF-4Cl,CC1=CC(=CC(=C1)C2=C3C=CC(=C4C5=C(C=C(S5)/C=C\6/C(=O)C7=CC(=CC(=C7)Cl)C(=O)/C6=C\C8=CC(=C(S8)C9=CC(=CC(=C9)C)C)C)SC4=C3S2)C)C,CCCCCCCCC1(CCCCCCCC)c2cc3c(cc2-c2cc4c(cc21)-c1sc(/C=C2\C(=O)c5cc(F)c(F)cc5C2=C(Cl)Cl)cc1C4(CCCCCCCC)CCCCCCCC)C(CCCCCCCC)(CCCCCCCC)c1cc2c(cc1-3)C(CCCCCCCC)(CCCCCCCC)c1cc(/C=C3\C(=O)c4cc(Cl)c(Cl)cc4C3=C(C#N)C#N)sc1-2,1.65,14.59,77.7,18.71,-5.63,-3.67,-5.71,-4.09,,,2025,10.1039/d5ta06086a,"OPV-DB (Qiu, J., Zenodo, 2026, doi:10.5281/zenodo.20841543)"
PM6,N3,CCCCC(CC)Cc1sc(-c2c3cc(-c4ccc(-c5sc(-c6cccs6)c6c5C(=O)c5c(CC(CC)CCCC)sc(CC(CC)CCCC)c5C6=O)s4)sc3c(-c3cc(F)c(CC(CC)CCCC)s3)c3ccsc23)cc1F,CCCCCCCCCCCc1c(/C=C2\C(=O)c3cc(F)c(F)cc3C2=C(C#N)C#N)sc2c1sc1c3c4nsnc4c4c5sc6c(CCCCCCCCCCC)c(/C=C7\C(=O)c8cc(F)c(F)cc8C7=C(C#N)C#N)sc6c5n(CCC(CC)CCCC)c4c3n(CCC(CC)CCCC)c21,0.856,27.8,77.88,18.52,-5.56,-3.65,-5.64,-3.86,,,2025,10.1039/d5ee06512g,"OPV-DB (Qiu, J., Zenodo, 2026, doi:10.5281/zenodo.20841543)"
PM6,Y18,CCCCC(CC)Cc1sc(-c2c3cc(-c4ccc(-c5sc(-c6cccs6)c6c5C(=O)c5c(CC(CC)CCCC)sc(CC(CC)CCCC)c5C6=O)s4)sc3c(-c3cc(F)c(CC(CC)CCCC)s3)c3ccsc23)cc1F,CCc1c(/C=C2\C(=O)c3cc(F)c(F)cc3C2=C(C#N)C#N)sc2c1sc1c3c4nn(CC)nc4c4c5sc6c(CC)c(/C=C7\C(=O)c8cc(F)c(F)cc8C7=C(C#N)C#N)sc6c5n(CC)c4c3n(CC)c21,0.864,27.6,77.61,18.51,-5.56,-3.65,-5.58,-3.98,,,2025,10.1002/adfm.202517542,"OPV-DB (Qiu, J., Zenodo, 2026, doi:10.5281/zenodo.20841543)"
P3HT,N7,CCCCCCc1cc(C)sc1C,CCN1C(=O)C2=C(c3ccc(-c4ccc5c6ccc(-c7ccc(C8=C9C(=O)N(CC)C(c%10cccs%10)=C9C(=O)N8CC)s7)cc6n(CC)c5c4)s3)N(CC)C(=O)C2=C1c1cccs1,1.17,3.16,62.0,2.3,-5.01,-3.12,-5.56,-3.74,,,2025,10.1016/j.molstruc.2025.145091,"OPV-DB (Qiu, J., Zenodo, 2026, doi:10.5281/zenodo.20841543)"
J52,i-IEICO-2Cl,CCCCCCCCC(CCCCCC)Cn1nc2c(-c3ccc(C)s3)c(F)c(F)c(-c3ccc(-c4cc5c(-c6ccc(CC(CC)CCCC)s6)c6sc(C)cc6c(-c6ccc(CC(CC)CCCC)s6)c5s4)s3)c2n1,CCCCCCC1=CC=C(C2(C3=CC=C(CCCCCC)C=C3)C3=CC4=C(C=C3C3=C2C=C(C2=C(OCC(CC)CCCC)C(/C=C5\C(=O)C6=CC(Cl)=CC=C6C5=C(C#N)C#N)=CS2)S3)C(C2=CC=C(CCCCCC)C=C2)(C2=CC=C(CCCCCC)C=C2)C2=C4SC(C3=C(OCC(CC)CCCC)C(/C=C4\C(=O)C5=CC(Cl)=CC=C5C4=C(C#N)C#N)=CS3)=C2)C=C1,0.884,19.5,65.9,8.2,-5.2,-3.05,-5.42,-3.75,,,2025,10.1016/j.molstruc.2025.145091,"OPV-DB (Qiu, J., Zenodo, 2026, doi:10.5281/zenodo.20841543)"
J61,N2200,CCCCCCCCCCCCSc1ccc(-c2c3cc(-c4ccc(-c5c(F)c(F)c(-c6cccs6)c6nn(CC(CCCCCC)CCCCCCCC)nc56)s4)sc3c(-c3ccc(SCCCCCCCCCCCC)s3)c3ccsc23)s1,CCCCCCCCCCC(CCCCCCCC)CN1C(=O)C2=C3C(=CC(C4=CC=C(C5=CC=CS5)S4)=C4C(=O)N(CC(CCCCCCCC)CCCCCCCCCC)C(=O)C(=C43)C=C2)C1=O,0.88,9.3,57.0,4.7,-5.3,-3.15,-5.71,-4.02,,,2025,10.1002/adfm.202530703,"OPV-DB (Qiu, J., Zenodo, 2026, doi:10.5281/zenodo.20841543)"
PM6,Y5,CCCCC(CC)Cc1sc(-c2c3cc(-c4ccc(-c5sc(-c6cccs6)c6c5C(=O)c5c(CC(CC)CCCC)sc(CC(CC)CCCC)c5C6=O)s4)sc3c(-c3cc(F)c(CC(CC)CCCC)s3)c3ccsc23)cc1F,CCCCC(CC)CC1=C(/C=C2\C(=O)C3=CC=CC=C3C2=C(C#N)C#N)SC2=C1SC1=C2N(CC(CC)CCCC)C2=C1C1=NSN=C1C1=C2N(CC(CC)CCCC)C2=C1SC1=C2SC(/C=C2\C(=O)C3=CC=CC=C3C2=C(C#N)C#N)=C1CC(CC)CCCC,0.948,15.17,57.25,8.23,-5.56,-3.65,-5.55,-3.87,,,2025,10.1002/adfm.202517542,"OPV-DB (Qiu, J., Zenodo, 2026, doi:10.5281/zenodo.20841543)"
P3HT,H1,CCCCCCc1cc(C)sc1C,CCN1C(=O)C2=C(c3ccc(-c4ccc5c(c4)C(=C4c6cc(-c7ccc(C8=C9C(=O)N(CC)C(c%10cccs%10)=C9C(=O)N8CC)s7)ccc6-c6ccc(-c7ccc(C8=C9C(=O)N(CC)C(c%10cccs%10)=C9C(=O)N8CC)s7)cc64)c4cc(-c6ccc(C7=C8C(=O)N(CC)C(c9cccs9)=C8C(=O)N7CC)s6)ccc4-5)s3)N(CC)C(=O)C2=C1c1cccs1,1.17,7.74,60.0,5.42,-5.01,-3.12,-5.51,-3.84,,,2025,10.1016/j.molstruc.2025.145091,"OPV-DB (Qiu, J., Zenodo, 2026, doi:10.5281/zenodo.20841543)"
PB2T,BTP-eC9,CCOC(=O)c1ccsc1-c1cc(C(=O)OCC)c(-c2cc3c(-c4ccc(CC)s4)c4sc(-c5cc(C(=O)OCC)c(-c6cc(C(=O)OCC)c(-c7cc8c(-c9ccc(CC)s9)c9sc(-c%10cc(C(=O)OCC)c(-c%11cc(C(=O)OCC)c(-c%12cc%13c(-c%14ccc(CC)s%14)c%14sccc%14c(-c%14ccc(CC)s%14)c%13s%12)s%11)s%10)cc9c(-c9ccc(CC)s9)c8s7)s6)s5)cc4c(-c4ccc(CC)s4)c3s2)s1,CCCCCCCCCc1c(/C=C2\C(=O)c3cc(Cl)c(Cl)cc3C2=C(C#N)C#N)sc2c1sc1c3c4nsnc4c4c5sc6c(CCCCCCCCC)c(/C=C7\C(=O)c8cc(Cl)c(Cl)cc8C7=C(C#N)C#N)sc6c5n(CC(CCCC)CCCCCC)c4c3n(CC(CCCC)CCCCCC)c21,0.8,22.26,63.0,11.22,-5.63,-3.63,-5.68,-3.9,,,2025,10.1039/d5tc02173a,"OPV-DB (Qiu, J., Zenodo, 2026, doi:10.5281/zenodo.20841543)"
DRTB-TC4,IT-4F,CCc1ccc(-c2c3cc(-c4cc5c(-c6ccc(CC)s6)c6sc(-c7cc8c(-c9ccc(CC)s9)c9sc(/C=C%10/SC(=S)N(CC)C%10=O)cc9c(-c9ccc(CC)s9)c8s7)cc6c(-c6ccc(CC)s6)c5s4)sc3c(-c3ccc(CC)s3)c3cc(/C=C4\SC(=S)N(CC)C4=O)sc23)s1,CCCCCCc1ccc(C2(c3ccc(CCCCCC)cc3)c3cc4c(cc3-c3sc5cc(/C=C6\C(=O)c7cc(F)c(F)cc7C6=C(C#N)C#N)sc5c32)C(c2ccc(CCCCCC)cc2)(c2ccc(CCCCCC)cc2)c2c-4sc3cc(/C=C4\C(=O)c5cc(F)c(F)cc5C4=C(C#N)C#N)sc23)cc1,0.91,18.27,68.0,11.24,-5.51,-3.34,-5.66,-4.14,,,2025,10.1039/d5ra04889c,"OPV-DB (Qiu, J., Zenodo, 2026, doi:10.5281/zenodo.20841543)"
PCDTBT,PC71BM,CCCCCCCCC(CCCCCCCC)N1C2=CC=CC=C2C2=CC=C(C3=CC=C(C4=CC=C(C5=CC=CS5)C5=NSN=C45)S3)C=C21,CCCCC(=O)OCC1(C2=CC=CC=C2)C3=CC=CC4=CC=CC5=CC=CC6=CC=C7C=CC=CC8=CC=CC1=C8C7=C6C5=C4C3,0.91,8.31,61.9,4.7,-5.5,-3.6,-6.1,-3.9,,,2025,10.1016/j.synthmet.2025.117905,"OPV-DB (Qiu, J., Zenodo, 2026, doi:10.5281/zenodo.20841543)"
PSBTBT,PC71BM,CCCCC(CC)C[Si]1(CC(CC)CCCC)c2ccsc2-c2sc(-c3cccc4nsnc34)cc21,COC(=O)CCCC1(c2ccccc2)C23c4c5ccc6c7cc8c9c%10c(cc%11cc%12c%13c%14c(cc%15c%16ccc-5c2c%16c2c5c%16c%17c(c(c46)c7c9c%17c4c%10c%11c%13c4c%16c%14c%152)C513)C%12)C8,0.63,13.52,62.6,5.3,-5.185,-3.335,-5.9,-3.9,,,2025,10.1016/j.cej.2025.167007,"OPV-DB (Qiu, J., Zenodo, 2026, doi:10.5281/zenodo.20841543)"
PBQx-TF,PY-IT,CCCCCCC(CCCC)CC1=CSC(C2=CC3=C(S2)C2=C(C=C(C4=CC(CC(CCCC)CCCCCC)=C(C5=CC6=C(C7=CC(F)=C(CC(CC)CCCC)S7)C7=C(C=CS7)C(C7=CC(F)=C(CC(CC)CCCC)S7)=C6S5)S4)S2)[C@H]2N=CC=N[C@H]32)=C1,CCCCCCCCCCCc1c(/C=C2\C(=O)c3ccccc3C2=C(C#N)C#N)sc2c1sc1c3c4nsnc4c4c5sc6c(CCCCCCCCCCC)c(/C=C7\C(=O)c8cc(-c9cccs9)ccc8C7=C(C#N)C#N)sc6c5n(CC(CCCCCCCC)CCCCCCCCCC)c4c3n(CC(CCCCCCCC)CCCCCCCCCC)c21,0.921,26.19,76.67,18.5,-5.41,-2.82,-5.68,-3.94,,,2025,10.1002/adfm.202503009,"OPV-DB (Qiu, J., Zenodo, 2026, doi:10.5281/zenodo.20841543)"
D18,BTP-eC9,CCCCCCC(CCCC)CC1=CSC(C2=CC3=C(S2)C2=C(C=C(C4=CC(CC(CCCC)CCCCCC)=C(C5=CC6=C(C7=CC(F)=C(CC(CC)CCCC)S7)C7=C(C=CS7)C(C7=CC(F)=C(CC(CC)CCCC)S7)=C6S5)S4)S2)C2=NSN=C32)=C1,CCCCCCCCCc1c(/C=C2\C(=O)c3cc(Cl)c(Cl)cc3C2=C(C#N)C#N)sc2c1sc1c3c4nsnc4c4c5sc6c(CCCCCCCCC)c(/C=C7\C(=O)c8cc(Cl)c(Cl)cc8C7=C(C#N)C#N)sc6c5n(CC(CCCC)CCCCCC)c4c3n(CC(CCCC)CCCCCC)c21,0.891,28.54,80.83,20.57,-5.51,-2.77,-5.68,-3.9,,,2025,10.1002/adma.202503072,"OPV-DB (Qiu, J., Zenodo, 2026, doi:10.5281/zenodo.20841543)"
P3HT,IT-4F,CCCCCCc1cc(C)sc1C,CCCCCCc1ccc(C2(c3ccc(CCCCCC)cc3)c3cc4c(cc3-c3sc5cc(/C=C6\C(=O)c7cc(F)c(F)cc7C6=C(C#N)C#N)sc5c32)C(c2ccc(CCCCCC)cc2)(c2ccc(CCCCCC)cc2)c2c-4sc3cc(/C=C4\C(=O)c5cc(F)c(F)cc5C4=C(C#N)C#N)sc23)cc1,0.47,2.75,40.0,0.52,-5.01,-3.12,-5.66,-4.14,,,2025,10.1039/d5ee05059f,"OPV-DB (Qiu, J., Zenodo, 2026, doi:10.5281/zenodo.20841543)"
D18,BO-4Cl,CCCCCCC(CCCC)CC1=CSC(C2=CC3=C(S2)C2=C(C=C(C4=CC(CC(CCCC)CCCCCC)=C(C5=CC6=C(C7=CC(F)=C(CC(CC)CCCC)S7)C7=C(C=CS7)C(C7=CC(F)=C(CC(CC)CCCC)S7)=C6S5)S4)S2)C2=NSN=C32)=C1,CCCCCCCCCCCC1=C(/C=C2\C(=O)C3=CC(Cl)=C(Cl)C=C3C2=C(C#N)C#N)SC2=C1SC1=C2N(CC(CCCC)CCCCCC)C2=C1C1=NSN=C1C1=C2N(CC(CCCC)CCCCCC)C2=C1SC1=C2SC(/C=C2\C(=O)C3=CC(Cl)=C(Cl)C=C3C2=C(C#N)C#N)=C1CCCCCCCCCCC,0.904,27.59,79.98,19.95,-5.51,-2.77,-5.68,-4.1,,,2025,10.1002/adma.202517576,"OPV-DB (Qiu, J., Zenodo, 2026, doi:10.5281/zenodo.20841543)"
PM6,PY-IT,CCCCC(CC)Cc1sc(-c2c3cc(-c4ccc(-c5sc(-c6cccs6)c6c5C(=O)c5c(CC(CC)CCCC)sc(CC(CC)CCCC)c5C6=O)s4)sc3c(-c3cc(F)c(CC(CC)CCCC)s3)c3ccsc23)cc1F,CCCCCCCCCCCc1c(/C=C2\C(=O)c3ccccc3C2=C(C#N)C#N)sc2c1sc1c3c4nsnc4c4c5sc6c(CCCCCCCCCCC)c(/C=C7\C(=O)c8cc(-c9cccs9)ccc8C7=C(C#N)C#N)sc6c5n(CC(CCCCCCCC)CCCCCCCCCC)c4c3n(CC(CCCCCCCC)CCCCCCCCCC)c21,0.948,26.8,78.8,19.8,-5.56,-3.65,-5.68,-3.94,,,2025,10.1016/j.matt.2025.102614,"OPV-DB (Qiu, J., Zenodo, 2026, doi:10.5281/zenodo.20841543)"
D18-Cl,SY1,CCCCCCC(CCCC)Cc1csc(-c2cc3c4nsnc4c4cc(-c5cc(CC(CCCC)CCCCCC)c(-c6cc7c(-c8cc(Cl)c(CC(CC)CCCC)s8)c8sccc8c(-c8cc(Cl)c(CC(CC)CCCC)s8)c7s6)s5)sc4c3s2)c1,CCCCCCCCCCCC1=C(/C=C2\C(=O)C3=CC=C(Cl)C=C3C2=C(C#N)C#N)SC2=C1SC1=C2N(CC(CC)CCCC)C2=C1C1=NSN=C1C1=C2N(CC(CC)CCCC)C2=C1SC1=C2SC(/C=C2\C(=O)C3=CC(F)=C(F)C=C3C2=C(C#N)C#N)=C1CCCCCCCCCCC,0.871,27.141,74.42,17.6,-5.48,-2.75,-5.68,-3.95,,,2025,10.1039/d5ta08724d,"OPV-DB (Qiu, J., Zenodo, 2026, doi:10.5281/zenodo.20841543)"
D18,L8-BO,CCCCCCC(CCCC)CC1=CSC(C2=CC3=C(S2)C2=C(C=C(C4=CC(CC(CCCC)CCCCCC)=C(C5=CC6=C(C7=CC(F)=C(CC(CC)CCCC)S7)C7=C(C=CS7)C(C7=CC(F)=C(CC(CC)CCCC)S7)=C6S5)S4)S2)C2=NSN=C32)=C1,CCCCCCC(CCCC)Cc1c(/C=C2\C(=O)c3cc(F)c(F)cc3C2=C(C#N)C#N)sc2c1sc1c3c4nsnc4c4c5sc6c(CC(CCCC)CCCCCC)c(/C=C7\C(=O)c8cc(F)c(F)cc8C7=C(C#N)C#N)sc6c5n(CC(CC)CCCC)c4c3n(CC(CC)CCCC)c21,0.901,27.69,83.93,20.94,-5.51,-2.77,-5.68,-3.9,,,2025,10.1002/adma.202519230,"OPV-DB (Qiu, J., Zenodo, 2026, doi:10.5281/zenodo.20841543)"
L8-BO,D18,CCCCCCC(CCCC)Cc1c(/C=C2\C(=O)c3cc(F)c(F)cc3C2=C(C#N)C#N)sc2c1sc1c3c4nsnc4c4c5sc6c(CC(CCCC)CCCCCC)c(/C=C7\C(=O)c8cc(F)c(F)cc8C7=C(C#N)C#N)sc6c5n(CC(CC)CCCC)c4c3n(CC(CC)CCCC)c21,CCCCCCC(CCCC)CC1=CSC(C2=CC3=C(S2)C2=C(C=C(C4=CC(CC(CCCC)CCCCCC)=C(C5=CC6=C(C7=CC(F)=C(CC(CC)CCCC)S7)C7=C(C=CS7)C(C7=CC(F)=C(CC(CC)CCCC)S7)=C6S5)S4)S2)C2=NSN=C32)=C1,0.856,1.429,52.51,0.64,-5.68,-3.9,-5.51,-2.77,,,2025,10.1016/j.cej.2025.168974,"OPV-DB (Qiu, J., Zenodo, 2026, doi:10.5281/zenodo.20841543)"
D18-Cl,L8-BO,CCCCCCC(CCCC)Cc1csc(-c2cc3c4nsnc4c4cc(-c5cc(CC(CCCC)CCCCCC)c(-c6cc7c(-c8cc(Cl)c(CC(CC)CCCC)s8)c8sccc8c(-c8cc(Cl)c(CC(CC)CCCC)s8)c7s6)s5)sc4c3s2)c1,CCCCCCC(CCCC)Cc1c(/C=C2\C(=O)c3cc(F)c(F)cc3C2=C(C#N)C#N)sc2c1sc1c3c4nsnc4c4c5sc6c(CC(CCCC)CCCCCC)c(/C=C7\C(=O)c8cc(F)c(F)cc8C7=C(C#N)C#N)sc6c5n(CC(CC)CCCC)c4c3n(CC(CC)CCCC)c21,0.93,27.62,80.12,20.82,-5.48,-2.75,-5.665,-4.165,,,2025,10.1002/adma.202521440,"OPV-DB (Qiu, J., Zenodo, 2026, doi:10.5281/zenodo.20841543)"
PL1,A-WSSe-Cl,CCCCC(CC)Cc1ccc(-c2c3cc(-c4ccc(-c5sc(-c6ccc(-c7cc8c(-c9cc(F)c(CC(CC)CCCC)s9)c9sccc9c(-c9cc(F)c(CC(CC)CCCC)s9)c8s7)s6)c6c5C(=O)c5c(CC(CC)CCCC)sc(CC(CC)CCCC)c5C6=O)s4)sc3c(-c3ccc(CC(CC)CCCC)s3)c3cc(-c4ccc(-c5sc(-c6cccs6)c6c5C(=O)c5c(CC(CC)CCCC)sc(CC(CC)CCCC)c5C6=O)s4)sc23)s1,CCCCCCCCCCCc1c(/C=C2\C(=O)c3cc(Cl)c(Cl)cc3C2=C(C#N)C#N)[se]c2c1SC1c3c(c4c(c5nsnc35)c3sc5c(CCCCCCCCCCC)c(/C=C6\C(=O)c7cc(Cl)c(Cl)cc7C6=C(C#N)C#N)sc5c3n4CC(CCCC)CCCCCC)N(CC(CCCC)CCCCCC)C21,0.86,26.536,77.811,17.762,-5.47,-3.52,-5.7,-3.86,,,2025,10.1039/d5ta08724d,"OPV-DB (Qiu, J., Zenodo, 2026, doi:10.5281/zenodo.20841543)"
PM6,PYT,CCCCC(CC)Cc1sc(-c2c3cc(-c4ccc(-c5sc(-c6cccs6)c6c5C(=O)c5c(CC(CC)CCCC)sc(CC(CC)CCCC)c5C6=O)s4)sc3c(-c3cc(F)c(CC(CC)CCCC)s3)c3ccsc23)cc1F,CCCCCCCCCCCCC(CCCCCCCCCC)Cn1c2c3sc(/C=C4\C(=O)c5ccccc5C4=C(C#N)C#N)c(CCCCCCCCCCC)c3sc2c2c3nsnc3c3c4sc5c(CCCCCCCCCCC)c(/C=C6\C(=O)c7cc(-c8cccs8)ccc7C6=C(C#N)C#N)sc5c4n(CC(CCCCCCCCCC)CCCCCCCCCCCC)c3c21,0.944,25.75,74.29,18.06,-5.56,-3.65,-5.63,-3.72,,,2025,10.1039/d5ee06663h,"OPV-DB (Qiu, J., Zenodo, 2026, doi:10.5281/zenodo.20841543)"
PBDBT,BTP-eC9,CCCCC(CC)Cc1sc(-c2c3cc(-c4cccc5nsnc45)sc3c(-c3cc(Cl)c(CC(CC)CCCC)s3)c3ccsc23)cc1Cl,CCCCCCCCCc1c(/C=C2\C(=O)c3cc(Cl)c(Cl)cc3C2=C(C#N)C#N)sc2c1sc1c3c4nsnc4c4c5sc6c(CCCCCCCCC)c(/C=C7\C(=O)c8cc(Cl)c(Cl)cc8C7=C(C#N)C#N)sc6c5n(CC(CCCC)CCCCCC)c4c3n(CC(CCCC)CCCCCC)c21,0.7063,24.59,55.27,9.61,-5.33,-3.48,-5.665,-4.165,,,2026,10.1021/acsapm.6c00286,"OPV-DB (Qiu, J., Zenodo, 2026, doi:10.5281/zenodo.20841543)"
PBDB-T,PCBM,CCCCC(CC)Cc1ccc(-c2c3cc(-c4ccc(-c5sc(-c6cccs6)c6c5C(=O)c5c(CC(CC)CCCC)sc(CC(CC)CCCC)c5C6=O)s4)sc3c(-c3ccc(CC(CC)CCCC)s3)c3ccsc23)s1,COC(=O)CCCC1(c2ccccc2)C23c4c5c6c7c8c9c(c%10c%11c2c2c%12c4c4c%13c5c5c7c7c8c8c%14c9c%10c9c%10c%11c2c2c%11c%12c4c4c%12c%13c5c5c7c7c8c8c%14c9c9c%10c2c2c%11c4c4c%12c5c7c5c8c9c2c45)C613,0.846,16.8,67.0,9.51,-5.33,-3.48,-6.1,-3.7,,,2026,10.1016/j.surfin.2026.108697,"OPV-DB (Qiu, J., Zenodo, 2026, doi:10.5281/zenodo.20841543)"
P2,L8-BO,CCCCCCCCCCCCN1C(=O)C2=C(c3ccc(-c4cc5c(s4)-c4cc6c(cc4[Si]5(CCCCCCCC)CCCCCCCC)-c4sccc4[Si]6(CCCCCCCC)CCCCCCCC)s3)N(CCCCCCCCCCCC)C(=O)C2=C1c1cccs1,CCCCCCC(CCCC)Cc1c(/C=C2\C(=O)c3cc(F)c(F)cc3C2=C(C#N)C#N)sc2c1sc1c3c4nsnc4c4c5sc6c(CC(CCCC)CCCCCC)c(/C=C7\C(=O)c8cc(F)c(F)cc8C7=C(C#N)C#N)sc6c5n(CC(CC)CCCC)c4c3n(CC(CC)CCCC)c21,0.79,15.58,44.13,6.17,-5.1,-3.7,-5.68,-3.9,,,2026,10.1016/j.synthmet.2026.118234,"OPV-DB (Qiu, J., Zenodo, 2026, doi:10.5281/zenodo.20841543)"
P1,L8-BO,CCCCCCCC[Si]1(CCCCCCCC)c2cc3c(cc2-c2sccc21)[Si](CCCCCCCC)(CCCCCCCC)c1cc(-c2cccc4nsnc24)sc1-3,CCCCCCC(CCCC)Cc1c(/C=C2\C(=O)c3cc(F)c(F)cc3C2=C(C#N)C#N)sc2c1sc1c3c4nsnc4c4c5sc6c(CC(CCCC)CCCCCC)c(/C=C7\C(=O)c8cc(F)c(F)cc8C7=C(C#N)C#N)sc6c5n(CC(CC)CCCC)c4c3n(CC(CC)CCCC)c21,0.83,17.21,41.78,7.1,-5.5,-3.6,-5.68,-3.9,,,2026,10.1016/j.synthmet.2026.118234,"OPV-DB (Qiu, J., Zenodo, 2026, doi:10.5281/zenodo.20841543)"
PBQx-TF,PY-IT,CCCCCCC(CCCC)Cc1csc(-c2cc3c(s2)-c2sc(-c4cc(CC(CCCC)CCCCCC)c(-c5cc6c(-c7cc(F)c(CC(CC)CCCC)s7)c7sccc7c(-c7cc(F)c(CC(CC)CCCC)s7)c6s5)s4)cc2[C@H]2N=CC=N[C@H]32)c1,CCCCCCCCCCCc1c(/C=C2\C(=O)c3ccccc3C2=C(C#N)C#N)sc2c1sc1c3c4nsnc4c4c5sc6c(CCCCCCCCCCC)c(/C=C7\C(=O)c8cc(-c9cccs9)ccc8C7=C(C#N)C#N)sc6c5n(CC(CCCCCCCC)CCCCCCCCCC)c4c3n(CC(CCCCCCCC)CCCCCCCCCC)c21,0.91,26.54,78.6,19.01,-5.41,-2.82,-5.68,-3.94,,,2026,10.1016/j.cej.2026.173489,"OPV-DB (Qiu, J., Zenodo, 2026, doi:10.5281/zenodo.20841543)"
D18,Y6-BO,CCCCCCC(CCCC)Cc1csc(-c2cc3c4nsnc4c4cc(-c5cc(CC(CCCC)CCCCCC)c(-c6cc7c(-c8cc(F)c(CC(CC)CCCC)s8)c8sccc8c(-c8cc(F)c(CC(CC)CCCC)s8)c7s6)s5)sc4c3s2)c1,CCCCCCCCCCCc1c(/C=C2\C(=O)c3cc(F)c(F)cc3C2=C(C#N)C#N)sc2c1sc1c3c4nsnc4c4c5sc6c(CCCCCCCCCCC)c(/C=C7\C(=O)c8cc(F)c(F)cc8C7=C(C#N)C#N)sc6c5n(CC(CCCC)CCCCCC)c4c3n(CC(CCCC)CCCCCC)c21,0.879,27.02,79.27,18.82,-5.51,-2.77,-5.65,-4.1,,,2026,10.1016/j.cej.2026.174962,"OPV-DB (Qiu, J., Zenodo, 2026, doi:10.5281/zenodo.20841543)"
D18,BTP-cy-4F,CCCCCCC(CCCC)CC1=CSC(C2=CC3=C(S2)C2=C(C=C(C4=CC(CC(CCCC)CCCCCC)=C(C5=CC6=C(C7=CC(F)=C(CC(CC)CCCC)S7)C7=C(C=CS7)C(C7=CC(F)=C(CC(CC)CCCC)S7)=C6S5)S4)S2)C2=NSN=C32)=C1,CCCCCCC(CCCC)Cc1c(/C=C2\C(=O)c3cc(F)c(F)cc3C2=C(C#N)C#N)sc2c1sc1c3c4nsnc4c4c5sc6c(CC(CCCC)CCCCCC)c(/C=C7\C(=O)c8cc(F)c(F)cc8C7=C(C#N)C#N)sc6c5n(CCCCCCCCCCc5ccccc5)c4c3n(CCCCCCCCCCc3ccccc3)c21,0.937,24.86,79.51,18.52,-5.51,-2.77,-5.66,-3.89,,,2026,10.1016/j.jphotochem.2026.117176,"OPV-DB (Qiu, J., Zenodo, 2026, doi:10.5281/zenodo.20841543)"
PM6,Ph-PDI,CCCCC(CC)Cc1sc(-c2c3cc(-c4ccc(-c5sc(-c6cccs6)c6c5C(=O)c5c(CC(CC)CCCC)sc(CC(CC)CCCC)c5C6=O)s4)sc3c(-c3cc(F)c(CC(CC)CCCC)s3)c3ccsc23)cc1F,CCCCCCC(CCCC)CN1C(=O)c2ccc3c4ccc5c6c(cc(-c7cc(-c8cc9c%10c(ccc%11c%12ccc%13c%14c(ccc(c8c%10%11)c%14%12)C(=O)N(CC(CCCC)CCCCCC)C%13=O)C(=O)N(CC(CCCC)CCCCCC)C9=O)cc(-c8cc9c%10c(ccc%11c%12ccc%13c%14c(ccc(c8c%10%11)c%14%12)C(=O)N(CC(CCCC)CCCCCC)C%13=O)C(=O)N(CC(CCCC)CCCCCC)C9=O)c7)c(c7ccc(c2c37)C1=O)c64)C(=O)N(CC(CCCC)CCCCCC)C5=O,1.04,12.16,64.7,8.15,-5.56,-3.65,-6.02,-3.78,,,2026,10.1016/j.dyepig.2026.113621,"OPV-DB (Qiu, J., Zenodo, 2026, doi:10.5281/zenodo.20841543)"
PBDB-TF,IT-2F,CCCCC(CC)Cc1sc(-c2c3cc(-c4ccc(-c5sc(-c6cccs6)c6c5C(=O)c5c(CC(CC)CCCC)sc(CC(CC)CCCC)c5C6=O)s4)sc3c(-c3cc(F)c(CC(CC)CCCC)s3)c3ccsc23)cc1F,CCc1ccc(C2(c3ccc(CC)cc3)c3cc4c(cc3-c3sc5cc(/C=C6\C(=O)c7cc(F)c(F)cc7C6=C(C#N)C#N)sc5c32)C(c2ccc(CC)cc2)(c2ccc(CC)cc2)c2c-4sc3cc(/C=C4\C(=O)c5cc(F)c(F)cc5C4=C(C#N)C#N)sc23)cc1,0.92,19.2,76.0,13.7,-5.5,-3.6,-5.64,-4.05,,,2026,10.1016/j.solener.2026.114316,"OPV-DB (Qiu, J., Zenodo, 2026, doi:10.5281/zenodo.20841543)"
PF2,ITIC,CCCCCCCCC(CCCCCC)Cc1cc2sc(-c3c4cc(-c5sc(-c6c(F)c(F)c(-c7cc(CC(CC)CCCC)cs7)c7nsnc67)cc5CC(CC)CCCC)sc4c(-c4cc5sc(CC(CCCCCC)CCCCCCCC)cc5s4)c4ccsc34)cc2s1,CCCCCCc1ccc(C2(c3ccc(CCCCCC)cc3)c3cc4c(cc3-c3sc5cc(C=C6C(=O)c7ccccc7C6=C(C#N)C#N)sc5c32)C(c2ccc(CCCCCC)cc2)(c2ccc(CCCCCC)cc2)c2c-4sc3cc(C=C4C(=O)c5ccccc5C4=C(C#N)C#N)sc23)cc1,0.82,10.7,48.0,4.3,-5.48,-3.73,-5.576,-3.916,,,2026,10.1016/j.solener.2026.114733,"OPV-DB (Qiu, J., Zenodo, 2026, doi:10.5281/zenodo.20841543)"
PM6,PNDI2T,CCCCC(CC)Cc1sc(-c2c3cc(-c4ccc(-c5sc(-c6cccs6)c6c5C(=O)c5c(CC(CC)CCCC)sc(CC(CC)CCCC)c5C6=O)s4)sc3c(-c3cc(F)c(CC(CC)CCCC)s3)c3ccsc23)cc1F,CCCCCCC(CCCCCC)CCN1C(=O)c2ccc3c4c(c(-c5cccs5)cc(c24)C1=O)C(=O)N(CCC(CCCCCC)CCCCCC)C3=O,0.9609,5.03,60.26,2.91,-5.56,-3.65,-5.59,-3.82,,,2026,10.1021/acsapm.6c00286,"OPV-DB (Qiu, J., Zenodo, 2026, doi:10.5281/zenodo.20841543)"
